nct_id,Indication
NCT05423860,Cardiovascular Diseases
NCT05423860,Neoplasms
NCT05423860,Dementia
NCT05423860,"Brain Injuries, Traumatic"
NCT06707090,Varicose Ulcer
NCT06707090,Wounds and Injuries
NCT05356546,Heart Diseases
NCT06189053,Myocarditis
NCT06189053,Coronavirus Infections
NCT06189053,Virus Diseases
NCT06189053,COVID-19
NCT05691959,Hypotension
NCT05691959,Atrial Fibrillation
NCT05099094,Retinal Vein Occlusion
NCT05099094,Retinal Diseases
NCT05099094,Choroid Diseases
NCT05099094,"Neovascularization, Pathologic"
NCT07547540,Heart Failure
NCT07547540,"Heart Failure, Diastolic"
NCT07547540,"Heart Failure, Systolic"
NCT06001918,"Aortic Aneurysm, Abdominal"
NCT06647745,"Diabetes Mellitus, Type 2"
NCT06647745,Hypertension
NCT07308639,Retinal Vein Occlusion
NCT05327101,"Arrhythmias, Cardiac"
NCT05327101,Bradycardia
NCT04732728,Atrial Fibrillation
NCT04732728,Syncope
NCT04732728,Ischemic Stroke
NCT05587764,"Death, Sudden, Cardiac"
NCT06017609,Heart Failure
NCT07312799,Hypertension
NCT06380699,Ischemic Stroke
NCT07371663,"Carcinoma, Non-Small-Cell Lung"
NCT07371663,Stomach Neoplasms
NCT07371663,Endometrial Neoplasms
NCT07371663,Melanoma
NCT07371663,Ataxia Telangiectasia
NCT06557616,Atrial Fibrillation
NCT06557616,"Arrhythmias, Cardiac"
NCT04271280,Dyslipidemias
NCT04271280,Cardiovascular Diseases
NCT04271280,Hypercholesterolemia
NCT04271280,Atherosclerosis
NCT03763136,Heart Failure
NCT04739254,Endocrine System Diseases
NCT04739254,Cardiovascular Diseases
NCT04739254,Ischemia
NCT05981092,"Cardiomyopathy, Dilated"
NCT05981092,Cardiomyopathies
NCT05981092,Heart Diseases
NCT06480994,Venous Thromboembolism
NCT06480994,Pulmonary Embolism
NCT06480994,Venous Thrombosis
NCT04233437,Stroke
NCT04930094,Giant Cell Arteritis
NCT04930094,Vasculitis
NCT05484154,Ischemic Stroke
NCT05484154,Stroke
NCT06948422,Hypertension
NCT06673056,Ataxia Telangiectasia
NCT05369065,"Diabetes Mellitus, Type 2"
NCT05369065,Hypertension
NCT05369065,Diabetes Mellitus
NCT04233073,Thrombosis
NCT06875973,Atherosclerosis
NCT07352969,Hypertension
NCT05408039,Hyperkalemia
NCT05408039,Heart Failure
NCT05408039,"Renal Insufficiency, Chronic"
NCT05199129,Hypertension
NCT04378075,Mitochondrial Diseases
NCT04378075,Drug Resistant Epilepsy
NCT04378075,Leigh Disease
NCT04378075,Mitochondrial encephalopathy
NCT04378075,MELAS Syndrome
NCT04378075,Pontocerebellar Hypoplasia Type 6
NCT04378075,Diffuse Cerebral Sclerosis of Schilder
NCT04378075,MERRF Syndrome
NCT04378075,Seizures
NCT04378075,Status Epilepticus
NCT04378075,Nerve Degeneration
NCT07050160,Cardiomyopathies
NCT07050160,Arrhythmogenic Right Ventricular Dysplasia
NCT07050160,"Death, Sudden, Cardiac"
NCT07050160,Heart Arrest
NCT06722079,Turner Syndrome
NCT06147986,ST Elevation Myocardial Infarction
NCT06226805,Ischemic Stroke
NCT06226805,Stroke
NCT06226805,Intracranial Hemorrhages
NCT04670679,Noonan Syndrome
NCT04670679,Neoplasm Metastasis
NCT04670679,Neoplasms
NCT04670679,Colorectal Neoplasms
NCT04670679,Squamous Cell Carcinoma of Head and Neck
NCT04670679,Chordoma
NCT04157751,Heart Failure
NCT07673822,"Diabetes Mellitus, Type 2"
NCT07673822,Obesity
NCT07673822,"Renal Insufficiency, Chronic"
NCT07443670,Heart Failure
NCT06826872,Essential Hypertension
NCT06826872,Cardiovascular Diseases
NCT06008028,Hypertension
NCT06205628,Hypertension
NCT06205628,Essential Hypertension
NCT07739160,Ischemic Stroke
NCT07656779,Cardiomyopathies
NCT04413851,Dementia
NCT04413851,Alzheimer Disease
NCT04413851,"Dementia, Vascular"
NCT04413851,Frontotemporal Dementia
NCT04413851,Lewy Body Disease
NCT04413851,Mixed Dementias
NCT05372718,Thrombosis
NCT05824923,"Hypertension, Pulmonary"
NCT05824923,Hypertension
NCT05824923,Vascular Diseases
NCT05824923,Cardiovascular Diseases
NCT05824923,Heart Failure
NCT07656454,Heart Failure
NCT07581431,
NCT05974345,Atherosclerosis
NCT05974345,Hypercholesterolemia
NCT05974345,Dyslipidemias
NCT05974345,Hyperlipidemias
NCT05974345,Myocardial Infarction
NCT05974345,Ischemic Stroke
NCT05974345,Peripheral Arterial Disease
NCT05974345,Arteriosclerosis
NCT05974345,Arterial Occlusive Diseases
NCT05974345,Vascular Diseases
NCT05974345,Cardiovascular Diseases
NCT06193200,Ataxia Telangiectasia
NCT03205137,Hypertension
NCT05004428,"Diabetes Mellitus, Type 2"
NCT05004428,"Renal Insufficiency, Chronic"
NCT05004428,Cardiovascular Diseases
NCT05004428,Kidney Diseases
NCT05004428,"Diabetes Mellitus, Type 1"
NCT05174442,Heart Diseases
NCT06381466,"Cardiomyopathy, Dilated"
NCT06381466,Heart Failure
NCT05906745,Heart Failure
NCT06608472,Hypertension
NCT04692766,Pericarditis
NCT06237322,Respiration Disorders
NCT06237322,Cardiovascular Diseases
NCT06237322,Diabetes Mellitus
NCT06237322,Glucose Intolerance
NCT04959305,Hypertension
NCT07357675,Coronary Artery Disease
NCT07118995,"Aortic Aneurysm, Thoracoabdominal"
NCT07118995,Vascular Diseases
NCT07118995,Aortic Diseases
NCT07118995,Aortic Aneurysm
NCT04959981,Noonan Syndrome
NCT04959981,"Carcinoma, Non-Small-Cell Lung"
NCT04959981,Lung Neoplasms
NCT04959981,Thoracic Neoplasms
NCT06952530,Hypertension
NCT05362110,Hypertension
NCT05407662,"Renal Insufficiency, Chronic"
NCT05407662,"Diabetes Mellitus, Type 2"
NCT05407662,Heart Failure
NCT05022758,Stroke
NCT06412250,Cardiovascular Diseases
NCT07676097,Microvascular Angina
NCT06393712,Cerebral Amyloid Angiopathy
NCT06866600,Heart Failure
NCT06813911,Atherosclerosis
NCT06813911,Cardiovascular Diseases
NCT06168409,Hypertension
NCT06858332,Atherosclerosis
NCT06858332,Cardiovascular Diseases
NCT05625347,"Pulmonary Disease, Chronic Obstructive"
NCT05625347,Respiratory Aspiration
NCT05625347,Myocardial Infarction
NCT04078555,Varicose Ulcer
NCT05125679,Psoriasis
NCT05180396,Heart Failure
NCT05939700,Breast Feeding
NCT05939700,"Cardiomyopathy, Hypertrophic"
NCT05135000,Pulmonary Arterial Hypertension
NCT05135000,"Hypertension, Pulmonary"
NCT05615363,"Edema, Cardiac"
NCT05615363,Heart Failure
NCT06145893,Behcet Syndrome
NCT06369298,Heart Failure
NCT06369298,"Fibromatosis, Gingival, 2"
NCT06369298,"Heart Failure, Systolic"
NCT06369298,"Heart Failure, Diastolic"
NCT06369298,Atrial Fibrillation
NCT06369298,Atrial Flutter
NCT04684602,Autoimmune Diseases
NCT04684602,Cardiovascular Diseases
NCT04684602,Diabetes Complications
NCT04684602,Skin Diseases
NCT04684602,Musculoskeletal Diseases
NCT04684602,Neurodegenerative Diseases
NCT04684602,Nervous System Diseases
NCT04684602,Lung Diseases
NCT04684602,"Sexual Dysfunction, Physiological"
NCT04684602,Urologic Diseases
NCT04684602,Virus Diseases
NCT04684602,Erectile Dysfunction
NCT04684602,Heart Diseases
NCT04684602,Mental Disorders
NCT04684602,Neurocognitive Disorders
NCT04684602,Central Nervous System Diseases
NCT04684602,Tauopathies
NCT04684602,Brain Diseases
NCT04684602,Dementia
NCT04684602,Disease
NCT04684602,Cardiomyopathies
NCT04684602,Peripheral Nervous System Diseases
NCT04684602,Alzheimer Disease
NCT04684602,Immune System Diseases
NCT04684602,Neuromuscular Diseases
NCT04684602,COVID-19
NCT07376265,Heart Failure
NCT07601087,Heart Failure
NCT07220538,Cognitive Dysfunction
NCT07220538,Ischemic Stroke
NCT07263139,Polymorphic Catecholaminergic Ventricular Tachycardia
NCT06566911,Heart Failure
NCT06420011,Intracranial Hemorrhages
NCT05918458,"Hypertension, Pulmonary"
NCT06582485,Reperfusion Injury
NCT05495269,Sturge-Weber Syndrome
NCT05495269,Glaucoma
NCT05495269,Ocular Hypertension
NCT07201688,Ischemic Stroke
NCT05900141,Hyperlipoproteinemias
NCT05900141,Cardiovascular Diseases
NCT07465653,Heart Failure
NCT04431661,Out-of-Hospital Cardiac Arrest
NCT05757869,Atrial Fibrillation
NCT06155461,Hypotension
NCT04121286,"Carcinoma, Non-Small-Cell Lung"
NCT04121286,Colorectal Neoplasms
NCT04121286,"Carcinoma, Pancreatic Ductal"
NCT04121286,Esophageal Squamous Cell Carcinoma
NCT04121286,Squamous Cell Carcinoma of Head and Neck
NCT04121286,Breast Neoplasms
NCT04121286,Noonan Syndrome
NCT05180370,Heart Failure
NCT07615166,Atherosclerosis
NCT04763226,Heart Failure
NCT04763226,Edema
NCT06600425,Ciliary Motility Disorders
NCT06600425,Kartagener Syndrome
NCT07708376,Venous Thrombosis
NCT07708376,Thrombosis
NCT06383390,Atherosclerosis
NCT06383390,"Renal Insufficiency, Chronic"
NCT06383390,Cardiovascular Diseases
NCT06383390,Kidney Diseases
NCT06383390,"Diabetes Mellitus, Type 2"
NCT06383390,Heart Diseases
NCT06383390,Coronary Artery Disease
NCT06383390,Cerebrovascular Disorders
NCT06383390,Peripheral Arterial Disease
NCT06383390,Death
NCT06383390,"Kidney Failure, Chronic"
NCT06121518,Essential Hypertension
NCT05410860,"Tachycardia, Supraventricular"
NCT05410860,"Tachycardia, Ventricular"
NCT06402123,Mitochondrial encephalopathy
NCT06402123,"Acidosis, Lactic"
NCT06402123,MELAS Syndrome
NCT04823962,Varicose Ulcer
NCT05258942,Heart Failure
NCT06809686,Heart Failure
NCT06526546,Atrial Fibrillation
NCT06526546,Atrial Flutter
NCT06775834,"Cardiomyopathy, Hypertrophic"
NCT04571099,Stroke
NCT07288398,Heart Failure
NCT04857840,Hypertension
NCT07712380,Cardiovascular Diseases
NCT07712380,Herpes Zoster
NCT06040476,Ischemic Stroke
NCT06540521,Heart Failure
NCT06540521,Bradycardia
NCT07241390,"Renal Insufficiency, Chronic"
NCT07241390,Heart Diseases
NCT07241390,Kidney Diseases
NCT07241390,Stroke
NCT06581159,"Hypertension, Pulmonary"
NCT07598968,Hypertension
NCT07598968,"Diabetes Mellitus, Type 2"
NCT04790513,Hypercholesterolemia
NCT04790513,Cardiovascular Diseases
NCT07448038,Atherosclerosis
NCT05329168,Endocarditis
NCT04559243,Embolic Stroke
NCT05618691,Intermittent Claudication
NCT05618691,Peripheral Arterial Disease
NCT04565990,"Hypertension, Pulmonary"
NCT07519889,Ischemic Stroke
NCT05186818,"Cardiomyopathy, Hypertrophic"
NCT07682948,Hypertension
NCT07682948,Dyslipidemias
NCT06678074,ST Elevation Myocardial Infarction
NCT04970108,"Diabetes Mellitus, Type 2"
NCT04970108,Hypertension
NCT04714268,Aortic Aneurysm
NCT04714268,Iliac Aneurysm
NCT04714268,Aortic Valve Stenosis
NCT07754825,Ischemic Stroke
NCT05138289,Coronary Artery Disease
NCT05138289,Angina Pectoris
NCT05138289,Myocardial Infarction
NCT04185090,Hypertension
NCT04185090,Dyslipidemias
NCT04936035,Hypertension
NCT06987643,Ischemic Stroke
NCT07747207,Heart Diseases
NCT07747207,Pulmonary Valve Insufficiency
NCT07747207,Pulmonary Valve Stenosis
NCT07747207,Tetralogy of Fallot
NCT06487130,Behavior
NCT06487130,Patient Acceptance of Health Care
NCT06487130,Cognitive Dysfunction
NCT06487130,"Osteoporosis, Postmenopausal"
NCT06487130,"Diabetes Mellitus, Type 2"
NCT06487130,Dementia
NCT06487130,Cardiovascular Diseases
NCT06487130,Hot Flashes
NCT06487130,Financial Stress
NCT06487130,Social Stigma
NCT05232565,Coronary Stenosis
NCT05461807,Venous Thromboembolism
NCT05461807,Neoplasms
NCT04249401,Atrial Fibrillation
NCT05437900,Coronary Artery Disease
NCT05437900,Acute Coronary Syndrome
NCT05612035,"Hypertension, Pulmonary"
NCT05612035,"Pulmonary Disease, Chronic Obstructive"
NCT07643896,Aneuploidy
NCT07643896,Down Syndrome
NCT07643896,DiGeorge Syndrome
NCT07643896,Trisomy 13 Syndrome
NCT07643896,Trisomy 18 Syndrome
NCT07643896,Sex Chromosome Aberrations
NCT06693570,Varicose Ulcer
NCT04861519,"Angina, Stable"
NCT04861519,"Angina, Unstable"
NCT04861519,Non-ST Elevated Myocardial Infarction
NCT05013944,Communicable Diseases
NCT05013944,Neoplasms
NCT05013944,Metabolic Diseases
NCT05013944,Mental Disorders
NCT05013944,Nervous System Diseases
NCT05013944,Eye Diseases
NCT05013944,Ear Diseases
NCT05013944,Respiration Disorders
NCT05013944,Digestive System Diseases
NCT05013944,Skin Diseases
NCT05013944,Urogenital Diseases
NCT05013944,Congenital Abnormalities
NCT05013944,Chromosome Aberrations
NCT05013944,Wounds and Injuries
NCT05013944,Poisoning
NCT00424866,Peripheral Arterial Disease
NCT00424866,"Constriction, Pathologic"
NCT00424866,Intermittent Claudication
NCT00424866,Ischemia
NCT04848506,"Cardiomyopathy, Hypertrophic"
NCT06990204,Hypertension
NCT06092606,Neoplasms
NCT06092606,Heart Failure
NCT06092606,"Arrhythmias, Cardiac"
NCT06813651,Ischemic Stroke
NCT06363851,Cardiovascular Diseases
NCT07748702,Hypertension
NCT05269966,Macular Degeneration
NCT05269966,Vision Disorders
NCT05269966,Geographic Atrophy
NCT05269966,Wet Macular Degeneration
NCT05269966,Choroidal Neovascularization
NCT05269966,Retinal Vein Occlusion
NCT06483802,Friedreich Ataxia
NCT06483802,Cardiomyopathies
NCT05380453,Giant Cell Arteritis
NCT05380453,Vasculitis
NCT05380453,Vascular Diseases
NCT05380453,Polymyalgia Rheumatica
NCT05380453,Arteritis
NCT05350202,Heart Failure
NCT07247162,Hypertension
NCT07247162,"ACTH Syndrome, Ectopic"
NCT07247162,Cushing Syndrome
NCT06619483,Thromboembolism
NCT06228924,Arrhythmogenic Right Ventricular Dysplasia
NCT06228924,Heart Failure
NCT07379697,Atrial Fibrillation
NCT04667910,Retinal Vein Occlusion
NCT05767346,"Cardiomyopathy, Hypertrophic"
NCT06704815,Hypertension
NCT03267108,Pulmonary Fibrosis
NCT03267108,"Hypertension, Pulmonary"
NCT06212479,Neoplasms
NCT06212479,Metabolic Diseases
NCT06212479,Aneurysm
NCT06212479,Nervous System Diseases
NCT05128591,Embolism and Thrombosis
NCT06604897,Essential Hypertension
NCT05755997,CADASIL
NCT06292013,Atherosclerosis
NCT06428825,"Renal Insufficiency, Chronic"
NCT06428825,Hypertension
NCT06116968,"Cardiomyopathy, Hypertrophic"
NCT05030428,Atherosclerosis
NCT05030428,Hypercholesterolemia
NCT05030428,Dyslipidemias
NCT05030428,Hyperlipidemias
NCT05552495,Hypertension
NCT05552495,Dyslipidemias
NCT05326802,Fatigue
NCT05326802,"Burnout, Professional"
NCT05326802,Musculoskeletal Pain
NCT05326802,Back Pain
NCT05326802,Neck Pain
NCT05326802,Headache
NCT05326802,Dizziness
NCT05326802,Parasomnias
NCT05326802,Chest Pain
NCT05326802,Syncope
NCT05326802,Cardiovascular Diseases
NCT05326802,Dyspnea
NCT05326802,Gastrointestinal Diseases
NCT05326802,"Burnout, Psychological"
NCT07444567,Asthma
NCT07444567,Churg-Strauss Syndrome
NCT07444567,Hypereosinophilic Syndrome
NCT04840914,Heart Failure
NCT07517263,Cardiovascular Diseases
NCT07517263,Myocardial Infarction
NCT07517263,Stroke
NCT05700591,Ischemic Stroke
NCT06439576,Retinal Vein Occlusion
NCT05179876,"Hypertension, Pulmonary"
NCT05179876,Pulmonary Arterial Hypertension
NCT04825743,ST Elevation Myocardial Infarction
NCT05769608,Hypertension
NCT05295173,Ischemic Stroke
NCT05096039,Heart Failure
NCT04765657,Hypercholesterolemia
NCT04765657,Dyslipidemias
NCT06991257,Heart Failure
NCT06465264,Essential Hypertension
NCT04214899,Heart Failure
NCT05546398,Hypercholesterolemia
NCT06831825,Heart Failure
NCT06833190,Hypertension
NCT07379840,Heart Failure
NCT03458325,Heart Failure
NCT05696717,Shy-Drager Syndrome
NCT04595370,Heart Failure
NCT04595370,"Renal Insufficiency, Chronic"
NCT04595370,"Diabetes Mellitus, Type 2"
NCT04595370,Diabetic Nephropathies
NCT05739383,Cardiovascular Diseases
NCT05739383,Myocardial Infarction
NCT05739383,Stroke
NCT05739383,Hyperlipidemias
NCT05739383,Hypercholesterolemia
NCT05739383,Dyslipidemias
NCT05739383,Coronary Artery Disease
NCT05739383,Coronary Stenosis
NCT06501586,Essential Hypertension
NCT06745726,Hypertension
NCT04928326,Heart Failure
NCT05470725,Hypertension
NCT05643885,Thromboembolism
NCT06833476,Tricuspid Valve Insufficiency
NCT05395338,Stroke
NCT06158633,"Pulmonary Disease, Chronic Obstructive"
NCT06158633,Heart Failure
NCT07241520,Ischemic Stroke
NCT02988245,Hypertension
NCT05117762,Hypertension
NCT06135103,Ischemic Stroke
NCT06328010,Wounds and Injuries
NCT06328010,Burns
NCT06328010,Varicose Ulcer
NCT06328010,Accidental Injuries
NCT06328010,Degloving Injuries
NCT06328010,Pressure Ulcer
NCT05571813,Hypertension
NCT05569720,Stroke
NCT05444660,Peripheral Arterial Disease
NCT04667897,Retinal Vein Occlusion
NCT06215911,Heart Failure
NCT06215911,Cardiovascular Diseases
NCT06215911,Heart Diseases
NCT03176498,Cerebral Infarction
NCT06730828,Atrial Fibrillation
NCT06730828,"Arrhythmias, Cardiac"
NCT06730828,Cardiovascular Diseases
NCT04161898,Takayasu Arteritis
NCT06423352,Hypertension
NCT06976606,Cardiomyopathies
NCT06976606,Arrhythmogenic Right Ventricular Dysplasia
NCT06976606,"Death, Sudden, Cardiac"
NCT06976606,Heart Arrest
NCT04629287,Stroke
NCT07646600,"Cardiomyopathy, Dilated"
NCT05730907,"Shock, Cardiogenic"
NCT05202509,Atherosclerosis
NCT06348498,Heart Failure
NCT06431763,Hypercholesterolemia
NCT06431763,Atherosclerosis
NCT07137338,"Cardiomyopathy, Dilated"
NCT07137338,Cardiomyopathies
NCT07137338,"Dilatation, Pathologic"
NCT07137338,Heart Failure
NCT07137338,Cardiovascular Diseases
NCT07137338,Heart Diseases
NCT05708963,Fatigue
NCT05708963,"Burnout, Professional"
NCT05708963,Musculoskeletal Pain
NCT05708963,Back Pain
NCT05708963,Neck Pain
NCT05708963,Headache
NCT05708963,Dizziness
NCT05708963,Parasomnias
NCT05708963,Chest Pain
NCT05708963,Syncope
NCT05708963,Cardiovascular Diseases
NCT05708963,Dyspnea
NCT05708963,Gastrointestinal Diseases
NCT05708963,"Burnout, Psychological"
NCT05803421,"Diabetes Mellitus, Type 2"
NCT05803421,Obesity
NCT05803421,Overweight
NCT05803421,Cardiovascular Diseases
NCT05803421,"Renal Insufficiency, Chronic"
NCT06965621,Heart Failure
NCT06112327,Atherosclerosis
NCT06112327,Hypercholesterolemia
NCT06112327,Cardiovascular Diseases
NCT06112327,Hyperlipoproteinemia Type II
NCT05112861,Macular Degeneration
NCT05112861,Wet Macular Degeneration
NCT05112861,Retinal Vein Occlusion
NCT05223101,Hypertension
NCT05573477,Essential Hypertension
NCT05573477,"Diabetes Mellitus, Type 2"
NCT06929832,Peripheral Arterial Disease
NCT05243992,Peripheral Arterial Disease
NCT06489028,Varicose Ulcer
NCT06489028,Skin Ulcer
NCT07001800,Aortic Valve Stenosis
NCT05715398,"Carcinoma, Non-Small-Cell Lung"
NCT05715398,Noonan Syndrome
NCT04761939,Coronary Stenosis
NCT04761939,Coronary Disease
NCT04761939,Myocardial Ischemia
NCT04761939,Cardiovascular Diseases
NCT04926857,Atrial Fibrillation
NCT06961344,Mitochondrial encephalopathy
NCT06961344,"Acidosis, Lactic"
NCT06961344,MELAS Syndrome
NCT04444804,Venous Thromboembolism
NCT07760649,Ischemic Stroke
NCT06884085,Essential Hypertension
NCT05921435,Hypertension
NCT05321810,Stroke
NCT06340048,Heart Failure
NCT06516068,"Cardiomyopathy, Hypertrophic"
NCT07575984,Ischemic Stroke
NCT07575984,Stroke
NCT07575984,Cerebral Infarction
NCT03812835,Venous Thrombosis
NCT03812835,Pulmonary Embolism
NCT05543174,Alagille Syndrome
NCT05531890,Ataxia Telangiectasia
NCT05117346,Bradycardia
NCT04919551,Acute Coronary Syndrome
NCT04986202,Heart Failure
NCT04210375,Heart Failure
NCT04210375,"Fibromatosis, Gingival, 2"
NCT07655427,Thrombosis
NCT05363761,"Diabetes Mellitus, Type 2"
NCT05363761,Hypertension
NCT05363761,Diabetes Mellitus
NCT05673902,Pericarditis
NCT05520177,Retinal Vein Occlusion
NCT05520177,Macular Edema
NCT05972954,Muscular Diseases
NCT05972954,Cardiomyopathies
NCT05972954,Mitochondrial encephalopathy
NCT05972954,"Acidosis, Lactic"
NCT05972954,MELAS Syndrome
NCT05972954,Syndrome
NCT05972954,MERRF Syndrome
NCT05972954,Deafness
NCT05972954,Noninsulin-dependent diabetes mellitus with deafness
NCT04594915,Atrial Fibrillation
NCT06589791,Atherosclerosis
NCT06589791,"Renal Insufficiency, Chronic"
NCT04915118,Heart Failure
NCT06958315,Atherosclerosis
NCT06697925,Varicose Ulcer
NCT04509674,Myocardial Infarction
NCT06889064,Essential Hypertension
NCT06836232,Pericarditis
NCT06453707,Myocardial Infarction
NCT05184998,Hyperkalemia
NCT05184998,Hypokalemia
NCT05184998,Heart Failure
NCT05709314,Cerebral Amyloid Angiopathy
NCT05761444,Atherosclerosis
NCT06984211,Hypertension
NCT06984211,Myocardial Ischemia
NCT06984211,Heart Valve Diseases
NCT06984211,Heart Failure
NCT06984211,Diabetes Mellitus
NCT04865406,Heart Failure
NCT05295290,Myocarditis
NCT05295290,COVID-19
NCT04809818,Ischemic Stroke
NCT06949020,"Edema, Cardiac"
NCT06949020,Heart Failure
NCT05039359,Atrial Fibrillation
NCT06744062,Essential Hypertension
NCT07750873,Heart Failure
NCT05040880,Hypertension
NCT06184204,Atrial Fibrillation
NCT04795167,Pulmonary Embolism
NCT04795167,Thromboembolism
NCT07023445,Atherosclerosis
NCT07023445,Hyperlipoproteinemia Type II
NCT06854081,"Arrhythmias, Cardiac"
NCT07442175,Atrial Fibrillation
NCT06176963,Macular Edema
NCT06176963,Retinal Vein Occlusion
NCT05825911,Coronary Artery Disease
NCT07272330,Cardiomyopathies
NCT06990867,Ischemic Stroke
NCT07303777,
NCT04120636,Retinal Vein Occlusion
NCT04120636,Epiretinal Membrane
NCT04120636,"Uveitis, Intermediate"
NCT04661644,Chronic Limb-Threatening Ischemia
NCT04661644,Ischemia
NCT05312580,Peripheral Arterial Disease
NCT05312580,Peripheral Vascular Diseases
NCT07443696,Heart Failure
NCT06046196,Arterial Occlusive Diseases
NCT06046196,Intermittent Claudication
NCT05230069,Myocardial Infarction
NCT05230069,Stroke
NCT05966324,Hypertension
NCT06424288,Heart Failure
NCT05885854,Myocardial Ischemia
NCT05885854,Coronary Artery Disease
NCT05885854,Non-ST Elevated Myocardial Infarction
NCT05703646,Myocardial Ischemia
NCT07691203,"Diabetes Mellitus, Type 2"
NCT07691203,Cardiovascular Diseases
NCT07640542,Parkinson Disease
NCT07640542,Shy-Drager Syndrome
NCT07640542,Nerve Degeneration
NCT05764265,Pulmonary Arterial Hypertension
NCT05764265,"Hypertension, Pulmonary"
NCT06434935,Coronary Artery Disease
NCT06071949,Pain
NCT06071949,Somatoform Disorders
NCT06071949,Chronic Pain
NCT06071949,Neuralgia
NCT06071949,Paraplegia
NCT06071949,Multiple Sclerosis
NCT06071949,Stroke
NCT06071949,Phantom Limb
NCT06071949,"Brain Injuries, Traumatic"
NCT06071949,Agnosia
NCT06071949,Marijuana Abuse
NCT06097663,Coronary Disease
NCT04535193,Cardiovascular Diseases
NCT05666804,Polypoidal Choroidal Vasculopathy
NCT05666804,Retinal Diseases
NCT05666804,Vascular Diseases
NCT05666804,Eye Diseases
NCT05666804,Scotoma
NCT05635084,Cardiovascular Diseases
NCT06052748,Essential Hypertension
NCT04693715,Ischemic Stroke
NCT06758271,Microscopic Polyangiitis
NCT06758271,Granulomatosis with Polyangiitis
NCT05418348,Subarachnoid Hemorrhage
NCT06744426,Essential Hypertension
NCT07168655,"Cardiomyopathy, Hypertrophic"
NCT06501443,Hypercholesterolemia
NCT06501443,Atherosclerosis
NCT05764317,Hypertension
NCT04686591,Cardiovascular Diseases
NCT07034690,Atherosclerosis
NCT07034690,Dyslipidemias
NCT06165250,Essential Hypertension
NCT05360446,Coronary Artery Disease
NCT05360446,"Plaque, Atherosclerotic"
NCT06215586,Heart Failure
NCT06215586,"Heart Failure, Diastolic"
NCT06215586,Cardiovascular Diseases
NCT06215586,Heart Diseases
NCT05513937,Hypertension
NCT07453888,"Optic Neuropathy, Ischemic"
NCT07453888,Optic Nerve Diseases
NCT05385978,Obesity
NCT05385978,Hypertension
NCT05385978,Endocrine System Diseases
NCT05385978,Non-alcoholic Fatty Liver Disease
NCT07675668,"Cardiomyopathy, Hypertrophic"
NCT07279493,Ischemic Stroke
NCT05808725,Hypertension
NCT05808725,Coronary Artery Disease
NCT04604548,Mitochondrial Diseases
NCT04604548,Noninsulin-dependent diabetes mellitus with deafness
NCT04604548,MELAS Syndrome
NCT04604548,"Ophthalmoplegia, Chronic Progressive External"
NCT04161378,Non-ST Elevated Myocardial Infarction
NCT04161378,Ventricular Remodeling
NCT04161378,Acute Coronary Syndrome
NCT05714085,Heart Failure
NCT05714085,"Ventricular Dysfunction, Left"
NCT06193928,Alagille Syndrome
NCT06193928,"Cholestasis, progressive familial intrahepatic 1"
NCT06193928,Liver Diseases
NCT06553339,von Hippel-Lindau Disease
NCT06553339,"Neuroectodermal Tumors, Primitive"
NCT06164730,Hyperlipoproteinemia Type II
NCT06164730,Coronary Artery Disease
NCT05810727,Atrial Fibrillation
NCT07671742,Heart Failure
NCT05953831,Heart Failure
NCT05953831,Cardiomegaly
NCT07511361,Hypertension
NCT07511361,Hypertensive Crisis
NCT06785454,"Sleep Apnea, Obstructive"
NCT06785454,Hypertension
NCT06785454,Sleep Apnea Syndromes
NCT07205341,Aortic Valve Stenosis
NCT06236061,Hypertension
NCT06236061,"Lymphoma, Follicular"
NCT04149379,Stroke
NCT07615179,
NCT07318610,Peripheral Arterial Disease
NCT07318610,Thrombosis
NCT03833323,Pulmonary Arterial Hypertension
NCT03833323,"Hypertension, Pulmonary"
NCT05070260,Ischemic Stroke
NCT05070260,Stroke
NCT07739888,Atrial Fibrillation
NCT07218627,Heart Failure
NCT07235046,Cardiovascular Diseases
NCT07235046,Atherosclerosis
NCT07235046,Hyperlipidemias
NCT07235046,Dyslipidemias
NCT05413057,Essential Hypertension
NCT07214857,Cardiovascular Diseases
NCT07214857,Diabetes Mellitus
NCT07241104,"Cardiomyopathy, Dilated"
NCT06046807,Postthrombotic Syndrome
NCT06046807,Venous Thrombosis
NCT06354192,Hypertension
NCT06354192,Medication Adherence
NCT07618806,Hypertension
NCT07618806,Edema
NCT06857955,Hypertension
NCT04435769,Atrial Fibrillation
NCT05398029,Atherosclerosis
NCT05398029,Hypercholesterolemia
NCT05398029,Hyperlipoproteinemia Type II
NCT05398029,Cardiovascular Diseases
NCT07140523,Venous Thromboembolism
NCT04723186,Acute Coronary Syndrome
NCT04218266,Atrial Fibrillation
NCT02928094,"Angina, Stable"
NCT02928094,Angina Pectoris
NCT02928094,Myocardial Ischemia
NCT04853160,Gout
NCT04853160,Cardiovascular Diseases
NCT05399550,Ischemic Stroke
NCT07014748,"Brain Hemorrhage, Traumatic"
NCT07014748,Wounds and Injuries
NCT05669755,Cardiovascular Diseases
NCT06936189,Carotid Stenosis
NCT07262268,Erythromelalgia
NCT07262268,"Generalized Epilepsy With Febrile Seizures Plus, 7"
NCT07262268,Channelopathies
NCT07262268,Neuralgia
NCT07073820,"Hypertension, Pulmonary"
NCT05910255,Hypertension
NCT07767513,
NCT06700174,"Heart Septal Defects, Atrial"
NCT06905314,Ischemic Stroke
NCT04582409,Atrial Fibrillation
NCT04582409,"Arrhythmias, Cardiac"
NCT07181109,Hypertension
NCT07181109,Cardiovascular Diseases
NCT03686657,"Diabetes Mellitus, Type 2"
NCT03686657,Hypertension
NCT03686657,Arthritis
NCT03686657,Obesity
NCT03686657,Diabetes Mellitus
NCT05592275,Heart Failure
NCT05077475,Hypertension
NCT07164833,Reperfusion Injury
NCT06648304,Ischemic Stroke
NCT06221826,Ischemic Stroke
NCT06221826,Stroke
NCT06221826,"Brain Injuries, Traumatic"
NCT06112678,Hypertension
NCT06112678,Dyslipidemias
NCT07742254,Aortic Aneurysm
NCT07742254,"Aortic Aneurysm, Abdominal"
NCT07285005,Lymphatic Abnormalities
NCT07285005,Klippel-Trenaunay-Weber Syndrome
NCT07285005,"Congenital Lipomatous Overgrowth, Vascular Malformations, and Epidermal Nevi"
NCT04252339,Noonan Syndrome
NCT06298045,"Angina, Stable"
NCT05838664,Atrial Fibrillation
NCT04873934,Acute Coronary Syndrome
NCT04873934,Hyperlipidemias
NCT04873934,Atherosclerosis
NCT04873934,Hypercholesterolemia
NCT04164732,"Cardiomyopathy, Hypertrophic"
NCT07254481,Hypertension
NCT06816264,
NCT04397198,Coronary Stenosis
NCT04397198,Myocardial Infarction
NCT04098328,Mitral Valve Insufficiency
NCT05659264,Heart Failure
NCT04611932,Cardiovascular Diseases
NCT05035030,Alagille Syndrome
NCT05199428,Coronary Artery Disease
NCT06700083,Heart Failure
NCT05649722,"Hypertension, Pulmonary"
NCT05649722,"Lung Diseases, Interstitial"
NCT07168161,Anti-Neutrophil Cytoplasmic Antibody-Associated Vasculitis
NCT06004453,Heart Failure
NCT06670677,Hypertension
NCT06670677,Cardiovascular Diseases
NCT06671392,Essential Hypertension
NCT04798989,Alzheimer Disease
NCT04798989,"Dementia, Vascular"
NCT04798989,Mixed Dementias
NCT06482840,"Arrhythmias, Cardiac"
NCT06470815,Carotid Artery Diseases
NCT03994874,Heart Failure
NCT07410117,Venous Thromboembolism
NCT07410117,Venous Thrombosis
NCT07410117,Pulmonary Embolism
NCT07410117,Neoplasms
NCT07410117,Hemorrhage
NCT07614958,Hypercholesterolemia
NCT06146660,"Cardiomyopathy, Hypertrophic"
NCT06117020,Muscle Spasticity
NCT06117020,Muscle Hypertonia
NCT06117020,Cerebral Palsy
NCT06117020,Multiple Sclerosis
NCT06117020,Stroke
NCT06117020,"Spastic Paraplegia, Hereditary"
NCT06117020,Dystonia
NCT06117020,Spinal Cord Injuries
NCT05041010,Ischemic Stroke
NCT06986733,Cardiovascular Diseases
NCT06964724,Stroke
NCT07578129,Tricuspid Valve Insufficiency
NCT07578129,"Ventricular Dysfunction, Left"
NCT04300569,"Dementia, Vascular"
NCT04300569,"Sleep Disorders, Circadian Rhythm"
NCT04635800,Macular Edema
NCT04635800,Retinal Vein Occlusion
NCT04635800,Macular Degeneration
NCT04635800,Geographic Atrophy
NCT04635800,Wet Macular Degeneration
NCT04820907,Hypertension
NCT06597019,Hyperlipoproteinemia Type II
NCT06597019,Hypercholesterolemia
NCT06597019,Hyperlipidemias
NCT06597019,Dyslipidemias
NCT06597019,Heart Failure
NCT06597019,Cardiovascular Diseases
NCT06597019,Aortic Valve Stenosis
NCT05369767,Venous Thrombosis
NCT05503953,Essential Hypertension
NCT04306237,Angina Pectoris
NCT04241328,Cardiovascular Diseases
NCT07217067,Atrial Fibrillation
NCT07217067,"Arrhythmias, Cardiac"
NCT05830071,Asthma
NCT05830071,"Pulmonary Disease, Chronic Obstructive"
NCT07486453,Essential Hypertension
NCT06905327,Hypertension
NCT06874751,Overweight
NCT06874751,Obesity
NCT06874751,Atherosclerosis
NCT04576988,Pulmonary Arterial Hypertension
NCT04576988,"Hypertension, Pulmonary"
NCT04912141,Non-ST Elevated Myocardial Infarction
NCT05198323,Ischemic Stroke
NCT06815627,Heart Diseases
NCT05437094,Cardiovascular Diseases
NCT05437094,Heart Failure
NCT06989983,Heart Failure
NCT07221851,Turner Syndrome
NCT07221851,Noonan Syndrome
NCT07221851,Dwarfism
NCT07221851,Failure to Thrive
NCT07221851,Sex Chromosome Disorders
NCT07221851,Chromosome Disorders
NCT07221851,Endocrine System Diseases
NCT07221851,Sex Chromosome Disorders of Sex Development
NCT06632353,Cardiovascular Diseases
NCT06293261,Hypertension
NCT06293261,Hypercholesterolemia
NCT07361302,Ischemic Stroke
NCT06877156,Atrial Fibrillation
NCT04971772,Peripheral Arterial Disease
NCT04971772,Peripheral Vascular Diseases
NCT06813339,Atherosclerosis
NCT06813339,Acute Coronary Syndrome
NCT07762794,Vascular System Injuries
NCT07762794,Accidental Injuries
NCT07762794,Wounds and Injuries
NCT04091945,Ischemic Stroke
NCT04516278,Macular Degeneration
NCT04516278,Wet Macular Degeneration
NCT04516278,Retinal Vein Occlusion
NCT07160608,Anti-Neutrophil Cytoplasmic Antibody-Associated Vasculitis
NCT07160608,Vasculitis
NCT04667416,Varicose Ulcer
NCT05327855,Myocardial Infarction
NCT05327855,Acute Coronary Syndrome
NCT05327855,ST Elevation Myocardial Infarction
NCT05327855,"Ventricular Dysfunction, Left"
NCT04967443,Hypertension
NCT04967443,Heart Failure
NCT07318155,Coronary Artery Disease
NCT07318155,Peripheral Arterial Disease
NCT05956509,Muscle Spasticity
NCT05956509,Stroke
NCT06272487,Hypertension
NCT06272487,Cardiovascular Diseases
NCT06272487,"Renal Insufficiency, Chronic"
NCT05450601,Hypertension
NCT04610892,Coronary Disease
NCT04610892,Atherosclerosis
NCT04614467,Microvascular Angina
NCT04614467,Angina Pectoris
NCT07521007,Atherosclerosis
NCT07521007,Coronary Artery Disease
NCT05805462,Microvascular Angina
NCT06580392,Heart Failure
NCT06898021,Coronary Artery Disease
NCT06429930,Pulmonary Arterial Hypertension
NCT06429930,"Hypertension, Pulmonary"
NCT06429930,Lung Diseases
NCT06429930,Respiratory Tract Diseases
NCT07644364,Hypertension
NCT07102628,Acute Coronary Syndrome
NCT07102628,Non-ST Elevated Myocardial Infarction
NCT07102628,ST Elevation Myocardial Infarction
NCT07102628,Hyperlipidemias
NCT07234032,"Hypertension, Pulmonary"
NCT07234032,"Lung Diseases, Interstitial"
NCT06336330,Heart Diseases
NCT06336330,Cardiovascular Diseases
NCT06336330,Heart Failure
NCT06643130,Hypertension
NCT06643130,Dyslipidemias
NCT07352800,Peripheral Arterial Occlusive Disease 1
NCT07352800,Chronic Limb-Threatening Ischemia
NCT05549401,Hypertension
NCT05549401,Dyslipidemias
NCT07230145,Heart Failure
NCT05610280,Hypertriglyceridemia
NCT05610280,Cardiovascular Diseases
NCT05610280,Atherosclerosis
NCT06868290,Anti-Neutrophil Cytoplasmic Antibody-Associated Vasculitis
NCT06868290,Vasculitis
NCT06868290,Granulomatosis with Polyangiitis
NCT06868290,Microscopic Polyangiitis
NCT07048808,Angina Pectoris
NCT07048808,Coronary Artery Disease
NCT04714320,Hypertension
NCT07389499,"Glomerulonephritis, IGA"
NCT07389499,"Glomerulonephritis, Membranous"
NCT07389499,Anti-Neutrophil Cytoplasmic Antibody-Associated Vasculitis
NCT04895748,"Carcinoma, Renal Cell"
NCT04895748,von Hippel-Lindau Disease
NCT04895748,Hereditary leiomyomatosis and renal cell cancer
NCT04895748,Paraganglioma
NCT04895748,Pheochromocytoma
NCT06774040,Peripheral Arterial Disease
NCT06774040,Intermittent Claudication
NCT06774040,Arterial Occlusive Diseases
NCT06774040,Vascular Diseases
NCT06774040,Peripheral Vascular Diseases
NCT06774040,Chronic Limb-Threatening Ischemia
NCT06264310,Heart Failure
NCT06692764,Atherosclerosis
NCT06708299,Pericarditis
NCT07685054,Essential Hypertension
NCT05001945,"Hypertension, Renal"
NCT06255496,Postpartum Hemorrhage
NCT06255496,Thrombosis
NCT06985303,"Leukomalacia, Periventricular"
NCT06985303,Leukoencephalopathies
NCT06985303,"Hypoxia-Ischemia, Brain"
NCT06985303,Demyelinating Diseases
NCT06985303,Asphyxia Neonatorum
NCT06220773,Essential Hypertension
NCT06220773,"Diabetes Mellitus, Type 2"
NCT06322641,Atherosclerosis
NCT06322641,"Renal Insufficiency, Chronic"
NCT05457270,Cardiovascular Diseases
NCT05635331,Heart Failure
NCT06338202,"Cardiomyopathy, Hypertrophic"
NCT07430956,Atrial Fibrillation
NCT07430956,Thrombosis
NCT07430956,Ischemic Stroke
NCT07430956,Pulmonary Embolism
NCT07430956,Venous Thromboembolism
NCT03960541,HIV Infections
NCT03960541,Dyslipidemias
NCT06347159,"Cardiomyopathy, Hypertrophic"
NCT05476354,Essential Hypertension
NCT05195879,Coronary Artery Disease
NCT05195879,Myocardial Ischemia
NCT05702983,Anti-Neutrophil Cytoplasmic Antibody-Associated Vasculitis
NCT07015905,Venous Thromboembolism
NCT04356027,Coronary Artery Disease
NCT04356027,Coronary Stenosis
NCT03875183,Heart Failure
NCT06295679,Myocardial Infarction
NCT06295679,Stroke
NCT06295679,"Angina, Unstable"
NCT06295679,Atherosclerosis
NCT07090161,Hypertension
NCT07023341,"Cardiomyopathy, Hypertrophic"
NCT04189172,Meningioma
NCT04189172,Brain Neoplasms
NCT04189172,Arnold-Chiari Malformation
NCT04189172,Vascular Malformations
NCT04189172,Hydrocephalus
NCT04189172,Spinal Cord Injuries
NCT06451757,Mitochondrial Diseases
NCT06451757,Noninsulin-dependent diabetes mellitus with deafness
NCT06451757,MELAS Syndrome
NCT06932601,Metabolic Syndrome
NCT06932601,Diabetes Mellitus
NCT06932601,Hypertension
NCT06932601,Obesity
NCT06932601,Chronic Disease
NCT05236673,Heart Failure
NCT05641675,Heart Failure
NCT05641675,Pulmonary Arterial Hypertension
NCT07692178,Varicose Ulcer
NCT06431477,Diabetic Nephropathies
NCT06431477,Hypertension
NCT07473700,"Hypertension, Pulmonary"
NCT07473700,"Lung Diseases, Interstitial"
NCT07697599,Venous Thromboembolism
NCT07697599,Thrombosis
NCT04651881,Cardiovascular Diseases
NCT06251453,Atrial Fibrillation
NCT04982081,Cardiovascular Diseases
NCT04982081,Heart Failure
NCT04982081,"Cardiomyopathy, Dilated"
NCT07729475,Atherosclerosis
NCT04808934,Stroke
NCT06372457,"Cardiomyopathy, Hypertrophic"
NCT06941792,Coronary Disease
NCT05864365,Multiple System Atrophy
NCT05864365,Neurodegenerative Diseases
NCT05864365,Shy-Drager Syndrome
NCT05864365,Movement Disorders
NCT05864365,Primary Dysautonomias
NCT05864365,Synucleinopathies
NCT05598333,Heart Failure
NCT05096143,Heart Failure
NCT04680689,Myocardial Ischemia
NCT04680689,Coronary Stenosis
NCT06765226,Heart Failure
NCT04235491,Bradycardia
NCT07213778,Venous Thrombosis
NCT07213778,Pulmonary Embolism
NCT04828590,Coronary Artery Disease
NCT04828590,Myocardial Ischemia
NCT05044325,Heart Failure
NCT07552389,Hypertension
NCT07552389,"Diabetes Mellitus, Type 2"
NCT06034743,Hypertension
NCT06180421,MELAS Syndrome
NCT06180421,"Ophthalmoplegia, Chronic Progressive External"
NCT04887311,Ataxia Telangiectasia
NCT05253209,"Heart Septal Defects, Ventricular"
NCT05253209,Atrioventricular Septal Defect
NCT05253209,Partial atrioventricular canal
NCT06253221,"Cardiomyopathy, Hypertrophic"
NCT06548620,Sclerosis
NCT06548620,Anti-Neutrophil Cytoplasmic Antibody-Associated Vasculitis
NCT06548620,Neuromyelitis Optica
NCT06393920,Atrial Fibrillation
NCT06205810,Coronary Artery Disease
NCT05968118,Peripheral Arterial Disease
NCT05968118,"Deafness, Autosomal Recessive 39"
NCT06259175,Hypertension
NCT04735354,Heart Failure
NCT06238466,Dyslipidemias
NCT06142383,Heart Failure
NCT04864795,Heart Failure
NCT04864795,Hyperkalemia
NCT04984954,Angina Pectoris
NCT04984954,Coronary Disease
NCT04984954,Microvascular Angina
NCT07228312,Intracranial Aneurysm
NCT06041529,Essential Hypertension
NCT05192941,Hypercholesterolemia
NCT05192941,Dyslipidemias
NCT05192941,Angina Pectoris
NCT05192941,Peripheral Arterial Disease
NCT05192941,Cardiovascular Diseases
NCT05563701,Heart Diseases
NCT05563701,"Arrhythmias, Cardiac"
NCT05563701,Angina Pectoris
NCT05563701,"Angina, Unstable"
NCT05563701,Lung Diseases
NCT05563701,Heart Failure
NCT05563701,Shock
NCT05563701,Emergencies
NCT04191356,Heart Failure
NCT07142356,Hypertension
NCT07142356,Systolic Murmurs
NCT07142356,Heart Murmurs
NCT04125732,Coronary Artery Disease
NCT04125732,Ischemia
NCT04125732,Cardiovascular Diseases
NCT04125732,Heart Diseases
NCT04125732,Angina Pectoris
NCT07501299,Atrial Fibrillation
NCT07501299,Atrial Flutter
NCT07501299,Bradycardia
NCT07501299,Tachycardia
NCT07501299,"Arrhythmias, Cardiac"
NCT05331014,Dyslipidemias
NCT05331014,Hypertension
NCT04972721,Overweight
NCT04972721,Obesity
NCT04050163,Myocardial Infarction
NCT07628933,Ischemic Stroke
NCT07024563,"Glomerulonephritis, IGA"
NCT07024563,IgA Vasculitis
NCT07024563,Proteinuria
NCT04925024,Hypoplastic Left Heart Syndrome
NCT05759962,Long QT Syndrome
NCT07112924,Heart Failure
NCT04905979,"Sleep Apnea, Obstructive"
NCT04905979,Hypertension
NCT05593120,Coronary Artery Disease
NCT05033964,Coronary Artery Disease
NCT06129409,Cardiovascular Diseases
NCT06639087,Renal Insufficiency
NCT06639087,Heart Failure
NCT05691244,Ischemic Stroke
NCT05691244,Stroke
NCT06348875,Coronary Artery Disease
NCT06348875,Myocardial Infarction
NCT06348875,Coronary Disease
NCT06348875,Coronary Stenosis
NCT06348875,Angina Pectoris
NCT06348875,Chest Pain
NCT05038228,Atrial Fibrillation
NCT05038228,Hemorrhage
NCT05038228,Stroke
NCT07188805,"Ventricular Dysfunction, Left"
NCT07188805,Heart Failure
NCT05755373,Atherosclerosis
NCT05755373,"Renal Insufficiency, Chronic"
NCT06465303,ST Elevation Myocardial Infarction
NCT07687186,Heart Failure
NCT07454889,Hidradenitis Suppurativa
NCT07037459,Obesity
NCT07037459,Heart Failure
NCT05353179,Granulomatosis with Polyangiitis
NCT05353179,"Lymphohistiocytosis, Hemophagocytic"
NCT06644534,MELAS Syndrome
NCT07116863,Essential Hypertension
NCT07614152,Turner Syndrome
NCT05651724,Liver Cirrhosis
NCT05651724,Fatty Liver
NCT05651724,"Diabetes Mellitus, Type 2"
NCT05651724,Obesity
NCT05651724,Metabolic Syndrome
NCT05651724,Hypertension
NCT04356989,Stroke
NCT06683768,Hypertension
NCT06683768,Essential Hypertension
NCT07721025,Friedreich Ataxia
NCT07721025,Cardiomyopathies
NCT07721025,Heart Diseases
NCT07721025,"Hypertrophy, Left Ventricular"
NCT07721025,"Cardiomyopathy, Hypertrophic"
NCT03180450,Heart Failure
NCT05246618,Reperfusion Injury
NCT07293897,Alagille Syndrome
NCT07293897,"Cholestasis, progressive familial intrahepatic 1"
NCT05906732,Long QT Syndrome
NCT05646381,Aortic Valve Stenosis
NCT06359912,Chronic Limb-Threatening Ischemia
NCT06359912,Ulcer
NCT06359912,Peripheral Vascular Diseases
NCT06884111,Heart Failure
NCT07083765,Hypertension
NCT07083765,Essential Hypertension
NCT05192356,Hypertension
NCT05192356,Dyslipidemias
NCT06685783,Coronary Artery Disease
NCT05526690,Hypertension
NCT05362903,Hypercholesterolemia
NCT05362903,Atherosclerosis
NCT03615846,Coronary Artery Disease
NCT05459688,Hypertension
NCT07084246,Hypertension
NCT07084246,Dyslipidemias
NCT05027061,Atrial Fibrillation
NCT07304427,Aortic Valve Stenosis
NCT07704697,Essential Hypertension
NCT07704697,Hypertension
NCT04956523,Peripheral Arterial Disease
NCT04956523,Arterial Occlusive Diseases
NCT07479641,Cardiomyopathies
NCT04659070,Hypertension
NCT04798222,Heart Failure
NCT06780033,Hypertension
NCT04304105,Chronic Limb-Threatening Ischemia
NCT04304105,Peripheral Arterial Disease
NCT06130124,Essential Hypertension
NCT05865197,Heart Failure
NCT07306182,ST Elevation Myocardial Infarction
NCT04667624,Hypertension
NCT06122961,Heart Failure
NCT06122961,"Renal Insufficiency, Chronic"
NCT04757142,Heart Failure
NCT07312773,Hypertension
NCT07312773,Hyperlipidemias
NCT05930028,Essential Hypertension
NCT05286281,Cardiomyopathies
NCT05286281,"Limb-girdle muscular dystrophy, type 1B"
NCT05286281,Heart Failure
NCT07405164,von Hippel-Lindau Disease
NCT07405164,Neoplasms
NCT07563777,Metabolic Syndrome
NCT07563777,Cardiovascular Diseases
NCT07563777,Cognitive Dysfunction
NCT07563777,Musculoskeletal Diseases
NCT07563777,Neoplasms
NCT07563777,Frailty
NCT07563777,Dementia
NCT06074601,"Obstetric Labor, Premature"
NCT06074601,Premature Birth
NCT06074601,Preterm Premature Rupture of the Membranes
NCT06074601,Pre-Eclampsia
NCT06074601,"Hypertension, Pregnancy-Induced"
NCT06074601,Fetal Growth Retardation
NCT07136012,Cardiovascular Diseases
NCT07136012,Coronary Disease
NCT07136012,Myocardial Infarction
NCT06206512,Heart Failure
NCT06206512,"Urinary Bladder, Overactive"
NCT04792008,Chronic Limb-Threatening Ischemia
NCT05925608,"Heart Failure, Systolic"
NCT06348576,Essential Hypertension
NCT07543120,Hypertension
NCT05882045,Obesity
NCT05882045,Cardiovascular Diseases
NCT06167707,Heart Failure
NCT06167707,Edema
NCT06940934,Intracranial Aneurysm
NCT05889806,Neoplasms
NCT05889806,Hematologic Neoplasms
NCT05889806,Digestive System Diseases
NCT05889806,Autoimmune Diseases
NCT05889806,Communicable Diseases
NCT05889806,Cardiovascular Diseases
NCT05889806,Urogenital Diseases
NCT05889806,Kidney Diseases
NCT07118449,Coronary Artery Disease
NCT06160726,Ischemic Stroke
NCT04858776,Thrombosis
NCT06066099,"Arrhythmias, Cardiac"
NCT06066099,Atrial Fibrillation
NCT05218655,Leigh Disease
NCT05218655,Diffuse Cerebral Sclerosis of Schilder
NCT05218655,Mitochondrial Encephalomyopathies
NCT05218655,MELAS Syndrome
NCT05218655,MERRF Syndrome
NCT05218655,Drug Resistant Epilepsy
NCT07021976,"Cardiomyopathy, Hypertrophic"
NCT06061549,"Heart Failure, Diastolic"
NCT07474649,Coronary Artery Disease
NCT07474649,Hypercholesterolemia
NCT04091087,Venous Insufficiency
NCT07529600,Hypertension
NCT06938516,Hypertension
NCT07084012,Ischemic Stroke
NCT05857319,Overweight
NCT05857319,Obesity
NCT05857319,Cardiovascular Diseases
NCT05857319,Metabolic Diseases
NCT05857319,"Diabetes Mellitus, Type 2"
NCT05857319,"Sleep Apnea, Obstructive"
NCT05857319,Non-alcoholic Fatty Liver Disease
NCT06291207,Essential Hypertension
NCT07479433,Coronary Artery Disease
NCT05492500,Heart Failure
NCT06865482,Friedreich Ataxia
NCT06865482,Cardiomyopathies
NCT06865482,Heart Diseases
NCT06789913,Lymphatic Abnormalities
NCT06789913,Vascular Malformations
NCT06789913,"Congenital Lipomatous Overgrowth, Vascular Malformations, and Epidermal Nevi"
NCT06789913,Klippel-Trenaunay-Weber Syndrome
NCT06789913,Megalencephaly cutis marmorata telangiectatica congenita
NCT05175261,ST Elevation Myocardial Infarction
NCT05175261,Non-ST Elevated Myocardial Infarction
NCT07438327,Aortic Aneurysm
NCT07438327,"Aortic Aneurysm, Abdominal"
NCT07438327,Aortic Dissection
NCT07438327,"Aortic Aneurysm, Thoracoabdominal"
NCT07553442,Hypertension
NCT04564742,Heart Failure
NCT04564742,Myocardial Infarction
NCT04678388,Cardiovascular Diseases
NCT05002543,Heart Valve Diseases
NCT07142655,Peripheral Arterial Disease
NCT04483791,Coronary Artery Disease
NCT04734548,Stroke
NCT04734548,Ischemic Stroke
NCT06202378,Ischemic Stroke
NCT04915950,Raynaud Disease
NCT04915950,"Scleroderma, Systemic"
NCT07158450,Cardiotoxicity
NCT07158450,Heart Failure
NCT06214832,Hypertension
NCT04631406,Ischemic Stroke
NCT07217106,Heart Failure
NCT07676214,Diabetes Mellitus
NCT07676214,Hypertension
NCT07676214,Obesity
NCT05773170,Atrial Fibrillation
NCT05773170,Atrial Flutter
NCT06935370,Heart Failure
NCT04945460,"Hypertension, Pulmonary"
NCT04945460,Hypertension
NCT05494788,Pericarditis
NCT04686643,Hypertension
NCT05631990,Essential Hypertension
NCT06384846,Acute Coronary Syndrome
NCT06384846,Angina Pectoris
NCT06384846,Non-ST Elevated Myocardial Infarction
NCT06384846,ST Elevation Myocardial Infarction
NCT06384846,"Angina, Unstable"
NCT07646782,Cardiovascular Diseases
NCT07646782,Neoplasms
NCT07646782,Cognitive Dysfunction
NCT07646782,Metabolic Syndrome
NCT07646782,Frailty
NCT07646782,Musculoskeletal Diseases
NCT07646782,Neurodegenerative Diseases
NCT07646782,Dementia
NCT07646782,Occupational Diseases
NCT05843162,Essential Hypertension
NCT05843162,Metabolic Syndrome
NCT07186946,Heart Failure
NCT07186946,Obesity
NCT07186946,Atrial Fibrillation
NCT05136391,Coronary Artery Disease
NCT07021963,"Cardiomyopathy, Hypertrophic"
NCT07202663,Stroke
NCT07202663,Ischemic Stroke
NCT06416865,Essential Hypertension
NCT05250011,"Heart Failure, Systolic"
NCT05289947,Stroke
NCT05289947,Ischemic Stroke
NCT05289947,Thrombotic Stroke
NCT05289947,Myocardial Infarction
NCT05289947,Embolic Stroke
NCT06112743,"Cardiomyopathy, Hypertrophic"
NCT07421414,Essential Hypertension
NCT07399080,"Truncus Arteriosus, Persistent"
NCT07397494,Peripheral Arterial Disease
NCT07590466,"Diabetes Mellitus, Type 2"
NCT07590466,Hypertension
NCT05491460,Thrombosis
NCT04198220,Atrial Fibrillation
NCT04198220,Syncope
NCT04198220,Bradycardia
NCT04198220,Ischemic Stroke
NCT04198220,Obesity
NCT04528082,Behcet Syndrome
NCT04528082,Oral Ulcer
NCT06625346,Hypertension
NCT05408546,Pulmonary Embolism
NCT04593823,Heart Failure
NCT06176794,Heart Failure
NCT05097794,Hypertension
NCT07215923,Thromboangiitis Obliterans
NCT07215923,Tobacco Use Disorder
NCT07215923,Smoking Cessation
NCT07215923,Smoking Reduction
NCT07215923,Vascular Diseases
NCT06551129,"Cardiomyopathy, Hypertrophic"
NCT06644742,Cardiomyopathies
NCT06644742,Heart Diseases
NCT06644742,Cardiovascular Diseases
NCT06644742,"Genetic Diseases, Inborn"
NCT06644742,Arrhythmogenic Right Ventricular Dysplasia
NCT04703842,Heart Failure
NCT04703842,"Heart Failure, Systolic"
NCT04361669,Respiration Disorders
NCT04361669,Cardiovascular Diseases
NCT04361669,Nervous System Diseases
NCT04361669,Dementia
NCT04361669,Neoplasms
NCT05719805,"Cardiomyopathy, Hypertrophic"
NCT05719805,Hypertrophy
NCT05719805,"Ventricular Outflow Obstruction, Left"
NCT05719805,Heart Diseases
NCT05719805,Cardiovascular Diseases
NCT07360275,Hypertension
NCT05685186,Ciliary Motility Disorders
NCT05685186,Kartagener Syndrome
NCT04915729,Stroke
NCT05353166,Heart Failure
NCT04969653,Venous Thromboembolism
NCT04969653,"Dermatitis, Atopic"
NCT04969653,Pulmonary Embolism
NCT04969653,Venous Thrombosis
NCT04969653,"Rhinitis, Allergic"
NCT04969653,Dust Mite Allergy
NCT04969653,Food Hypersensitivity
NCT04969653,Milk Hypersensitivity
NCT04954911,Atrial Fibrillation
NCT05027698,Peripheral Vascular Diseases
NCT07742098,Ischemic Stroke
NCT07742098,Stroke
NCT07203404,Anti-Neutrophil Cytoplasmic Antibody-Associated Vasculitis
NCT07203404,Anti-Glomerular Basement Membrane Disease
NCT07203404,"Glomerulonephritis, IGA"
NCT06436092,"Angina, Stable"
NCT06436092,"Angina, Unstable"
NCT06436092,Myocardial Ischemia
NCT05308927,Noonan Syndrome
NCT06507852,Atherosclerosis
NCT06507852,Hypercholesterolemia
NCT04491136,Heart Failure
NCT04627207,Cardiovascular Diseases
NCT07730528,Coronary Artery Disease
NCT05890716,Cardiomyopathies
NCT05890716,Heart Arrest
NCT05890716,"Arrhythmias, Cardiac"
NCT05890716,"Death, Sudden, Cardiac"
NCT05890716,Heart Diseases
NCT04478097,Cardiovascular Diseases
NCT06528418,Lung Neoplasms
NCT06528418,"Pulmonary Disease, Chronic Obstructive"
NCT06528418,Bronchitis
NCT06528418,Pulmonary Fibrosis
NCT06528418,Pulmonary Embolism
NCT06528418,Pulmonary Arterial Hypertension
NCT06528418,"Tuberculosis, Pulmonary"
NCT06528418,Lung Abscess
NCT06528418,Emphysema
NCT06528418,Lung Injury
NCT06528418,Cystic Fibrosis
NCT06528418,Asthma
NCT06528418,Bronchiectasis
NCT06528418,"Lung Diseases, Interstitial"
NCT06528418,Lung Diseases
NCT05819125,Venous Thromboembolism
NCT07141914,Overweight
NCT07141914,Obesity
NCT07141914,Heart Failure
NCT07141914,Atherosclerosis
NCT06917248,Stroke
NCT06917248,Hemorrhagic Stroke
NCT07276282,Coronary Artery Disease
NCT07276282,Atherosclerosis
NCT06308055,"Shock, Cardiogenic"
NCT04084678,"Hypertension, Pulmonary"
NCT04084678,Pulmonary Arterial Hypertension
NCT06597006,Homozygous Familial Hypercholesterolemia
NCT06597006,Hyperlipoproteinemia Type II
NCT06597006,Hypercholesterolemia
NCT06597006,Hyperlipidemias
NCT06597006,Dyslipidemias
NCT06597006,Cardiovascular Diseases
NCT06597006,Heart Failure
NCT06597006,Aortic Valve Stenosis
NCT05726838,Atherosclerosis
NCT06734117,Acute Coronary Syndrome
NCT06734117,Myocardial Infarction
NCT04289285,Hypercholesterolemia
NCT04435626,Heart Failure
NCT05532735,Retinal Vein Occlusion
NCT04162366,Hypertension
NCT04162366,"Renal Insufficiency, Chronic"
NCT05475665,Essential Hypertension
NCT07224906,"Hypertension, Pulmonary"
NCT07224906,Heart Failure
NCT07224906,Heart Valve Diseases
NCT05993884,Ischemic Stroke
NCT07759167,"Kidney Failure, Chronic"
NCT07759167,Thrombosis
NCT07759167,Hemorrhage
NCT07759167,"Renal Insufficiency, Chronic"
NCT05022563,Venous Thromboembolism
NCT05022563,Hemorrhage
NCT07443969,Heart Failure
NCT06846554,Pulmonary Arterial Hypertension
NCT06846554,"Hypertension, Pulmonary"
NCT04175600,"Hypertension, Pulmonary"
NCT05305664,Cardiovascular Diseases
NCT05995405,Subarachnoid Hemorrhage
NCT07734753,
NCT05605964,Prostatic Neoplasms
NCT06362746,Pulmonary Embolism
NCT04568083,Myocardial Infarction
NCT04568083,Medication Adherence
NCT04568083,Hemorrhage
NCT04290091,Coronary Artery Disease
NCT05531461,Stroke
NCT06525168,Ischemic Stroke
NCT06056297,Neutropenia
NCT06056297,"Neutropenia, Severe Congenital, Autosomal Recessive 3"
NCT06056297,Autoimmune Diseases
NCT06056297,Cohen syndrome
NCT06056297,Barth Syndrome
NCT06056297,Shwachman-Diamond Syndrome
NCT05699486,"Hypertension, Pulmonary"
NCT04206605,Angioedema
NCT07421388,Essential Hypertension
NCT05485961,"Kidney Failure, Chronic"
NCT05485961,Myocardial Infarction
NCT05485961,Atherosclerosis
NCT05485961,Coronary Artery Disease
NCT05485961,Peripheral Arterial Disease
NCT05485961,Diabetes Mellitus
NCT07383025,"Cardiomyopathy, Hypertrophic"
NCT05936567,Urticaria
NCT05936567,Chronic Urticaria
NCT05936567,Angioedema
NCT05936567,Pruritus
NCT07632976,Antiphospholipid Syndrome
NCT07632976,Thrombosis
NCT04656847,Coronary Artery Disease
NCT04656847,Myocardial Infarction
NCT04656847,Hypertension
NCT04475549,MELAS Syndrome
NCT04475549,Mitochondrial Diseases
NCT04615949,COVID-19
NCT04615949,Cardiovascular Diseases
NCT05236543,Cardiovascular Diseases
NCT06849635,"Heart Septal Defects, Atrial"
NCT06549608,"Cardiomyopathy, Hypertrophic"
NCT07421375,Essential Hypertension
NCT05963009,Hypertension
NCT06249581,"Angina, Stable"
NCT06249581,Fasting
NCT06249581,Lecithin Cholesterol Acyltransferase Deficiency
NCT06186336,Coronary Artery Disease
NCT06186336,"Angina, Stable"
NCT06186336,Acute Coronary Syndrome
NCT06708611,Heart Failure
NCT06864104,Hypertension
NCT05091229,Mucocutaneous Lymph Node Syndrome
NCT06046222,Churg-Strauss Syndrome
NCT06097702,Reperfusion Injury
NCT05362045,"Cardiomyopathy, Hypertrophic"
NCT07359807,Peripheral Arterial Disease
NCT07359807,"Constriction, Pathologic"
NCT07359807,Bites and Stings
NCT04373265,Adrenocortical Carcinoma
NCT04373265,Adrenal Cortex Neoplasms
NCT04373265,Hypertension
NCT04373265,Hyperglycemia
NCT04373265,"Diabetes Mellitus, Type 2"
NCT04373265,Glucose Intolerance
NCT04373265,Cushing Syndrome
NCT04373265,"ACTH Syndrome, Ectopic"
NCT04373265,Adrenocortical Hyperfunction
NCT04373265,Adrenal Gland Diseases
NCT04373265,Endocrine System Diseases
NCT04373265,Pathologic Processes
NCT07309042,Cerebrovascular Disorders
NCT07099144,"Hypertension, Pulmonary"
NCT05515393,Ischemic Stroke
NCT04264819,Macular Degeneration
NCT04264819,Vision Disorders
NCT04264819,Geographic Atrophy
NCT04264819,Wet Macular Degeneration
NCT04264819,Retinal Vein Occlusion
NCT04264819,Choroidal Neovascularization
NCT06679998,Ischemic Stroke
NCT04398771,Hypertension
NCT04398771,Hyperlipidemias
NCT04374344,"Arrhythmias, Cardiac"
NCT05652439,"Pulmonary Disease, Chronic Obstructive"
NCT07489612,Hypertension
NCT05471830,Atrial Fibrillation
NCT07716865,"Cerebral Amyloid Angiopathy, Familial"
NCT07716865,Intracranial Hemorrhages
NCT07716865,Cerebral Hemorrhage
NCT07716865,Dementia
NCT07748000,"Scleroderma, Systemic"
NCT07748000,Raynaud Disease
NCT06691477,Heart Failure
NCT06691477,Acute Coronary Syndrome
NCT06691477,Disease
NCT03340675,"Cardiomyopathy, Dilated"
NCT05176951,"Hypertension, Pulmonary"
NCT05176951,"Lung Diseases, Interstitial"
NCT04783766,"Cardiomyopathy, Hypertrophic"
NCT06054737,Venous Insufficiency
NCT06372431,Hypertension
NCT06372431,"Renal Insufficiency, Chronic"
NCT07064525,Hypertension
NCT07064525,Diabetes Mellitus
NCT06899113,Peripheral Vascular Diseases
NCT06899113,Leg Ulcer
NCT06899113,Foot Ulcer
NCT05156827,Ischemic Stroke
NCT05156827,Stroke
NCT05156827,Ischemia
NCT05594940,Heart Failure
NCT04798690,"Dwarfism, Pituitary"
NCT04798690,Turner Syndrome
NCT07293260,Cardiovascular Diseases
NCT05723835,Turner Syndrome
NCT05723835,Noonan Syndrome
NCT05536791,Venous Thromboembolism
NCT06150924,"Renal Insufficiency, Chronic"
NCT06150924,Albuminuria
NCT06150924,Hypertension
NCT06150924,Proteinuria
NCT06150924,Diabetic Nephropathies
NCT05427253,Idiopathic Pulmonary Fibrosis
NCT05427253,"Hypertension, Pulmonary"
NCT04971161,Varicose Ulcer
NCT04971161,Skin Ulcer
NCT04974723,"Osteoporosis, Postmenopausal"
NCT05873660,Obesity
NCT05873660,Overweight
NCT06851013,Myocardial Infarction
NCT05003440,Atherosclerosis
NCT06655493,
NCT05091333,Asthma
NCT05091333,Churg-Strauss Syndrome
NCT06355544,Overweight
NCT06355544,Obesity
NCT06355544,Metabolic Syndrome
NCT06355544,Hypertension
NCT06355544,Hypercholesterolemia
NCT06355544,"Obesity, Abdominal"
NCT06742216,Ischemic Stroke
NCT05965934,Heart Failure
NCT05965934,Edema
NCT07175428,Atrial Fibrillation
NCT07175428,Hemorrhage
NCT07175428,Stroke
NCT07175428,Thrombosis
NCT05290493,22q11 Deletion Syndrome
NCT05290493,DiGeorge Syndrome
NCT04633447,Giant Cell Arteritis
NCT07267949,Atrial Fibrillation
NCT06159231,Coronary Artery Disease
NCT05322616,Heart Failure
NCT05322616,"Fibromatosis, Gingival, 2"
NCT07137104,Coronary Artery Disease
NCT06210607,"Cardiomyopathy, Hypertrophic"
NCT06210607,Cardiomyopathies
NCT06210607,Hypertrophy
NCT06210607,Heart Diseases
NCT06210607,Cardiovascular Diseases
NCT04906798,Cardiovascular Diseases
NCT04269408,Subarachnoid Hemorrhage
NCT05614037,Hypertension
NCT05003986,"Glomerulosclerosis, Focal Segmental"
NCT05003986,"Nephrosis, Lipoid"
NCT05003986,"Glomerulonephritis, IGA"
NCT05003986,IgA Vasculitis
NCT05003986,"Nephritis, Hereditary"
NCT05003986,"Macular dystrophy, corneal type 1"
NCT06388941,Anti-Neutrophil Cytoplasmic Antibody-Associated Vasculitis
NCT06388941,Granulomatosis with Polyangiitis
NCT06388941,Microscopic Polyangiitis
NCT04554953,Hypertension
NCT04554953,Dyslipidemias
NCT07742930,Hypotension
NCT07358052,Obesity
NCT07358052,Overweight
NCT05922436,Hypertensive Crisis
NCT06172985,Coronary Disease
NCT06948435,Hypertension
NCT06948435,Overweight
NCT06948435,Obesity
NCT05488249,Coronary Artery Disease
NCT05488249,Atherosclerosis
NCT06845839,Hemorrhage
NCT06845839,Thrombosis
NCT06356077,Hypertension
NCT05754957,Acute Coronary Syndrome
NCT03202147,Ischemic Stroke
NCT05284747,Cardiovascular Diseases
NCT05284747,Myocardial Infarction
NCT05284747,Stroke
NCT05284747,ST Elevation Myocardial Infarction
NCT05284747,Non-ST Elevated Myocardial Infarction
NCT04883658,Hypertension
NCT04883658,Dyslipidemias
NCT05698043,Hypertension
NCT05698043,Dyslipidemias
NCT07167550,Stroke
NCT07167550,Ischemic Stroke
NCT07167550,Cerebrovascular Disorders
NCT04974151,Hypertension
NCT04974151,Ischemic Stroke
NCT04755283,Atrial Fibrillation
NCT04755283,Stroke
NCT05195827,Hypertension
NCT05878561,Essential Hypertension
NCT04626505,"Renal Insufficiency, Chronic"
NCT04626505,Inflammation
NCT07301034,Myocardial Infarction
NCT05975021,"Shock, Cardiogenic"
NCT05065216,Stroke
NCT05065216,Ischemic Stroke
NCT05065216,Ischemia
NCT07142265,Myocardial Infarction
NCT05107934,Pericarditis
NCT04927299,Hypertension
NCT04634708,Heart Failure
NCT04634708,Cardiomyopathies
NCT04634708,Ventricular Dysfunction
NCT04634708,Heart Diseases
NCT04634708,Cardiovascular Diseases
NCT05698017,Multiple System Atrophy
NCT05698017,Shy-Drager Syndrome
NCT04052191,Coronary Artery Disease
NCT05389748,Ischemic Stroke
NCT04407091,Cardiovascular Diseases
NCT06795204,"Arrhythmias, Cardiac"
NCT07047508,Heart Failure
NCT04430374,Cardiovascular Diseases
NCT07033455,"Cardiomyopathy, Hypertrophic"
NCT07742943,Heart Arrest
NCT05093790,Coronary Artery Disease
NCT05093790,Thrombosis
NCT06322394,Ischemic Stroke
NCT07324837,Ischemic Stroke
NCT06956807,Heart Failure
NCT06956807,Myocardial Infarction
NCT06299111,Venous Thromboembolism
NCT05540912,Hypertension
NCT03814109,Hypertension
NCT07658534,Respiratory Syncytial Virus Infections
NCT07658534,Heart Diseases
NCT07318597,Pulmonary Arterial Hypertension
NCT07318597,"Hypertension, Pulmonary"
NCT06005597,Dyslipidemias
NCT06005597,Hypercholesterolemia
NCT06005597,Hyperlipoproteinemia Type II
NCT06005597,Atherosclerosis
NCT06744127,Essential Hypertension
NCT04471870,Acute Coronary Syndrome
NCT05291546,Hypertension
NCT05921461,Peripheral Arterial Disease
NCT05921461,Diabetes Mellitus
NCT05091073,Hypercholesterolemia
NCT07362446,Myocardial Infarction
NCT07362446,Reperfusion Injury
NCT07362446,ST Elevation Myocardial Infarction
NCT05931224,Essential Hypertension
NCT06122779,Heart Failure
NCT04824729,Peripheral Arterial Disease
NCT04929249,Atherosclerosis
NCT04929249,Hyperlipidemias
NCT04929249,Hypercholesterolemia
NCT05052710,Cardiovascular Diseases
NCT07148089,Polymorphic Catecholaminergic Ventricular Tachycardia
NCT06239480,Lymphangioma
NCT06239480,Lymphatic Abnormalities
NCT06239480,Vascular Malformations
NCT06239480,Congenital Abnormalities
NCT05114850,Tricuspid Valve Insufficiency
NCT05114850,Heart Failure
NCT05114850,Heart Diseases
NCT05114850,Heart Valve Diseases
NCT05114850,Cardiovascular Diseases
NCT07010159,Pericarditis
NCT07010159,Recurrence
NCT05134701,Heart Failure
NCT05134701,"Renal Insufficiency, Chronic"
NCT05951777,"Brain Injuries, Traumatic"
NCT05951777,"Lymphoma, Follicular"
NCT05951777,Intracranial Hemorrhages
NCT05951777,Bronchiolitis Obliterans Syndrome
NCT05951777,"Trauma, Nervous System"
NCT05044533,Atrial Fibrillation
NCT07439133,Coronary Artery Disease
NCT06744439,Essential Hypertension
NCT04984577,Ischemic Stroke
NCT06825416,Venous Thrombosis
NCT06736574,Heart Failure
NCT04681482,Atrial Fibrillation
NCT04681482,Obesity
NCT04681482,Stroke
NCT07277582,Long QT Syndrome
NCT04836182,Heart Failure
NCT04463251,ST Elevation Myocardial Infarction
NCT04463251,Myocardial Infarction
NCT04463251,Cardiovascular Diseases
NCT04463251,Coronary Disease
NCT04962503,Ischemic Stroke
NCT05000541,Hypercholesterolemia
NCT05767047,Behcet Syndrome
NCT05767047,"Arthritis, Juvenile"
NCT05767047,Oral Ulcer
NCT05804747,Atrial Fibrillation
NCT07285655,"Hypertension, Pulmonary"
NCT07285655,"Lung Diseases, Interstitial"
NCT04587206,Hypertension
NCT04587206,Dyslipidemias
NCT04358432,Hypercholesterolemia
NCT06149104,Heart Failure
NCT07487363,Inflammation
NCT07487363,Atherosclerosis
NCT07493304,Venous Thromboembolism
NCT07493304,Venous Thrombosis
NCT07493304,Pulmonary Embolism
NCT07493304,Neoplasms
NCT04234698,Atrial Fibrillation
NCT07557498,"Cardiomyopathy, Hypertrophic"
NCT06092034,Glycogen Storage Disease Type IIb
NCT06092034,"Cardiomyopathy, Hypertrophic"
NCT06092034,Cardiomyopathies
NCT06092034,Lysosomal Storage Diseases
NCT06092034,"Hypertrophy, Left Ventricular"
NCT07023614,"Cardiomyopathy, Hypertrophic"
NCT04660721,Thrombosis
NCT06174766,Hypertension
NCT04670809,Hypertensive Crisis
NCT05544006,Heart Failure
NCT05421533,Atrial Fibrillation
NCT05421533,Stroke
NCT05421533,Hemorrhage
NCT05476926,Retinal Vein Occlusion
NCT04475926,"Muscular Dystrophies, Limb-Girdle"
NCT04475926,Sarcoglycanopathies
NCT04475926,Muscular Dystrophies
NCT06400004,Heart Diseases
NCT06218875,"Aortic Aneurysm, Abdominal"
NCT06218875,Aneurysm
NCT04882072,Takayasu Arteritis
NCT07767877,Vascular Malformations
NCT05598775,Ischemic Stroke
NCT07067775,Acute Coronary Syndrome
NCT04472819,Thrombosis
NCT06608901,Hypotension
NCT04740905,Macular Edema
NCT04740905,Retinal Vein Occlusion
NCT05778188,"Hypoxia-Ischemia, Brain"
NCT05778188,Asphyxia Neonatorum
NCT05400395,Intermittent Claudication
NCT04560998,"Diabetes Mellitus, Type 2"
NCT04560998,Peripheral Arterial Disease
NCT04318093,Heart Failure
NCT05585606,Ischemic Stroke
NCT05585606,Stroke
NCT07619885,Acute Coronary Syndrome
NCT07619885,Peripheral Arterial Disease
NCT04807400,Atherosclerosis
NCT04956900,Varicose Ulcer
NCT04956900,Leg Injuries
NCT04956900,Disease
NCT04956900,Wounds and Injuries
NCT04956900,Leg Ulcer
NCT04343209,Myocardial Ischemia
NCT04343209,Coronary Disease
NCT04343209,Coronary Artery Disease
NCT04343209,Heart Diseases
NCT04343209,Cardiovascular Diseases
NCT04343209,Arteriosclerosis
NCT04343209,Arterial Occlusive Diseases
NCT04343209,Vascular Diseases
NCT01899833,Coronary Artery Disease
NCT07584967,Heart Diseases
NCT07584967,Cardiovascular Diseases
NCT07584967,Heart Failure
NCT05036967,Heart Failure
NCT06321601,Vasculitis
NCT06386744,Behcet Syndrome
NCT05745311,Ischemic Stroke
NCT05745311,Stroke
NCT05702034,Ischemic Stroke
NCT06454630,Venous Thromboembolism
NCT05401149,Stroke
NCT06615284,Coronary Disease
NCT06615284,Dyslipidemias
NCT06307652,Heart Failure
NCT07311330,Atherosclerosis
NCT07311330,Erectile Dysfunction
NCT05135871,"Cardiomyopathy, Hypertrophic"
NCT05761249,Heart Failure
NCT05618808,Venous Thromboembolism
NCT05618808,Venous Thrombosis
NCT04847232,Hyperkalemia
NCT04847232,Atrial Fibrillation
NCT04847232,"Tachycardia, Ventricular"
NCT06795399,Heart Failure
NCT04464499,Atrial Fibrillation
NCT04464499,"Arrhythmias, Cardiac"
NCT04464499,Cardiovascular Diseases
NCT04464499,Heart Diseases
NCT06344104,Hypertension
NCT06031844,Coronary Disease
NCT04782232,Heart Failure
NCT04782232,Univentricular Heart
NCT04782232,Ventricular Dysfunction
NCT04782232,Heart Diseases
NCT04782232,Cardiovascular Diseases
NCT07740421,Heart Diseases
NCT05549609,Varicose Ulcer
NCT04370873,"Hypertension, Pulmonary"
NCT04679805,Coronary Artery Disease
NCT06675175,"Renal Insufficiency, Chronic"
NCT06675175,Atherosclerosis
NCT06577519,Acute Coronary Syndrome
NCT06664502,Retinal Vein Occlusion
NCT05948566,Ischemic Stroke
NCT06148272,Obesity
NCT06148272,Hypertension
NCT04674761,Alagille Syndrome
NCT05333042,Pulmonary Embolism
NCT06008756,Arteriosclerosis
NCT06008756,Hypercholesterolemia
NCT07496372,Heart Failure
NCT05095844,COVID-19
NCT05095844,Coronavirus Infections
NCT05095844,Thrombosis
NCT05095844,Thrombocytopenia
NCT05095844,Neuritis
NCT05095844,Vasculitis
NCT05095844,"Influenza, Human"
NCT05095844,Guillain-Barre Syndrome
NCT05095844,Wounds and Injuries
NCT05171049,Venous Thromboembolism
NCT05171049,Venous Thrombosis
NCT05171049,Pulmonary Embolism
NCT04252287,Heart Failure
NCT07426419,"Cardiomyopathy, Dilated"
NCT05188144,Heart Failure
NCT04744870,Peripheral Arterial Disease
NCT04744870,Arterial Occlusive Diseases
NCT06636877,Essential Hypertension
NCT06636877,"Diabetes Mellitus, Type 2"
NCT06499519,Myocardial Infarction
NCT04258865,Hypertension
NCT04258865,Dyslipidemias
NCT05732402,Lupus Nephritis
NCT05732402,"Glomerulonephritis, IGA"
NCT05732402,"Glomerulonephritis, Membranous"
NCT05732402,Anti-Neutrophil Cytoplasmic Antibody-Associated Vasculitis
NCT05732402,Microscopic Polyangiitis
NCT05732402,Granulomatosis with Polyangiitis
NCT05732402,Churg-Strauss Syndrome
NCT07531251,Barth Syndrome
NCT07421401,Essential Hypertension
NCT04223271,Heart Failure
NCT00117936,Coronary Disease
NCT00117936,Myocardial Ischemia
NCT00117936,Coronary Artery Disease
NCT07191899,Hypertension
NCT07191899,Essential Hypertension
NCT04806893,Cardiovascular Diseases
NCT04806893,Myocardial Infarction
NCT04806893,Hypercholesterolemia
NCT04255433,"Diabetes Mellitus, Type 2"
NCT04255433,Diabetes Mellitus
NCT04255433,Glucose Metabolism Disorders
NCT04255433,Metabolic Diseases
NCT04255433,Endocrine System Diseases
NCT06862726,Thromboembolism
NCT06862726,Hemorrhage
NCT04846816,Heart Failure
NCT04600284,Hypertension
NCT06008015,Hypertension
NCT04873752,Cerebral Palsy
NCT04873752,"Leukomalacia, Periventricular"
NCT04260347,Ischemic Stroke
NCT07715474,Acute Coronary Syndrome
NCT05330325,Turner Syndrome
NCT05330325,Noonan Syndrome
NCT07585097,Alagille Syndrome
NCT06562985,Thromboembolism
NCT07230340,Varicose Ulcer
NCT07223593,Peripheral Arterial Disease
NCT05086549,Diabetic Nephropathies
NCT05086549,Proteinuria
NCT05086549,Essential Hypertension
NCT06116617,Thrombosis
NCT07222917,"Renal Insufficiency, Chronic"
NCT07222917,Hypertension
NCT05312021,Heart Failure
NCT05961384,Hypertension
NCT05900388,Venous Thromboembolism
NCT07069673,Mitral Valve Insufficiency
NCT07069673,Mitral Valve Stenosis
NCT07069673,Gastroesophageal Reflux
NCT04552041,"Dementia, Vascular"
NCT04290494,Stroke
NCT06664853,Ataxia Telangiectasia
NCT07166731,Carotid Artery Diseases
NCT07166731,Carotid Artery Thrombosis
NCT07166731,Carotid Stenosis
NCT06226662,Anti-Neutrophil Cytoplasmic Antibody-Associated Vasculitis
NCT05350969,Myocardial Infarction
NCT05350969,Heart Failure
NCT03915431,Ischemic Stroke
NCT04891913,Ischemic Stroke
NCT06226727,"Diabetes Mellitus, Type 2"
NCT06226727,Essential Hypertension
NCT04594941,Coronary Artery Disease
NCT04594941,Myocardial Ischemia
NCT04338503,Heart Failure
NCT04338503,Pulmonary Edema
NCT05888103,Atherosclerosis
NCT05888103,"Plaque, Atherosclerotic"
NCT05888103,Hypercholesterolemia
NCT06600256,"Cardiomyopathy, Hypertrophic"
NCT07064473,"Diabetes Mellitus, Type 2"
NCT07064473,Hypertension
NCT07064473,Cardiovascular Diseases
NCT04488978,Essential Hypertension
NCT06311708,Arrhythmogenic Right Ventricular Dysplasia
NCT06311708,Heart Failure
NCT05667818,Hypertension
NCT05851040,Hypertension
NCT05851040,Hyperglycemia
NCT05851040,Birth Weight
NCT05851040,Smoking
NCT05109091,Multiple System Atrophy
NCT05109091,Neurodegenerative Diseases
NCT05109091,Shy-Drager Syndrome
NCT05109091,Movement Disorders
NCT05109091,Primary Dysautonomias
NCT05109091,Synucleinopathies
NCT06500689,Essential Hypertension
NCT05009589,Cardiovascular Diseases
NCT05009589,Heart Diseases
NCT06677060,Heart Failure
NCT06745778,"Tachycardia, Ventricular"
NCT06745778,Ventricular Fibrillation
NCT05712746,Heart Failure
NCT07465666,Hypertension
NCT04307927,Atrial Fibrillation
NCT05764122,Ischemic Stroke
NCT05719272,Ischemic Stroke
NCT05896397,"Aortic Aneurysm, Thoracoabdominal"
NCT05896397,"Aneurysm, Aortic Arch"
NCT05896397,Aortic Aneurysm
NCT05896397,Aortic Dissection
NCT06048588,Atherosclerosis
NCT05690386,Turner Syndrome
NCT05129241,Atherosclerosis
NCT06376851,Coronary Artery Disease
NCT07107373,"Cardiomyopathy, Hypertrophic"
NCT05395351,Stroke
NCT05414175,"Cardiomyopathy, Hypertrophic"
NCT04554303,Essential Hypertension
NCT04554303,Hypertension
NCT04554303,Edema
NCT06447415,Ischemic Stroke
NCT05419635,Atrial Fibrillation
NCT04210388,Coronary Artery Disease
NCT04588727,Cardiovascular Diseases
NCT04588727,Ischemic Stroke
NCT06963320,
NCT06072482,Anti-Neutrophil Cytoplasmic Antibody-Associated Vasculitis
NCT05387499,Myocardial Infarction
NCT06735898,Ischemic Stroke
NCT05935787,Stroke
NCT06474208,Heart Failure
NCT07723950,Alzheimer Disease
NCT07723950,Cerebral Hemorrhage
NCT07723950,Seizures
NCT04186559,Behcet Syndrome
NCT05259020,Dyslipidemias
NCT05259020,Hypertension
NCT06252350,Coronary Artery Disease
NCT06252350,Myocardial Infarction
NCT06252350,Coronary Disease
NCT06252350,Coronary Stenosis
NCT06252350,Angina Pectoris
NCT06252350,Chest Pain
NCT05582395,"Cardiomyopathy, Hypertrophic"
NCT06643819,Essential Hypertension
NCT05954793,"Aortic Aneurysm, Thoracoabdominal"
NCT05954793,Aneurysm
NCT06178055,Retinal Artery Occlusion
NCT06063109,Hypertension
NCT06063109,"Diabetes Mellitus, Type 2"
NCT04298567,Coronary Artery Disease
NCT06625307,Heart Failure
NCT04945616,Thrombosis
NCT07755904,"Cardiomyopathy, Hypertrophic"
NCT05537571,Cardiovascular Diseases
NCT05537571,Atherosclerosis
NCT05262764,Heart Failure
NCT06533358,Acute Coronary Syndrome
NCT05730881,"Shock, Cardiogenic"
NCT05491642,"Renal Insufficiency, Chronic"
NCT05491642,Hypertension
NCT04580602,Ischemic Stroke
NCT04580602,Myocardial Infarction
NCT04580602,Acute Coronary Syndrome
NCT07000357,Cardiovascular Diseases
NCT07000357,Atherosclerosis
NCT05976230,Hypertension
NCT04737954,Venous Thrombosis
NCT04737954,Pulmonary Embolism
NCT04737954,Venous Thromboembolism
NCT07179380,"Hypertension, Pulmonary"
NCT07179380,"Lung Diseases, Interstitial"
NCT05314439,Hypertension
NCT04731623,Hypertension
NCT05297851,Stroke
NCT05297851,Cerebral Infarction
NCT06742723,"Renal Insufficiency, Chronic"
NCT06742723,Hypertension
NCT04740931,Macular Edema
NCT04740931,Retinal Vein Occlusion
NCT07700875,Essential Hypertension
NCT04444895,Angioedema
NCT07281937,Obesity
NCT07281937,Overweight
NCT07281937,Hypertension
NCT07281937,Weight Loss
NCT06438172,Hypertension
NCT06361537,Edema
NCT06361537,Angioedema
NCT05970237,Diabetes Mellitus
NCT05970237,Hypertension
NCT06403267,Ischemic Stroke
NCT04292600,Ischemic Stroke
NCT04292600,"Infarction, Middle Cerebral Artery"
NCT04292600,Brain Infarction
NCT05103332,Hypertension
NCT05323136,Acute Coronary Syndrome
NCT06183671,Hypertension
NCT05279833,Atrial Fibrillation
NCT07155434,"Cardiomyopathy, Hypertrophic"
NCT05110898,Hypertension
NCT05110898,Essential Hypertension
NCT05142293,Heart Failure
NCT06441630,Essential Hypertension
NCT06153693,Hypertension
NCT07158307,Coronary Artery Disease
NCT05881707,Hypertension
NCT04798430,Hypercholesterolemia
NCT04798430,Hyperlipoproteinemia Type II
NCT06832722,"Shock, Cardiogenic"
NCT03970031,Non-alcoholic Fatty Liver Disease
NCT03970031,Diabetes Mellitus
NCT05142722,Dyslipidemias
NCT05142722,Hypercholesterolemia
NCT05142722,Hyperlipoproteinemia Type II
NCT05142722,Atherosclerosis
NCT05854641,Chronic Limb-Threatening Ischemia
NCT05854641,Peripheral Arterial Disease
NCT05112731,Myocardial Infarction
NCT05112731,Inflammation
NCT05112731,Heart Injuries
NCT07491172,Metabolic Diseases
NCT07491172,Dyslipidemias
NCT07491172,Lipid Metabolism Disorders
NCT07491172,Hypertriglyceridemia
NCT07491172,Homozygous Familial Hypercholesterolemia
NCT07491172,Hyperlipoproteinemia Type V
NCT07491172,Hypercholesterolemia
NCT06214507,Glycogen Storage Disease Type IIb
NCT06214507,Cardiomyopathies
NCT06141200,Essential Hypertension
NCT04992065,Atherosclerosis
NCT05870709,Heart Failure
NCT06388772,Ischemic Stroke
NCT06814145,"Hypertension, Pulmonary"
NCT07396337,Ischemic Stroke
NCT05223894,Heart Failure
NCT05127525,Retinal Vein Occlusion
NCT05127525,"Glaucoma, Angle-Closure"
NCT05579418,ST Elevation Myocardial Infarction
NCT05579418,Dyslipidemias
NCT06616974,"Hypertension, Pulmonary"
NCT07079618,Anterior Wall Myocardial Infarction
NCT07672119,Prostatic Neoplasms
NCT05325112,Coronary Artery Disease
NCT04433572,Peripheral Arterial Disease
NCT04433572,Chronic Limb-Threatening Ischemia
NCT07217431,Heart Failure
NCT05817461,Cardiovascular Diseases
NCT05817461,Dyslipidemias
NCT04444583,Heart Failure
NCT04444583,Heart Diseases
NCT04444583,Cardiovascular Diseases
NCT04826172,Ischemia
NCT04826172,Coronary Artery Disease
NCT07609875,Hypertension
NCT04401761,Coronary Artery Disease
NCT04401761,Peripheral Arterial Disease
NCT04401761,Thrombosis
NCT06313840,Heart Failure
NCT06313840,"Sleep Apnea, Central"
NCT05983250,"Hypertension, Pulmonary"
NCT05983250,Heart Failure
NCT07335523,Alagille Syndrome
NCT07335523,Steatorrhea
NCT07335523,Exocrine Pancreatic Insufficiency
NCT06942923,Atherosclerosis
NCT06942923,"Renal Insufficiency, Chronic"
NCT06942923,"Diabetes Mellitus, Type 2"
NCT06942923,Obesity
NCT06354556,"Cardiomyopathy, Hypertrophic"
NCT07160829,Atherosclerosis
NCT07160829,Heart Failure
NCT07160829,"Renal Insufficiency, Chronic"
NCT04729751,"Cholestasis, progressive familial intrahepatic 1"
NCT04729751,Alagille Syndrome
NCT04729751,Bile Duct Diseases
NCT04729751,Liver Diseases
NCT04729751,Biliary Tract Diseases
NCT07397351,Coronary Artery Disease
NCT05355402,Hypertriglyceridemia
NCT05355402,Atherosclerosis
NCT07480395,Aortic Aneurysm
NCT06204237,Peripheral Arterial Occlusive Disease 1
NCT06204237,Chronic Limb-Threatening Ischemia
NCT07568652,Hypertension
NCT07568652,"Diabetes Mellitus, Type 2"
NCT05466734,Intermittent Claudication
NCT05466734,Peripheral Arterial Disease
NCT06755944,Ischemic Stroke
NCT06808334,
NCT05766462,Sick Sinus Syndrome
NCT05838885,Turner Syndrome
NCT05838885,Dwarfism
NCT04489225,Heart Failure
NCT06438315,ST Elevation Myocardial Infarction
NCT05359068,Essential Hypertension
NCT07373613,Essential Hypertension
NCT05328752,Heart Failure
NCT07614308,Hypertension
NCT07221513,Heart Failure
NCT07221513,"Hypertension, Pulmonary"
NCT07221513,"Heart Failure, Systolic"
NCT07221513,"Heart Failure, Diastolic"
NCT07221513,"Fibromatosis, Gingival, 2"
NCT06556810,Heart Failure
NCT05465213,Heart Failure
NCT04457479,Stroke
NCT06242535,Insulin Resistance
NCT06242535,Obesity
NCT06242535,Cardiovascular Diseases
NCT06242535,Cognitive Dysfunction
NCT06242535,Depression
NCT06242535,Inflammation
NCT06242535,Sedentary Behavior
NCT06242535,Hyperlipidemias
NCT06242535,Hypertension
NCT06242535,Hyperphagia
NCT05219240,Obesity
NCT05219240,Cardiovascular Diseases
NCT05219240,Metabolic Syndrome
NCT05219240,Metabolic Diseases
NCT03176186,Post-Cardiac Arrest Syndrome
NCT03176186,Out-of-Hospital Cardiac Arrest
NCT06415760,Thrombosis
NCT07205328,Ischemic Stroke
NCT06682000,Hypertension
NCT06682000,Essential Hypertension
NCT05448872,Heart Failure
NCT05210465,Coronary Artery Disease
NCT05712200,Atrial Fibrillation
NCT04764201,Atrial Fibrillation
NCT06463275,Myocardial Infarction
NCT05856487,Cardiovascular Diseases
NCT06280768,Atrial Fibrillation
NCT07465198,Shy-Drager Syndrome
NCT07465198,Multiple System Atrophy
NCT04218552,Essential Hypertension
NCT04732221,Pulmonary Arterial Hypertension
NCT04732221,"Hypertension, Pulmonary"
NCT05979051,Churg-Strauss Syndrome
NCT05004337,Down Syndrome
NCT05004337,Trisomy 13 Syndrome
NCT05004337,Trisomy 18 Syndrome
NCT05783557,Hypertensive Crisis
NCT07223502,Hypertension
NCT07259928,Retinal Vein Occlusion
NCT07420907,Cardiovascular Diseases
NCT07420907,Heart Failure
NCT07420907,Aortic Valve Stenosis
NCT07420907,Hypertension
NCT07420907,"Cardiomyopathy, Hypertrophic"
NCT07420907,"Cardiomyopathy, Dilated"
NCT07420907,familial dilated cardiomyopathy
NCT04532528,Atrial Fibrillation
NCT07551492,Atherosclerosis
NCT05200728,Ischemic Stroke
NCT05200728,Brain Edema
NCT04897126,Angina Pectoris
NCT04897126,Coronary Disease
NCT04897126,Microvascular Angina
NCT04830449,Hypertension
NCT07315958,"Pulmonary Disease, Chronic Obstructive"
NCT06228638,Memory Disorders
NCT06228638,"Dementia, Vascular"
NCT07215715,"Hypertrophy, Left Ventricular"
NCT07215715,"Amyloid Neuropathies, Familial"
NCT07215715,Heart Failure
NCT05947448,Essential Hypertension
NCT04373863,Lipidoses
NCT04373863,Hypertension
NCT04373863,Smoking
NCT04509193,Atrial Fibrillation
NCT07037433,Atherosclerosis
NCT07037433,Overweight
NCT07037433,Obesity
NCT05854615,Chronic Limb-Threatening Ischemia
NCT05854615,Thromboangiitis Obliterans
NCT07625215,Atrial Fibrillation
NCT06388421,Hypoxia
NCT06388421,"Hypertension, Pulmonary"
NCT06388421,"Lung Diseases, Interstitial"
NCT03635606,Coronary Artery Disease
NCT05556343,"Cardiomyopathy, Hypertrophic"
NCT07185776,
NCT05657158,Uveitis
NCT05657158,Retinal Vasculitis
NCT05032378,Spinal Cord Injuries
NCT05032378,Stroke
NCT05032378,Brain Injuries
NCT05032378,Movement Disorders
NCT05920317,"Aortic Aneurysm, Abdominal"
NCT05920317,Aneurysm
NCT07175038,Pulmonary Arterial Hypertension
NCT07175038,"Hypertension, Pulmonary"
NCT07175038,"Lung Diseases, Interstitial"
NCT07175038,Hereditary Sensory and Autonomic Neuropathies
NCT07610278,Hypercholesterolemia
NCT07610278,Hypertension
NCT07654140,Hypertension
NCT06212648,Hypertension
NCT06212648,Essential Hypertension
NCT06995625,Stroke
NCT04158076,Hypercholesterolemia
NCT04158076,Hypertension
NCT05055258,Hereditary Angioedema Types I and II
NCT06899815,"Hypertension, Pulmonary"
NCT05636176,Heart Failure
NCT05966740,Venous Thromboembolism
NCT04270760,Cardiovascular Diseases
NCT04270760,Atherosclerosis
NCT04270760,Hyperlipidemias
NCT04270760,Dyslipidemias
NCT06700720,Coronary Artery Disease
NCT05453240,Intracranial Aneurysm
NCT04380350,Aneurysm
NCT04380350,Intracranial Aneurysm
NCT06481891,"Cardiomyopathy, Hypertrophic"
NCT07361276,Hypertension
NCT07606274,"Cardiomyopathy, Dilated"
NCT05885841,Coronary Artery Disease
NCT06668805,Noonan Syndrome
NCT06668805,Dwarfism
NCT06668805,Musculoskeletal Diseases
NCT06668805,Bone Diseases
NCT06582602,Venous Thrombosis
NCT05445323,Friedreich Ataxia
NCT05445323,Cardiomyopathies
NCT04660370,Hypertension
NCT04660370,Dyslipidemias
NCT06716970,Essential Hypertension
NCT05096494,Hypotension
NCT05096494,Low Back Pain
NCT05365490,Carotid Artery Diseases
NCT05686642,Ischemic Stroke
NCT07613294,Atherosclerosis
NCT07613294,Cardiovascular Diseases
NCT05961397,Hypertension
NCT06669169,Heart Failure
NCT07392450,Ischemic Stroke
NCT05843305,"Carcinoma, Renal Cell"
NCT05843305,von Hippel-Lindau Disease
NCT06707103,Varicose Ulcer
NCT06707103,Wounds and Injuries
NCT05836259,"Cardiomyopathy, Hypertrophic"
NCT05836259,"Cardiomyopathy, Hypertrophic, Familial"
NCT05643573,Atrial Fibrillation
NCT05574166,Atherosclerosis
NCT05574166,Ischemic Stroke
NCT06075433,Coronary Artery Disease
NCT05993806,Essential Hypertension
NCT06129240,"Hypertension, Pulmonary"
NCT06129240,"Lung Diseases, Interstitial"
NCT05041543,Eye Diseases
NCT05041543,"Optic Neuropathy, Ischemic"
NCT05041543,Glaucoma
NCT05660135,Hypertension
NCT05660135,Dyslipidemias
NCT04891354,"Hypertension, Pulmonary"
NCT06488703,Asthma
NCT06488703,"Pulmonary Disease, Chronic Obstructive"
NCT06488703,Rheumatic Diseases
NCT06488703,Vasculitis
NCT06488703,Churg-Strauss Syndrome
NCT06488703,Crohn Disease
NCT06488703,"Colitis, Ulcerative"
NCT06281132,Hypertension
NCT04709263,Heart Failure
NCT07288216,Pericarditis
NCT07288216,Heart Diseases
NCT07288216,Recurrence
NCT06129175,Ischemic Stroke
NCT05263934,Churg-Strauss Syndrome
NCT06275893,Arrhythmogenic Right Ventricular Dysplasia
NCT06275893,"Arrhythmogenic Right Ventricular Dysplasia, Familial, 1"
NCT06275893,"Arrhythmias, Cardiac"
NCT05625334,Respiratory Aspiration
NCT05625334,Myocardial Infarction
NCT07134712,Myocardial Infarction
NCT07134712,Cardiovascular Diseases
NCT04459364,"Hypertension, Pulmonary"
NCT05562934,Hypertension
NCT04811092,Pulmonary Arterial Hypertension
NCT04811092,Hypertension
NCT04592419,Macular Edema
NCT04592419,Retinal Vein Occlusion
NCT04592419,Retinal Degeneration
NCT04592419,Retinal Diseases
NCT04592419,Eye Diseases
NCT04592419,Vision Disorders
NCT04592419,"Vision, Low"
NCT06167265,Intermittent Claudication
NCT06167265,Peripheral Arterial Disease
NCT07515599,Hypertension
NCT04846036,Mitochondrial Diseases
NCT04846036,MELAS Syndrome
NCT04846036,Leigh Disease
NCT06927739,Acute Coronary Syndrome
NCT06927739,Inflammation
NCT06927739,Heart Diseases
NCT06927739,Myocardial Infarction
NCT04543539,Arteriovenous Fistula
NCT04543539,Fistula
NCT07282145,Essential Hypertension
NCT06548555,Myocardial Infarction
NCT04890548,Heart Failure
NCT05547438,Ischemic Stroke
NCT05257148,Hypertension
NCT03041259,Chronic Limb-Threatening Ischemia
NCT03041259,Peripheral Arterial Disease
NCT07556796,Hypertension
NCT06448962,Essential Hypertension
NCT05536180,Coronary Stenosis
NCT04279496,Coronary Artery Disease
NCT04188262,Peripheral Arterial Disease
NCT04188262,Peripheral Vascular Diseases
NCT06087848,Cardiovascular Diseases
NCT06850038,Alagille Syndrome
NCT04661917,"Renal Insufficiency, Chronic"
NCT04661917,Diabetic Nephropathies
NCT03804125,Stroke
NCT03804125,Venous Thrombosis
NCT03804125,Pulmonary Embolism
NCT05188417,Ischemic Stroke
NCT04896008,Pulmonary Arterial Hypertension
NCT04896008,Hypertension
NCT06130540,Giant Cell Arteritis
NCT06130540,Polymyalgia Rheumatica
NCT04968184,"Renal Insufficiency, Chronic"
NCT04968184,Hypertension
NCT07486752,"Cardiomyopathy, Dilated"
NCT07486752,Cardiovascular Diseases
NCT07486752,Heart Diseases
NCT07486752,"Genetic Diseases, Inborn"
NCT07486752,Cardiomyopathies
NCT06831409,Coronary Artery Disease
NCT06831409,Heart Diseases
NCT04518306,Hypertension
NCT04305704,Intracranial Aneurysm
NCT04305704,Aneurysm
NCT04305704,Vascular Diseases
NCT04305704,Bites and Stings
NCT04305704,Stroke
NCT04518293,Hypertension
NCT04906785,Cardiovascular Diseases
NCT07136623,"Hypertension, Pulmonary"
NCT07000123,Cardiovascular Diseases
NCT07000123,Atherosclerosis
NCT06910059,Atrioventricular Block
NCT06910059,Atrial Fibrillation
NCT07722078,Atrial Fibrillation
NCT04407182,COVID-19
NCT04407182,Diabetes Mellitus
NCT04407182,Heart Diseases
NCT04407182,Lung Diseases
NCT04407182,Kidney Diseases
NCT04407182,Liver Diseases
NCT04694989,Hypertension
NCT04694989,Dyslipidemias
NCT04206774,Syncope
NCT04206774,Ischemic Stroke
NCT06678490,Coronary Artery Disease
NCT06678490,Coronary Disease
NCT06678490,Myocardial Ischemia
NCT06678490,Heart Diseases
NCT06678490,Cardiovascular Diseases
NCT05795062,Venous Thromboembolism
NCT05232643,Atrial Fibrillation
NCT06733935,"Scleroderma, Systemic"
NCT06733935,Myositis
NCT06733935,Anti-Neutrophil Cytoplasmic Antibody-Associated Vasculitis
NCT06733935,"Arthritis, Rheumatoid"
NCT06733935,"Scleroderma, Diffuse"
NCT05613140,Heart Failure
NCT04609397,Behcet Syndrome
NCT04325035,"Shock, Cardiogenic"
NCT04325035,Heart Failure
NCT07157774,Atherosclerosis
NCT04987970,Hypertension
NCT04987970,Dyslipidemias
NCT07361289,"Cardiomyopathy, Hypertrophic"
NCT05516290,Heart Failure
NCT06267560,Cardiovascular Diseases
NCT05737485,Ciliary Motility Disorders
NCT05737485,Kartagener Syndrome
NCT04063215,"Brain Injuries, Traumatic"
NCT04063215,"Lymphoma, Follicular"
NCT04063215,"Hypoxia-Ischemia, Brain"
NCT04063215,Stroke
NCT04063215,Intracranial Hemorrhages
NCT04063215,Cerebral Palsy
NCT04063215,Bronchiolitis Obliterans Syndrome
NCT04063215,"Trauma, Nervous System"
NCT05171075,Venous Thromboembolism
NCT05171075,Venous Thrombosis
NCT05171075,Pulmonary Embolism
NCT05171075,Gastrointestinal Neoplasms
NCT05737940,"Hypertension, Pulmonary"
NCT05737940,Heart Failure
NCT05819112,Venous Thromboembolism
NCT07176585,Coronary Artery Disease
NCT04219826,"Cardiomyopathy, Hypertrophic"
NCT04680026,Atrial Fibrillation
NCT07564726,Hypertension
NCT07564726,Hypercholesterolemia
NCT07564726,Essential Hypertension
NCT06991517,Aortic Valve Stenosis
NCT07704684,Essential Hypertension
NCT07704684,Hypertension
NCT06282549,Essential Hypertension
NCT04770389,Dyslipidemias
NCT04770389,Hypercholesterolemia
NCT04770389,Atherosclerosis
NCT04677777,Ischemic Stroke
NCT04677777,Stroke
NCT04666298,Hypercholesterolemia
NCT04666298,Dyslipidemias
NCT06072001,Pain
NCT06072001,Somatoform Disorders
NCT06072001,Chronic Pain
NCT06072001,Neuralgia
NCT06072001,Paraplegia
NCT06072001,Multiple Sclerosis
NCT06072001,Stroke
NCT06072001,Phantom Limb
NCT06072001,"Brain Injuries, Traumatic"
NCT06072001,Agnosia
NCT06072001,Marijuana Abuse
NCT04673864,Hypertension
NCT04673864,Dyslipidemias
NCT05191862,Intermittent Claudication
NCT05191862,Peripheral Arterial Disease
NCT05438888,Stroke
NCT04433546,Respiratory Distress Syndrome
NCT04433546,Coronavirus Infections
NCT04433546,Respiratory Insufficiency
NCT04433546,Pneumonia
NCT04433546,Pulmonary Edema
NCT04433546,Cytokine Release Syndrome
NCT04433546,COVID-19
NCT04433546,Cardiovascular Diseases
NCT04433546,Heart Failure
NCT04433546,Myocardial Infarction
NCT04433546,Dyspnea
NCT06279793,Atrial Fibrillation
NCT06279793,Atrial Flutter
NCT04284995,Coronary Disease
NCT04284995,Myocardial Infarction
NCT04284995,Heart Diseases
NCT04284995,Vascular Diseases
NCT04284995,ST Elevation Myocardial Infarction
NCT06113692,Myocarditis
NCT06113692,Pericarditis
NCT06113692,Coronavirus Infections
NCT06113692,Virus Diseases
NCT06113692,COVID-19
NCT07586865,Anterior Wall Myocardial Infarction
NCT07586865,ST Elevation Myocardial Infarction
NCT06237309,Heart Failure
NCT07126600,Atrial Fibrillation
NCT07126600,Cardiovascular Diseases
NCT05730621,Peripheral Arterial Disease
NCT05730621,Coronary Artery Disease
NCT06660719,Ischemic Stroke
NCT04460209,"Arrhythmias, Cardiac"
NCT07684469,Acute Coronary Syndrome
NCT07684469,Hyperlipidemias
NCT04974138,Hypertension
NCT04974138,Ischemic Stroke
NCT07233070,Ischemic Stroke
NCT06184269,Essential Hypertension
NCT05385770,Essential Hypertension
NCT06951867,Coronary Artery Disease
NCT06951867,Heart Failure
NCT07694128,Hypertension
NCT04462536,Stroke
NCT04572893,Campomelic Dysplasia
NCT04572893,"Cardiomyopathy, Dilated"
NCT04572893,familial dilated cardiomyopathy
NCT04572893,Distal Myopathies
NCT04572893,Hereditary Sensory and Autonomic Neuropathies
NCT06656884,Atrial Fibrillation
NCT06707987,Ischemic Stroke
NCT07089121,Anti-Neutrophil Cytoplasmic Antibody-Associated Vasculitis
NCT07089121,Dermatomyositis
NCT04797247,Cardiovascular Diseases
NCT06368648,"Brain Injuries, Traumatic"
NCT06368648,Cerebral Hemorrhage
NCT06368648,Encephalitis
NCT06368648,Brain Diseases
NCT06368648,Hydrocephalus
NCT06368648,Stroke
NCT07123779,"Hypertension, Pulmonary"
NCT07057479,"Diabetes Mellitus, Type 2"
NCT07057479,Insulin Resistance
NCT07057479,Diabetes Complications
NCT06181617,"Cardiomyopathy, Hypertrophic"
NCT06568627,Varicose Ulcer
NCT04655586,COVID-19
NCT04655586,Thrombosis
NCT04655586,Inflammation
NCT05881382,ST Elevation Myocardial Infarction
NCT06268873,"Renal Insufficiency, Chronic"
NCT06268873,Hypertension
NCT04183270,Atrial Fibrillation
NCT04480723,"Hypertension, Pulmonary"
NCT07359768,Cardiovascular Diseases
NCT04308590,Cushing Syndrome
NCT04308590,"ACTH Syndrome, Ectopic"
NCT04308590,"Diabetes Mellitus, Type 2"
NCT04308590,Hypertension
NCT06104423,Hypertension
NCT07166380,Ischemic Stroke
NCT05008588,Ischemic Stroke
NCT04327024,Heart Failure
NCT06770491,Stroke
NCT04457323,Hypertension
NCT06618079,Hypertension
NCT05067803,Heart Diseases
NCT03186456,Cerebral Infarction
NCT04604782,Myocardial Ischemia
NCT04604782,Coronary Artery Disease
NCT04658823,CADASIL
NCT04658823,Stroke
NCT04658823,Dementia
NCT04658823,Cerebral Small Vessel Diseases
NCT04658823,Cognitive Dysfunction
NCT04658823,Cerebrovascular Disorders
NCT06646354,Hypertension
NCT06923956,Hypercholesterolemia
NCT06923956,Cardiovascular Diseases
NCT04895098,Lipid Metabolism Disorders
NCT04895098,Cardiovascular Diseases
NCT07192952,"Ventricular Dysfunction, Left"
NCT07192952,Heart Failure
NCT06995144,Heart Failure
NCT06995144,Edema
NCT06995144,Hypernatremia
NCT06995144,"Renal Insufficiency, Chronic"
NCT06039748,Coronary Artery Disease
NCT06039748,Heart Diseases
NCT06039748,Cardiovascular Diseases
NCT06039748,Arteriosclerosis
NCT06039748,Coronary Stenosis
NCT06039748,Vascular Diseases
NCT06039748,Ischemia
NCT05051904,Coronary Artery Disease
NCT05051904,Atrial Fibrillation
NCT03759678,Ataxia Telangiectasia
NCT06624293,Heart Failure
NCT05660044,Heart Diseases
NCT06675552,Heart Diseases
NCT06675552,Heart Failure
NCT06675552,Cardiovascular Diseases
NCT06675552,"Heart Failure, Systolic"
NCT06514976,Stroke
NCT06514976,Ischemic Stroke
NCT05897684,Anti-Neutrophil Cytoplasmic Antibody-Associated Vasculitis
NCT07581210,Ischemic Stroke
NCT05107960,Hypertension
NCT05021835,"Renal Insufficiency, Chronic"
NCT05021835,Inflammation
NCT04434768,Stroke
NCT07436689,Heart Failure
NCT07625306,Acute Coronary Syndrome
NCT07625306,ST Elevation Myocardial Infarction
NCT07625306,Non-ST Elevated Myocardial Infarction
NCT04267640,Peripheral Arterial Disease
NCT04267640,Chronic Limb-Threatening Ischemia
NCT07761117,Heart Failure
NCT05426564,Hemorrhage
NCT05426564,Thrombosis
NCT05601999,ST Elevation Myocardial Infarction
NCT05601999,Myocardial Infarction
NCT05601999,Myocardial Ischemia
NCT05601999,Coronary Thrombosis
NCT05601999,Hemorrhage
NCT05601999,Hemorrhagic Stroke
NCT05053828,Myocardial Infarction
NCT05053828,Heart Failure
NCT06889012,Essential Hypertension
NCT04951219,Non-alcoholic Fatty Liver Disease
NCT04951219,Hyperlipidemias
NCT04951219,Thyroid Hormone Resistance Syndrome
NCT04951219,Fibrosis
NCT04951219,Dyslipidemias
NCT06507839,Atrial Fibrillation
NCT05279807,Hypertension
NCT03594175,Thrombosis
NCT03594175,Bites and Stings
NCT05968430,Hypertension
NCT07511166,Atrial Fibrillation
NCT04776629,Psoriasis
NCT04776629,Inflammation
NCT04776629,Coronary Artery Disease
NCT04776629,Metabolic Syndrome
NCT05134012,Coronary Artery Disease
NCT07431437,"Truncus Arteriosus, Persistent"
NCT04349072,"Cardiomyopathy, Hypertrophic"
NCT05460364,Hypertension
NCT05460364,Hyperlipidemias
NCT05460364,Hypercholesterolemia
NCT05102071,"Diabetes Mellitus, Type 2"
NCT05102071,Cardiovascular Diseases
NCT07425171,"Truncus Arteriosus, Persistent"
NCT07205887,Retinal Vein Occlusion
NCT06200207,Heart Failure
NCT07567001,Obesity
NCT07567001,Heart Failure
NCT05112237,Cardiomyopathies
NCT05112237,"Cardiomyopathy, Hypertrophic"
NCT05112237,"Cardiomyopathy, Dilated"
NCT05112237,"Cardiomyopathy, Restrictive"
NCT04687358,Pericarditis
NCT04309474,Ischemic Stroke
NCT05144360,"Diabetes Mellitus, Type 2"
NCT05144360,Hypertension
NCT04947124,Sturge-Weber Syndrome
NCT04947124,Glaucoma
NCT04947124,Hydrophthalmos
NCT04947124,Ocular Hypertension
NCT04792723,Cardiovascular Diseases
NCT07660796,Hypertension
NCT05643508,Hypertension
NCT05643508,Hyperlipidemias
NCT04418297,"Cardiomyopathy, Hypertrophic"
NCT04885491,"Hypertension, Pulmonary"
NCT04885491,COVID-19
NCT05563246,Atherosclerosis
NCT05563246,Dyslipidemias
NCT05563246,Cardiovascular Diseases
NCT05563246,Hyperlipidemias
NCT04647240,Varicose Ulcer
NCT04618913,Neoplasms
NCT04618913,Embolism
NCT04618913,Venous Thromboembolism
NCT06979375,Heart Failure
NCT07091929,Anterior Wall Myocardial Infarction
NCT07192211,Myocardial Ischemia
NCT07709845,Ischemic Stroke
NCT07709845,Stroke
NCT07626411,Atrial Fibrillation
NCT07626411,Hemorrhage
NCT07626411,Stroke
NCT07626411,Thrombosis
NCT06840275,"Heart Failure, Systolic"
NCT05116267,Atrial Fibrillation
NCT05425056,"Kidney Failure, Chronic"
NCT05425056,Arteriovenous Fistula
NCT04815967,Muscle Spasticity
NCT04815967,Stroke
NCT04815967,Multiple Sclerosis
NCT04815967,"Brain Injuries, Traumatic"
NCT04815967,Cerebral Palsy
NCT04815967,Hemiplegia
NCT04388176,Raynaud Disease
NCT04388176,"Scleroderma, Systemic"
NCT05831319,Peripheral Arterial Disease
NCT06090474,Stroke
NCT07267871,Hypertension
NCT06193863,"Heart Defects, Congenital"
NCT05865184,"Pulmonary Disease, Chronic Obstructive"
NCT05865184,Heart Failure
NCT05245084,Hypertension
NCT05245084,Dyslipidemias
NCT04277884,Hypertension
NCT05046106,Stroke
NCT05046106,Ischemic Stroke
NCT05046106,Thrombotic Stroke
NCT05046106,Myocardial Infarction
NCT05046106,Embolic Stroke
NCT04753606,Dyslipidemias
NCT04753606,Hypercholesterolemia
NCT04753606,Atherosclerosis
NCT06939738,ST Elevation Myocardial Infarction
NCT06939738,Non-ST Elevated Myocardial Infarction
NCT04312958,Hemorrhage
NCT04312958,Wounds and Injuries
NCT04312958,Thrombosis
NCT05749861,Hypertension
NCT05749861,Dyslipidemias
NCT06633757,Ciliary Motility Disorders
NCT06633757,Kartagener Syndrome
NCT06109181,Cardiomyopathies
NCT06109181,Arrhythmogenic Right Ventricular Dysplasia
NCT06109181,"Death, Sudden, Cardiac"
NCT06109181,Heart Arrest
NCT07595367,Hypersensitivity
NCT07595367,Vasculitis
NCT07290257,Alagille Syndrome
NCT07290257,"Cholestasis, progressive familial intrahepatic 1"
NCT07290257,Liver Diseases
NCT07290257,Cholestasis
NCT07290257,Pruritus
NCT05501730,Cardiovascular Diseases
NCT05501730,Thrombosis
NCT04939818,Alzheimer Disease
NCT04939818,Cognitive Dysfunction
NCT04939818,Lewy Body Disease
NCT04939818,"Dementia, Vascular"
NCT04939818,Frontotemporal Dementia
NCT04939818,"Aphasia, Primary Progressive"
NCT04939818,Parkinson Disease
NCT04939818,Motor Neuron Disease
NCT04939818,"Depressive Disorder, Major"
NCT04939818,Bipolar Disorder
NCT04939818,Amyotrophic Lateral Sclerosis
NCT04939818,Speech
NCT04939818,Language
NCT05403866,Ischemic Stroke
NCT05174416,"Cardiomyopathy, Hypertrophic"
NCT06979362,Heart Failure
NCT07647003,Hypertension
NCT05581303,Atherosclerosis
NCT05918861,Acute Coronary Syndrome
NCT04598659,Heart Failure
NCT04598659,Cardiovascular Diseases
NCT04598659,Respiration Disorders
NCT04598659,Stroke
NCT07619820,"Kidney Failure, Chronic"
NCT07619820,Atherosclerosis
NCT07619820,Diabetes Mellitus
NCT06305559,Hyperlipidemias
NCT06305559,Coronary Artery Disease
NCT06305559,"Plaque, Atherosclerotic"
NCT06414447,"Arrhythmias, Cardiac"
NCT07371455,Ischemic Stroke
NCT07541833,Cardiomyopathies
NCT07541833,"Cardiomyopathy, Hypertrophic"
NCT05086952,Heart Failure
NCT07409285,Mitral Valve Insufficiency
NCT04492709,Cardiovascular Diseases
NCT05458648,Atrial Fibrillation
NCT05458648,"Arrhythmias, Cardiac"
NCT07124819,Venous Thromboembolism
NCT07378514,Thrombosis
NCT07378514,Infections
NCT07378514,Inflammation
NCT07378514,Heart Diseases
NCT07378514,Kidney Diseases
NCT07378514,Diabetes Mellitus
NCT07378514,Hypercholesterolemia
NCT07378514,Liver Diseases
NCT07590167,Dyslipidemias
NCT07590167,Hypertension
NCT05335044,Hypertension
NCT05335044,Dyslipidemias
NCT06658899,Polymorphic Catecholaminergic Ventricular Tachycardia
NCT06658899,"Tachycardia, Ventricular"
NCT06658899,"Arrhythmias, Cardiac"
NCT05917912,Erythromelalgia
NCT05077462,Hypertension
NCT05526703,Essential Hypertension
NCT05477602,Atrial Fibrillation
NCT06863987,Essential Hypertension
NCT07447713,Thrombosis
NCT05970224,Cerebral Hemorrhage
NCT05970224,Intracranial Hemorrhages
NCT05970224,Stroke
NCT05970224,Inflammation
NCT05970224,Neuroinflammatory Diseases
NCT05970224,Cerebrovascular Disorders
NCT05879523,"Cardiomyopathy, Hypertrophic"
NCT06749223,Venous Thromboembolism
NCT06554730,von Hippel-Lindau Disease
NCT07738107,Cardiomyopathies
NCT07738107,Hypertrophy
NCT07738107,Wolff-Parkinson-White Syndrome
NCT07738107,Glycogen Storage Disease
NCT07588984,Obesity
NCT07588984,Overweight
NCT07588984,Weight Loss
NCT07588984,Body Weight
NCT05885412,Arrhythmogenic Right Ventricular Dysplasia
NCT05885412,"Death, Sudden, Cardiac"
NCT05885412,Heart Arrest
NCT05411887,Hyperlipidemias
NCT05411887,Hypertension
NCT07448506,Hypertension
NCT07448506,Essential Hypertension
NCT05434923,Heart Failure
NCT05747820,Heart Failure
NCT04599361,Coronary Disease
NCT06512883,Churg-Strauss Syndrome
NCT06139328,Myocardial Infarction
NCT06005428,"Heart Defects, Congenital"
NCT06005428,Heart Diseases
NCT06005428,"Tachycardia, Ventricular"
NCT07245927,Pulmonary Embolism
NCT05266586,Dyslipidemias
NCT05266586,Hypercholesterolemia
NCT05266586,Atherosclerosis
NCT05559931,Stroke
NCT04837001,ST Elevation Myocardial Infarction
NCT06775912,"Scleroderma, Systemic"
NCT06775912,Anti-Neutrophil Cytoplasmic Antibody-Associated Vasculitis
NCT07543731,Cardiovascular Diseases
NCT07543731,Atherosclerosis
NCT07543731,Hyperlipoproteinemia Type II
NCT03902067,"Ventricular Dysfunction, Left"
NCT04630067,Heart Failure
NCT07758634,Hypertension
NCT06278051,Venous Thromboembolism
NCT02709031,Hypertension
NCT02709031,Diabetes Mellitus
NCT02709031,Hypokalemia
NCT02709031,Hyponatremia
NCT02709031,Metabolic Diseases
NCT06583395,Amyotrophic Lateral Sclerosis
NCT06583395,"Angina, Stable"
NCT06583395,Anxiety Disorders
NCT06583395,Asthma
NCT06583395,Atrial Fibrillation
NCT06583395,Brain Neoplasms
NCT06583395,Breast Neoplasms
NCT06583395,Colonic Neoplasms
NCT06583395,Lung Neoplasms
NCT06583395,Ovarian Neoplasms
NCT06583395,Prostatic Neoplasms
NCT06583395,Skin Neoplasms
NCT06583395,Lymphoma
NCT06583395,Thyroid Neoplasms
NCT06583395,Neoplasms
NCT06583395,Cerebral Palsy
NCT06583395,"Fatigue Syndrome, Chronic"
NCT06583395,Cluster Headache
NCT06583395,"Pulmonary Disease, Chronic Obstructive"
NCT06583395,"Renal Insufficiency, Chronic"
NCT06583395,Crohn Disease
NCT06583395,Deafness
NCT06583395,Depression
NCT06583395,Diabetes Mellitus
NCT06583395,Eczema
NCT06583395,Epilepsy
NCT06583395,Leiomyoma
NCT06583395,Fibromyalgia
NCT06583395,Heart Failure
NCT06583395,Hypertension
NCT06583395,Hyperthyroidism
NCT06583395,Hypothyroidism
NCT06583395,Irritable Bowel Syndrome
NCT06583395,Infertility
NCT06583395,Lyme Disease
NCT06583395,Macular Degeneration
NCT06583395,Migraine Disorders
NCT06583395,Multiple Sclerosis
NCT06583395,Osteoarthritis
NCT06583395,Osteoporosis
NCT06583395,Ovarian Cysts
NCT06583395,Parkinson Disease
NCT06583395,Phantom Limb
NCT06583395,Psoriasis
NCT06583395,"Stress Disorders, Post-Traumatic"
NCT06583395,"Arthritis, Rheumatoid"
NCT06583395,Spinal Cord Injuries
NCT06583395,Spinal Stenosis
NCT06583395,Stroke
NCT06583395,Tension-Type Headache
NCT06583395,Tinnitus
NCT06583395,"Colitis, Ulcerative"
NCT04668157,Hypertension
NCT04229433,Thrombosis
NCT06225635,Hyperlipidemias
NCT06225635,Arteriosclerosis
NCT07327840,
NCT06892938,Atrial Fibrillation
NCT06892938,"Arrhythmias, Cardiac"
NCT06892938,Tachycardia
NCT06892938,Bradycardia
NCT05514340,"Hypoxia-Ischemia, Brain"
NCT05514340,Asphyxia Neonatorum
NCT04862468,Venous Thrombosis
NCT04862468,Thrombosis
NCT05955326,Stroke
NCT05955326,Ischemia
NCT07110415,Coronary Disease
NCT07371624,Ischemic Stroke
NCT05834595,Hypertension
NCT06513637,"Arrhythmias, Cardiac"
NCT07551167,Heart Failure
NCT06793371,Heart Failure
NCT04924075,Pheochromocytoma
NCT04924075,Paraganglioma
NCT04924075,"Adenoma, Islet Cell"
NCT04924075,von Hippel-Lindau Disease
NCT07030101,Hypertension
NCT07690436,Heart Failure
NCT05149898,DiGeorge Syndrome
NCT05511870,"Tachycardia, Ventricular"
NCT05511870,Tachycardia
NCT05511870,"Tachycardia, Supraventricular"
NCT07583446,"Shock, Cardiogenic"
NCT05197842,Anti-Neutrophil Cytoplasmic Antibody-Associated Vasculitis
NCT05409183,Heart Failure
NCT05409183,Cardiovascular Diseases
NCT05409183,Heart Diseases
NCT06087094,Stroke
NCT04551989,Churg-Strauss Syndrome
NCT06495203,Retinal Vein Occlusion
NCT07022379,Heart Failure
NCT06861088,Venous Thromboembolism
NCT06861088,Pancreatic Neoplasms
NCT06861088,Thromboembolism
NCT06861088,Venous Thrombosis
NCT06861088,Pulmonary Embolism
NCT05880056,Essential Hypertension
NCT04318145,Heart Failure
NCT05445895,Ischemic Stroke
NCT05489705,"Cardiomyopathy, Hypertrophic"
NCT05489705,Heart Failure
NCT05162053,Acute Coronary Syndrome
NCT05629572,Myocardial Infarction
NCT05689970,ST Elevation Myocardial Infarction
NCT07347197,Heart Failure
NCT07347197,Myocardial Ischemia
NCT07347197,"Cardiomyopathy, Dilated"
NCT06692413,Hypertension
NCT04375982,Embolism and Thrombosis
NCT04375982,Infections
NCT04375982,Inflammation
NCT05875259,Hypertension
NCT05875259,"Diabetes Mellitus, Type 2"
NCT05746559,"Renal Insufficiency, Chronic"
NCT05746559,Heart Diseases
NCT05953480,Ischemic Stroke
NCT04826159,"Diabetes Mellitus, Type 2"
NCT04826159,Diabetic Cardiomyopathies
NCT05372380,Hypertension
NCT05776225,"Lung Diseases, Interstitial"
NCT05776225,"Hypertension, Pulmonary"
NCT07430917,Ischemic Stroke
NCT07430917,Stroke
NCT04028479,Adenocarcinoma
NCT04028479,"Carcinoma, Adenoid Cystic"
NCT04028479,Anus Neoplasms
NCT04028479,Appendiceal Neoplasms
NCT04028479,Brain Neoplasms
NCT04028479,Glioblastoma
NCT04028479,Astrocytoma
NCT04028479,Bile Duct Neoplasms
NCT04028479,Cholangiocarcinoma
NCT04028479,Urinary Bladder Neoplasms
NCT04028479,Bone Neoplasms
NCT04028479,"Sarcoma, Synovial"
NCT04028479,Chondrosarcoma
NCT04028479,Liposarcoma
NCT04028479,"Sarcoma, Kaposi"
NCT04028479,Sarcoma
NCT04028479,Osteosarcoma
NCT04028479,Central Nervous System Neoplasms
NCT04028479,Brain Stem Neoplasms
NCT04028479,Breast Neoplasms
NCT04028479,Uterine Cervical Neoplasms
NCT04028479,Colorectal Neoplasms
NCT04028479,Rectal Neoplasms
NCT04028479,Colonic Neoplasms
NCT04028479,Esophageal Neoplasms
NCT04028479,Pancreatic Neoplasms
NCT04028479,Testicular Neoplasms
NCT04028479,Ureteral Neoplasms
NCT04028479,"Carcinoma, Renal Cell"
NCT04028479,Kidney Neoplasms
NCT04028479,Gestational Trophoblastic Disease
NCT04028479,Head and Neck Neoplasms
NCT04028479,Parotid Neoplasms
NCT04028479,Laryngeal Neoplasms
NCT04028479,Tongue Neoplasms
NCT04028479,Pharyngeal Neoplasms
NCT04028479,Salivary Gland Neoplasms
NCT04028479,"Leukemia, Myeloid, Acute"
NCT04028479,"Leukemia, Myelogenous, Chronic, BCR-ABL Positive"
NCT04028479,Precursor Cell Lymphoblastic Leukemia-Lymphoma
NCT04028479,Multiple Myeloma
NCT04028479,"Lymphoma, Non-Hodgkin"
NCT04028479,Carcinoid Tumor
NCT04028479,Lung Neoplasms
NCT04028479,Neuroendocrine Tumors
NCT04028479,Mesothelioma
NCT04028479,Thyroid Neoplasms
NCT04028479,Parathyroid Neoplasms
NCT04028479,Adrenal Gland Neoplasms
NCT04028479,Stomach Neoplasms
NCT04028479,Liver Neoplasms
NCT04028479,Melanoma
NCT04028479,Skin Neoplasms
NCT04028479,"Neoplasms, Unknown Primary"
NCT04028479,Uterine Neoplasms
NCT04028479,Fallopian Tube Neoplasms
NCT04028479,Ovarian Neoplasms
NCT04028479,Prostatic Neoplasms
NCT04028479,Vaginal Neoplasms
NCT04028479,Penile Neoplasms
NCT04028479,Vulvar Neoplasms
NCT04028479,Waldenstrom Macroglobulinemia
NCT04028479,Neoplasms
NCT04028479,Thymus Neoplasms
NCT04028479,Nasopharyngeal Carcinoma
NCT04028479,Multiple Endocrine Neoplasia
NCT04028479,Pheochromocytoma
NCT04028479,"Carcinoma, Small Cell"
NCT05424874,Acute Kidney Injury
NCT05810961,"Glomerulonephritis, Membranous"
NCT05810961,Kidney Diseases
NCT05810961,Urologic Diseases
NCT05810961,Glomerulonephritis
NCT07029139,
NCT06894771,Neoplasms
NCT06894771,Squamous Cell Carcinoma of Head and Neck
NCT06894771,Melanoma
NCT06894771,"Carcinoma, Non-Small-Cell Lung"
NCT06894771,Uterine Cervical Neoplasms
NCT06894771,Triple Negative Breast Neoplasms
NCT06894771,"Carcinoma, Transitional Cell"
NCT06894771,"Carcinoma, Renal Cell"
NCT06652100,Acute Kidney Injury
NCT07348237,"Kidney Failure, Chronic"
NCT07348237,Renal Insufficiency
NCT05282732,Renal Insufficiency
NCT05282732,"Kidney Failure, Chronic"
NCT05282732,Acute Kidney Injury
NCT05106387,"Renal Insufficiency, Chronic"
NCT07021157,"Renal Insufficiency, Chronic"
NCT06982729,
NCT05256472,"Carcinoma, Renal Cell"
NCT05675202,"Renal Insufficiency, Chronic"
NCT06901505,"Renal Insufficiency, Chronic"
NCT04669366,Kidney Neoplasms
NCT06976177,"Hyperparathyroidism, Secondary"
NCT05805501,"Carcinoma, Renal Cell"
NCT05230186,"Carcinoma, Renal Cell"
NCT05230186,Urinary Bladder Neoplasms
NCT05230186,Melanoma
NCT05230186,Triple Negative Breast Neoplasms
NCT05230186,Colonic Neoplasms
NCT05230186,Lung Neoplasms
NCT05230186,Endometrial Neoplasms
NCT04652570,"Glomerulonephritis, Membranous"
NCT05099445,Renal Insufficiency
NCT05099445,"Kidney Failure, Chronic"
NCT05099445,Myositis Ossificans
NCT04507061,"Renal Insufficiency, Chronic"
NCT06131372,"Renal Insufficiency, Chronic"
NCT06131372,"Diabetes Mellitus, Type 2"
NCT06131372,Obesity
NCT05408039,Hyperkalemia
NCT05408039,Heart Failure
NCT05408039,"Renal Insufficiency, Chronic"
NCT04376827,Lupus Nephritis
NCT05745883,"Renal Insufficiency, Chronic"
NCT05745883,Anemia
NCT06760702,Ovarian Neoplasms
NCT06760702,Colorectal Neoplasms
NCT06760702,Kidney Neoplasms
NCT05953701,"Renal Insufficiency, Chronic"
NCT05312879,
NCT04555603,"Carcinoma, Renal Cell"
NCT05065970,Kidney Diseases
NCT05065970,Urologic Diseases
NCT05065970,"Glomerulonephritis, IGA"
NCT07443059,Overweight
NCT07443059,Obesity
NCT07673822,"Diabetes Mellitus, Type 2"
NCT07673822,Obesity
NCT07673822,"Renal Insufficiency, Chronic"
NCT07462780,"Hemoglobinuria, Paroxysmal"
NCT07570862,Lupus Nephritis
NCT07570862,"Lupus Erythematosus, Systemic"
NCT05745142,"Carcinoma, Renal Cell"
NCT05745142,Clear-cell metastatic renal cell carcinoma
NCT05117294,Renal Insufficiency
NCT06297603,"Diabetes Mellitus, Type 2"
NCT06297603,Glucose Metabolism Disorders
NCT06297603,Metabolic Diseases
NCT06297603,Endocrine System Diseases
NCT06297603,Diabetes Mellitus
NCT06297603,Kidney Diseases
NCT06297603,"Renal Insufficiency, Chronic"
NCT04655027,"Renal Insufficiency, Chronic"
NCT04655027,Anemia
NCT06138327,Hyperoxaluria
NCT06138327,Non-alcoholic Fatty Liver Disease
NCT06138327,Kidney Calculi
NCT04006405,"Carcinoma, Renal Cell"
NCT05004428,"Diabetes Mellitus, Type 2"
NCT05004428,"Renal Insufficiency, Chronic"
NCT05004428,Cardiovascular Diseases
NCT05004428,Kidney Diseases
NCT05004428,"Diabetes Mellitus, Type 1"
NCT05826600,"Carcinoma, Renal Cell"
NCT05826600,Hemangiosarcoma
NCT04446507,Renal Insufficiency
NCT07403188,Lupus Nephritis
NCT07403188,Stiff-Person Syndrome
NCT07403188,"Arthritis, Rheumatoid"
NCT07403188,Multiple Sclerosis
NCT07403188,Dermatomyositis
NCT07403188,"Scleroderma, Systemic"
NCT05200286,Renal Insufficiency
NCT05420545,Neoplasm Metastasis
NCT05420545,"Carcinoma, Renal Cell"
NCT05420545,Ovarian Neoplasms
NCT05420545,Uterine Cervical Neoplasms
NCT05940402,Renal Insufficiency
NCT04402957,Severe Acute Respiratory Syndrome
NCT04402957,Acute Kidney Injury
NCT04402957,Respiratory Distress Syndrome
NCT04750577,Diabetic Nephropathies
NCT04736628,"Renal Insufficiency, Chronic"
NCT06153095,"Lupus Erythematosus, Systemic"
NCT06153095,Lupus Nephritis
NCT05914909,"Lung Diseases, Interstitial"
NCT05914909,"Renal Insufficiency, Chronic"
NCT06674577,"Glomerulonephritis, IGA"
NCT06674577,Urologic Diseases
NCT05407662,"Renal Insufficiency, Chronic"
NCT05407662,"Diabetes Mellitus, Type 2"
NCT05407662,Heart Failure
NCT04787042,Neoplasms
NCT04787042,Melanoma
NCT04787042,"Carcinoma, Renal Cell"
NCT04787042,Triple Negative Breast Neoplasms
NCT04787042,"Carcinoma, Non-Small-Cell Lung"
NCT04787042,Squamous Cell Carcinoma of Head and Neck
NCT04787042,Carcinoma
NCT05022758,Stroke
NCT04925674,
NCT06308978,Anti-Neutrophil Cytoplasmic Antibody-Associated Vasculitis
NCT06308978,Myositis
NCT06308978,"Scleroderma, Systemic"
NCT06308978,"Lupus Erythematosus, Systemic"
NCT06308978,Lupus Nephritis
NCT06308978,Autoimmune Diseases
NCT05032235,Renal Insufficiency
NCT05515289,Breast Neoplasms
NCT05311618,Pancreatic Neoplasms
NCT05311618,Breast Neoplasms
NCT05311618,Stomach Neoplasms
NCT05311618,"Carcinoma, Non-Small-Cell Lung"
NCT05311618,Uterine Cervical Neoplasms
NCT05311618,Squamous Cell Carcinoma of Head and Neck
NCT05311618,Colorectal Neoplasms
NCT05311618,Esophageal Neoplasms
NCT05311618,Ovarian Neoplasms
NCT05311618,"Carcinoma, Renal Cell"
NCT05311618,Prostatic Neoplasms
NCT05311618,Melanoma
NCT05311618,Mesothelioma
NCT05311618,Cholangiocarcinoma
NCT04990427,"Renal Insufficiency, Chronic"
NCT04990427,"Diabetes Mellitus, Type 2"
NCT04990427,Diabetic Nephropathies
NCT06490991,
NCT04474210,Renal Insufficiency
NCT05441020,Renal Insufficiency
NCT05441020,"Kidney Failure, Chronic"
NCT05744128,Melanoma
NCT05744128,"Carcinoma, Renal Cell"
NCT06714006,"Polycystic Kidney, Autosomal Dominant"
NCT06580938,"Carcinoma, Non-Small-Cell Lung"
NCT06580938,Urinary Bladder Neoplasms
NCT06580938,"Carcinoma, Renal Cell"
NCT06580938,Melanoma
NCT06580938,Head and Neck Neoplasms
NCT06580938,Colorectal Neoplasms
NCT06580938,Lung Neoplasms
NCT06814132,"Kidney Failure, Chronic"
NCT07619157,"Renal Insufficiency, Chronic"
NCT04169711,"Carcinoma, Renal Cell"
NCT07491900,Lupus Nephritis
NCT04170309,Renal Insufficiency
NCT04170309,Hepatic Insufficiency
NCT05138133,Lupus Nephritis
NCT05138133,"Lupus Erythematosus, Systemic"
NCT04348175,Renal Insufficiency
NCT05727644,Non-alcoholic Fatty Liver Disease
NCT06582485,Reperfusion Injury
NCT04736706,"Carcinoma, Renal Cell"
NCT04736706,"Parkinson Disease 4, Autosomal Dominant Lewy Body"
NCT07000149,"Diabetes Mellitus, Insulin-Dependent, 12"
NCT07000149,Kidney Neoplasms
NCT07000149,"Carcinoma, Renal Cell"
NCT05706129,"Carcinoma, Renal Cell"
NCT05706129,Colorectal Neoplasms
NCT05706129,"Carcinoma, Transitional Cell"
NCT05706129,Head and Neck Neoplasms
NCT05706129,Triple Negative Breast Neoplasms
NCT05354102,"Carcinoma, Non-Small-Cell Lung"
NCT05354102,Melanoma
NCT05354102,"Carcinoma, Renal Cell"
NCT05798117,"Lupus Erythematosus, Systemic"
NCT05798117,Lupus Nephritis
NCT06350123,"Renal Insufficiency, Chronic"
NCT04557462,"Glomerulonephritis, IGA"
NCT04557462,"Renal Insufficiency, Chronic"
NCT04557462,Glomerulonephritis
NCT04430842,Astrocytoma
NCT04430842,Brain Neoplasms
NCT04430842,Urinary Bladder Neoplasms
NCT04430842,Breast Neoplasms
NCT04430842,Uterine Cervical Neoplasms
NCT04430842,Cholangiocarcinoma
NCT04430842,Colorectal Neoplasms
NCT04430842,Esophageal Neoplasms
NCT04430842,Stomach Neoplasms
NCT04430842,Head and Neck Neoplasms
NCT04430842,Kidney Neoplasms
NCT04430842,Liver Neoplasms
NCT04430842,Lung Neoplasms
NCT04430842,Melanoma
NCT04430842,Ovarian Neoplasms
NCT04430842,Pancreatic Neoplasms
NCT04430842,"Mesothelioma, Malignant"
NCT04430842,Prostatic Neoplasms
NCT04430842,Sarcoma
NCT04430842,Tongue Neoplasms
NCT04430842,Thymoma
NCT04430842,Urologic Neoplasms
NCT04430842,Neoplasm Metastasis
NCT04430842,Neoplasms
NCT04430842,Glioblastoma
NCT04430842,Headache
NCT04430842,Vomiting
NCT04430842,Seizures
NCT04430842,Sleepiness
NCT04430842,Anorexia
NCT04430842,Speech Disorders
NCT06000956,"Spondylitis, Ankylosing"
NCT05013008,"Renal Insufficiency, Chronic"
NCT05013008,"Diabetes Mellitus, Type 2"
NCT06383390,Atherosclerosis
NCT06383390,"Renal Insufficiency, Chronic"
NCT06383390,Cardiovascular Diseases
NCT06383390,Kidney Diseases
NCT06383390,"Diabetes Mellitus, Type 2"
NCT06383390,Heart Diseases
NCT06383390,Coronary Artery Disease
NCT06383390,Cerebrovascular Disorders
NCT06383390,Peripheral Arterial Disease
NCT06383390,Death
NCT06383390,"Kidney Failure, Chronic"
NCT07770815,"Glomerulonephritis, IGA"
NCT06099782,"Carcinoma, Non-Small-Cell Lung"
NCT06099782,"Carcinoma, Renal Cell"
NCT06099782,Melanoma
NCT07498335,"Glomerulonephritis, IGA"
NCT07498335,Kidney Diseases
NCT07498335,"Renal Insufficiency, Chronic"
NCT07498335,Glomerulonephritis
NCT07498335,Urologic Diseases
NCT06522997,"Renal Insufficiency, Chronic"
NCT05631119,Diabetic Nephropathies
NCT05631119,"Diabetes Mellitus, Type 2"
NCT05631119,"Renal Insufficiency, Chronic"
NCT06775834,"Cardiomyopathy, Hypertrophic"
NCT05265325,
NCT04532918,"Renal Insufficiency, Chronic"
NCT06527846,"Renal Insufficiency, Chronic"
NCT05452317,
NCT04565171,Renal Insufficiency
NCT07241390,"Renal Insufficiency, Chronic"
NCT07241390,Heart Diseases
NCT07241390,Kidney Diseases
NCT07241390,Stroke
NCT04804813,"Carcinoma, Renal Cell"
NCT06137768,"Glomerulonephritis, IGA"
NCT04786574,"Polycystic Kidney, Autosomal Recessive"
NCT04786574,Polycystic Kidney Diseases
NCT04786574,Oligohydramnios
NCT06687174,"Glomerulonephritis, IGA"
NCT06687174,Kidney Diseases
NCT05938725,Lupus Nephritis
NCT05938725,Glomerulonephritis
NCT05938725,Autoimmune Diseases
NCT06592482,Renal Insufficiency
NCT06708520,Renal Insufficiency
NCT06744335,
NCT05368935,Renal Insufficiency
NCT05368935,Kidney Diseases
NCT05012865,"Carcinoma, Renal Cell"
NCT06429800,Lupus Nephritis
NCT06429800,"Lupus Erythematosus, Systemic"
NCT06429800,Epstein-Barr Virus Infections
NCT05885763,
NCT06209177,"Glomerulonephritis, IGA"
NCT05126277,Lupus Nephritis
NCT05126277,"Lupus Erythematosus, Systemic"
NCT05126277,Nephritis
NCT05314231,Proteinuria
NCT05314231,"Renal Insufficiency, Chronic"
NCT05314231,Lupus Nephritis
NCT05314231,"Glomerulonephritis, IGA"
NCT05314231,"Glomerulosclerosis, Focal Segmental"
NCT05314231,Diabetic Nephropathies
NCT05314231,"Nephrosis, Lipoid"
NCT05314231,"Hematuria, Benign Familial"
NCT05314231,"Glomerulonephritis, Membranoproliferative"
NCT07523581,"Nephritis, Hereditary"
NCT07244835,Neoplasms
NCT07244835,"Carcinoma, Hepatocellular"
NCT07244835,Melanoma
NCT07244835,Colorectal Neoplasms
NCT07244835,Lung Neoplasms
NCT07244835,Thyroid Neoplasms
NCT07244835,Ovarian Neoplasms
NCT07244835,Pancreatic Neoplasms
NCT07244835,Glioblastoma
NCT07244835,Kidney Neoplasms
NCT07244835,Neurofibrosarcoma
NCT05221008,"Hyperparathyroidism, Secondary"
NCT07763418,"Kidney Failure, Chronic"
NCT05680480,Lupus Nephritis
NCT05680480,Nephritis
NCT04485013,Neoplasms
NCT04485013,Ovarian Neoplasms
NCT04485013,Endometrial Neoplasms
NCT04485013,Uterine Cervical Neoplasms
NCT04485013,Kidney Neoplasms
NCT04485013,Squamous Cell Carcinoma of Head and Neck
NCT04485013,Prostatic Neoplasms
NCT04485013,Colorectal Neoplasms
NCT04485013,Stomach Neoplasms
NCT04485013,Breast Neoplasms
NCT04485013,Urinary Bladder Neoplasms
NCT04485013,Adenocarcinoma of Lung
NCT04485013,Melanoma
NCT04485013,Neoplasm Metastasis
NCT04485013,"Carcinoma, Renal Cell"
NCT04485013,Triple Negative Breast Neoplasms
NCT04485013,Head and Neck Neoplasms
NCT04485013,Lung Neoplasms
NCT05179824,Breast Neoplasms
NCT05179824,Prostatic Neoplasms
NCT05179824,Urinary Bladder Neoplasms
NCT05179824,Lung Neoplasms
NCT05179824,Brain Neoplasms
NCT05179824,Pancreatic Neoplasms
NCT05179824,Ovarian Neoplasms
NCT05179824,Fallopian Tube Neoplasms
NCT05179824,Liver Neoplasms
NCT05179824,Colonic Neoplasms
NCT05179824,Head and Neck Neoplasms
NCT05179824,Stomach Neoplasms
NCT05179824,Gastrointestinal Neoplasms
NCT05179824,Rectal Neoplasms
NCT05179824,Esophageal Neoplasms
NCT05179824,Skin Neoplasms
NCT05179824,Uterine Cervical Neoplasms
NCT05179824,Kidney Neoplasms
NCT05179824,Laryngeal Neoplasms
NCT05179824,Endometrial Neoplasms
NCT05179824,Bile Duct Neoplasms
NCT05179824,Vulvar Neoplasms
NCT05179824,Bone Neoplasms
NCT05179824,Leukemia
NCT05179824,Lymphoma
NCT05179824,Neoplasms
NCT06108479,Melanoma
NCT06108479,Ovarian Neoplasms
NCT06108479,Head and Neck Neoplasms
NCT06108479,"Carcinoma, Non-Small-Cell Lung"
NCT06108479,"Carcinoma, Renal Cell"
NCT06108479,Neoplasms
NCT05846646,"Carcinoma, Non-Small-Cell Lung"
NCT05846646,"Carcinoma, Renal Cell"
NCT05144971,Diabetes Mellitus
NCT05144971,"Kidney Failure, Chronic"
NCT06682793,Colorectal Neoplasms
NCT06682793,"Carcinoma, Non-Small-Cell Lung"
NCT06682793,Neoplasms
NCT06682793,Colonic Neoplasms
NCT06682793,Rectal Neoplasms
NCT06682793,Lung Neoplasms
NCT06682793,Squamous Cell Carcinoma of Head and Neck
NCT06682793,"Carcinoma, Renal Cell"
NCT06682793,Kidney Neoplasms
NCT06682793,Triple Negative Breast Neoplasms
NCT04952506,"Kidney Failure, Chronic"
NCT07355296,
NCT05983770,"Kidney Failure, Chronic"
NCT06234605,"Carcinoma, Renal Cell"
NCT06234605,Kidney Neoplasms
NCT06234605,Neoplasm Metastasis
NCT07500805,"Carcinoma, Renal Cell"
NCT06984341,"Lupus Erythematosus, Systemic"
NCT06984341,Lupus Nephritis
NCT05196035,"Renal Insufficiency, Chronic"
NCT05196035,Proteinuria
NCT06752876,"Lupus Erythematosus, Systemic"
NCT06752876,Lupus Nephritis
NCT06752876,Autoimmune Diseases
NCT07246759,"Carcinoma, Non-Small-Cell Lung"
NCT07246759,Melanoma
NCT07246759,Triple Negative Breast Neoplasms
NCT07246759,"Carcinoma, Renal Cell"
NCT07246759,Squamous Cell Carcinoma of Head and Neck
NCT04580420,Primary hyperoxaluria type 1
NCT04580420,"Kidney Failure, Chronic"
NCT07033182,Renal Insufficiency
NCT06428825,"Renal Insufficiency, Chronic"
NCT06428825,Hypertension
NCT05514548,Diabetic Nephropathies
NCT05514548,"Diabetes Mellitus, Type 1"
NCT05514548,"Diabetes Mellitus, Type 2"
NCT06278207,"Renal Insufficiency, Chronic"
NCT06278207,"Diabetes Mellitus, Type 2"
NCT05718375,Diabetic Nephropathies
NCT07154901,Renal Insufficiency
NCT07154901,"Lymphoma, Follicular"
NCT04551300,Hyperphosphatemia
NCT07410455,Oculocerebrorenal Syndrome
NCT04881448,"Renal Insufficiency, Chronic"
NCT04510129,Head and Neck Neoplasms
NCT04510129,"Carcinoma, Non-Small-Cell Lung"
NCT04510129,Small Cell Lung Carcinoma
NCT04510129,"Carcinoma, Transitional Cell"
NCT04510129,Uterine Cervical Neoplasms
NCT04510129,Esophageal Squamous Cell Carcinoma
NCT04510129,Triple Negative Breast Neoplasms
NCT04510129,"Carcinoma, Hepatocellular"
NCT04510129,"Carcinoma, Renal Cell"
NCT04510129,Colorectal Neoplasms
NCT05932901,"Renal Insufficiency, Chronic"
NCT06948292,Diabetic Nephropathies
NCT06948292,Hypertensive Nephropathy
NCT06948292,Proteinuria
NCT07146906,"Glomerulonephritis, IGA"
NCT07146906,Proteinuria
NCT06236984,Acute Kidney Injury
NCT06236984,Renal Insufficiency
NCT04829916,Acute Kidney Injury
NCT04595370,Heart Failure
NCT04595370,"Renal Insufficiency, Chronic"
NCT04595370,"Diabetes Mellitus, Type 2"
NCT04595370,Diabetic Nephropathies
NCT05625542,
NCT07271186,Diabetic Nephropathies
NCT07271186,"Renal Insufficiency, Chronic"
NCT07271186,"Diabetes Mellitus, Type 2"
NCT05267262,"Nephritis, Hereditary"
NCT05267262,"Glomerulosclerosis, Focal Segmental"
NCT05267262,Kidney Diseases
NCT07072468,Neuralgia
NCT07072468,Chronic Pain
NCT07072468,Kidney Diseases
NCT07072468,Paresthesia
NCT07072468,Hypesthesia
NCT06128213,Urinary Tract Infections
NCT06128213,Pyelonephritis
NCT05275595,"Renal Insufficiency, Chronic"
NCT05275595,COVID-19
NCT05275595,Acute Kidney Injury
NCT06681337,Lupus Nephritis
NCT05510245,"Diabetes Mellitus, Type 2"
NCT05510245,Renal Insufficiency
NCT05393427,"Carcinoma, Renal Cell"
NCT05393427,Urinary Bladder Neoplasms
NCT06769646,"Diabetes Mellitus, Type 2"
NCT06769646,"Renal Insufficiency, Chronic"
NCT07571746,
NCT07315360,Renal Insufficiency
NCT07160335,"Carcinoma, Non-Small-Cell Lung"
NCT07160335,Melanoma
NCT07160335,"Carcinoma, Renal Cell"
NCT07559240,Overweight
NCT07559240,Obesity
NCT06960824,"Renal Insufficiency, Chronic"
NCT06747572,"Polycystic Kidney, Autosomal Dominant"
NCT06994845,"Glomerulonephritis, IGA"
NCT06994845,Proteinuria
NCT06966024,"Carcinoma, Renal Cell"
NCT06966024,"Carcinoma, Transitional Cell"
NCT07076030,Renal Insufficiency
NCT05844228,Renal Insufficiency
NCT04699032,"Renal Insufficiency, Chronic"
NCT04699032,Renal Insufficiency
NCT06402721,"Renal Insufficiency, Chronic"
NCT05934292,Hypercholesterolemia
NCT03644706,"Acidosis, Renal Tubular"
NCT05861778,"Carcinoma, Renal Cell"
NCT05543928,Vitamin D Deficiency
NCT05543928,"Hyperparathyroidism, Secondary"
NCT04437771,Fanconi Syndrome
NCT04437771,Fanconi Anemia
NCT04437771,Anemia
NCT04437771,Bone Marrow Failure Disorders
NCT04437771,"Genetic Diseases, Inborn"
NCT05620134,Neoplasms
NCT05620134,Neoplasm Metastasis
NCT05620134,Melanoma
NCT05620134,Colorectal Neoplasms
NCT05620134,"Carcinoma, Non-Small-Cell Lung"
NCT05620134,Small Cell Lung Carcinoma
NCT05620134,"Carcinoma, Transitional Cell"
NCT05620134,Squamous Cell Carcinoma of Head and Neck
NCT05620134,Triple Negative Breast Neoplasms
NCT05620134,"Carcinoma, Renal Cell"
NCT05620134,"Carcinoma, Hepatocellular"
NCT05620134,"Carcinoma, Ovarian Epithelial"
NCT05620134,Thyroid Neoplasms
NCT06158958,"Carcinoma, Non-Small-Cell Lung"
NCT06158958,"Carcinoma, Renal Cell"
NCT06158958,Squamous Cell Carcinoma of Head and Neck
NCT05086692,"Carcinoma, Renal Cell"
NCT05086692,Triple Negative Breast Neoplasms
NCT05086692,Colorectal Neoplasms
NCT05086692,Stomach Neoplasms
NCT05086692,Uterine Cervical Neoplasms
NCT05086692,"Carcinoma, Basal Cell"
NCT05086692,Urinary Bladder Neoplasms
NCT05086692,"Carcinoma, Merkel Cell"
NCT05086692,Squamous Cell Carcinoma of Head and Neck
NCT05086692,"Mesothelioma, Malignant"
NCT05086692,Esophageal Neoplasms
NCT05086692,Endometrial Neoplasms
NCT05086692,"Carcinoma, Ovarian Epithelial"
NCT05086692,Neoplasms
NCT05086692,Melanoma
NCT05086692,Fallopian Tube Neoplasms
NCT05086692,Ovarian Neoplasms
NCT05086692,Skin Neoplasms
NCT05086692,Neoplasm Metastasis
NCT05086692,Turcot syndrome
NCT06256432,Hepatorenal Syndrome
NCT06256432,Liver Cirrhosis
NCT06256432,Acute Kidney Injury
NCT04810598,Renal Insufficiency
NCT04810598,Kidney Diseases
NCT04810598,"Kidney Failure, Chronic"
NCT07219121,Proteinuria
NCT07219121,Kidney Diseases
NCT07219121,"Glomerulosclerosis, Focal Segmental"
NCT06052852,Triple Negative Breast Neoplasms
NCT06052852,"Carcinoma, Renal Cell"
NCT06052852,Ovarian Neoplasms
NCT06052852,Head and Neck Neoplasms
NCT06052852,Colorectal Neoplasms
NCT06052852,"Carcinoma, Non-Small-Cell Lung"
NCT06052852,Melanoma
NCT05803421,"Diabetes Mellitus, Type 2"
NCT05803421,Obesity
NCT05803421,Overweight
NCT05803421,Cardiovascular Diseases
NCT05803421,"Renal Insufficiency, Chronic"
NCT06661733,Renal Insufficiency
NCT06786338,"Glomerulonephritis, IGA"
NCT05121948,Squamous Cell Carcinoma of Head and Neck
NCT05121948,Colonic Neoplasms
NCT05121948,"Carcinoma, Non-Small-Cell Lung"
NCT05121948,"Carcinoma, Renal Cell"
NCT07182227,Kidney Diseases
NCT07182227,Glomerulonephritis
NCT07182227,Nephritis
NCT07182227,Autoimmune Diseases
NCT07182227,Immune System Diseases
NCT03160430,"Kidney Failure, Chronic"
NCT06962800,
NCT06352411,Renal Insufficiency
NCT07404137,"Renal Insufficiency, Chronic"
NCT06127238,"Carcinoma, Renal Cell"
NCT05288855,Lupus Nephritis
NCT06451497,"Carcinoma, Non-Small-Cell Lung"
NCT06451497,Squamous Cell Carcinoma of Head and Neck
NCT06451497,Biliary Tract Neoplasms
NCT06451497,Prostatic Neoplasms
NCT06451497,"Carcinoma, Transitional Cell"
NCT06451497,Colorectal Neoplasms
NCT06451497,Triple Negative Breast Neoplasms
NCT06451497,"Lymphoma, Large B-Cell, Diffuse"
NCT04056455,Renal Insufficiency
NCT04629248,
NCT07481526,"Renal Insufficiency, Chronic"
NCT07551349,Clear-cell metastatic renal cell carcinoma
NCT07551349,Kidney Neoplasms
NCT07551349,"Carcinoma, Renal Cell"
NCT04645589,Lupus Nephritis
NCT04994080,"Hyperparathyroidism, Secondary"
NCT05056727,"Renal Insufficiency, Chronic"
NCT05056727,Hyperkalemia
NCT04847531,"Renal Insufficiency, Chronic"
NCT04466969,Hyperkalemia
NCT06492031,"Kidney Failure, Chronic"
NCT05552859,"Diabetes Mellitus, Type 2"
NCT05552859,Renal Insufficiency
NCT05517980,Glomerulonephritis
NCT05517980,"Glomerulonephritis, IGA"
NCT06830629,
NCT04088500,"Carcinoma, Renal Cell"
NCT04419467,Diabetic Nephropathies
NCT06750419,"Carcinoma, Renal Cell"
NCT04924296,Lupus Nephritis
NCT04629339,"Carcinoma, Non-Small-Cell Lung"
NCT04629339,"Carcinoma, Renal Cell"
NCT04629339,"Carcinoma, Hepatocellular"
NCT04629339,Melanoma
NCT04629339,Neoplasm Metastasis
NCT04987294,Hyperuricemia
NCT04987294,Gout
NCT04987294,"Renal Insufficiency, Chronic"
NCT04977453,Neoplasm Metastasis
NCT04977453,Uterine Cervical Neoplasms
NCT04977453,"Carcinoma, Transitional Cell"
NCT04977453,"Carcinoma, Renal Cell"
NCT07494045,"Hyperparathyroidism, Secondary"
NCT06866158,Diabetic Nephropathies
NCT06026410,"Carcinoma, Non-Small-Cell Lung"
NCT06026410,Colorectal Neoplasms
NCT06026410,"Carcinoma, Renal Cell"
NCT06026410,Kidney Neoplasms
NCT06589791,Atherosclerosis
NCT06589791,"Renal Insufficiency, Chronic"
NCT06721143,"Renal Insufficiency, Chronic"
NCT07419828,"Renal Insufficiency, Chronic"
NCT05867303,Melanoma
NCT05867303,"Carcinoma, Transitional Cell"
NCT05867303,"Carcinoma, Renal Cell"
NCT05867303,"Carcinoma, Non-Small-Cell Lung"
NCT05867303,Squamous Cell Carcinoma of Head and Neck
NCT05867303,Colorectal Neoplasms
NCT07300241,"Carcinoma, Renal Cell"
NCT07300241,Clear-cell metastatic renal cell carcinoma
NCT07300241,Kidney Neoplasms
NCT05335005,"Kidney Failure, Chronic"
NCT05680818,"Hypercalciuric Hypocalcemia, Familial"
NCT05680818,Hypocalcemia
NCT05680818,Musculoskeletal Diseases
NCT05680818,Muscular Diseases
NCT05680818,Musculoskeletal Abnormalities
NCT05680818,Calcium Metabolism Disorders
NCT05680818,Metabolic Diseases
NCT05680818,Hypoparathyroidism
NCT05680818,Hypercalciuria
NCT05680818,Nephrocalcinosis
NCT05680818,Nephrolithiasis
NCT04260360,"Carcinoma, Renal Cell"
NCT04260360,Kidney Neoplasms
NCT06715670,Liver Cirrhosis
NCT06715670,"Renal Insufficiency, Chronic"
NCT05800873,
NCT04909723,Kidney Calculi
NCT04909723,Hyperoxaluria
NCT07620574,Neoplasms
NCT07620574,"Carcinoma, Renal Cell"
NCT07620574,"Carcinoma, Hepatocellular"
NCT07620574,Colorectal Neoplasms
NCT07620574,Prostatic Neoplasms
NCT04953897,"Leukemia, Myeloid, Acute"
NCT04953897,Myelodysplastic Syndromes
NCT06126380,"Kidney Failure, Chronic"
NCT06160622,Renal Insufficiency
NCT06564142,"Glomerulonephritis, IGA"
NCT06564142,Glomerulonephritis
NCT06500702,"Glomerulosclerosis, Focal Segmental"
NCT06500702,"Nephrosis, Lipoid"
NCT04148937,Triple Negative Breast Neoplasms
NCT04148937,Pancreatic Neoplasms
NCT04148937,"Carcinoma, Non-Small-Cell Lung"
NCT04148937,"Carcinoma, Renal Cell"
NCT04148937,Melanoma
NCT04148937,"Carcinoma, Ovarian Epithelial"
NCT04148937,Neoplasm Metastasis
NCT04859439,Renal Insufficiency
NCT06708845,Lupus Nephritis
NCT06708845,"Lupus Erythematosus, Systemic"
NCT06708845,"Scleroderma, Systemic"
NCT06708845,"Scleroderma, Diffuse"
NCT06708845,Autoimmune Diseases
NCT06708845,Immune System Diseases
NCT07551570,Renal Insufficiency
NCT04680416,"Carcinoma, Renal Cell"
NCT04654507,Glomerulonephritis
NCT04654507,"Kidney Failure, Chronic"
NCT05958199,Neoplasm Metastasis
NCT05958199,"Carcinoma, Non-Small-Cell Lung"
NCT05958199,"Carcinoma, Renal Cell"
NCT05958199,Colorectal Neoplasms
NCT05958199,Cholangiocarcinoma
NCT05958199,Pancreatic Neoplasms
NCT05958199,"Carcinoma, Transitional Cell"
NCT05958199,Triple Negative Breast Neoplasms
NCT05958199,Endometrial Neoplasms
NCT05958199,Uterine Cervical Neoplasms
NCT05958199,Osteosarcoma
NCT05958199,Prostatic Neoplasms
NCT04667533,
NCT06983509,Renal Insufficiency
NCT05967806,Kidney Diseases
NCT04609800,"Carcinoma, Renal Cell"
NCT05047263,
NCT04188964,Familial Hypophosphatemic Rickets
NCT05778864,Renal Insufficiency
NCT04596033,Melanoma
NCT04596033,"Carcinoma, Non-Small-Cell Lung"
NCT04596033,Squamous Cell Carcinoma of Head and Neck
NCT04596033,"Carcinoma, Transitional Cell"
NCT04596033,"Carcinoma, Renal Cell"
NCT04596033,Small Cell Lung Carcinoma
NCT04596033,Anus Neoplasms
NCT04596033,"Carcinoma, Merkel Cell"
NCT04596033,Carcinoma
NCT04596033,Neoplasms
NCT06863467,"Renal Insufficiency, Chronic"
NCT05174221,Kidney Diseases
NCT05174221,Glomerulonephritis
NCT07074327,"Polycystic Kidney, Autosomal Dominant"
NCT05248646,"Glomerulonephritis, IGA"
NCT05687890,Diabetic Nephropathies
NCT05687890,"Glomerulonephritis, IGA"
NCT05337124,Lupus Nephritis
NCT06932146,Kidney Calculi
NCT05431426,"Pulmonary Disease, Chronic Obstructive"
NCT05431426,Renal Insufficiency
NCT06833463,
NCT05992155,Renal Insufficiency
NCT04950114,Kidney Diseases
NCT04950114,Glomerulonephritis
NCT04950114,Nephritis
NCT04950114,Nephrosis
NCT04510987,Renal Insufficiency
NCT05448755,"Nephritis, Hereditary"
NCT05788484,"Carcinoma, Non-Small-Cell Lung"
NCT05788484,Stomach Neoplasms
NCT05788484,Head and Neck Neoplasms
NCT05788484,Ovarian Neoplasms
NCT05788484,Fallopian Tube Neoplasms
NCT05788484,Colorectal Neoplasms
NCT05788484,Esophageal Neoplasms
NCT05788484,Liver Neoplasms
NCT05788484,"Carcinoma, Renal Cell"
NCT05788484,Cholangiocarcinoma
NCT05788484,Pancreatic Neoplasms
NCT04931147,Fibrosis
NCT04931147,Inflammation
NCT04931147,Idiopathic Pulmonary Fibrosis
NCT04931147,Non-alcoholic Fatty Liver Disease
NCT04931147,Liver Diseases
NCT04931147,Kidney Diseases
NCT04239391,"Kidney Failure, Chronic"
NCT04239391,"Renal Insufficiency, Chronic"
NCT04239391,Anemia
NCT06206135,Hyperphosphatemia
NCT07107945,"Renal Insufficiency, Chronic"
NCT04861259,Atypical Hemolytic Uremic Syndrome
NCT05083364,"Glomerulonephritis, IGA"
NCT04718584,Urinary Bladder Neoplasms
NCT04718584,"Carcinoma, Renal Cell"
NCT04578548,"Polycystic Kidney, Autosomal Dominant"
NCT04119843,Renal Insufficiency
NCT04949438,Renal Insufficiency
NCT05347693,Hyperkalemia
NCT05347693,"Renal Insufficiency, Chronic"
NCT04909853,Renal Insufficiency
NCT04909853,COVID-19
NCT06527677,Renal Insufficiency
NCT06553339,von Hippel-Lindau Disease
NCT06553339,"Neuroectodermal Tumors, Primitive"
NCT06344936,"Renal Insufficiency, Chronic"
NCT07270146,"Lymphoma, Follicular"
NCT06239194,Biliary Tract Neoplasms
NCT06239194,Breast Neoplasms
NCT06239194,Uterine Cervical Neoplasms
NCT06239194,Colonic Neoplasms
NCT06239194,Endometrial Neoplasms
NCT06239194,Esophageal Neoplasms
NCT06239194,Stomach Neoplasms
NCT06239194,Head and Neck Neoplasms
NCT06239194,Liver Neoplasms
NCT06239194,"Carcinoma, Non-Small-Cell Lung"
NCT06239194,Pancreatic Neoplasms
NCT06239194,Prostatic Neoplasms
NCT06239194,Rectal Neoplasms
NCT06239194,Kidney Neoplasms
NCT06239194,Thyroid Neoplasms
NCT07128966,Celiac Disease
NCT07128966,Kidney Diseases
NCT07128966,Bronchiolitis Obliterans Syndrome
NCT07128966,Rare Diseases
NCT04987242,Hyperuricemia
NCT04987242,Gout
NCT04987242,"Renal Insufficiency, Chronic"
NCT04551885,"Carcinoma, Renal Cell"
NCT04551885,"Carcinoma, Merkel Cell"
NCT04551885,"Carcinoma, Non-Small-Cell Lung"
NCT04551885,Triple Negative Breast Neoplasms
NCT06291376,"Glomerulonephritis, IGA"
NCT06291376,Proteinuria
NCT06291376,"Renal Insufficiency, Chronic"
NCT06878560,"Renal Insufficiency, Chronic"
NCT06878560,"Kidney Failure, Chronic"
NCT05562362,"Glomerulosclerosis, Focal Segmental"
NCT05562362,"Glomerulonephritis, IGA"
NCT06286046,"Anemia, Sickle Cell"
NCT06286046,Kidney Diseases
NCT04470063,
NCT06049030,"Carcinoma, Renal Cell"
NCT06049030,Kidney Neoplasms
NCT07035665,"Glomerulonephritis, IGA"
NCT07035665,"Hemoglobinuria, Paroxysmal"
NCT07396155,Diabetic Nephropathies
NCT07396155,Kidney Diseases
NCT05862233,
NCT05482698,
NCT04540705,"Carcinoma, Renal Cell"
NCT05735951,"Renal Insufficiency, Chronic"
NCT06800651,"Polycystic Kidney, Autosomal Dominant"
NCT05135390,Pruritus
NCT06845813,Renal Insufficiency
NCT05856760,"Glomerulonephritis, IGA"
NCT05016323,"Glomerulonephritis, IGA"
NCT05793450,Renal Insufficiency
NCT04197778,
NCT06720025,Anemia
NCT06720025,Renal Insufficiency
NCT05630326,Renal Insufficiency
NCT05630326,"Renal Insufficiency, Chronic"
NCT05630326,Acute Kidney Injury
NCT05630326,"Kidney Failure, Chronic"
NCT05703880,"Renal Insufficiency, Chronic"
NCT05703880,"Diabetes Mellitus, Type 2"
NCT05942625,"Glomerulonephritis, IGA"
NCT05942625,"Glomerulosclerosis, Focal Segmental"
NCT06295796,Renal Insufficiency
NCT06345755,"Polycystic Kidney, Autosomal Dominant"
NCT06126016,"Hyperparathyroidism, Secondary"
NCT05489614,Renal Insufficiency
NCT06375993,Lupus Nephritis
NCT06375993,Autoimmune Diseases
NCT06375993,"Scleroderma, Systemic"
NCT06375993,"Lupus Erythematosus, Systemic"
NCT06375993,Anti-Neutrophil Cytoplasmic Antibody-Associated Vasculitis
NCT06375993,Myositis
NCT06375993,Stiff-Person Syndrome
NCT04291781,"Glomerulonephritis, IGA"
NCT05142501,"Renal Insufficiency, Chronic"
NCT05142501,COVID-19
NCT07116928,"Diabetes Mellitus, Type 2"
NCT07116928,"Renal Insufficiency, Chronic"
NCT04887532,"Glomerulonephritis, IGA"
NCT05208814,Pulmonary Arterial Hypertension
NCT05208814,Erectile Dysfunction
NCT05208814,Renal Insufficiency
NCT07204275,
NCT07124039,"Renal Insufficiency, Chronic"
NCT07124039,"Diabetes Mellitus, Type 2"
NCT07164833,Reperfusion Injury
NCT05271617,Acute Kidney Injury
NCT06939816,"Renal Insufficiency, Chronic"
NCT05999747,
NCT04678505,Renal Insufficiency
NCT05238883,Stomach Neoplasms
NCT05238883,"Carcinoma, Renal Cell"
NCT05238883,Melanoma
NCT05238883,Sarcoma
NCT05238883,Testicular Germ Cell Tumor
NCT05238883,Uterine Cervical Neoplasms
NCT05238883,Mesothelioma
NCT05238883,"Carcinoma, Non-Small-Cell Lung"
NCT05238883,Squamous Cell Carcinoma of Head and Neck
NCT04492722,"Renal Insufficiency, Chronic"
NCT04492722,Proteinuria
NCT04492722,Diabetic Nephropathies
NCT04492722,Diabetes Mellitus
NCT06830395,"Glomerulonephritis, IGA"
NCT06635772,"Glomerulonephritis, IGA"
NCT06602453,Acute Kidney Injury
NCT05864144,Head and Neck Neoplasms
NCT05864144,Breast Neoplasms
NCT05864144,Colonic Neoplasms
NCT05864144,Pancreatic Neoplasms
NCT05864144,Stomach Neoplasms
NCT05864144,Esophageal Neoplasms
NCT05864144,Prostatic Neoplasms
NCT05864144,Uterine Neoplasms
NCT05864144,Uterine Cervical Neoplasms
NCT05864144,Ovarian Neoplasms
NCT05864144,Kidney Neoplasms
NCT05864144,Urinary Bladder Neoplasms
NCT05864144,Thyroid Neoplasms
NCT05864144,Melanoma
NCT05864144,Sarcoma
NCT05864144,Neoplasm Metastasis
NCT05864144,Neoplasms
NCT05864144,"Carcinoma, Non-Small-Cell Lung"
NCT05864144,"Carcinoma, Merkel Cell"
NCT07341737,Head and Neck Neoplasms
NCT07341737,Pancreatic Neoplasms
NCT07341737,Neoplasm Metastasis
NCT07341737,Adenocarcinoma of Lung
NCT07341737,Lung Neoplasms
NCT07341737,"Carcinoma, Non-Small-Cell Lung"
NCT07341737,Esophageal Neoplasms
NCT07341737,Stomach Neoplasms
NCT07341737,Liver Neoplasms
NCT07341737,Intestinal Neoplasms
NCT07341737,Urinary Bladder Neoplasms
NCT07341737,Kidney Neoplasms
NCT07341737,Prostatic Neoplasms
NCT07341737,Melanoma
NCT07341737,Breast Neoplasms
NCT07341737,Ovarian Neoplasms
NCT07341737,Endometrial Neoplasms
NCT07341737,Colorectal Neoplasms
NCT05162066,"Glomerulonephritis, Membranoproliferative"
NCT05162066,"Glomerulonephritis, IGA"
NCT05162066,"Glomerulonephritis, Membranous"
NCT05909995,Melanoma
NCT05909995,"Carcinoma, Hepatocellular"
NCT05909995,"Carcinoma, Renal Cell"
NCT05909995,Turcot syndrome
NCT05909995,Colorectal Neoplasms
NCT05398653,
NCT07770802,"Carcinoma, Renal Cell"
NCT06444815,Squamous Cell Carcinoma of Head and Neck
NCT06444815,Uterine Cervical Neoplasms
NCT06444815,Kidney Neoplasms
NCT06444815,"Carcinoma, Renal Cell"
NCT06444815,Melanoma
NCT06444815,Mesothelioma
NCT06444815,"Carcinoma, Non-Small-Cell Lung"
NCT06444815,"Carcinoma, Squamous Cell"
NCT06117852,"Renal Insufficiency, Chronic"
NCT04605484,
NCT05097989,Lupus Nephritis
NCT05097989,"Glomerulonephritis, IGA"
NCT07375758,"Glomerulonephritis, IGA"
NCT05139849,Diabetes Insipidus
NCT05515458,Renal Insufficiency
NCT06885424,Colorectal Neoplasms
NCT06885424,"Carcinoma, Non-Small-Cell Lung"
NCT06885424,Small Cell Lung Carcinoma
NCT06885424,Pancreatic Neoplasms
NCT06885424,Mesothelioma
NCT06885424,Ovarian Neoplasms
NCT06885424,Squamous Cell Carcinoma of Head and Neck
NCT06885424,Head and Neck Neoplasms
NCT06885424,"Carcinoma, Renal Cell"
NCT06885424,Kidney Neoplasms
NCT06885424,Triple Negative Breast Neoplasms
NCT06989359,"Glomerulonephritis, IGA"
NCT07625774,"Renal Insufficiency, Chronic"
NCT04523220,"Kidney Failure, Chronic"
NCT05363215,Renal Insufficiency
NCT05650112,Gastrointestinal Diseases
NCT05650112,Kidney Calculi
NCT06749457,Staphylococcal Infections
NCT06749457,Sepsis
NCT06749457,"Kidney Failure, Chronic"
NCT05753930,"Kidney Failure, Chronic"
NCT05181839,Familial Hypophosphatemic Rickets
NCT05987527,"Kidney Failure, Chronic"
NCT04912141,Non-ST Elevated Myocardial Infarction
NCT05640180,"Renal Insufficiency, Chronic"
NCT05640180,"Diabetes Mellitus, Type 2"
NCT05936151,Overweight
NCT05936151,Obesity
NCT05936151,"Diabetes Mellitus, Type 2"
NCT04064827,"Renal Insufficiency, Chronic"
NCT04064827,"Hyperparathyroidism, Secondary"
NCT04064827,Hyperparathyroidism
NCT05544929,"Carcinoma, Non-Small-Cell Lung"
NCT05544929,Melanoma
NCT05544929,"Carcinoma, Renal Cell"
NCT05544929,"Carcinoma, Ovarian Epithelial"
NCT05544929,Nasopharyngeal Carcinoma
NCT05544929,Thymoma
NCT05544929,Anus Neoplasms
NCT05544929,Mesothelioma
NCT05544929,Squamous Cell Carcinoma of Head and Neck
NCT05544929,Triple Negative Breast Neoplasms
NCT05544929,Lung Neoplasms
NCT05544929,Skin Neoplasms
NCT05544929,Kidney Neoplasms
NCT05544929,"Adenocarcinoma, Clear Cell"
NCT05544929,Ovarian Neoplasms
NCT05544929,Nasopharyngeal Neoplasms
NCT05544929,Thymus Neoplasms
NCT05544929,Rectal Neoplasms
NCT05544929,Esophageal Neoplasms
NCT05544929,Colonic Neoplasms
NCT05544929,Colorectal Neoplasms
NCT05544929,Intestinal Neoplasms
NCT05544929,Head and Neck Neoplasms
NCT05544929,Neoplasms
NCT04705051,"Kidney Diseases, Cystic"
NCT05254002,"Diabetes Mellitus, Type 2"
NCT05254002,"Renal Insufficiency, Chronic"
NCT07554469,"Renal Insufficiency, Chronic"
NCT07554469,"Diabetes Mellitus, Type 2"
NCT05363072,"Carcinoma, Renal Cell"
NCT05363072,Kidney Neoplasms
NCT06147037,Colorectal Neoplasms
NCT06147037,Squamous Cell Carcinoma of Head and Neck
NCT06147037,"Carcinoma, Non-Small-Cell Lung"
NCT06147037,Stomach Neoplasms
NCT06147037,"Carcinoma, Renal Cell"
NCT05567757,"Kidney Failure, Chronic"
NCT05599815,Nephrotic Syndrome
NCT05599815,"Nephrosis, Lipoid"
NCT05599815,"Glomerulosclerosis, Focal Segmental"
NCT05599815,"Renal Insufficiency, Chronic"
NCT04209049,Overweight
NCT04209049,Obesity
NCT06265025,Head and Neck Neoplasms
NCT06265025,Melanoma
NCT06265025,Colorectal Neoplasms
NCT06265025,"Carcinoma, Renal Cell"
NCT06265025,Uterine Cervical Neoplasms
NCT06265025,Breast Neoplasms
NCT07522099,"Glomerulonephritis, IGA"
NCT07522099,"Glomerulonephritis, Membranoproliferative"
NCT05199584,Laryngeal Diseases
NCT05199584,Melanoma
NCT05199584,"Adenoma, Islet Cell"
NCT05199584,Osteosarcoma
NCT05199584,Rhabdomyosarcoma
NCT05199584,Sarcoma
NCT05199584,Uveal Melanoma
NCT05199584,Retinoblastoma
NCT05199584,Neuroblastoma
NCT05199584,Pituitary Diseases
NCT05199584,Medulloblastoma
NCT05199584,Glioma
NCT05199584,Mesothelioma
NCT07694544,"Renal Insufficiency, Chronic"
NCT05375136,Endometrial Neoplasms
NCT05375136,Carcinoma
NCT05375136,"Carcinoma, Renal Cell"
NCT06272487,Hypertension
NCT06272487,Cardiovascular Diseases
NCT06272487,"Renal Insufficiency, Chronic"
NCT07201467,
NCT05406219,Renal Insufficiency
NCT06693765,Renal Insufficiency
NCT06693765,"Kidney Failure, Chronic"
NCT06693765,"Renal Insufficiency, Chronic"
NCT05297409,Hyperkalemia
NCT05520099,Neoplasms
NCT05520099,Urinary Bladder Neoplasms
NCT05520099,Kidney Neoplasms
NCT05520099,"Carcinoma, Renal Cell"
NCT05520099,Colorectal Neoplasms
NCT05520099,Head and Neck Neoplasms
NCT05520099,Squamous Cell Carcinoma of Head and Neck
NCT05520099,Liver Neoplasms
NCT05520099,"Carcinoma, Hepatocellular"
NCT05520099,Lung Neoplasms
NCT05520099,"Carcinoma, Non-Small-Cell Lung"
NCT05520099,Skin Neoplasms
NCT05520099,Melanoma
NCT05520099,Endometrial Neoplasms
NCT05369975,"Kidney Failure, Chronic"
NCT04215120,
NCT05216354,Renal Insufficiency
NCT05916573,Renal Insufficiency
NCT05239143,Breast Neoplasms
NCT05239143,Ovarian Neoplasms
NCT05239143,"Carcinoma, Non-Small-Cell Lung"
NCT05239143,Colorectal Neoplasms
NCT05239143,Pancreatic Neoplasms
NCT05239143,"Carcinoma, Renal Cell"
NCT05239143,Nasopharyngeal Neoplasms
NCT05239143,Squamous Cell Carcinoma of Head and Neck
NCT05239143,Stomach Neoplasms
NCT05624710,Renal Insufficiency
NCT05624710,Kidney Diseases
NCT05624710,"Kidney Failure, Chronic"
NCT07559396,Renal Insufficiency
NCT07559396,"Kidney Failure, Chronic"
NCT06935474,Lupus Nephritis
NCT06935474,"Lupus Erythematosus, Systemic"
NCT04365218,"Renal Insufficiency, Chronic"
NCT05213624,"Renal Insufficiency, Chronic"
NCT06814119,Renal Insufficiency
NCT04578834,"Glomerulonephritis, IGA"
NCT04578834,Proteinuria
NCT04155125,
NCT07734610,Renal Insufficiency
NCT07024823,"Renal Insufficiency, Chronic"
NCT07024823,"Diabetes Mellitus, Type 2"
NCT07024823,Diabetic Nephropathies
NCT05900050,Acute-On-Chronic Liver Failure
NCT05900050,Ascites
NCT05900050,Liver Diseases
NCT05900050,Liver Failure
NCT05900050,Kidney Diseases
NCT05900050,Renal Insufficiency
NCT05900050,Fibrosis
NCT07331259,Proteinuria
NCT07389499,"Glomerulonephritis, IGA"
NCT07389499,"Glomerulonephritis, Membranous"
NCT07389499,Anti-Neutrophil Cytoplasmic Antibody-Associated Vasculitis
NCT07354932,"Glomerulonephritis, IGA"
NCT04895748,"Carcinoma, Renal Cell"
NCT04895748,von Hippel-Lindau Disease
NCT04895748,Hereditary leiomyomatosis and renal cell cancer
NCT04895748,Paraganglioma
NCT04895748,Pheochromocytoma
NCT07600450,Kidney Diseases
NCT05879432,Acute Kidney Injury
NCT05293496,"Prostatic Neoplasms, Castration-Resistant"
NCT05293496,Melanoma
NCT05293496,"Carcinoma, Pancreatic Ductal"
NCT05293496,Liver Neoplasms
NCT05293496,"Carcinoma, Ovarian Epithelial"
NCT05293496,"Carcinoma, Renal Cell"
NCT07685054,Essential Hypertension
NCT05001945,"Hypertension, Renal"
NCT05208866,"Polycystic Kidney, Autosomal Dominant"
NCT06322641,Atherosclerosis
NCT06322641,"Renal Insufficiency, Chronic"
NCT04777994,Neoplasms
NCT04777994,"Carcinoma, Renal Cell"
NCT04777994,Squamous Cell Carcinoma of Head and Neck
NCT04777994,"Carcinoma, Non-Small-Cell Lung"
NCT04777994,Recurrence
NCT07168356,Hepatitis B
NCT07168356,Renal Insufficiency
NCT07168356,Kidney Diseases
NCT07217041,"Renal Insufficiency, Chronic"
NCT04987203,"Carcinoma, Renal Cell"
NCT04987203,Disease Progression
NCT05635266,Macular Degeneration
NCT05635266,Hypersensitivity
NCT05635266,red meat allergy
NCT05635266,Alzheimer Disease
NCT05635266,Amyloidosis
NCT05635266,"Spondylitis, Ankylosing"
NCT05635266,Arthritis
NCT05635266,Alopecia Areata
NCT05635266,Asthma
NCT05635266,"Dermatitis, Atopic"
NCT05635266,Autistic Disorder
NCT05635266,"Hepatitis, Autoimmune"
NCT05635266,Behcet Syndrome
NCT05635266,beta-Thalassemia
NCT05635266,Neoplasms
NCT05635266,Celiac Disease
NCT05635266,Kidney Diseases
NCT05635266,"Pulmonary Disease, Chronic Obstructive"
NCT05635266,Crohn Disease
NCT05635266,Cystic Fibrosis
NCT05635266,Diabetes Mellitus
NCT05635266,"Epilepsies, Myoclonic"
NCT05635266,Fibromyalgia
NCT05635266,Graves Disease
NCT05635266,Thyroid Diseases
NCT05635266,Hepatitis
NCT05635266,Hidradenitis Suppurativa
NCT05635266,Leukemia
NCT05635266,"Lupus Erythematosus, Systemic"
NCT05635266,Lymphoma
NCT05635266,Multiple Sclerosis
NCT05635266,Myasthenia Gravis
NCT05635266,Heart Diseases
NCT05635266,Parkinson Disease
NCT05635266,Pemphigus
NCT05635266,Fibrosis
NCT05635266,Psoriasis
NCT05635266,Schizophrenia
NCT05635266,"Scleroderma, Diffuse"
NCT05635266,"Anemia, Sickle Cell"
NCT05635266,Stroke
NCT05635266,"Colitis, Ulcerative"
NCT05635266,Vasculitis
NCT05635266,Vitiligo
NCT04699656,"Kidney Failure, Chronic"
NCT04458259,Neoplasm Metastasis
NCT04458259,"Parkinson Disease 4, Autosomal Dominant Lewy Body"
NCT04458259,Uterine Cervical Neoplasms
NCT04458259,Stomach Neoplasms
NCT04458259,Esophageal Neoplasms
NCT04458259,Endometrial Neoplasms
NCT04458259,"Carcinoma, Hepatocellular"
NCT04458259,Melanoma
NCT04458259,"Carcinoma, Merkel Cell"
NCT04458259,Neoplasms
NCT04458259,"Carcinoma, Non-Small-Cell Lung"
NCT04458259,Small Cell Lung Carcinoma
NCT04458259,"Carcinoma, Renal Cell"
NCT04458259,"Carcinoma, Transitional Cell"
NCT04458259,Colorectal Neoplasms
NCT04374877,"Carcinoma, Renal Cell"
NCT04374877,"Carcinoma, Hepatocellular"
NCT04374877,"Carcinoma, Non-Small-Cell Lung"
NCT04374877,Neoplasms
NCT04374877,Kidney Neoplasms
NCT04374877,Liver Neoplasms
NCT07363265,
NCT04691375,Breast Neoplasms
NCT04691375,Colorectal Neoplasms
NCT04691375,Adenocarcinoma of Lung
NCT04691375,"Carcinoma, Renal Cell"
NCT04691375,Triple Negative Breast Neoplasms
NCT04691375,Ovarian Neoplasms
NCT07452822,
NCT06883539,Neoplasms
NCT06883539,"Carcinoma, Hepatocellular"
NCT06883539,"Carcinoma, Renal Cell"
NCT06883539,Pancreatic Neoplasms
NCT07103629,"Renal Insufficiency, Chronic"
NCT04484857,
NCT06227819,Heart Failure
NCT06227819,Hypertension
NCT06227819,Hypercholesterolemia
NCT06227819,Anemia
NCT06227819,Diabetes Mellitus
NCT06227819,Thyroid Diseases
NCT06227819,Kidney Diseases
NCT06227819,Hemostatic Disorders
NCT06227819,Wounds and Injuries
NCT06227819,Disease
NCT05524467,
NCT07227402,"Carcinoma, Renal Cell"
NCT07227402,Carcinoma
NCT06431477,Diabetic Nephropathies
NCT06431477,Hypertension
NCT06307431,"Carcinoma, Renal Cell"
NCT06307431,"Parkinson Disease 4, Autosomal Dominant Lewy Body"
NCT07625553,Acute Kidney Injury
NCT07216131,Dyslipidemias
NCT07216131,"Hypercholesterolemia, Autosomal Dominant, 3"
NCT04905511,"Kidney Failure, Chronic"
NCT07063316,"Renal Insufficiency, Chronic"
NCT06593392,Pruritus
NCT06593392,"Renal Insufficiency, Chronic"
NCT06480565,"Carcinoma, Renal Cell"
NCT05065463,"Kidney Failure, Chronic"
NCT05065463,Renal Insufficiency
NCT06839235,Primary hyperoxaluria type 1
NCT06839235,"Hyperoxaluria, Primary"
NCT06711887,Lupus Nephritis
NCT07322016,Hyperlipidemias
NCT05398510,"Glomerulonephritis, IGA"
NCT04626479,"Carcinoma, Renal Cell"
NCT04626479,"Parkinson Disease 4, Autosomal Dominant Lewy Body"
NCT04552262,
NCT05880537,"Kidney Failure, Chronic"
NCT07579312,Intraabdominal Infections
NCT07579312,Appendicitis
NCT07579312,Pyelonephritis
NCT07579312,Diverticulitis
NCT07579312,Gastroenteritis
NCT05215574,Pancreatic Neoplasms
NCT05215574,Breast Neoplasms
NCT05215574,Stomach Neoplasms
NCT05215574,"Carcinoma, Non-Small-Cell Lung"
NCT05215574,Uterine Cervical Neoplasms
NCT05215574,Squamous Cell Carcinoma of Head and Neck
NCT05215574,Colorectal Neoplasms
NCT05215574,Esophageal Neoplasms
NCT05215574,Ovarian Neoplasms
NCT05215574,"Carcinoma, Renal Cell"
NCT05215574,Prostatic Neoplasms
NCT05215574,Melanoma
NCT05215574,Mesothelioma
NCT05215574,Cholangiocarcinoma
NCT05732831,Cholangiocarcinoma
NCT05732831,Mesothelioma
NCT05732831,Neurofibrosarcoma
NCT05732831,Sarcoma
NCT04864795,Heart Failure
NCT04864795,Hyperkalemia
NCT05552339,"Diabetes Mellitus, Type 2"
NCT05552339,"Renal Insufficiency, Chronic"
NCT07022119,"Polycystic Kidney, Autosomal Dominant"
NCT07030595,"Renal Insufficiency, Chronic"
NCT07030595,Hyperphosphatemia
NCT05099770,"Diabetes Mellitus, Type 2"
NCT05099770,"Renal Insufficiency, Chronic"
NCT05507437,Sepsis
NCT05507437,Acute Kidney Injury
NCT04734275,"Renal Insufficiency, Chronic"
NCT04643470,Lupus Nephritis
NCT04572854,"Glomerulonephritis, Membranoproliferative"
NCT05479812,Neoplasm Metastasis
NCT05479812,Neoplasms
NCT05479812,"Melanoma, Cutaneous Malignant"
NCT05479812,"Carcinoma, Renal Cell"
NCT05479812,"Carcinoma, Non-Small-Cell Lung"
NCT04303156,Acquired Immunodeficiency Syndrome
NCT05071729,Multiple Endocrine Neoplasia Type 1
NCT05071729,Hot Flashes
NCT07754331,Renal Insufficiency
NCT07087158,"Carcinoma, Renal Cell"
NCT06962787,Kidney Neoplasms
NCT05227287,"Hypercalciuric Hypocalcemia, Familial"
NCT05227287,Hypocalcemia
NCT05227287,Musculoskeletal Diseases
NCT05227287,Muscular Diseases
NCT05227287,Musculoskeletal Abnormalities
NCT05227287,Calcium Metabolism Disorders
NCT05227287,Metabolic Diseases
NCT05227287,Hypoparathyroidism
NCT05227287,Hypercalciuria
NCT05227287,Nephrocalcinosis
NCT05227287,Nephrolithiasis
NCT05027906,"Kidney Failure, Chronic"
NCT07038447,"Lupus Erythematosus, Systemic"
NCT07038447,Lupus Nephritis
NCT07038447,"Scleroderma, Systemic"
NCT07038447,Myositis
NCT04137978,Cystinuria
NCT07024563,"Glomerulonephritis, IGA"
NCT07024563,IgA Vasculitis
NCT07024563,Proteinuria
NCT05397093,"Carcinoma, Ovarian Epithelial"
NCT05397093,"Carcinoma, Non-Small-Cell Lung"
NCT05397093,"Carcinoma, Renal Cell"
NCT05397093,Fallopian Tube Neoplasms
NCT07165015,Renal Insufficiency
NCT07165015,"Kidney Failure, Chronic"
NCT05703282,Hyperlipidemias
NCT05536804,Overweight
NCT05536804,Obesity
NCT05536804,"Renal Insufficiency, Chronic"
NCT05536804,"Diabetes Mellitus, Type 2"
NCT07416162,"Hemoglobinuria, Paroxysmal"
NCT07416162,Hemolysis
NCT07416162,Proteinuria
NCT07416162,"Glomerulonephritis, Membranoproliferative"
NCT05709444,Kidney Diseases
NCT05239728,"Carcinoma, Renal Cell"
NCT05239728,"Parkinson Disease 4, Autosomal Dominant Lewy Body"
NCT07730632,"Glomerulonephritis, IGA"
NCT07494409,Anemia
NCT06639087,Renal Insufficiency
NCT06639087,Heart Failure
NCT07502144,Acute Kidney Injury
NCT05755373,Atherosclerosis
NCT05755373,"Renal Insufficiency, Chronic"
NCT07217470,"Renal Insufficiency, Chronic"
NCT07566897,Colorectal Neoplasms
NCT07187713,Hypertensive Nephropathy
NCT07187713,"Renal Insufficiency, Chronic"
NCT07187713,Diabetic Nephropathies
NCT07187713,Kidney Diseases
NCT05399420,Acute Kidney Injury
NCT05324410,
NCT05267626,Neoplasm Metastasis
NCT05267626,Melanoma
NCT05267626,"Carcinoma, Non-Small-Cell Lung"
NCT05267626,"Diabetes Mellitus, Insulin-Dependent, 10"
NCT05267626,Squamous Cell Carcinoma of Head and Neck
NCT05267626,Stomach Neoplasms
NCT05267626,Urinary Bladder Neoplasms
NCT05267626,"Carcinoma, Merkel Cell"
NCT05267626,"Carcinoma, Renal Cell"
NCT05248659,"Glomerulonephritis, IGA"
NCT04356989,Stroke
NCT07227415,"Carcinoma, Renal Cell"
NCT07227415,Kidney Neoplasms
NCT07227415,Clear-cell metastatic renal cell carcinoma
NCT07227415,Carcinoma
NCT07227415,Neoplasm Metastasis
NCT04537715,Hematologic Neoplasms
NCT04537715,"Lymphoma, Follicular"
NCT04537715,"Lymphoma, Non-Hodgkin"
NCT04537715,"Lymphoma, Large B-Cell, Diffuse"
NCT04537715,Sarcoma
NCT04537715,"Sarcoma, Synovial"
NCT04537715,Mesothelioma
NCT04537715,Rhabdoid Tumor
NCT06238479,Neoplasm Metastasis
NCT06238479,Urinary Bladder Neoplasms
NCT06238479,Triple Negative Breast Neoplasms
NCT06238479,"Carcinoma, Non-Small-Cell Lung"
NCT06238479,Esophageal Neoplasms
NCT06238479,Pancreatic Neoplasms
NCT06238479,Ovarian Neoplasms
NCT06238479,Uterine Cervical Neoplasms
NCT06238479,Squamous Cell Carcinoma of Head and Neck
NCT06238479,Prostatic Neoplasms
NCT06238479,Urologic Neoplasms
NCT06238479,Ureteral Neoplasms
NCT05534789,"Carcinoma, Renal Cell"
NCT05246618,Reperfusion Injury
NCT05764590,"Renal Insufficiency, Chronic"
NCT05764590,Hyperphosphatemia
NCT07181265,"Polycystic Kidney, Autosomal Dominant"
NCT05211167,"Kidney Failure, Chronic"
NCT05492630,Diabetic Nephropathies
NCT07399730,Atypical Hemolytic Uremic Syndrome
NCT07647744,"Carcinoma, Renal Cell"
NCT07083765,Hypertension
NCT07083765,Essential Hypertension
NCT07751913,Acute Kidney Injury
NCT05536141,"Carcinoma, Renal Cell"
NCT05536141,Kidney Neoplasms
NCT05536141,"Erythrocytosis, Familial, 4"
NCT07565441,"Polycystic Kidney, Autosomal Dominant"
NCT06006689,Diabetic Nephropathies
NCT04536688,"Polycystic Kidney, Autosomal Dominant"
NCT07220083,"Glomerulosclerosis, Focal Segmental"
NCT05861869,
NCT06380153,Psoriasis
NCT04383210,Neoplasm Metastasis
NCT04383210,Pancreatic Neoplasms
NCT04383210,Lung Neoplasms
NCT04383210,Head and Neck Neoplasms
NCT04383210,Breast Neoplasms
NCT04383210,Kidney Neoplasms
NCT04383210,Colorectal Neoplasms
NCT04383210,Urinary Bladder Neoplasms
NCT04383210,Ovarian Neoplasms
NCT04383210,Sarcoma
NCT04383210,Gallbladder Neoplasms
NCT04383210,Bile Duct Neoplasms
NCT04383210,Esophageal Neoplasms
NCT04383210,Uterine Neoplasms
NCT04383210,Cholangiocarcinoma
NCT04383210,Prostatic Neoplasms
NCT04383210,"Fibromatosis, Gingival, 2"
NCT07119372,Anemia
NCT07119372,"Renal Insufficiency, Chronic"
NCT06598956,Primary Myelofibrosis
NCT04438083,"Carcinoma, Renal Cell"
NCT06527872,Lupus Nephritis
NCT04338269,"Carcinoma, Renal Cell"
NCT05879822,"Carcinoma, Hepatocellular"
NCT05879822,Melanoma
NCT05879822,"Carcinoma, Non-Small-Cell Lung"
NCT05879822,"Carcinoma, Renal Cell"
NCT06643377,Renal Insufficiency
NCT07624305,"Renal Insufficiency, Chronic"
NCT07615985,"Renal Insufficiency, Chronic"
NCT06419205,"Glomerulonephritis, IGA"
NCT06419205,Lupus Nephritis
NCT06419205,"Complement Component 3 Deficiency, Autosomal Recessive"
NCT06122961,Heart Failure
NCT06122961,"Renal Insufficiency, Chronic"
NCT05694169,Diabetic Nephropathies
NCT05694169,Cakut
NCT05694169,"Renal Insufficiency, Chronic"
NCT04426357,Renal Insufficiency
NCT04724837,"Renal Insufficiency, Chronic"
NCT04724837,Kidney Diseases
NCT04649411,"Anemia, Iron-Deficiency"
NCT05800444,"Renal Insufficiency, Chronic"
NCT05955872,"Glomerulosclerosis, Focal Segmental"
NCT05461430,"Pleural Effusion, Malignant"
NCT05461430,Ascites
NCT05461430,Carcinoma
NCT05461430,"Carcinoma, Hepatocellular"
NCT05461430,"Carcinoma, Renal Cell"
NCT05461430,"Carcinoma, Small Cell"
NCT05461430,"Carcinoma, Non-Small-Cell Lung"
NCT05461430,"Carcinoma, Pancreatic Ductal"
NCT05461430,"Carcinoma, Neuroendocrine"
NCT05461430,Thymoma
NCT05461430,Pancreatic Neoplasms
NCT05461430,Breast Neoplasms
NCT05461430,Ovarian Neoplasms
NCT05461430,Urinary Bladder Neoplasms
NCT05461430,"Neoplasms, Unknown Primary"
NCT05461430,Oropharyngeal Neoplasms
NCT05461430,Laryngeal Neoplasms
NCT05461430,Esophageal Neoplasms
NCT05461430,Nasopharyngeal Neoplasms
NCT05461430,Penile Neoplasms
NCT05461430,Uterine Cervical Neoplasms
NCT05461430,Anus Neoplasms
NCT05461430,Vulvar Neoplasms
NCT05461430,Appendiceal Neoplasms
NCT05461430,Mouth Neoplasms
NCT05461430,Cholangiocarcinoma
NCT05461430,Melanoma
NCT05461430,Mesothelioma
NCT05461430,Lung Neoplasms
NCT05461430,Gastrointestinal Stromal Tumors
NCT05461430,Stomach Neoplasms
NCT05461430,Colonic Neoplasms
NCT03884400,Neoplasms
NCT03884400,Digestive System Diseases
NCT03884400,Autoimmune Diseases
NCT03884400,Nephritis
NCT07092865,Respiratory Syncytial Virus Infections
NCT06866236,"Renal Insufficiency, Chronic"
NCT06866236,Acute Kidney Injury
NCT06866236,Renal Insufficiency
NCT04733040,Glomerulonephritis
NCT04733040,"Glomerulonephritis, Membranous"
NCT06531824,"Renal Insufficiency, Chronic"
NCT04260464,Renal Insufficiency
NCT04842032,Familial Hypophosphatemic Rickets
NCT05705271,"Renal Insufficiency, Chronic"
NCT05705271,"Diabetes Mellitus, Type 2"
NCT05889806,Neoplasms
NCT05889806,Hematologic Neoplasms
NCT05889806,Digestive System Diseases
NCT05889806,Autoimmune Diseases
NCT05889806,Communicable Diseases
NCT05889806,Cardiovascular Diseases
NCT05889806,Urogenital Diseases
NCT05889806,Kidney Diseases
NCT05092347,"Renal Insufficiency, Chronic"
NCT04707248,"Carcinoma, Renal Cell"
NCT04707248,Ovarian Neoplasms
NCT07634744,"Glomerulonephritis, IGA"
NCT06352138,
NCT05460234,"Renal Insufficiency, Chronic"
NCT05460234,Hyperparathyroidism
NCT04895709,Uterine Cervical Neoplasms
NCT04895709,"Carcinoma, Non-Small-Cell Lung"
NCT04895709,Squamous Cell Carcinoma of Head and Neck
NCT04895709,"Carcinoma, Renal Cell"
NCT04895709,"Carcinoma, Transitional Cell"
NCT04895709,Melanoma
NCT04895709,Ovarian Neoplasms
NCT04895709,Triple Negative Breast Neoplasms
NCT06717698,"Renal Insufficiency, Chronic"
NCT06614712,Kidney Diseases
NCT07141030,Obesity
NCT07141030,Overweight
NCT05609812,Lupus Nephritis
NCT05609812,"Lupus Erythematosus, Systemic"
NCT04654221,Acute Kidney Injury
NCT05306210,"Renal Insufficiency, Chronic"
NCT04181762,Lupus Nephritis
NCT04181762,"Lupus Erythematosus, Systemic"
NCT05468697,"Carcinoma, Renal Cell"
NCT05468697,Kidney Neoplasms
NCT05866276,"Renal Insufficiency, Chronic"
NCT05487040,COVID-19
NCT05487040,Kidney Diseases
NCT05487040,Renal Insufficiency
NCT04810078,"Carcinoma, Renal Cell"
NCT06218290,"Kidney Failure, Chronic"
NCT06712407,"Glomerulonephritis, IGA"
NCT06712407,"Kidney Failure, Chronic"
NCT06312644,"Hemoglobinuria, Paroxysmal"
NCT06312644,Atypical Hemolytic Uremic Syndrome
NCT06312644,Myasthenia Gravis
NCT06312644,Neuromyelitis Optica
NCT05200871,"Glomerulosclerosis, Focal Segmental"
NCT05200871,"Glomerulonephritis, IGA"
NCT04542590,"Hyperoxaluria, Primary"
NCT04542590,Kidney Calculi
NCT04542590,Nephrocalcinosis
NCT05624723,Renal Insufficiency
NCT05624723,Kidney Diseases
NCT05624723,"Kidney Failure, Chronic"
NCT07523542,"Lupus Erythematosus, Systemic"
NCT07523542,Lupus Nephritis
NCT06265220,"Lupus Erythematosus, Systemic"
NCT06265220,Lupus Nephritis
NCT06238388,
NCT06289998,"Polycystic Kidney, Autosomal Dominant"
NCT04682587,"Carcinoma, Renal Cell"
NCT03831152,"Acidosis, Renal Tubular"
NCT05852938,"Glomerulonephritis, IGA"
NCT05852938,Kidney Diseases
NCT05852938,"Renal Insufficiency, Chronic"
NCT05852938,Urologic Diseases
NCT05852938,Glomerulonephritis
NCT07598448,"Glomerulonephritis, Membranoproliferative"
NCT07049926,"Carcinoma, Renal Cell"
NCT05018416,"Renal Insufficiency, Chronic"
NCT05018416,"Diabetes Mellitus, Type 1"
NCT05018416,"Diabetes Mellitus, Type 2"
NCT05505955,Glomerulonephritis
NCT06911320,Renal Insufficiency
NCT05684159,Atypical Hemolytic Uremic Syndrome
NCT07252661,"Carcinoma, Hepatocellular"
NCT07252661,"Carcinoma, Renal Cell"
NCT07252661,"Thyroid cancer, medullary"
NCT07252661,Melanoma
NCT07252661,Gallbladder Neoplasms
NCT07252661,Neoplasm Metastasis
NCT05126303,Acute Kidney Injury
NCT04513522,Kidney Neoplasms
NCT04260802,Neoplasms
NCT04260802,Neoplasm Metastasis
NCT04260802,Triple Negative Breast Neoplasms
NCT04260802,Stomach Neoplasms
NCT04260802,Uterine Cervical Neoplasms
NCT04260802,Ovarian Neoplasms
NCT04260802,"Carcinoma, Hepatocellular"
NCT04260802,Squamous Cell Carcinoma of Head and Neck
NCT04260802,"Carcinoma, Transitional Cell"
NCT04260802,"Carcinoma, Non-Small-Cell Lung"
NCT04260802,"Carcinoma, Renal Cell"
NCT04260802,"Carcinoma, Squamous Cell"
NCT04260802,Sarcoma
NCT04260802,"Carcinoma, Merkel Cell"
NCT04260802,Urinary Bladder Neoplasms
NCT05597839,"Carcinoma, Non-Small-Cell Lung"
NCT05597839,Squamous Cell Carcinoma of Head and Neck
NCT05597839,"Carcinoma, Renal Cell"
NCT07203404,Anti-Neutrophil Cytoplasmic Antibody-Associated Vasculitis
NCT07203404,Anti-Glomerular Basement Membrane Disease
NCT07203404,"Glomerulonephritis, IGA"
NCT06332755,"Carcinoma, Non-Small-Cell Lung"
NCT06332755,Squamous Cell Carcinoma of Head and Neck
NCT06332755,"Carcinoma, Renal Cell"
NCT06332755,"Carcinoma, Transitional Cell"
NCT06332755,Melanoma
NCT07104721,"Lupus Erythematosus, Systemic"
NCT07104721,Lupus Nephritis
NCT07104721,"Scleroderma, Systemic"
NCT07104721,Myositis
NCT07104721,Anti-Neutrophil Cytoplasmic Antibody-Associated Vasculitis
NCT07104721,Antiphospholipid Syndrome
NCT07104721,Recurrence
NCT07104721,Autoimmune Diseases
NCT06336148,"Carcinoma, Non-Small-Cell Lung"
NCT06336148,Head and Neck Neoplasms
NCT06336148,Esophageal Neoplasms
NCT06336148,Ovarian Neoplasms
NCT06336148,Uterine Cervical Neoplasms
NCT06336148,Stomach Neoplasms
NCT06336148,Thyroid Neoplasms
NCT06336148,"Carcinoma, Renal Cell"
NCT06336148,Mesothelioma
NCT06336148,Breast Neoplasms
NCT06336148,Pancreatic Neoplasms
NCT06336148,Colorectal Neoplasms
NCT06336148,Sarcoma
NCT06336148,Melanoma
NCT06336148,Urinary Bladder Neoplasms
NCT06336148,Cholangiocarcinoma
NCT06336148,Bile Duct Neoplasms
NCT04496089,"Carcinoma, Renal Cell"
NCT06283589,Calciphylaxis
NCT06283589,Calcinosis Cutis
NCT06283589,Calcinosis
NCT06283589,Calcium Metabolism Disorders
NCT06283589,Vascular Calcification
NCT06283589,"Kidney Failure, Chronic"
NCT06283589,"Renal Insufficiency, Chronic"
NCT06534723,Alzheimer Disease
NCT05631938,Renal Insufficiency
NCT04140526,"Carcinoma, Non-Small-Cell Lung"
NCT04140526,Melanoma
NCT04140526,"Carcinoma, Renal Cell"
NCT04140526,Colorectal Neoplasms
NCT04140526,Sarcoma
NCT04140526,Prostatic Neoplasms
NCT04140526,Ovarian Neoplasms
NCT04140526,Small Cell Lung Carcinoma
NCT04140526,Breast Neoplasms
NCT04140526,Pancreatic Neoplasms
NCT04140526,Stomach Neoplasms
NCT04140526,Esophageal Neoplasms
NCT04140526,Uterine Cervical Neoplasms
NCT04140526,"Carcinoma, Adenoid Cystic"
NCT04140526,Salivary Gland Neoplasms
NCT04140526,"Carcinoma, Transitional Cell"
NCT05858749,"Carcinoma, Renal Cell"
NCT05858749,Kidney Neoplasms
NCT04106349,"Carcinoma, Renal Cell"
NCT06425055,"Nephritis, Hereditary"
NCT07180238,Sepsis
NCT07180238,Acute Kidney Injury
NCT05386758,Renal Insufficiency
NCT05198778,Renal Insufficiency
NCT06664125,Hyperphosphatemia
NCT04162366,Hypertension
NCT04162366,"Renal Insufficiency, Chronic"
NCT07759167,"Kidney Failure, Chronic"
NCT07759167,Thrombosis
NCT07759167,Hemorrhage
NCT07759167,"Renal Insufficiency, Chronic"
NCT06642909,
NCT05809531,"Glomerulonephritis, Membranoproliferative"
NCT06734234,Kidney Diseases
NCT06734234,"Polycystic Kidney, Autosomal Dominant"
NCT06342960,Lupus Nephritis
NCT06342960,Glomerulonephritis
NCT06342960,Autoimmune Diseases
NCT06342960,"Lupus Erythematosus, Systemic"
NCT07483827,Kidney Diseases
NCT06374797,Acute Kidney Injury
NCT07079579,
NCT05485961,"Kidney Failure, Chronic"
NCT05485961,Myocardial Infarction
NCT05485961,Atherosclerosis
NCT05485961,Coronary Artery Disease
NCT05485961,Peripheral Arterial Disease
NCT05485961,Diabetes Mellitus
NCT07308574,Atypical Hemolytic Uremic Syndrome
NCT07038382,"Glomerulonephritis, Membranous"
NCT07038382,Lupus Nephritis
NCT04849650,"Kidney Failure, Chronic"
NCT04586231,"Carcinoma, Renal Cell"
NCT04398745,Multiple Myeloma
NCT04398745,"Kidney Failure, Chronic"
NCT04398745,Renal Insufficiency
NCT05865730,"Carcinoma, Renal Cell"
NCT05865730,"Carcinoma, Non-Small-Cell Lung"
NCT06310967,Hyperuricemia
NCT06310967,Renal hypouricemia
NCT06310967,"Renal Insufficiency, Chronic"
NCT04510090,Pruritus
NCT04510090,Cholestasis
NCT04510090,Renal Insufficiency
NCT07044115,Lupus Nephritis
NCT06717815,Lupus Nephritis
NCT06910657,Colorectal Neoplasms
NCT06910657,Pancreatic Neoplasms
NCT06910657,Melanoma
NCT06910657,Ovarian Neoplasms
NCT06910657,Stomach Neoplasms
NCT06910657,Esophageal Neoplasms
NCT06910657,"Carcinoma, Hepatocellular"
NCT06910657,"Carcinoma, Renal Cell"
NCT06910657,Breast Neoplasms
NCT06910657,Sarcoma
NCT06910657,Urinary Bladder Neoplasms
NCT06910657,Lung Neoplasms
NCT06910657,Prostatic Neoplasms
NCT06910657,Uterine Cervical Neoplasms
NCT06910657,Head and Neck Neoplasms
NCT06910657,Adrenal Gland Neoplasms
NCT06910657,Neoplasm Metastasis
NCT06910657,Neoplasms
NCT06910657,Vaccinia
NCT06929156,"Diabetes Mellitus, Type 2"
NCT06929156,Overweight
NCT06929156,Obesity
NCT06101901,Diabetic Nephropathies
NCT05004311,Renal Insufficiency
NCT06399419,Clear-cell metastatic renal cell carcinoma
NCT06399419,"Carcinoma, Renal Cell"
NCT06004661,Renal Insufficiency
NCT04469907,Renal Insufficiency
NCT05614102,"Carcinoma, Non-Small-Cell Lung"
NCT05614102,"Carcinoma, Renal Cell"
NCT05614102,Melanoma
NCT07072728,Adjustment Disorders
NCT07072728,Neoplasms
NCT07072728,Endometrial Neoplasms
NCT07072728,Kidney Neoplasms
NCT07072728,Prostatic Neoplasms
NCT07072728,Breast Neoplasms
NCT07072728,Stomach Neoplasms
NCT07072728,Melanoma
NCT07072728,Pancreatic Neoplasms
NCT07122401,"Hyperparathyroidism, Secondary"
NCT07122401,"Renal Insufficiency, Chronic"
NCT04221477,Lupus Nephritis
NCT06897930,"Lupus Erythematosus, Systemic"
NCT06897930,Lupus Nephritis
NCT04913272,
NCT04991571,"Renal Insufficiency, Chronic"
NCT05059444,Urinary Bladder Neoplasms
NCT05059444,Ureteral Neoplasms
NCT05059444,"Carcinoma, Non-Small-Cell Lung"
NCT05059444,Melanoma
NCT05059444,Esophageal Neoplasms
NCT05059444,Squamous Cell Carcinoma of Head and Neck
NCT05059444,"Carcinoma, Ovarian Epithelial"
NCT05059444,Fallopian Tube Neoplasms
NCT05059444,Endometrial Neoplasms
NCT05059444,"Carcinoma, Renal Cell"
NCT05059444,Rectal Neoplasms
NCT05420519,Neoplasm Metastasis
NCT05420519,"Carcinoma, Renal Cell"
NCT05585034,Squamous Cell Carcinoma of Head and Neck
NCT05585034,"Carcinoma, Non-Small-Cell Lung"
NCT05585034,"Carcinoma, Transitional Cell"
NCT05585034,"Carcinoma, Renal Cell"
NCT05585034,"Carcinoma, Ovarian Epithelial"
NCT05585034,Triple Negative Breast Neoplasms
NCT05585034,Colorectal Neoplasms
NCT07765537,
NCT04656795,Renal Insufficiency
NCT04656795,"Lymphoma, Follicular"
NCT05495581,Renal Insufficiency
NCT04504669,"Carcinoma, Renal Cell"
NCT04504669,"Carcinoma, Non-Small-Cell Lung"
NCT04504669,Triple Negative Breast Neoplasms
NCT04504669,Small Cell Lung Carcinoma
NCT04504669,Melanoma
NCT04504669,Uterine Cervical Neoplasms
NCT06372431,Hypertension
NCT06372431,"Renal Insufficiency, Chronic"
NCT05043090,"Carcinoma, Renal Cell"
NCT05043090,Neoplasm Metastasis
NCT05043090,Carcinoma
NCT05653882,"Carcinoma, Non-Small-Cell Lung"
NCT05653882,Melanoma
NCT05653882,Squamous Cell Carcinoma of Head and Neck
NCT05653882,"Carcinoma, Renal Cell"
NCT05036850,Kidney Diseases
NCT05036850,"Renal Insufficiency, Chronic"
NCT05036850,Diabetic Nephropathies
NCT05036850,Hypertensive Nephropathy
NCT05036850,Glomerulonephritis
NCT05036850,"Glomerulosclerosis, Focal Segmental"
NCT05036850,"Glomerulonephritis, Membranous"
NCT05036850,"Nephrosis, Lipoid"
NCT05036850,"Glomerulonephritis, IGA"
NCT05118074,"Renal Insufficiency, Chronic"
NCT05118074,Acute Kidney Injury
NCT04522323,"Carcinoma, Renal Cell"
NCT04522323,"Diabetes Mellitus, Insulin-Dependent, 12"
NCT05468190,Neoplasm Metastasis
NCT05468190,"Carcinoma, Renal Cell"
NCT05468190,Ovarian Neoplasms
NCT05468190,Uterine Cervical Neoplasms
NCT05534620,"Leukemia, Myeloid, Acute"
NCT05534620,Myelodysplastic Syndromes
NCT06150924,"Renal Insufficiency, Chronic"
NCT06150924,Albuminuria
NCT06150924,Hypertension
NCT06150924,Proteinuria
NCT06150924,Diabetic Nephropathies
NCT07236762,"Lupus Erythematosus, Systemic"
NCT07236762,Lupus Nephritis
NCT07236762,Sjogren's Syndrome
NCT07236762,Myositis
NCT07236762,Anti-Neutrophil Cytoplasmic Antibody-Associated Vasculitis
NCT07236762,Antiphospholipid Syndrome
NCT06690359,"Glomerulonephritis, IGA"
NCT06690359,"Glomerulonephritis, Membranous"
NCT07014631,
NCT07696962,"Kidney Failure, Chronic"
NCT07020923,"Glomerulonephritis, IGA"
NCT05037825,"Carcinoma, Non-Small-Cell Lung"
NCT05037825,Melanoma
NCT05037825,"Carcinoma, Renal Cell"
NCT05037825,Triple Negative Breast Neoplasms
NCT07390123,"Glomerulonephritis, IGA"
NCT06962891,"Renal Insufficiency, Chronic"
NCT06962891,Disease Progression
NCT05961111,Sarcoma
NCT05961111,Carcinoma
NCT05961111,Gastrointestinal Neoplasms
NCT05961111,Breast Neoplasms
NCT05961111,Lung Neoplasms
NCT05961111,Brain Neoplasms
NCT05961111,Melanoma
NCT05961111,Head and Neck Neoplasms
NCT05961111,Kidney Neoplasms
NCT06655493,
NCT05082584,Anemia
NCT05082584,"Renal Insufficiency, Chronic"
NCT05082584,Kidney Diseases
NCT07647133,"Renal Insufficiency, Chronic"
NCT07289763,
NCT05874921,"Carcinoma, Transitional Cell"
NCT05874921,Carcinoma
NCT05874921,Recurrence
NCT05874921,Neoplasms by Histologic Type
NCT05874921,Neoplasms
NCT05874921,Urologic Neoplasms
NCT05874921,Urogenital Neoplasms
NCT05874921,Neoplasms by Site
NCT07587021,Primary hyperoxaluria type 1
NCT07587021,Hyperoxaluria
NCT07587021,"Hyperoxaluria, Primary"
NCT07587021,Kidney Calculi
NCT07688187,"Carcinoma, Renal Cell"
NCT07688187,Kidney Neoplasms
NCT07557407,"Renal Insufficiency, Chronic"
NCT06294236,"Lupus Erythematosus, Systemic"
NCT06294236,Anti-Neutrophil Cytoplasmic Antibody-Associated Vasculitis
NCT06294236,Granulomatosis with Polyangiitis
NCT06294236,Microscopic Polyangiitis
NCT06294236,Autoimmune Diseases
NCT06294236,Lupus Nephritis
NCT06294236,Vasculitis
NCT04788394,Acute Kidney Injury
NCT04788394,COVID-19
NCT04788394,Renal Insufficiency
NCT04788394,Coronavirus Infections
NCT07143331,Alzheimer Disease
NCT07143331,"Renal Insufficiency, Chronic"
NCT04727528,Hyperkalemia
NCT04727528,Acidosis
NCT04727528,"Renal Insufficiency, Chronic"
NCT04498156,"Renal Insufficiency, Chronic"
NCT04498156,"Diabetes Mellitus, Type 2"
NCT05003986,"Glomerulosclerosis, Focal Segmental"
NCT05003986,"Nephrosis, Lipoid"
NCT05003986,"Glomerulonephritis, IGA"
NCT05003986,IgA Vasculitis
NCT05003986,"Nephritis, Hereditary"
NCT05003986,"Macular dystrophy, corneal type 1"
NCT06465069,Neoplasm Metastasis
NCT06465069,Urinary Bladder Neoplasms
NCT06465069,Triple Negative Breast Neoplasms
NCT06465069,"Carcinoma, Non-Small-Cell Lung"
NCT06465069,Esophageal Neoplasms
NCT06465069,Pancreatic Neoplasms
NCT06465069,Ovarian Neoplasms
NCT06465069,Uterine Cervical Neoplasms
NCT06465069,Squamous Cell Carcinoma of Head and Neck
NCT06465069,Prostatic Neoplasms
NCT06465069,Urologic Neoplasms
NCT06465069,Ureteral Neoplasms
NCT06245642,"Fatigue Syndrome, Chronic"
NCT05283746,Renal Insufficiency
NCT07616700,"Glomerulonephritis, IGA"
NCT06610526,"Renal Insufficiency, Chronic"
NCT05704985,Neoplasms
NCT05704985,Colorectal Neoplasms
NCT05704985,Pancreatic Neoplasms
NCT05704985,"Carcinoma, Non-Small-Cell Lung"
NCT05704985,Head and Neck Neoplasms
NCT05704985,Skin Neoplasms
NCT05704985,Kidney Neoplasms
NCT04969315,"Carcinoma, Renal Cell"
NCT04969315,"Carcinoma, Non-Small-Cell Lung"
NCT04969315,Squamous Cell Carcinoma of Head and Neck
NCT04969315,Colorectal Neoplasms
NCT04969315,Endometrial Neoplasms
NCT04969315,Ovarian Neoplasms
NCT05348733,"Renal Insufficiency, Chronic"
NCT05348733,"Diabetes Mellitus, Type 2"
NCT07494435,"Carcinoma, Renal Cell"
NCT05812417,Renal Insufficiency
NCT07345689,Hepatic Insufficiency
NCT07345689,Renal Insufficiency
NCT05441826,"Nephrosis, Lipoid"
NCT05441826,"Glomerulosclerosis, Focal Segmental"
NCT04573478,"Glomerulonephritis, IGA"
NCT04573478,Kidney Diseases
NCT04573478,"Renal Insufficiency, Chronic"
NCT04573478,Urologic Diseases
NCT04573478,Glomerulonephritis
NCT07115043,Melanoma
NCT07115043,"Carcinoma, Non-Small-Cell Lung"
NCT07115043,"Carcinoma, Squamous Cell"
NCT07115043,"Carcinoma, Renal Cell"
NCT07115043,"Carcinoma, Merkel Cell"
NCT07115043,Triple Negative Breast Neoplasms
NCT07115043,Squamous Cell Carcinoma of Head and Neck
NCT07115043,Stomach Neoplasms
NCT06922305,"Glomerulonephritis, IGA"
NCT06922305,"Hepatitis, Autoimmune"
NCT04865770,"Diabetes Mellitus, Type 2"
NCT04865770,"Renal Insufficiency, Chronic"
NCT04626505,"Renal Insufficiency, Chronic"
NCT04626505,Inflammation
NCT05668403,
NCT07749586,Hereditary Sensory and Autonomic Neuropathies
NCT07749586,"Carcinoma, Non-Small-Cell Lung"
NCT07749586,"Carcinoma, Renal Cell"
NCT07749586,Melanoma
NCT07749586,Stomach Neoplasms
NCT07749586,Esophageal Neoplasms
NCT07749586,"Carcinoma, Transitional Cell"
NCT07749586,Colorectal Neoplasms
NCT07749586,Triple Negative Breast Neoplasms
NCT07749586,Ovarian Neoplasms
NCT07749586,Uterine Cervical Neoplasms
NCT07749586,"Carcinoma, Merkel Cell"
NCT07749586,Nasopharyngeal Carcinoma
NCT07749586,Small Cell Lung Carcinoma
NCT07749586,"Carcinoma, Hepatocellular"
NCT06581198,"Lupus Erythematosus, Systemic"
NCT06581198,Lupus Nephritis
NCT03994471,"Kidney Failure, Chronic"
NCT07228364,"Polycystic Kidney, Autosomal Dominant"
NCT05252585,Angiomyolipoma
NCT05252585,Tuberous Sclerosis
NCT06466135,Diabetic Nephropathies
NCT06466135,"Nephrosis, Lipoid"
NCT06466135,"Glomerulonephritis, IGA"
NCT05781750,Lupus Nephritis
NCT05781750,"Lupus Erythematosus, Systemic"
NCT06792552,Fallopian Tube Neoplasms
NCT06792552,"Carcinoma, Renal Cell"
NCT06792552,"Carcinoma, Non-Small-Cell Lung"
NCT04880291,Kidney Diseases
NCT04880291,Diabetic Nephropathies
NCT04880291,Diabetes Complications
NCT04880291,Diabetes Mellitus
NCT04880291,Endocrine System Diseases
NCT07642050,"Glomerulonephritis, IGA"
NCT07642050,"Renal Insufficiency, Chronic"
NCT07642050,Kidney Diseases
NCT07642050,Proteinuria
NCT07642050,Nephritis
NCT07642050,Urologic Diseases
NCT07642050,Glomerulonephritis
NCT05947097,Renal Insufficiency
NCT05901831,"Renal Insufficiency, Chronic"
NCT05901831,"Diabetes Mellitus, Type 1"
NCT04994522,"Kidney Failure, Chronic"
NCT04994522,Renal Insufficiency
NCT06600412,Diabetic Nephropathies
NCT06099236,Atypical Hemolytic Uremic Syndrome
NCT07123519,"Lupus Erythematosus, Systemic"
NCT07123519,Lupus Nephritis
NCT07123519,Myositis
NCT07123519,Anti-Neutrophil Cytoplasmic Antibody-Associated Vasculitis
NCT07123519,Antiphospholipid Syndrome
NCT07123519,Recurrence
NCT07123519,Autoimmune Diseases
NCT05086107,Renal Insufficiency
NCT05281328,Polycystic liver disease
NCT05281328,"Polycystic Kidney, Autosomal Dominant"
NCT05366881,Brain Neoplasms
NCT05366881,Breast Neoplasms
NCT05366881,Urinary Bladder Neoplasms
NCT05366881,Uterine Cervical Neoplasms
NCT05366881,Colorectal Neoplasms
NCT05366881,Endometrial Neoplasms
NCT05366881,Esophageal Neoplasms
NCT05366881,Stomach Neoplasms
NCT05366881,Head and Neck Neoplasms
NCT05366881,Leukemia
NCT05366881,Lung Neoplasms
NCT05366881,Lymphoma
NCT05366881,Multiple Myeloma
NCT05366881,Ovarian Neoplasms
NCT05366881,Pancreatic Neoplasms
NCT05366881,Prostatic Neoplasms
NCT05366881,Kidney Neoplasms
NCT05366881,Sarcoma
NCT05366881,Thyroid Neoplasms
NCT06962774,Renal Insufficiency
NCT06466785,
NCT05075408,"Renal Insufficiency, Chronic"
NCT07109986,"Lupus Erythematosus, Systemic"
NCT07109986,Lupus Nephritis
NCT05483088,Acute Kidney Injury
NCT07235059,"Renal Insufficiency, Chronic"
NCT04294459,Immune System Diseases
NCT03945773,"Carcinoma, Renal Cell"
NCT04549597,Hyperphosphatemia
NCT04623710,Renal Insufficiency
NCT07364396,Lupus Nephritis
NCT07364396,"Lupus Erythematosus, Systemic"
NCT04064346,"Polycystic Kidney, Autosomal Dominant"
NCT07487727,Anemia
NCT05404542,Renal Insufficiency
NCT06242470,Neoplasm Metastasis
NCT06242470,Squamous Cell Carcinoma of Head and Neck
NCT06242470,"Carcinoma, Non-Small-Cell Lung"
NCT06242470,Small Cell Lung Carcinoma
NCT06242470,Urinary Bladder Neoplasms
NCT06242470,Sarcoma
NCT06242470,Endometrial Neoplasms
NCT06242470,Melanoma
NCT06242470,"Prostatic Neoplasms, Castration-Resistant"
NCT06242470,Uterine Cervical Neoplasms
NCT06242470,Colorectal Neoplasms
NCT06242470,Stomach Neoplasms
NCT06242470,Pancreatic Neoplasms
NCT06242470,"Carcinoma, Renal Cell"
NCT06242470,"Carcinoma, Hepatocellular"
NCT06242470,Breast Neoplasms
NCT06242470,Ovarian Neoplasms
NCT06242470,Esophageal Squamous Cell Carcinoma
NCT07555054,"Renal Insufficiency, Chronic"
NCT06819826,"Glomerulonephritis, IGA"
NCT06942910,Kidney Diseases
NCT04249908,Renal Insufficiency
NCT07195682,"Carcinoma, Renal Cell"
NCT07195682,Clear-cell metastatic renal cell carcinoma
NCT07195682,Kidney Neoplasms
NCT07729826,Lupus Nephritis
NCT07729826,"Lupus Erythematosus, Systemic"
NCT07729826,Autoimmune Diseases
NCT05636891,"Renal Insufficiency, Chronic"
NCT05497297,Renal Insufficiency
NCT06699849,"Anemia, Sickle Cell"
NCT06699849,Acute Kidney Injury
NCT06699849,Acute Chest Syndrome
NCT06699849,Vaso-Occlusive Crises
NCT05521191,"Polycystic Kidney, Autosomal Dominant"
NCT06910813,Cystinosis
NCT06910813,Lysosomal Storage Diseases
NCT06910813,Fanconi Syndrome
NCT04971590,"Lupus Erythematosus, Systemic"
NCT04971590,Lupus Nephritis
NCT05970172,"Renal Insufficiency, Chronic"
NCT05970172,"Kidney Failure, Chronic"
NCT05970172,Anemia
NCT05707377,
NCT05134701,Heart Failure
NCT05134701,"Renal Insufficiency, Chronic"
NCT04985357,Breast Neoplasms
NCT04985357,Lung Neoplasms
NCT04985357,Carcinoma
NCT04985357,Pancreatic Neoplasms
NCT04985357,"Carcinoma, Non-Small-Cell Lung"
NCT04985357,Prostatic Neoplasms
NCT04985357,"Carcinoma, Hepatocellular"
NCT04985357,"Carcinoma, Renal Cell"
NCT04985357,"Carcinoma, Neuroendocrine"
NCT04985357,Small Cell Lung Carcinoma
NCT04985357,Ovarian Neoplasms
NCT04985357,Urinary Bladder Neoplasms
NCT04985357,Esophageal Neoplasms
NCT04985357,Uterine Cervical Neoplasms
NCT04985357,Thymoma
NCT04985357,"Carcinoma, Ductal"
NCT04985357,Lip Neoplasms
NCT04985357,Mouth Neoplasms
NCT04985357,"Neoplasms, Unknown Primary"
NCT04985357,Anus Neoplasms
NCT04985357,Laryngeal Neoplasms
NCT04985357,Penile Neoplasms
NCT04985357,Oropharyngeal Neoplasms
NCT04985357,Appendiceal Neoplasms
NCT04985357,Paranasal Sinus Neoplasms
NCT04985357,Vulvar Neoplasms
NCT04985357,"Pleural Effusion, Malignant"
NCT04985357,Mesothelioma
NCT04985357,Cholangiocarcinoma
NCT07582133,"Glomerulonephritis, IGA"
NCT06090318,Melanoma
NCT06090318,Squamous Cell Carcinoma of Head and Neck
NCT06090318,"Carcinoma, Renal Cell"
NCT06090318,Mesothelioma
NCT06090318,Stomach Neoplasms
NCT07716618,"Renal Insufficiency, Chronic"
NCT05457283,"Renal Insufficiency, Chronic"
NCT05457283,Proteinuria
NCT06039254,"Renal Insufficiency, Chronic"
NCT07369505,"Carcinoma, Renal Cell"
NCT07369505,Neuroendocrine Tumors
NCT07369505,Tuberous Sclerosis
NCT07369505,"Carcinoma, Hepatocellular"
NCT05899049,"Carcinoma, Renal Cell"
NCT05899049,"Parkinson Disease 4, Autosomal Dominant Lewy Body"
NCT06864585,Communicable Diseases
NCT06864585,Sepsis
NCT06864585,Renal Insufficiency
NCT05638126,"Renal Insufficiency, Chronic"
NCT05128487,"Carcinoma, Renal Cell"
NCT05128487,Kidney Neoplasms
NCT05128487,Adenocarcinoma
NCT05128487,"Carcinoma, Non-Small-Cell Lung"
NCT05128487,Hereditary Sensory and Autonomic Neuropathies
NCT07741604,Renal Insufficiency
NCT07713758,Phenylketonurias
NCT04541043,"Glomerulonephritis, IGA"
NCT07161037,"Polycystic Kidney, Autosomal Dominant"
NCT04152837,"Polycystic Kidney, Autosomal Dominant"
NCT04696731,Clear-cell metastatic renal cell carcinoma
NCT04696731,"Carcinoma, Renal Cell"
NCT04020055,Fabry Disease
NCT04020055,Kidney Diseases
NCT04020055,Renal Insufficiency
NCT04020055,"Kidney Failure, Chronic"
NCT04489771,"Carcinoma, Renal Cell"
NCT04489771,Kidney Neoplasms
NCT07517198,Small Cell Lung Carcinoma
NCT07517198,"Carcinoma, Non-Small-Cell Lung"
NCT07517198,Prostatic Neoplasms
NCT07517198,Ovarian Neoplasms
NCT07517198,"Carcinoma, Renal Cell"
NCT07517198,Margins of Excision
NCT07517198,Squamous Cell Carcinoma of Head and Neck
NCT07517198,Liver Neoplasms
NCT07517198,Stomach Neoplasms
NCT07517198,Triple Negative Breast Neoplasms
NCT06670534,
NCT06377228,Lupus Nephritis
NCT06377228,"Scleroderma, Systemic"
NCT06525636,Familial Hypophosphatemic Rickets
NCT06525636,Bone Diseases
NCT06525636,Metabolic Diseases
NCT06525636,Musculoskeletal Diseases
NCT06525636,Rare Diseases
NCT06525636,Hypophosphatemia
NCT06525636,Kidney Diseases
NCT07614477,"Nephrosis, Lipoid"
NCT07614477,"Glomerulonephritis, IGA"
NCT07614477,"Glomerulosclerosis, Focal Segmental"
NCT04939116,Proteinuria
NCT04939116,"Renal Insufficiency, Chronic"
NCT05042206,"Renal Insufficiency, Chronic"
NCT06630247,Neoplasm Metastasis
NCT06630247,"Carcinoma, Renal Cell"
NCT06630247,"Carcinoma, Transitional Cell"
NCT07753993,"Renal Insufficiency, Chronic"
NCT05198284,Diabetic Nephropathies
NCT05198284,"Renal Insufficiency, Chronic"
NCT05718843,Renal Insufficiency
NCT06840548,"Carcinoma, Renal Cell"
NCT06597201,"Kidney Failure, Chronic"
NCT06597201,Malnutrition
NCT05650164,"Carcinoma, Renal Cell"
NCT07419841,"Carcinoma, Hepatocellular"
NCT07419841,Endometrial Neoplasms
NCT07419841,"Carcinoma, Renal Cell"
NCT07429045,Overweight
NCT07429045,Obesity
NCT05795595,"Carcinoma, Renal Cell"
NCT05795595,Uterine Cervical Neoplasms
NCT05795595,Esophageal Neoplasms
NCT05795595,"Mesothelioma, Malignant"
NCT05795595,Carcinoma
NCT06675175,"Renal Insufficiency, Chronic"
NCT06675175,Atherosclerosis
NCT04142970,"Renal Insufficiency, Chronic"
NCT06406205,Lupus Nephritis
NCT07323095,"Renal Insufficiency, Chronic"
NCT05732402,Lupus Nephritis
NCT05732402,"Glomerulonephritis, IGA"
NCT05732402,"Glomerulonephritis, Membranous"
NCT05732402,Anti-Neutrophil Cytoplasmic Antibody-Associated Vasculitis
NCT05732402,Microscopic Polyangiitis
NCT05732402,Granulomatosis with Polyangiitis
NCT05732402,Churg-Strauss Syndrome
NCT05611957,Renal Insufficiency
NCT07201129,Lupus Nephritis
NCT07201129,"Lupus Erythematosus, Systemic"
NCT07746895,Glomerulonephritis
NCT07746895,Rare Diseases
NCT07470177,"Polycystic Kidney, Autosomal Dominant"
NCT07293351,"Carcinoma, Renal Cell"
NCT06415214,Diabetic Nephropathies
NCT06415214,"Diabetes Mellitus, Type 2"
NCT07053800,Lupus Nephritis
NCT07053800,"Lupus Erythematosus, Systemic"
NCT05799287,"Glomerulonephritis, IGA"
NCT05799287,Autoimmune Diseases
NCT05799287,Immune System Diseases
NCT06058078,Lupus Nephritis
NCT05581004,Squamous Cell Carcinoma of Head and Neck
NCT05581004,Melanoma
NCT05581004,Esophageal Neoplasms
NCT05581004,Stomach Neoplasms
NCT05581004,Uterine Cervical Neoplasms
NCT05581004,Colorectal Neoplasms
NCT05581004,"Carcinoma, Transitional Cell"
NCT05581004,"Carcinoma, Renal Cell"
NCT05708950,Neoplasms
NCT05708950,Melanoma
NCT05708950,Carcinoma
NCT05708950,Sarcoma
NCT05708950,Lung Neoplasms
NCT05708950,Prostatic Neoplasms
NCT05708950,Breast Neoplasms
NCT05708950,Colonic Neoplasms
NCT05708950,Uterine Neoplasms
NCT05708950,Pancreatic Neoplasms
NCT05708950,Stomach Neoplasms
NCT05708950,Esophageal Neoplasms
NCT05708950,Thyroid Neoplasms
NCT05708950,Ovarian Neoplasms
NCT05708950,Kidney Neoplasms
NCT05708950,Head and Neck Neoplasms
NCT05656040,"Kidney Failure, Chronic"
NCT04646889,Renal Insufficiency
NCT06299163,Ovarian Neoplasms
NCT06299163,Fallopian Tube Neoplasms
NCT06299163,Endometrial Neoplasms
NCT06299163,Adenocarcinoma of Lung
NCT06299163,Triple Negative Breast Neoplasms
NCT06299163,Liposarcoma
NCT06299163,Leiomyosarcoma
NCT06299163,"Mesothelioma, Malignant"
NCT06299163,Melanoma
NCT06299163,"Carcinoma, Renal Cell"
NCT05086549,Diabetic Nephropathies
NCT05086549,Proteinuria
NCT05086549,Essential Hypertension
NCT07222917,"Renal Insufficiency, Chronic"
NCT07222917,Hypertension
NCT05407389,
NCT05861947,Recurrence
NCT05861947,"Carcinoma, Non-Small-Cell Lung"
NCT05861947,Stomach Neoplasms
NCT05861947,"Carcinoma, Transitional Cell"
NCT05861947,Kidney Neoplasms
NCT05861947,Colonic Neoplasms
NCT05861947,Esophageal Neoplasms
NCT05996835,Sepsis
NCT05996835,Acute Kidney Injury
NCT04340362,"Glomerulosclerosis, Focal Segmental"
NCT06047379,Astrocytoma
NCT06047379,Glioblastoma
NCT06047379,Brain Neoplasms
NCT06047379,Uterine Cervical Neoplasms
NCT06047379,Colorectal Neoplasms
NCT06047379,Esophageal Neoplasms
NCT06047379,Esophageal Squamous Cell Carcinoma
NCT06047379,Stomach Neoplasms
NCT06047379,Squamous Cell Carcinoma of Head and Neck
NCT06047379,Melanoma
NCT06047379,"Carcinoma, Merkel Cell"
NCT06047379,"Carcinoma, Non-Small-Cell Lung"
NCT06047379,"Carcinoma, Renal Cell"
NCT06047379,Small Cell Lung Carcinoma
NCT06047379,"Carcinoma, Squamous Cell"
NCT06047379,"Carcinoma, Transitional Cell"
NCT06047379,Central Nervous System Neoplasms
NCT06037031,Renal Insufficiency
NCT03606746,Renal Insufficiency
NCT05356403,"Renal Insufficiency, Chronic"
NCT05356403,Pruritus
NCT05356403,"Kidney Failure, Chronic"
NCT05433142,"Carcinoma, Renal Cell"
NCT05433142,Kidney Neoplasms
NCT05433142,Lung Neoplasms
NCT05433142,Colonic Neoplasms
NCT06712654,Hyperphosphatemia
NCT07363460,Lupus Nephritis
NCT04819490,Familial Hypophosphatemic Rickets
NCT05268289,Lupus Nephritis
NCT05268289,Proteinuria
NCT05268289,"Lupus Erythematosus, Systemic"
NCT07722585,"Renal Insufficiency, Chronic"
NCT06982040,"Glomerulonephritis, IGA"
NCT04626518,"Carcinoma, Renal Cell"
NCT04626518,"Parkinson Disease 4, Autosomal Dominant Lewy Body"
NCT05363280,Small Cell Lung Carcinoma
NCT05363280,"Carcinoma, Renal Cell"
NCT05363280,"Carcinoma, Non-Small-Cell Lung"
NCT05286853,"Diabetes Mellitus, Type 2"
NCT05286853,"Renal Insufficiency, Chronic"
NCT04534439,Diabetic Nephropathies
NCT04534439,"Diabetes Mellitus, Type 2"
NCT07015983,"Lupus Erythematosus, Systemic"
NCT07015983,Lupus Nephritis
NCT05914259,"Renal Insufficiency, Chronic"
NCT05696613,Kidney Diseases
NCT05696613,Nephritis
NCT05136456,
NCT06690242,"Hyperparathyroidism, Secondary"
NCT05721222,"Carcinoma, Renal Cell"
NCT05721222,Nasopharyngeal Carcinoma
NCT05721222,"Lymphoma, Non-Hodgkin"
NCT04755088,Renal Insufficiency
NCT05001269,"Hyperoxaluria, Primary"
NCT05001269,Primary hyperoxaluria type 1
NCT05001269,Primary hyperoxaluria type 2
NCT05673603,Renal Insufficiency
NCT05182840,"Renal Insufficiency, Chronic"
NCT07231679,"Renal Insufficiency, Chronic"
NCT05797610,"Glomerulonephritis, IGA"
NCT05758896,Acute Kidney Injury
NCT05918523,Diabetic Nephropathies
NCT05918523,"Renal Insufficiency, Chronic"
NCT05936138,Renal Insufficiency
NCT07305974,"Glomerulonephritis, IGA"
NCT04573920,"Glomerulonephritis, IGA"
NCT04573920,"Glomerulosclerosis, Focal Segmental"
NCT04573920,"Nephritis, Hereditary"
NCT04573920,Diabetic Nephropathies
NCT03673748,Lupus Nephritis
NCT03673748,Autoimmune Diseases
NCT03673748,"Lupus Erythematosus, Systemic"
NCT05232864,Lupus Nephritis
NCT05293704,
NCT06983028,Nephrotic Syndrome
NCT06983028,"Macular dystrophy, corneal type 1"
NCT06983028,"Glomerulonephritis, IGA"
NCT06983028,Glomerulonephritis
NCT06983028,Nephritis
NCT06983028,Autoimmune Diseases
NCT06983028,Immune System Diseases
NCT06983028,Kidney Diseases
NCT04272034,"Carcinoma, Transitional Cell"
NCT04272034,Uterine Cervical Neoplasms
NCT04272034,Esophageal Squamous Cell Carcinoma
NCT04272034,"Carcinoma, Merkel Cell"
NCT04272034,Small Cell Lung Carcinoma
NCT04272034,Mesothelioma
NCT04272034,Nasopharyngeal Carcinoma
NCT04272034,"Carcinoma, Basal Cell"
NCT04272034,Neoplasm Metastasis
NCT04272034,"Carcinoma, Renal Cell"
NCT04272034,Endometrial Neoplasms
NCT04272034,Anus Neoplasms
NCT05731804,Renal Insufficiency
NCT05491642,"Renal Insufficiency, Chronic"
NCT05491642,Hypertension
NCT04518046,"Carcinoma, Renal Cell"
NCT05360680,Colorectal Neoplasms
NCT05360680,Stomach Neoplasms
NCT05360680,Pancreatic Neoplasms
NCT05360680,Ovarian Neoplasms
NCT05360680,Wilms Tumor
NCT05282966,"Rejection, Psychology"
NCT05282966,Kidney Diseases
NCT07623369,"Carcinoma, Non-Small-Cell Lung"
NCT07623369,"Carcinoma, Hepatocellular"
NCT07623369,Colorectal Neoplasms
NCT07623369,Squamous Cell Carcinoma of Head and Neck
NCT07623369,"Carcinoma, Renal Cell"
NCT07623369,Endometrial Neoplasms
NCT07623369,Uterine Cervical Neoplasms
NCT07623369,Small Cell Lung Carcinoma
NCT07623369,Triple Negative Breast Neoplasms
NCT07623369,"Carcinoma, Transitional Cell"
NCT07623369,Ovarian Neoplasms
NCT06742762,Renal Insufficiency
NCT04908462,"Polycystic Kidney, Autosomal Dominant"
NCT05962788,Lupus Nephritis
NCT05096182,"Renal Insufficiency, Chronic"
NCT06559527,"Diabetes Mellitus, Type 2"
NCT06559527,Obesity
NCT06559527,Overweight
NCT04555486,"Hyperoxaluria, Primary"
NCT06925542,"Lupus Erythematosus, Systemic"
NCT06925542,Lupus Nephritis
NCT06925542,"Scleroderma, Systemic"
NCT06925542,Myositis
NCT06925542,"Scleroderma, Diffuse"
NCT06742723,"Renal Insufficiency, Chronic"
NCT06742723,Hypertension
NCT06763146,"Renal Insufficiency, Chronic"
NCT06763146,"Diabetes Mellitus, Type 2"
NCT07251075,"Renal Insufficiency, Chronic"
NCT07251075,Acute Kidney Injury
NCT06851845,Kidney Diseases
NCT07489495,"Carcinoma, Renal Cell"
NCT06287073,"Renal Insufficiency, Chronic"
NCT05161936,Kidney Calculi
NCT05774392,"Renal Insufficiency, Chronic"
NCT05774392,"Kidney Failure, Chronic"
NCT06764771,Colorectal Neoplasms
NCT06764771,"Carcinoma, Renal Cell"
NCT06764771,"Carcinoma, Non-Small-Cell Lung"
NCT06764771,Neoplasms
NCT06790498,Diabetic Nephropathies
NCT06790498,"Renal Insufficiency, Chronic"
NCT05323136,Acute Coronary Syndrome
NCT06606093,
NCT06818136,Hematuria
NCT05013099,Melanoma
NCT05013099,"Carcinoma, Merkel Cell"
NCT05013099,"Carcinoma, Renal Cell"
NCT05013099,"Carcinoma, Non-Small-Cell Lung"
NCT07084909,"Carcinoma, Renal Cell"
NCT07084909,Kidney Neoplasms
NCT05679401,Anti-Glomerular Basement Membrane Disease
NCT05679401,Rapidly progressive glomerulonephritis with pulmonary hemorrhage
NCT05462119,Hyperkalemia
NCT04248439,Fanconi Syndrome
NCT04248439,Anemia
NCT04248439,Bone Marrow Failure Disorders
NCT06557265,Lupus Nephritis
NCT06248567,Renal Insufficiency
NCT06016036,
NCT04905212,"Glomerulonephritis, IGA"
NCT05711381,Renal Insufficiency
NCT05309200,Fibrosis
NCT05309200,Ascites
NCT05309200,Hepatorenal Syndrome
NCT05309200,Acute Kidney Injury
NCT07607600,Familial Hypophosphatemic Rickets
NCT04913337,Mesothelioma
NCT04913337,Glioblastoma
NCT04913337,"Carcinoma, Renal Cell"
NCT04913337,"Carcinoma, Non-Small-Cell Lung"
NCT04913337,Melanoma
NCT04913337,Stomach Neoplasms
NCT04913337,Squamous Cell Carcinoma of Head and Neck
NCT04913337,Cholangiocarcinoma
NCT04913337,Breast Neoplasms
NCT04913337,Ovarian Neoplasms
NCT04913337,Uterine Cervical Neoplasms
NCT04913337,Colorectal Neoplasms
NCT04913337,Esophageal Neoplasms
NCT06933472,Hyperphosphatemia
NCT06933472,"Renal Insufficiency, Chronic"
NCT07172802,Neoplasm Metastasis
NCT07172802,"Carcinoma, Non-Small-Cell Lung"
NCT07172802,Squamous Cell Carcinoma of Head and Neck
NCT07172802,Pancreatic Neoplasms
NCT07172802,"Carcinoma, Renal Cell"
NCT05379829,"Renal Insufficiency, Chronic"
NCT06858319,Kidney Diseases
NCT06858319,"Renal Insufficiency, Chronic"
NCT06858319,Urologic Diseases
NCT06858319,Glomerulonephritis
NCT06858319,"Glomerulonephritis, IGA"
NCT06858319,Female Urogenital Diseases
NCT06858319,Female Urogenital Diseases and Pregnancy Complications
NCT06858319,Urogenital Diseases
NCT06858319,Male Urogenital Diseases
NCT06858319,Nephritis
NCT06858319,Autoimmune Diseases
NCT06858319,Immune System Diseases
NCT04627831,
NCT04566653,"Renal Insufficiency, Chronic"
NCT04566653,Hyperkalemia
NCT06598631,"Renal Insufficiency, Chronic"
NCT07161843,Acute Kidney Injury
NCT07161843,Kidney Cortex Necrosis
NCT06942923,Atherosclerosis
NCT06942923,"Renal Insufficiency, Chronic"
NCT06942923,"Diabetes Mellitus, Type 2"
NCT06942923,Obesity
NCT07160829,Atherosclerosis
NCT07160829,Heart Failure
NCT07160829,"Renal Insufficiency, Chronic"
NCT05783622,"Carcinoma, Non-Small-Cell Lung"
NCT05783622,"Carcinoma, Renal Cell"
NCT05783622,Squamous Cell Carcinoma of Head and Neck
NCT05783622,Colorectal Neoplasms
NCT05783622,Small Cell Lung Carcinoma
NCT05783622,Triple Negative Breast Neoplasms
NCT05277051,Neoplasms
NCT05277051,Neoplasm Metastasis
NCT05277051,Squamous Cell Carcinoma of Head and Neck
NCT05277051,"Carcinoma, Non-Small-Cell Lung"
NCT05277051,Breast Neoplasms
NCT05277051,"Carcinoma, Renal Cell"
NCT05277051,Stomach Neoplasms
NCT05277051,Colorectal Neoplasms
NCT05277051,Endometrial Neoplasms
NCT06468826,"Kidney Failure, Chronic"
NCT05832931,"Hyperparathyroidism, Secondary"
NCT05832931,"Kidney Failure, Chronic"
NCT06487845,"Renal Insufficiency, Chronic"
NCT07268638,"Glomerulosclerosis, Focal Segmental"
NCT07268638,"Renal Insufficiency, Chronic"
NCT07268638,Proteinuria
NCT04096313,Diabetes Mellitus
NCT04096313,Kidney Diseases
NCT04096313,Metabolic Diseases
NCT06454110,"Glomerulonephritis, IGA"
NCT07234474,
NCT07450820,"Renal Insufficiency, Chronic"
NCT04817774,"Kidney Failure, Chronic"
NCT05661955,"Carcinoma, Transitional Cell"
NCT05661955,"Carcinoma, Renal Cell"
NCT05661955,Melanoma
NCT05067127,"Glomerulonephritis, Membranoproliferative"
NCT07134335,Obesity
NCT07134335,Overweight
NCT07134335,"Renal Insufficiency, Chronic"
NCT05847920,"Glomerulonephritis, IGA"
NCT05515367,"Renal Insufficiency, Chronic"
NCT05891171,Urinary Bladder Neoplasms
NCT05891171,Uterine Cervical Neoplasms
NCT05891171,Esophageal Neoplasms
NCT05891171,Stomach Neoplasms
NCT05891171,Squamous Cell Carcinoma of Head and Neck
NCT05891171,"Carcinoma, Non-Small-Cell Lung"
NCT05891171,Ovarian Neoplasms
NCT05891171,"Carcinoma, Renal Cell"
NCT05891171,Triple Negative Breast Neoplasms
NCT04960514,Diabetic Nephropathies
NCT04960514,"Renal Insufficiency, Chronic"
NCT04960514,"Lymphoma, Follicular"
NCT05795140,Atypical Hemolytic Uremic Syndrome
NCT05795140,Thrombotic Microangiopathies
NCT05795140,"Glomerulonephritis, Membranoproliferative"
NCT06318676,Renal Insufficiency
NCT06318676,"Renal Insufficiency, Chronic"
NCT06318676,"Kidney Failure, Chronic"
NCT05526157,"Renal Insufficiency, Chronic"
NCT05526157,"Diabetes Mellitus, Type 2"
NCT05769595,"Kidney Failure, Chronic"
NCT04152200,Primary hyperoxaluria type 1
NCT04152200,"Hyperoxaluria, Primary"
NCT04152200,Hyperoxaluria
NCT04704219,"Carcinoma, Renal Cell"
NCT04704219,"Parkinson Disease 4, Autosomal Dominant Lewy Body"
NCT05858736,Melanoma
NCT05858736,"Carcinoma, Non-Small-Cell Lung"
NCT05858736,Squamous Cell Carcinoma of Head and Neck
NCT05858736,Fallopian Tube Neoplasms
NCT05858736,Endometrial Neoplasms
NCT05858736,Uterine Cervical Neoplasms
NCT05858736,"Carcinoma, Renal Cell"
NCT05858736,Urinary Bladder Neoplasms
NCT05858736,Esophageal Neoplasms
NCT05858736,Stomach Neoplasms
NCT05858736,Colorectal Neoplasms
NCT05858736,Anus Neoplasms
NCT05858736,"Carcinoma, Hepatocellular"
NCT05858736,Bile Duct Neoplasms
NCT07499700,"Nephrosis, Lipoid"
NCT07499700,"Glomerulosclerosis, Focal Segmental"
NCT06397872,Renal Insufficiency
NCT06747247,"Hyperparathyroidism, Secondary"
NCT04147871,Cystinuria
NCT07606352,
NCT04440943,"Carcinoma, Non-Small-Cell Lung"
NCT04440943,Breast Neoplasms
NCT04440943,Stomach Neoplasms
NCT04440943,"Carcinoma, Renal Cell"
NCT04440943,Ovarian Neoplasms
NCT04440943,Fallopian Tube Neoplasms
NCT04440943,Cholangiocarcinoma
NCT04440943,Esophageal Neoplasms
NCT04440943,Liver Neoplasms
NCT04440943,Head and Neck Neoplasms
NCT05024214,"Carcinoma, Non-Small-Cell Lung"
NCT05024214,"Carcinoma, Renal Cell"
NCT05024214,"Carcinoma, Hepatocellular"
NCT04885647,Anemia
NCT04885647,"Renal Insufficiency, Chronic"
NCT04743804,Thrombotic Microangiopathies
NCT04743804,Acute Kidney Injury
NCT04456816,
NCT04637204,"Carcinoma, Renal Cell"
NCT06036758,Acute Kidney Injury
NCT04991740,Neoplasms
NCT04991740,Kidney Neoplasms
NCT04991740,Ovarian Neoplasms
NCT04991740,Colorectal Neoplasms
NCT06582017,Ovarian Neoplasms
NCT06582017,Pancreatic Neoplasms
NCT06582017,"Carcinoma, Transitional Cell"
NCT06582017,"Carcinoma, Renal Cell"
NCT06582017,"Carcinoma, Hepatocellular"
NCT06582017,Gastrointestinal Neoplasms
NCT06582017,Lung Neoplasms
NCT06582017,Prostatic Neoplasms
NCT06582017,Breast Neoplasms
NCT07348718,Diabetic Nephropathies
NCT07348718,"Renal Insufficiency, Chronic"
NCT07348718,"Diabetes Mellitus, Type 2"
NCT07348718,Albuminuria
NCT04476849,Renal Insufficiency
NCT06975787,Lupus Nephritis
NCT06975787,"Lupus Erythematosus, Systemic"
NCT06185660,Hyperkalemia
NCT06470191,
NCT05759923,Pancreatic Neoplasms
NCT05759923,Colorectal Neoplasms
NCT05759923,"Carcinoma, Renal Cell"
NCT05759923,Ovarian Neoplasms
NCT05759923,Kidney Neoplasms
NCT07024680,"Carcinoma, Renal Cell"
NCT05114668,Neoplasms
NCT05114668,Neoplasm Metastasis
NCT05114668,"Carcinoma, Renal Cell"
NCT05114668,Sarcoma
NCT06797518,"Glomerulonephritis, IGA"
NCT06285097,Neoplasms
NCT06285097,"Carcinoma, Non-Small-Cell Lung"
NCT06285097,Melanoma
NCT06285097,Squamous Cell Carcinoma of Head and Neck
NCT06285097,"Carcinoma, Renal Cell"
NCT06285097,"Carcinoma, Transitional Cell"
NCT06285097,Colorectal Neoplasms
NCT06285097,Ovarian Neoplasms
NCT04523727,Hyperphosphatemia
NCT04523727,"Renal Insufficiency, Chronic"
NCT05429073,"Polycystic Kidney, Autosomal Dominant"
NCT05104905,"Carcinoma, Renal Cell"
NCT05104905,Colonic Neoplasms
NCT06546553,Neoplasms
NCT06546553,"Carcinoma, Non-Small-Cell Lung"
NCT06546553,Squamous Cell Carcinoma of Head and Neck
NCT06546553,"Carcinoma, Renal Cell"
NCT06546553,Colorectal Neoplasms
NCT06546553,Ovarian Neoplasms
NCT06546553,Neoplasm Metastasis
NCT06546553,Kidney Neoplasms
NCT06546553,Rectal Diseases
NCT06546553,Melanoma
NCT07146854,"Kidney Failure, Chronic"
NCT07553494,"Glomerulonephritis, IGA"
NCT05789069,"Carcinoma, Renal Cell"
NCT05789069,Melanoma
NCT05789069,"Carcinoma, Non-Small-Cell Lung"
NCT05789069,Stomach Neoplasms
NCT05789069,Colorectal Neoplasms
NCT06794996,
NCT06034860,"Carcinoma, Non-Small-Cell Lung"
NCT06034860,"Carcinoma, Hepatocellular"
NCT06034860,Melanoma
NCT06034860,"Carcinoma, Renal Cell"
NCT06034860,Turcot syndrome
NCT06034860,Mesothelioma
NCT06034860,Esophageal Squamous Cell Carcinoma
NCT06034860,Squamous Cell Carcinoma of Head and Neck
NCT06034860,"Carcinoma, Transitional Cell"
NCT06034860,Uterine Cervical Neoplasms
NCT05843305,"Carcinoma, Renal Cell"
NCT05843305,von Hippel-Lindau Disease
NCT05873686,"Carcinoma, Non-Small-Cell Lung"
NCT05873686,Kidney Neoplasms
NCT05873686,Mesothelioma
NCT05873686,Carcinoma
NCT05873686,Neoplasms
NCT05873686,Adenocarcinoma
NCT05038488,COVID-19
NCT05038488,Acute Kidney Injury
NCT06010875,"Carcinoma, Renal Cell"
NCT06010875,Ovarian Neoplasms
NCT06010875,Uterine Cervical Neoplasms
NCT06010875,Neoplasm Metastasis
NCT05468749,Renal Insufficiency
NCT06740526,"Glomerulonephritis, IGA"
NCT06071143,"Renal Insufficiency, Chronic"
NCT06586216,COVID-19
NCT06586216,Renal Insufficiency
NCT06496217,Renal Insufficiency
NCT04716231,"Glomerulonephritis, IGA"
NCT06716853,"Carcinoma, Renal Cell"
NCT04471337,"Urinary Bladder, Overactive"
NCT04471337,"Kidney Failure, Chronic"
NCT04256629,
NCT05524051,Acute Kidney Injury
NCT07463053,"Polycystic Kidney, Autosomal Dominant"
NCT07115745,Autoimmune Diseases
NCT07115745,"Lupus Erythematosus, Systemic"
NCT07115745,Myositis
NCT07115745,"Scleroderma, Systemic"
NCT07115745,"Arthritis, Rheumatoid"
NCT07115745,Musculoskeletal Diseases
NCT07115745,"Scleroderma, Diffuse"
NCT07115745,Sclerosis
NCT07115745,Skin Diseases
NCT07115745,Connective Tissue Diseases
NCT07115745,Lupus Nephritis
NCT07115745,Polymyositis
NCT07115745,Dermatomyositis
NCT07211685,"Nephritis, Hereditary"
NCT04445181,
NCT07758608,Renal Insufficiency
NCT07541287,"Glomerulonephritis, IGA"
NCT07541287,Glomerulonephritis
NCT07541287,Nephritis
NCT07541287,Kidney Diseases
NCT07541287,Urologic Diseases
NCT07541287,Urogenital Diseases
NCT07541287,Autoimmune Diseases
NCT07541287,Immune System Diseases
NCT07541287,Proteinuria
NCT05282030,Renal Insufficiency
NCT05865171,Renal Insufficiency
NCT04472663,Kidney Neoplasms
NCT05176483,"Carcinoma, Renal Cell"
NCT05176483,"Carcinoma, Transitional Cell"
NCT05176483,"Carcinoma, Hepatocellular"
NCT05176483,"Carcinoma, Non-Small-Cell Lung"
NCT05176483,Colorectal Neoplasms
NCT05176483,Squamous Cell Carcinoma of Head and Neck
NCT04825834,Lung Neoplasms
NCT04825834,Head and Neck Neoplasms
NCT04825834,Esophageal Neoplasms
NCT04825834,Urinary Bladder Neoplasms
NCT04825834,Kidney Neoplasms
NCT04825834,Stomach Neoplasms
NCT04825834,Colorectal Neoplasms
NCT04825834,Pancreatic Neoplasms
NCT04825834,Liver Neoplasms
NCT04825834,Skin Neoplasms
NCT05136664,Hyperkalemia
NCT05136664,"Renal Insufficiency, Chronic"
NCT07011719,Clear-cell metastatic renal cell carcinoma
NCT07011719,Kidney Neoplasms
NCT04889430,Atypical Hemolytic Uremic Syndrome
NCT04889430,Thrombotic Microangiopathies
NCT06552169,"Kidney Failure, Chronic"
NCT06902558,"Polycystic Kidney, Autosomal Dominant"
NCT06568055,
NCT04791358,Diabetic Nephropathies
NCT07096843,
NCT05682326,Anemia
NCT05682326,"Renal Insufficiency, Chronic"
NCT04653779,"Diabetes Mellitus, Type 2"
NCT04653779,Kidney Diseases
NCT04653779,Diabetes Mellitus
NCT04653779,Metabolic Diseases
NCT04653779,Endocrine System Diseases
NCT04225923,Cytomegalovirus Infections
NCT07473323,Diabetic Nephropathies
NCT07426380,Kidney Diseases
NCT07426380,"Renal Insufficiency, Chronic"
NCT07426380,"Kidney Failure, Chronic"
NCT07426380,Renal Insufficiency
NCT06611423,Renal Insufficiency
NCT04561362,Urinary Bladder Neoplasms
NCT04561362,Triple Negative Breast Neoplasms
NCT04561362,Breast Neoplasms
NCT04561362,Ovarian Neoplasms
NCT04561362,Renal Insufficiency
NCT04834778,"Carcinoma, Renal Cell"
NCT04834778,Stomach Neoplasms
NCT04834778,Breast Neoplasms
NCT04834778,Small Cell Lung Carcinoma
NCT06281678,Melanoma
NCT06281678,"Carcinoma, Non-Small-Cell Lung"
NCT06281678,Colorectal Neoplasms
NCT06281678,"Carcinoma, Renal Cell"
NCT05935748,"Carcinoma, Renal Cell"
NCT05935748,Kidney Neoplasms
NCT05935748,Carcinoma
NCT05935748,Neoplasms
NCT05935748,"Neoplasms, Glandular and Epithelial"
NCT05935748,Adenocarcinoma
NCT05935748,Urologic Neoplasms
NCT05935748,Urogenital Neoplasms
NCT05935748,Neoplasms by Site
NCT05935748,Kidney Diseases
NCT05935748,Urologic Diseases
NCT04661917,"Renal Insufficiency, Chronic"
NCT04661917,Diabetic Nephropathies
NCT03228940,Fabry Disease
NCT03228940,Cardiovascular Diseases
NCT03228940,Kidney Diseases
NCT07195916,Hematologic Neoplasms
NCT07195916,"Carcinoma, Renal Cell"
NCT07195916,"Lymphoma, Large B-Cell, Diffuse"
NCT07195916,"Lymphoma, T-Cell, Peripheral"
NCT07195916,"Lymphoma, T-Cell, Cutaneous"
NCT07195916,"Lymphoma, Non-Hodgkin"
NCT04968184,"Renal Insufficiency, Chronic"
NCT04968184,Hypertension
NCT05752552,Neoplasms
NCT05752552,"Carcinoma, Non-Small-Cell Lung"
NCT05752552,Lung Neoplasms
NCT04317833,
NCT07054684,"Glomerulonephritis, IGA"
NCT07054684,Proteinuria
NCT07054684,"Renal Insufficiency, Chronic"
NCT07054684,Kidney Diseases
NCT07054684,Nephritis
NCT07054684,Urologic Diseases
NCT07054684,Glomerulonephritis
NCT07636785,"Carcinoma, Hepatocellular"
NCT07636785,Uveal Melanoma
NCT07636785,"Carcinoma, Renal Cell"
NCT07636785,"Carcinoma, Non-Small-Cell Lung"
NCT07636785,Colorectal Neoplasms
NCT05875948,Hepatorenal Syndrome
NCT05875948,Acute Kidney Injury
NCT05875948,Renal Insufficiency
NCT07346547,
NCT04387448,Kidney Diseases
NCT04387448,Diabetic Nephropathies
NCT04387448,"Glomerulosclerosis, Focal Segmental"
NCT04387448,"Nephrosis, Lipoid"
NCT04387448,Urologic Diseases
NCT04387448,Diabetes Complications
NCT04387448,Diabetes Mellitus
NCT04387448,Endocrine System Diseases
NCT04387448,Glomerulonephritis
NCT04387448,Nephritis
NCT04387448,Nephrosis
NCT07445906,"Glomerulonephritis, IGA"
NCT07085104,"Lupus Erythematosus, Systemic"
NCT07085104,Myositis
NCT07085104,"Scleroderma, Systemic"
NCT07085104,Lupus Nephritis
NCT07085104,Dermatomyositis
NCT07085104,"Scleroderma, Diffuse"
NCT07085104,Autoimmune Diseases
NCT05125068,"Glomerulonephritis, IGA"
NCT05125068,Proteinuria
NCT06952426,"Glomerulonephritis, IGA"
NCT06723535,"Kidney Failure, Chronic"
NCT06723535,Renal Insufficiency
NCT07757048,"Glomerulonephritis, IGA"
NCT04407182,COVID-19
NCT04407182,Diabetes Mellitus
NCT04407182,Heart Diseases
NCT04407182,Lung Diseases
NCT04407182,Kidney Diseases
NCT04407182,Liver Diseases
NCT05927415,Renal Insufficiency
NCT05027074,"Kidney Failure, Chronic"
NCT07053891,Lupus Nephritis
NCT06666283,Diabetic Nephropathies
NCT06670352,"Glomerulonephritis, IGA"
NCT04486625,Renal Insufficiency
NCT04486625,Infections
NCT06270706,Neoplasm Metastasis
NCT06270706,Anus Neoplasms
NCT06270706,Cholangiocarcinoma
NCT06270706,"Carcinoma, Renal Cell"
NCT06270706,Colorectal Neoplasms
NCT06270706,Endometrial Neoplasms
NCT06270706,Melanoma
NCT06270706,"Carcinoma, Non-Small-Cell Lung"
NCT06270706,Ovarian Neoplasms
NCT06270706,Triple Negative Breast Neoplasms
NCT06270706,"Carcinoma, Transitional Cell"
NCT05070247,Pancreatic Neoplasms
NCT05070247,Liver Neoplasms
NCT05070247,Mesothelioma
NCT05070247,Breast Neoplasms
NCT05070247,Stomach Neoplasms
NCT05070247,Esophageal Neoplasms
NCT05070247,Nasopharyngeal Neoplasms
NCT05070247,Kidney Neoplasms
NCT05070247,"Carcinoma, Non-Small-Cell Lung"
NCT05810948,Lupus Nephritis
NCT05810948,Nephritis
NCT05810948,Kidney Diseases
NCT05810948,Urologic Diseases
NCT05810948,Glomerulonephritis
NCT07646015,"Diabetes Mellitus, Type 2"
NCT07646015,Liver Diseases
NCT07646015,Kidney Diseases
NCT07646015,Lung Diseases
NCT07646015,Metabolic Diseases
NCT04644315,Neoplasms
NCT04644315,Colorectal Neoplasms
NCT04644315,Melanoma
NCT04644315,Pancreatic Neoplasms
NCT04644315,Sarcoma
NCT04644315,Ovarian Neoplasms
NCT04644315,Brain Neoplasms
NCT04644315,Thyroid Neoplasms
NCT04644315,Neuroendocrine Tumors
NCT04644315,Cholangiocarcinoma
NCT04644315,Salivary Gland Neoplasms
NCT04644315,Head and Neck Neoplasms
NCT04644315,"Thyroid Cancer, Papillary"
NCT04644315,"Lymphoma, Large-Cell, Anaplastic"
NCT04644315,Neoplasms by Site
NCT04644315,Respiratory Tract Neoplasms
NCT04644315,Thoracic Neoplasms
NCT04644315,Respiratory Tract Diseases
NCT04644315,"Carcinoma, Bronchogenic"
NCT04644315,Bronchial Neoplasms
NCT04644315,Intestinal Neoplasms
NCT04644315,Gastrointestinal Neoplasms
NCT04644315,Digestive System Neoplasms
NCT04644315,Digestive System Diseases
NCT04644315,Gastrointestinal Diseases
NCT04644315,Colonic Diseases
NCT04644315,Intestinal Diseases
NCT04644315,"Carcinoma, Renal Cell"
NCT04644315,Breast Neoplasms
NCT04300140,"Carcinoma, Renal Cell"
NCT04300140,Kidney Neoplasms
NCT04300140,Kidney Diseases
NCT04300140,Urologic Neoplasms
NCT07150338,"Renal Insufficiency, Chronic"
NCT07150338,Proteinuria
NCT07150338,Kidney Diseases
NCT05698238,Clear-cell metastatic renal cell carcinoma
NCT05698238,Triple Negative Breast Neoplasms
NCT05698238,Head and Neck Neoplasms
NCT05698238,"Carcinoma, Non-Small-Cell Lung"
NCT05698238,"Mesothelioma, Malignant"
NCT06274489,"Nephritis, Hereditary"
NCT06264479,Kidney Neoplasms
NCT07197580,"Carcinoma, Renal Cell"
NCT07197580,Kidney Neoplasms
NCT07197580,Recurrence
NCT07217886,Renal Insufficiency
NCT07300111,Anemia
NCT05229601,Sarcoma
NCT05229601,"Carcinoma, Renal Cell"
NCT05229601,"Carcinoma, Hepatocellular"
NCT05229601,Squamous Cell Carcinoma of Head and Neck
NCT05229601,Melanoma
NCT05515432,"Renal Insufficiency, Chronic"
NCT05515432,Renal Insufficiency
NCT04534114,"Kidney Failure, Chronic"
NCT04353765,"Carcinoma, Renal Cell"
NCT04925661,"Renal Insufficiency, Chronic"
NCT04714983,Colorectal Neoplasms
NCT04714983,Breast Neoplasms
NCT04714983,Stomach Neoplasms
NCT04714983,Melanoma
NCT04714983,"Carcinoma, Renal Cell"
NCT04714983,Sarcoma
NCT04714983,"Carcinoma, Squamous Cell"
NCT04714983,Gastrointestinal Stromal Tumors
NCT04349683,"Renal Insufficiency, Chronic"
NCT04349683,Glomerulonephritis
NCT05462873,"Carcinoma, Non-Small-Cell Lung"
NCT05462873,"Carcinoma, Renal Cell"
NCT05462873,Esophageal Squamous Cell Carcinoma
NCT05462873,Squamous Cell Carcinoma of Head and Neck
NCT06362369,Melanoma
NCT06362369,Neoplasm Metastasis
NCT06362369,"Mesothelioma, Malignant"
NCT06362369,"Carcinoma, Renal Cell"
NCT06362369,Turcot syndrome
NCT06362369,Colorectal Neoplasms
NCT06362369,"Carcinoma, Hepatocellular"
NCT06362369,Liver Neoplasms
NCT06362369,Kidney Neoplasms
NCT06362369,Skin Neoplasms
NCT06362369,"Carcinoma, Non-Small-Cell Lung"
NCT05775042,"Glomerulonephritis, IGA"
NCT06190678,Renal Insufficiency
NCT05432167,"Renal Insufficiency, Chronic"
NCT07157787,
NCT06613763,Renal Insufficiency
NCT05082571,Anemia
NCT05082571,Kidney Diseases
NCT05082571,"Renal Insufficiency, Chronic"
NCT04349267,"Carcinoma, Non-Small-Cell Lung"
NCT04349267,"Carcinoma, Renal Cell"
NCT07124000,Adenocarcinoma
NCT07124000,Anus Neoplasms
NCT07124000,Urinary Bladder Neoplasms
NCT07124000,Uterine Cervical Neoplasms
NCT07124000,Endometrial Neoplasms
NCT07124000,Esophageal Neoplasms
NCT07124000,Gallbladder Neoplasms
NCT07124000,Gastrointestinal Stromal Tumors
NCT07124000,Head and Neck Neoplasms
NCT07124000,Liver Neoplasms
NCT07124000,Melanoma
NCT07124000,Mouth Neoplasms
NCT07124000,Gastrointestinal Neoplasms
NCT07124000,Ovarian Neoplasms
NCT07124000,Pancreatic Neoplasms
NCT07124000,Prostatic Neoplasms
NCT07124000,"Carcinoma, Renal Cell"
NCT07124000,Salivary Gland Neoplasms
NCT07124000,Sarcoma
NCT07124000,Small Cell Lung Carcinoma
NCT07124000,Testicular Neoplasms
NCT07124000,Thyroid Neoplasms
NCT07124000,Urethral Neoplasms
NCT07124000,Vaginal Neoplasms
NCT07124000,Vulvar Neoplasms
NCT07137689,Renal Insufficiency
NCT04287985,"Glomerulonephritis, IGA"
NCT04287985,Kidney Diseases
NCT04287985,Glomerulonephritis
NCT04287985,Nephritis
NCT04287985,Autoimmune Diseases
NCT04287985,Immune System Diseases
NCT04287985,Proteinuria
NCT04869462,Prostatic Neoplasms
NCT04869462,Kidney Neoplasms
NCT04869462,Nephrolithiasis
NCT04869462,"Tuberculosis, Renal"
NCT04869462,Nephritis
NCT04869462,Hydronephrosis
NCT07327489,Neoplasms
NCT07327489,Urinary Bladder Neoplasms
NCT07327489,Triple Negative Breast Neoplasms
NCT07327489,Colorectal Neoplasms
NCT07327489,Endometrial Neoplasms
NCT07327489,Head and Neck Neoplasms
NCT07327489,Kidney Neoplasms
NCT07327489,Liver Neoplasms
NCT07327489,"Carcinoma, Non-Small-Cell Lung"
NCT07327489,Skin Neoplasms
NCT07327489,Melanoma
NCT07057479,"Diabetes Mellitus, Type 2"
NCT07057479,Insulin Resistance
NCT07057479,Diabetes Complications
NCT07181720,"Carcinoma, Renal Cell"
NCT07181720,Lung Neoplasms
NCT07181720,"Thyroid Carcinoma, Anaplastic"
NCT07181720,Ovarian Neoplasms
NCT07181720,Uterine Cervical Neoplasms
NCT07181720,Thymoma
NCT06121297,"Lupus Erythematosus, Systemic"
NCT06121297,Lupus Nephritis
NCT06121297,Autoimmune Diseases
NCT06533254,"Renal Insufficiency, Chronic"
NCT04620590,"Diabetes Mellitus, Type 2"
NCT04620590,Renal Insufficiency
NCT06268873,"Renal Insufficiency, Chronic"
NCT06268873,Hypertension
NCT06963827,Kidney Diseases
NCT07598396,"Lupus Erythematosus, Systemic"
NCT07598396,Lupus Nephritis
NCT07052513,Acute Kidney Injury
NCT05439174,"Kidney Failure, Chronic"
NCT05439174,Kwashiorkor
NCT04903873,"Carcinoma, Non-Small-Cell Lung"
NCT04903873,"Carcinoma, Renal Cell"
NCT04903873,Prostatic Neoplasms
NCT04785391,Acute Kidney Injury
NCT04820621,"Renal Insufficiency, Chronic"
NCT06995144,Heart Failure
NCT06995144,Edema
NCT06995144,Hypernatremia
NCT06995144,"Renal Insufficiency, Chronic"
NCT04409132,"Kidney Failure, Chronic"
NCT07014826,"Glomerulonephritis, IGA"
NCT04515849,"Diabetes Mellitus, Type 2"
NCT04515849,"Renal Insufficiency, Chronic"
NCT04515849,Diabetic Nephropathies
NCT04893187,
NCT05119335,"Carcinoma, Renal Cell"
NCT05119335,Kidney Neoplasms
NCT05119335,Hypoxia
NCT05718648,Renal Insufficiency
NCT07262333,"Renal Insufficiency, Chronic"
NCT07577817,Anemia
NCT07577817,Iron Deficiencies
NCT07577817,"Renal Insufficiency, Chronic"
NCT06245915,Clear-cell metastatic renal cell carcinoma
NCT06245915,Recurrence
NCT06245915,Kidney Neoplasms
NCT06245915,"Carcinoma, Renal Cell"
NCT05358106,
NCT05935215,Atypical Hemolytic Uremic Syndrome
NCT05935215,Thrombotic Microangiopathies
NCT05021835,"Renal Insufficiency, Chronic"
NCT05021835,Inflammation
NCT06093568,"Carcinoma, Renal Cell"
NCT06544330,"Lupus Erythematosus, Systemic"
NCT06544330,Lupus Nephritis
NCT06544330,"Scleroderma, Systemic"
NCT04883619,Lupus Nephritis
NCT06774664,"Glomerulonephritis, IGA"
NCT04606472,"Carcinoma, Non-Small-Cell Lung"
NCT04606472,"Carcinoma, Renal Cell"
NCT04606472,Colorectal Neoplasms
NCT04606472,Triple Negative Breast Neoplasms
NCT04606472,Melanoma
NCT07248865,"Glomerulonephritis, IGA"
NCT04981119,Colorectal Neoplasms
NCT04981119,"Carcinoma, Non-Small-Cell Lung"
NCT04981119,Pancreatic Neoplasms
NCT04981119,Mesothelioma
NCT04981119,Ovarian Neoplasms
NCT04981119,"Mesothelioma, Malignant"
NCT04981119,Neoplasms
NCT04981119,Triple Negative Breast Neoplasms
NCT04981119,"Carcinoma, Renal Cell"
NCT04981119,Kidney Neoplasms
NCT05540665,Lupus Nephritis
NCT04958265,Atypical Hemolytic Uremic Syndrome
NCT07224763,"Renal Insufficiency, Chronic"
NCT07224763,"Kidney Failure, Chronic"
NCT05627557,Nephrotic Syndrome
NCT05094934,"Renal Insufficiency, Chronic"
NCT07232537,"Renal Insufficiency, Chronic"
NCT07232537,"Diabetes Mellitus, Type 2"
NCT04564339,Lupus Nephritis
NCT04564339,"Glomerulonephritis, IGA"
NCT04564339,Glomerulonephritis
NCT07525960,Diabetes Insipidus
NCT05069935,Squamous Cell Carcinoma of Head and Neck
NCT05069935,"Carcinoma, Renal Cell"
NCT05069935,"Carcinoma, Merkel Cell"
NCT05069935,"Carcinoma, Non-Small-Cell Lung"
NCT05069935,Triple Negative Breast Neoplasms
NCT05069935,Melanoma
NCT05069935,Lung Neoplasms
NCT05069935,"Carcinoma, Transitional Cell"
NCT05069935,"Carcinoma, Hepatocellular"
NCT05069935,Stomach Neoplasms
NCT05069935,Esophageal Neoplasms
NCT05069935,Endometrial Neoplasms
NCT07347808,Obesity
NCT07347808,Overweight
NCT05780515,Lupus Nephritis
NCT04881123,Diabetic Nephropathies
NCT04881123,"Diabetes Mellitus, Type 2"
NCT04881123,Albuminuria
NCT04628780,"Carcinoma, Non-Small-Cell Lung"
NCT04628780,Squamous Cell Carcinoma of Head and Neck
NCT04628780,"Carcinoma, Renal Cell"
NCT04628780,"Carcinoma, Transitional Cell"
NCT04628780,Colorectal Neoplasms
NCT04628780,Ovarian Neoplasms
NCT04628780,Neoplasm Metastasis
NCT05530291,"Renal Insufficiency, Chronic"
NCT04445220,COVID-19
NCT04445220,Acute Kidney Injury
NCT04445220,Sepsis
NCT06087835,Kidney Diseases
NCT06658964,"Polycystic Kidney, Autosomal Dominant"
NCT04689932,"Kidney Failure, Chronic"
NCT07715175,Renal Insufficiency
NCT05199272,"Carcinoma, Renal Cell"
NCT05199272,"Carcinoma, Ovarian Epithelial"
NCT05199272,Fallopian Tube Neoplasms
NCT05199272,Neuroendocrine Tumors
NCT05199272,Small Cell Lung Carcinoma
NCT07729995,"Arthritis, Rheumatoid"
NCT07729995,Dermatomyositis
NCT07729995,"Scleroderma, Systemic"
NCT07729995,Lupus Nephritis
NCT07515339,"Renal Insufficiency, Chronic"
NCT05220605,Medullary cystic kidney disease 1
NCT05220605,"Pneumonia, Ventilator-Associated"
NCT05425056,"Kidney Failure, Chronic"
NCT05425056,Arteriovenous Fistula
NCT05878704,Renal Insufficiency
NCT05878704,"Kidney Failure, Chronic"
NCT05878704,"Anemia, Sickle Cell"
NCT04377243,"Renal Insufficiency, Chronic"
NCT06489340,Diabetic Nephropathies
NCT04195750,"Carcinoma, Renal Cell"
NCT04195750,Kidney Neoplasms
NCT07342881,"Hepatitis B, Chronic"
NCT07474636,"Glomerulonephritis, IGA"
NCT04410198,
NCT04865393,Renal Insufficiency
NCT04865393,Kidney Diseases
NCT07611214,Lupus Nephritis
NCT07001436,Renal Insufficiency
NCT07218536,Atypical Hemolytic Uremic Syndrome
NCT04889495,"Carcinoma, Non-Small-Cell Lung"
NCT04889495,Colorectal Neoplasms
NCT04889495,Breast Neoplasms
NCT04889495,Kidney Neoplasms
NCT04889495,Uterine Cervical Neoplasms
NCT04889495,"Carcinoma, Ovarian Epithelial"
NCT04889495,Fallopian Tube Neoplasms
NCT06943937,Lupus Nephritis
NCT06943937,"Purpura, Thrombocytopenic, Idiopathic"
NCT05287945,"Carcinoma, Renal Cell"
NCT05287945,Kidney Neoplasms
NCT05287945,Neoplasm Metastasis
NCT05287945,"Kidney Failure, Chronic"
NCT04621331,Anemia
NCT04621331,"Renal Insufficiency, Chronic"
NCT06608212,"Renal Insufficiency, Chronic"
NCT06608212,"Diabetes Mellitus, Type 2"
NCT04616677,Renal Insufficiency
NCT06935357,"Glomerulonephritis, IGA"
NCT07328581,"Lupus Erythematosus, Systemic"
NCT07328581,Lupus Nephritis
NCT07328581,Autoimmune Diseases
NCT07328581,Disease
NCT06729853,Gout
NCT06729853,Hyperuricemia
NCT05885737,
NCT04702997,"Renal Insufficiency, Chronic"
NCT05902923,
NCT07029568,"Renal Insufficiency, Chronic"
NCT07619820,"Kidney Failure, Chronic"
NCT07619820,Atherosclerosis
NCT07619820,Diabetes Mellitus
NCT06671444,Sleep Initiation and Maintenance Disorders
NCT06671444,Renal Insufficiency
NCT05294458,Non-alcoholic Fatty Liver Disease
NCT05294458,"Diabetes Mellitus, Type 2"
NCT05294458,"Renal Insufficiency, Chronic"
NCT05294458,Fatty Liver
NCT05294458,Diabetes Mellitus
NCT05294458,Kidney Diseases
NCT05834738,"Glomerulonephritis, IGA"
NCT05834738,Kidney Diseases
NCT05834738,"Renal Insufficiency, Chronic"
NCT05834738,Urologic Diseases
NCT05834738,Glomerulonephritis
NCT05618314,Renal Insufficiency
NCT04301011,Uterine Cervical Neoplasms
NCT04301011,Melanoma
NCT04301011,Mesothelioma
NCT04301011,"Carcinoma, Renal Cell"
NCT04301011,Oropharyngeal Neoplasms
NCT04301011,Skin Neoplasms
NCT05676034,Wolfram Syndrome
NCT05035641,
NCT07020832,Delayed Graft Function
NCT07020832,"Kidney Failure, Chronic"
NCT07378514,Thrombosis
NCT07378514,Infections
NCT07378514,Inflammation
NCT07378514,Heart Diseases
NCT07378514,Kidney Diseases
NCT07378514,Diabetes Mellitus
NCT07378514,Hypercholesterolemia
NCT07378514,Liver Diseases
NCT05841277,Renal Insufficiency
NCT04550234,"Renal Insufficiency, Chronic"
NCT05015998,"Renal Insufficiency, Chronic"
NCT06589713,Renal Insufficiency
NCT04496596,Acute Kidney Injury
NCT04802395,"Renal Insufficiency, Chronic"
NCT04802395,Diabetic Nephropathies
NCT05824975,Neoplasm Metastasis
NCT05824975,Sarcoma
NCT05824975,"Carcinoma, Hepatocellular"
NCT05824975,Colorectal Neoplasms
NCT05824975,Melanoma
NCT05824975,"Carcinoma, Renal Cell"
NCT05824975,"Diabetes Mellitus, Insulin-Dependent, 12"
NCT07012005,Renal Insufficiency
NCT06465472,Primary hyperoxaluria type 1
NCT06465472,Primary hyperoxaluria type 2
NCT06465472,"Hyperoxaluria, Primary"
NCT05030506,"Carcinoma, Renal Cell"
NCT05030506,Kidney Neoplasms
NCT06926660,"Renal Insufficiency, Chronic"
NCT05908084,"Kidney Failure, Chronic"
NCT05541159,Renal Insufficiency
NCT04963738,Renal Insufficiency
NCT06962098,Diabetic Nephropathies
NCT06554730,von Hippel-Lindau Disease
NCT04782258,"Polycystic Kidney, Autosomal Recessive"
NCT04782258,Polycystic Kidney Diseases
NCT04782258,Oligohydramnios
NCT04543812,Anemia
NCT04543812,"Renal Insufficiency, Chronic"
NCT07481084,"Glomerulonephritis, IGA"
NCT04842019,Familial Hypophosphatemic Rickets
NCT07768306,"Carcinoma, Renal Cell"
NCT07594106,"Carcinoma, Renal Cell"
NCT05687864,"Renal Insufficiency, Chronic"
NCT07156123,Renal Insufficiency
NCT05061537,"Carcinoma, Renal Cell"
NCT05061537,Melanoma
NCT05061537,"Carcinoma, Non-Small-Cell Lung"
NCT05061537,Liver Neoplasms
NCT05061537,Urinary Bladder Neoplasms
NCT05061537,Sarcoma
NCT05061537,Head and Neck Neoplasms
NCT05061537,Colorectal Neoplasms
NCT05061537,Ovarian Neoplasms
NCT05061537,"Carcinoma, Squamous Cell"
NCT06255028,"Lupus Erythematosus, Systemic"
NCT06255028,Lupus Nephritis
NCT06255028,Myositis
NCT06255028,"Scleroderma, Diffuse"
NCT06255028,Autoimmune Diseases
NCT06255028,Polymyositis
NCT06255028,Dermatomyositis
NCT06255028,"Scleroderma, Systemic"
NCT06255028,Sclerosis
NCT06064929,Lupus Nephritis
NCT06064929,"Lupus Erythematosus, Systemic"
NCT05856981,Neoplasm Metastasis
NCT05856981,Neoplasms
NCT05856981,Colorectal Neoplasms
NCT05856981,"Carcinoma, Renal Cell"
NCT05856981,"Carcinoma, Non-Small-Cell Lung"
NCT05856981,Endometrial Neoplasms
NCT07166601,Medullary cystic kidney disease 1
NCT07166601,"Carcinoma, Non-Small-Cell Lung"
NCT06529796,"Glomerulosclerosis, Focal Segmental"
NCT05921903,Respiratory Syncytial Virus Infections
NCT05614739,Urinary Bladder Neoplasms
NCT05614739,Neoplasm Metastasis
NCT05614739,Ureteral Neoplasms
NCT05614739,Urologic Neoplasms
NCT05593575,Diabetic Nephropathies
NCT05039619,Lupus Nephritis
NCT06583395,Amyotrophic Lateral Sclerosis
NCT06583395,"Angina, Stable"
NCT06583395,Anxiety Disorders
NCT06583395,Asthma
NCT06583395,Atrial Fibrillation
NCT06583395,Brain Neoplasms
NCT06583395,Breast Neoplasms
NCT06583395,Colonic Neoplasms
NCT06583395,Lung Neoplasms
NCT06583395,Ovarian Neoplasms
NCT06583395,Prostatic Neoplasms
NCT06583395,Skin Neoplasms
NCT06583395,Lymphoma
NCT06583395,Thyroid Neoplasms
NCT06583395,Neoplasms
NCT06583395,Cerebral Palsy
NCT06583395,"Fatigue Syndrome, Chronic"
NCT06583395,Cluster Headache
NCT06583395,"Pulmonary Disease, Chronic Obstructive"
NCT06583395,"Renal Insufficiency, Chronic"
NCT06583395,Crohn Disease
NCT06583395,Deafness
NCT06583395,Depression
NCT06583395,Diabetes Mellitus
NCT06583395,Eczema
NCT06583395,Epilepsy
NCT06583395,Leiomyoma
NCT06583395,Fibromyalgia
NCT06583395,Heart Failure
NCT06583395,Hypertension
NCT06583395,Hyperthyroidism
NCT06583395,Hypothyroidism
NCT06583395,Irritable Bowel Syndrome
NCT06583395,Infertility
NCT06583395,Lyme Disease
NCT06583395,Macular Degeneration
NCT06583395,Migraine Disorders
NCT06583395,Multiple Sclerosis
NCT06583395,Osteoarthritis
NCT06583395,Osteoporosis
NCT06583395,Ovarian Cysts
NCT06583395,Parkinson Disease
NCT06583395,Phantom Limb
NCT06583395,Psoriasis
NCT06583395,"Stress Disorders, Post-Traumatic"
NCT06583395,"Arthritis, Rheumatoid"
NCT06583395,Spinal Cord Injuries
NCT06583395,Spinal Stenosis
NCT06583395,Stroke
NCT06583395,Tension-Type Headache
NCT06583395,Tinnitus
NCT06583395,"Colitis, Ulcerative"
NCT06654193,Acute Kidney Injury
NCT06607016,Anti-Glomerular Basement Membrane Disease
NCT06203704,"Renal Insufficiency, Chronic"
NCT04933747,Renal Insufficiency
NCT04544748,"Carcinoma, Non-Small-Cell Lung"
NCT04544748,"Carcinoma, Renal Cell"
NCT04544748,Melanoma
NCT04544748,Neoplasms
NCT04544748,Neoplasms by Histologic Type
NCT04544748,Adenocarcinoma
NCT04544748,Urologic Neoplasms
NCT04544748,Lung Neoplasms
NCT04544748,Kidney Neoplasms
NCT04311710,Neoplasms
NCT04311710,Lung Neoplasms
NCT04311710,Kidney Neoplasms
NCT04311710,Urinary Bladder Neoplasms
NCT04311710,Skin Neoplasms
NCT04311710,Liver Neoplasms
NCT04941768,"Carcinoma, Renal Cell"
NCT05339139,Acute Kidney Injury
NCT05339139,"Kidney Failure, Chronic"
NCT05505162,"Renal Insufficiency, Chronic"
NCT07215702,Sepsis
NCT07215702,Acute Kidney Injury
NCT07393594,Kidney Diseases
NCT04237831,Renal Insufficiency
NCT05112419,Renal Insufficiency
NCT07032272,Renal Insufficiency
NCT06243731,Kidney Diseases
NCT06243731,Renal Insufficiency
NCT07275788,"Diabetes Mellitus, Type 2"
NCT07275788,"Renal Insufficiency, Chronic"
NCT04616027,"Diabetes Mellitus, Type 2"
NCT04616027,Renal Insufficiency
NCT04707768,Anemia
NCT04707768,"Renal Insufficiency, Chronic"
NCT06805825,Gastrointestinal Stromal Tumors
NCT06805825,Small Cell Lung Carcinoma
NCT06805825,"Carcinoma, Adenoid Cystic"
NCT06805825,Uveal Melanoma
NCT06805825,Neuroendocrine Tumors
NCT06805825,"Carcinoma, Renal Cell"
NCT06805825,Piebaldism
NCT06222125,Kidney Neoplasms
NCT05511779,Kidney Diseases
NCT05183646,"Glomerulosclerosis, Focal Segmental"
NCT05183646,Kidney Diseases
NCT06236295,"Hyperparathyroidism, Secondary"
NCT07006831,Kidney Diseases
NCT05865002,"Carcinoma, Non-Small-Cell Lung"
NCT05865002,Stomach Neoplasms
NCT05865002,Colonic Neoplasms
NCT05865002,Esophageal Neoplasms
NCT05865002,Kidney Neoplasms
NCT05836220,"Hyperparathyroidism, Secondary"
NCT05836220,"Kidney Failure, Chronic"
NCT05769959,"Carcinoma, Renal Cell"
NCT05769959,"Carcinoma, Non-Small-Cell Lung"
NCT05769959,Colorectal Neoplasms
NCT05769959,Ovarian Neoplasms
NCT05769959,"Carcinoma, Ovarian Epithelial"
NCT05769959,Fallopian Tube Neoplasms
NCT05746559,"Renal Insufficiency, Chronic"
NCT05746559,Heart Diseases
NCT06362759,"Renal Insufficiency, Chronic"
NCT06413680,Melanoma
NCT06413680,"Carcinoma, Renal Cell"
NCT06413680,Neoplasm Metastasis
NCT05342623,"Renal Insufficiency, Chronic"
NCT05342623,Pruritus
NCT05342623,"Kidney Failure, Chronic"
NCT04846920,"Carcinoma, Renal Cell"
NCT06221059,"Renal Insufficiency, Chronic"
NCT04976660,Colorectal Neoplasms
NCT04976660,Stomach Neoplasms
NCT04976660,"Carcinoma, Hepatocellular"
NCT04976660,Pancreatic Neoplasms
NCT06829329,"Hepatitis B, Chronic"
NCT04028479,Adenocarcinoma
NCT04028479,"Carcinoma, Adenoid Cystic"
NCT04028479,Anus Neoplasms
NCT04028479,Appendiceal Neoplasms
NCT04028479,Brain Neoplasms
NCT04028479,Glioblastoma
NCT04028479,Astrocytoma
NCT04028479,Bile Duct Neoplasms
NCT04028479,Cholangiocarcinoma
NCT04028479,Urinary Bladder Neoplasms
NCT04028479,Bone Neoplasms
NCT04028479,"Sarcoma, Synovial"
NCT04028479,Chondrosarcoma
NCT04028479,Liposarcoma
NCT04028479,"Sarcoma, Kaposi"
NCT04028479,Sarcoma
NCT04028479,Osteosarcoma
NCT04028479,Central Nervous System Neoplasms
NCT04028479,Brain Stem Neoplasms
NCT04028479,Breast Neoplasms
NCT04028479,Uterine Cervical Neoplasms
NCT04028479,Colorectal Neoplasms
NCT04028479,Rectal Neoplasms
NCT04028479,Colonic Neoplasms
NCT04028479,Esophageal Neoplasms
NCT04028479,Pancreatic Neoplasms
NCT04028479,Testicular Neoplasms
NCT04028479,Ureteral Neoplasms
NCT04028479,"Carcinoma, Renal Cell"
NCT04028479,Kidney Neoplasms
NCT04028479,Gestational Trophoblastic Disease
NCT04028479,Head and Neck Neoplasms
NCT04028479,Parotid Neoplasms
NCT04028479,Laryngeal Neoplasms
NCT04028479,Tongue Neoplasms
NCT04028479,Pharyngeal Neoplasms
NCT04028479,Salivary Gland Neoplasms
NCT04028479,"Leukemia, Myeloid, Acute"
NCT04028479,"Leukemia, Myelogenous, Chronic, BCR-ABL Positive"
NCT04028479,Precursor Cell Lymphoblastic Leukemia-Lymphoma
NCT04028479,Multiple Myeloma
NCT04028479,"Lymphoma, Non-Hodgkin"
NCT04028479,Carcinoid Tumor
NCT04028479,Lung Neoplasms
NCT04028479,Neuroendocrine Tumors
NCT04028479,Mesothelioma
NCT04028479,Thyroid Neoplasms
NCT04028479,Parathyroid Neoplasms
NCT04028479,Adrenal Gland Neoplasms
NCT04028479,Stomach Neoplasms
NCT04028479,Liver Neoplasms
NCT04028479,Melanoma
NCT04028479,Skin Neoplasms
NCT04028479,"Neoplasms, Unknown Primary"
NCT04028479,Uterine Neoplasms
NCT04028479,Fallopian Tube Neoplasms
NCT04028479,Ovarian Neoplasms
NCT04028479,Prostatic Neoplasms
NCT04028479,Vaginal Neoplasms
NCT04028479,Penile Neoplasms
NCT04028479,Vulvar Neoplasms
NCT04028479,Waldenstrom Macroglobulinemia
NCT04028479,Neoplasms
NCT04028479,Thymus Neoplasms
NCT04028479,Nasopharyngeal Carcinoma
NCT04028479,Multiple Endocrine Neoplasia
NCT04028479,Pheochromocytoma
NCT04028479,"Carcinoma, Small Cell"
NCT07226622,Hepatolenticular Degeneration
NCT07226622,Liver Diseases
NCT07226622,"Genetic Diseases, Inborn"
NCT07226622,"Congenital, Hereditary, and Neonatal Diseases and Abnormalities"
NCT07226622,"Metabolism, Inborn Errors"
NCT07226622,"Metal Metabolism, Inborn Errors"
NCT07226622,Metabolic Diseases
NCT07226622,Nutritional and Metabolic Diseases
NCT05862337,"Carcinoma, Hepatocellular"
NCT05643495,alpha 1-Antitrypsin Deficiency
NCT07553663,Non-alcoholic Fatty Liver Disease
NCT07730177,"Malaria, Falciparum"
NCT04401800,"Carcinoma, Hepatocellular"
NCT04373564,Breast Neoplasms
NCT04373564,Prostatic Neoplasms
NCT04373564,"Carcinoma, Hepatocellular"
NCT04373564,Colorectal Neoplasms
NCT04373564,Neuroendocrine Tumors
NCT06115993,"Hepatitis B, Chronic"
NCT05305599,Non-alcoholic Fatty Liver Disease
NCT05305599,Liver Cirrhosis
NCT05626985,"Carcinoma, Hepatocellular"
NCT06344364,Non-alcoholic Fatty Liver Disease
NCT06344364,Liver Diseases
NCT07317505,Neoplasms
NCT07317505,Colorectal Neoplasms
NCT07317505,Liver Neoplasms
NCT07317505,Stomach Neoplasms
NCT07317505,Melanoma
NCT06465186,Non-alcoholic Fatty Liver Disease
NCT04883905,"Coproporphyria, Hereditary"
NCT04167345,alpha 1-Antitrypsin Deficiency
NCT05304481,"Carcinoma, Hepatocellular"
NCT05304481,Neoplasms
NCT07600788,"Hepatitis B, Chronic"
NCT07600788,Hepatitis B
NCT07600788,Bronchiolitis Obliterans Syndrome
NCT04194242,Non-alcoholic Fatty Liver Disease
NCT05190523,"Liver Cirrhosis, Biliary"
NCT07358546,Non-alcoholic Fatty Liver Disease
NCT06957756,Hepatic Insufficiency
NCT04812262,Overweight
NCT04812262,Obesity
NCT04812262,Non-alcoholic Fatty Liver Disease
NCT04812262,Liver Diseases
NCT06138327,Hyperoxaluria
NCT06138327,Non-alcoholic Fatty Liver Disease
NCT06138327,Kidney Calculi
NCT07338851,Poliomyelitis
NCT07338851,Measles
NCT07338851,Rubella
NCT07338851,Mumps
NCT07338851,Hepatitis A
NCT07275073,"Carcinoma, Hepatocellular"
NCT06322628,Non-alcoholic Fatty Liver Disease
NCT07204236,"Hepatitis B, Chronic"
NCT04617522,Neoplasm Metastasis
NCT04617522,Liver Failure
NCT05497453,"Carcinoma, Hepatocellular"
NCT05497453,Liver Neoplasms
NCT06352528,"Lymphoma, Follicular"
NCT06352528,Liver Diseases
NCT04721665,
NCT06746311,"Hepatitis B, Chronic"
NCT06311734,"Hepatitis B, Chronic"
NCT05561530,"Hepatitis B, Chronic"
NCT07595159,"Hepatitis B, Chronic"
NCT05744713,Fibrosis
NCT06581146,"Myopathies, Structural, Congenital"
NCT06921785,"Carcinoma, Hepatocellular"
NCT05457543,Liver Diseases
NCT05457543,Liver Cirrhosis
NCT07490262,"Carcinoma, Hepatocellular"
NCT05107778,"Hepatitis B, Chronic"
NCT05599945,Fatty Liver
NCT04999787,Pruritus
NCT06947304,Non-alcoholic Fatty Liver Disease
NCT05848947,Carcinoma
NCT05848947,"Carcinoma, Hepatocellular"
NCT05848947,Liver Neoplasms
NCT05293821,Hepatitis B
NCT05293821,Hepatitis C
NCT04170309,Renal Insufficiency
NCT04170309,Hepatic Insufficiency
NCT06162299,"Hepatitis B, Chronic"
NCT07135349,"Hepatitis B, Chronic"
NCT06345001,"Carcinoma, Hepatocellular"
NCT02289300,Liver Cirrhosis
NCT02289300,"Hepatitis B, Chronic"
NCT02289300,"Carcinoma, Hepatocellular"
NCT04267393,Non-alcoholic Fatty Liver Disease
NCT04267393,Liver Diseases
NCT06000657,"Hepatitis B, Chronic"
NCT05727644,Non-alcoholic Fatty Liver Disease
NCT04634149,Fibrosis
NCT04634149,Non-alcoholic Fatty Liver Disease
NCT05006885,Non-alcoholic Fatty Liver Disease
NCT05006885,Obesity
NCT05006885,Overweight
NCT07321847,Colorectal Neoplasms
NCT07321847,Rectal Neoplasms
NCT07321847,Neoplasm Metastasis
NCT07321847,Neoplasms
NCT07500220,Liver Neoplasms
NCT07500220,Simpson-Golabi-Behmel syndrome
NCT04767529,Non-alcoholic Fatty Liver Disease
NCT05594927,"Carcinoma, Hepatocellular"
NCT04430842,Astrocytoma
NCT04430842,Brain Neoplasms
NCT04430842,Urinary Bladder Neoplasms
NCT04430842,Breast Neoplasms
NCT04430842,Uterine Cervical Neoplasms
NCT04430842,Cholangiocarcinoma
NCT04430842,Colorectal Neoplasms
NCT04430842,Esophageal Neoplasms
NCT04430842,Stomach Neoplasms
NCT04430842,Head and Neck Neoplasms
NCT04430842,Kidney Neoplasms
NCT04430842,Liver Neoplasms
NCT04430842,Lung Neoplasms
NCT04430842,Melanoma
NCT04430842,Ovarian Neoplasms
NCT04430842,Pancreatic Neoplasms
NCT04430842,"Mesothelioma, Malignant"
NCT04430842,Prostatic Neoplasms
NCT04430842,Sarcoma
NCT04430842,Tongue Neoplasms
NCT04430842,Thymoma
NCT04430842,Urologic Neoplasms
NCT04430842,Neoplasm Metastasis
NCT04430842,Neoplasms
NCT04430842,Glioblastoma
NCT04430842,Headache
NCT04430842,Vomiting
NCT04430842,Seizures
NCT04430842,Sleepiness
NCT04430842,Anorexia
NCT04430842,Speech Disorders
NCT07728487,Hepatitis E
NCT07335198,Non-alcoholic Fatty Liver Disease
NCT07337525,Gastrointestinal Neoplasms
NCT07337525,Urinary Bladder Neoplasms
NCT07337525,Liver Neoplasms
NCT07337525,Cholangiocarcinoma
NCT07128797,Non-alcoholic Fatty Liver Disease
NCT07763015,Liver Diseases
NCT07763015,Fibrosis
NCT07713290,"Carcinoma, Hepatocellular"
NCT05970640,Non-alcoholic Fatty Liver Disease
NCT05970640,Obesity
NCT05039710,Fatty Liver
NCT04692025,Non-alcoholic Fatty Liver Disease
NCT04692025,Hyperlipidemias
NCT04702490,Non-alcoholic Fatty Liver Disease
NCT04702490,"Diabetes Mellitus, Type 2"
NCT04702490,Diabetes Mellitus
NCT04702490,Fatty Liver
NCT06400160,Prostatic Neoplasms
NCT06400160,Colorectal Neoplasms
NCT06400160,"Carcinoma, Hepatocellular"
NCT05283915,Liver Diseases
NCT04483947,Non-alcoholic Fatty Liver Disease
NCT04483947,Obesity
NCT05361668,Serotonin Syndrome
NCT05361668,Carcinoid Tumor
NCT05361668,"Carcinoid Tumors, Intestinal"
NCT05361668,Neuroendocrine Tumors
NCT04309734,Hepatitis C
NCT04309734,"Hepatitis C, Chronic"
NCT04628871,Hemophilia B
NCT04628871,Mucopolysaccharidosis I
NCT04628871,Mucopolysaccharidosis II
NCT06230328,"Carcinoma, Hepatocellular"
NCT05961098,"Hepatitis B, Chronic"
NCT05630807,"Hepatitis B, Chronic"
NCT05630807,Hepatitis
NCT05630807,"Hepatitis, Chronic"
NCT05630807,Hepatitis B
NCT06373536,Fatty Liver
NCT07244835,Neoplasms
NCT07244835,"Carcinoma, Hepatocellular"
NCT07244835,Melanoma
NCT07244835,Colorectal Neoplasms
NCT07244835,Lung Neoplasms
NCT07244835,Thyroid Neoplasms
NCT07244835,Ovarian Neoplasms
NCT07244835,Pancreatic Neoplasms
NCT07244835,Glioblastoma
NCT07244835,Kidney Neoplasms
NCT07244835,Neurofibrosarcoma
NCT05686759,Hepatitis B
NCT05686759,Liver Diseases
NCT05916560,Hepatic Insufficiency
NCT04114682,"Diabetes Mellitus, Type 2"
NCT04114682,Non-alcoholic Fatty Liver Disease
NCT05179824,Breast Neoplasms
NCT05179824,Prostatic Neoplasms
NCT05179824,Urinary Bladder Neoplasms
NCT05179824,Lung Neoplasms
NCT05179824,Brain Neoplasms
NCT05179824,Pancreatic Neoplasms
NCT05179824,Ovarian Neoplasms
NCT05179824,Fallopian Tube Neoplasms
NCT05179824,Liver Neoplasms
NCT05179824,Colonic Neoplasms
NCT05179824,Head and Neck Neoplasms
NCT05179824,Stomach Neoplasms
NCT05179824,Gastrointestinal Neoplasms
NCT05179824,Rectal Neoplasms
NCT05179824,Esophageal Neoplasms
NCT05179824,Skin Neoplasms
NCT05179824,Uterine Cervical Neoplasms
NCT05179824,Kidney Neoplasms
NCT05179824,Laryngeal Neoplasms
NCT05179824,Endometrial Neoplasms
NCT05179824,Bile Duct Neoplasms
NCT05179824,Vulvar Neoplasms
NCT05179824,Bone Neoplasms
NCT05179824,Leukemia
NCT05179824,Lymphoma
NCT05179824,Neoplasms
NCT05462314,Gastrointestinal Neoplasms
NCT05462314,Pancreatic Neoplasms
NCT05462314,Esophageal Neoplasms
NCT05462314,Stomach Neoplasms
NCT05462314,Rectal Neoplasms
NCT05462314,Liver Neoplasms
NCT05462314,Biliary Tract Neoplasms
NCT05462314,Neoplasm Metastasis
NCT07499544,Hepatitis D
NCT05856331,alpha 1-Antitrypsin Deficiency
NCT05856331,Emphysema
NCT05189288,"Hepatitis B, Chronic"
NCT06858696,Hepatic Insufficiency
NCT07024641,Hepatitis B
NCT06730061,"Liver Cirrhosis, Biliary"
NCT07240896,Hepatolenticular Degeneration
NCT07617194,"Hepatitis B, Chronic"
NCT07099118,Non-alcoholic Fatty Liver Disease
NCT07325526,Liver Cirrhosis
NCT04607655,Non-alcoholic Fatty Liver Disease
NCT04607655,Liver Cirrhosis
NCT06706310,"Hepatitis B, Chronic"
NCT05391360,"Hepatitis B, Chronic"
NCT04246177,"Carcinoma, Hepatocellular"
NCT04246177,"Parkinson Disease 4, Autosomal Dominant Lewy Body"
NCT06507436,
NCT06694935,"Diabetes Mellitus, Type 2"
NCT06694935,Non-alcoholic Fatty Liver Disease
NCT07069725,Liver Cirrhosis
NCT04167358,Cholestasis
NCT04167358,"Liver Cirrhosis, Biliary"
NCT05970289,"Hepatitis B, Chronic"
NCT07087054,Serotonin Syndrome
NCT07087054,Carcinoid Tumor
NCT07087054,"Carcinoid Tumors, Intestinal"
NCT07087054,Neuroendocrine Tumors
NCT06227429,Tyrosinemias
NCT06227429,Rare Diseases
NCT06227429,Fanconi Anemia
NCT06227429,Liver Failure
NCT04510129,Head and Neck Neoplasms
NCT04510129,"Carcinoma, Non-Small-Cell Lung"
NCT04510129,Small Cell Lung Carcinoma
NCT04510129,"Carcinoma, Transitional Cell"
NCT04510129,Uterine Cervical Neoplasms
NCT04510129,Esophageal Squamous Cell Carcinoma
NCT04510129,Triple Negative Breast Neoplasms
NCT04510129,"Carcinoma, Hepatocellular"
NCT04510129,"Carcinoma, Renal Cell"
NCT04510129,Colorectal Neoplasms
NCT06890039,Acute-On-Chronic Liver Failure
NCT06890039,"Hepatitis, Alcoholic"
NCT06890039,"Liver Cirrhosis, Alcoholic"
NCT06890039,Liver Diseases
NCT04185363,"Cholestasis, progressive familial intrahepatic 1"
NCT04185363,Cholestasis
NCT04185363,Bile Duct Diseases
NCT04185363,Liver Diseases
NCT04185363,Biliary Tract Diseases
NCT04185363,Digestive System Diseases
NCT05583344,Non-alcoholic Fatty Liver Disease
NCT06590246,"Carcinoma, Hepatocellular"
NCT05022927,"Carcinoma, Hepatocellular"
NCT06183242,"Cholestasis, Intrahepatic"
NCT06088459,"Carcinoma, Hepatocellular"
NCT05440708,"Carcinoma, Hepatocellular"
NCT04749368,"Hepatitis B, Chronic"
NCT04749368,Hepatitis B
NCT04749368,Hepatitis
NCT05108415,Non-alcoholic Fatty Liver Disease
NCT05731895,Hepatic Insufficiency
NCT05209295,Hepatic Insufficiency
NCT05209295,Neoplasms
NCT06797427,"Carcinoma, Hepatocellular"
NCT04950127,Pruritus
NCT04950127,Cholestasis
NCT04950127,"Liver Cirrhosis, Biliary"
NCT04278820,"Liver Cirrhosis, Biliary"
NCT05784779,Non-alcoholic Fatty Liver Disease
NCT06742892,"Carcinoma, Hepatocellular"
NCT05441904,Non-alcoholic Fatty Liver Disease
NCT05674448,"Hepatitis B, Chronic"
NCT04868981,Hepatitis B
NCT06994130,Liver Neoplasms
NCT04781647,"Hepatitis B, Chronic"
NCT06402721,"Renal Insufficiency, Chronic"
NCT04807478,Malnutrition
NCT04807478,Precursor Cell Lymphoblastic Leukemia-Lymphoma
NCT04386915,Hepatitis B
NCT05661344,Hepatic Insufficiency
NCT06717295,Lung Neoplasms
NCT06717295,"Carcinoma, Non-Small-Cell Lung"
NCT06717295,"Pancreatic cancer, adult"
NCT06717295,Prostatic Neoplasms
NCT06717295,Ovarian Neoplasms
NCT06717295,Colorectal Neoplasms
NCT06717295,Glioblastoma
NCT06717295,"Carcinoma, Hepatocellular"
NCT06717295,Neoplasms
NCT06488911,"Liver Cirrhosis, Biliary"
NCT05620134,Neoplasms
NCT05620134,Neoplasm Metastasis
NCT05620134,Melanoma
NCT05620134,Colorectal Neoplasms
NCT05620134,"Carcinoma, Non-Small-Cell Lung"
NCT05620134,Small Cell Lung Carcinoma
NCT05620134,"Carcinoma, Transitional Cell"
NCT05620134,Squamous Cell Carcinoma of Head and Neck
NCT05620134,Triple Negative Breast Neoplasms
NCT05620134,"Carcinoma, Renal Cell"
NCT05620134,"Carcinoma, Hepatocellular"
NCT05620134,"Carcinoma, Ovarian Epithelial"
NCT05620134,Thyroid Neoplasms
NCT05293938,"Liver Cirrhosis, Biliary"
NCT06256432,Hepatorenal Syndrome
NCT06256432,Liver Cirrhosis
NCT06256432,Acute Kidney Injury
NCT05639543,"Hepatitis, Alcoholic"
NCT05639543,Hepatitis
NCT07370207,"Hepatitis B, Chronic"
NCT07370207,Hepatitis
NCT07370207,"Hepatitis, Chronic"
NCT07370207,Hepatitis B
NCT07370207,Blood-Borne Infections
NCT07370207,Communicable Diseases
NCT07370207,Infections
NCT07370207,DNA Virus Infections
NCT07370207,Virus Diseases
NCT07370207,"Hepatitis, Viral, Human"
NCT07370207,Liver Diseases
NCT07370207,Digestive System Diseases
NCT07370207,Chronic Disease
NCT07370207,Disease Attributes
NCT07370207,Pathologic Processes
NCT07370207,"Pathological Conditions, Signs and Symptoms"
NCT06525311,"Liver Cirrhosis, Biliary"
NCT05783687,Hepatolenticular Degeneration
NCT05628545,"Carcinoma, Hepatocellular"
NCT06272630,
NCT04950764,"Liver Cirrhosis, Biliary"
NCT07618845,
NCT06738017,alpha 1-Antitrypsin Deficiency
NCT05017116,"Hepatitis B, Chronic"
NCT05338034,Non-alcoholic Fatty Liver Disease
NCT04309526,Hepatitis B
NCT05543174,Alagille Syndrome
NCT07567131,"Protoporphyria, Erythropoietic"
NCT05363605,Squamous Cell Carcinoma of Head and Neck
NCT05363605,Urinary Bladder Neoplasms
NCT05363605,Ovarian Neoplasms
NCT05363605,Colorectal Neoplasms
NCT05363605,Breast Neoplasms
NCT05363605,Liver Neoplasms
NCT05363605,Lung Neoplasms
NCT05363605,Stomach Neoplasms
NCT04551261,"Hepatitis B, Chronic"
NCT04820686,"Hepatitis B, Chronic"
NCT04820686,Hepatitis B
NCT04629339,"Carcinoma, Non-Small-Cell Lung"
NCT04629339,"Carcinoma, Renal Cell"
NCT04629339,"Carcinoma, Hepatocellular"
NCT04629339,Melanoma
NCT04629339,Neoplasm Metastasis
NCT05579431,alpha 1-Antitrypsin Deficiency
NCT04884815,Hepatolenticular Degeneration
NCT04563026,"Hepatitis, Alcoholic"
NCT07291076,"Carcinoma, Hepatocellular"
NCT04474197,alpha 1-Antitrypsin Deficiency
NCT07550634,"Lymphoma, Follicular"
NCT07550634,Hepatic Insufficiency
NCT07493044,"Carcinoma, Hepatocellular"
NCT06040099,"Carcinoma, Hepatocellular"
NCT06040099,Liver Neoplasms
NCT04289987,"Hepatitis B, Chronic"
NCT04676724,Hepatitis B
NCT04676724,"Hepatitis B, Chronic"
NCT04954859,Hepatitis B
NCT05016882,Non-alcoholic Fatty Liver Disease
NCT05717686,"Hepatitis B, Chronic"
NCT04496479,End Stage Liver Disease
NCT04496479,Liver Diseases
NCT06715670,Liver Cirrhosis
NCT06715670,"Renal Insufficiency, Chronic"
NCT07620574,Neoplasms
NCT07620574,"Carcinoma, Renal Cell"
NCT07620574,"Carcinoma, Hepatocellular"
NCT07620574,Colorectal Neoplasms
NCT07620574,Prostatic Neoplasms
NCT05957380,Hepatitis B
NCT04849728,Non-alcoholic Fatty Liver Disease
NCT04849728,Liver Diseases
NCT04849728,Fibrosis
NCT07631637,Non-alcoholic Fatty Liver Disease
NCT07631637,Hepatitis
NCT07631637,Liver Cirrhosis
NCT07631637,Fibrosis
NCT05560607,Non-alcoholic Fatty Liver Disease
NCT05864105,"Carcinoma, Hepatocellular"
NCT04439539,"Hepatitis B, Chronic"
NCT07610837,Liver Cirrhosis
NCT07466602,"Carcinoma, Hepatocellular"
NCT04328077,Non-alcoholic Fatty Liver Disease
NCT06550128,"Hepatitis B, Chronic"
NCT05223816,"Carcinoma, Hepatocellular"
NCT05223816,Cholangiocarcinoma
NCT04352309,Hepatitis C
NCT04352309,Liver Cirrhosis
NCT05835180,Non-alcoholic Fatty Liver Disease
NCT05835180,Fibrosis
NCT06744686,"Hepatitis B, Chronic"
NCT05532124,
NCT05012423,Non-alcoholic Fatty Liver Disease
NCT05012423,Osteoarthritis
NCT06619561,Bronchiolitis Obliterans Syndrome
NCT06619561,Graft vs Host Disease
NCT06619561,Immune System Diseases
NCT06619561,Organizing Pneumonia
NCT06619561,Bronchiolitis Obliterans
NCT06619561,Bronchiolitis
NCT06619561,Bronchial Diseases
NCT06619561,Respiratory Tract Diseases
NCT06619561,"Lung Diseases, Obstructive"
NCT06619561,Lung Diseases
NCT06619561,Sclerosis
NCT06619561,Fibrosis
NCT06619561,Liver Diseases
NCT04942964,"Lymphoma, Follicular"
NCT07389044,"Hepatitis B, Chronic"
NCT07389044,Hepatitis B
NCT05822752,"Carcinoma, Hepatocellular"
NCT05822752,Neoplasms
NCT07462455,
NCT07227207,alpha 1-Antitrypsin Deficiency
NCT04237116,Non-alcoholic Fatty Liver Disease
NCT07583316,Lung Neoplasms
NCT07583316,Neoplasm Metastasis
NCT07583316,Esophageal Neoplasms
NCT07583316,Head and Neck Neoplasms
NCT07583316,"Carcinoma, Hepatocellular"
NCT05788484,"Carcinoma, Non-Small-Cell Lung"
NCT05788484,Stomach Neoplasms
NCT05788484,Head and Neck Neoplasms
NCT05788484,Ovarian Neoplasms
NCT05788484,Fallopian Tube Neoplasms
NCT05788484,Colorectal Neoplasms
NCT05788484,Esophageal Neoplasms
NCT05788484,Liver Neoplasms
NCT05788484,"Carcinoma, Renal Cell"
NCT05788484,Cholangiocarcinoma
NCT05788484,Pancreatic Neoplasms
NCT04676893,"Hepatitis B, Chronic"
NCT04931147,Fibrosis
NCT04931147,Inflammation
NCT04931147,Idiopathic Pulmonary Fibrosis
NCT04931147,Non-alcoholic Fatty Liver Disease
NCT04931147,Liver Diseases
NCT04931147,Kidney Diseases
NCT04225715,"Hepatitis B, Chronic"
NCT06990776,"Hepatitis B, Chronic"
NCT06492018,Hepatitis C
NCT05301842,"Carcinoma, Hepatocellular"
NCT05301842,Liver Neoplasms
NCT05904470,"Hepatitis C, Chronic"
NCT05904470,Hepatitis C
NCT05904470,Liver Cirrhosis
NCT05093972,Hepatic Insufficiency
NCT07424677,"Liver Cirrhosis, Biliary"
NCT07309380,"Hepatitis D, Chronic"
NCT05385978,Obesity
NCT05385978,Hypertension
NCT05385978,Endocrine System Diseases
NCT05385978,Non-alcoholic Fatty Liver Disease
NCT06082843,"Hypertension, Portal"
NCT06082843,Liver Cirrhosis
NCT04546984,Non-alcoholic Fatty Liver Disease
NCT04119843,Renal Insufficiency
NCT07128550,Hepatitis
NCT07128550,Hepatitis D
NCT07128550,"Hepatitis D, Chronic"
NCT07128550,Digestive System Diseases
NCT07128550,Liver Diseases
NCT06193928,Alagille Syndrome
NCT06193928,"Cholestasis, progressive familial intrahepatic 1"
NCT06193928,Liver Diseases
NCT07327034,"Carcinoma, Hepatocellular"
NCT07227012,"Carcinoma, Hepatocellular"
NCT07227012,Liver Neoplasms
NCT04634357,Hepatoblastoma
NCT04634357,"Carcinoma, Hepatocellular"
NCT04634357,Liver Neoplasms
NCT06925919,Rift Valley Fever
NCT05886075,Lung Neoplasms
NCT05886075,"Carcinoma, Bronchogenic"
NCT05886075,"Carcinoma, Non-Small-Cell Lung"
NCT05886075,Small Cell Lung Carcinoma
NCT05886075,Sarcoma
NCT05886075,Colorectal Neoplasms
NCT05886075,Stomach Neoplasms
NCT05886075,Liver Neoplasms
NCT05886075,Breast Neoplasms
NCT05886075,Pancreatic Neoplasms
NCT05886075,Head and Neck Neoplasms
NCT05886075,Ovarian Neoplasms
NCT06692322,Liver Diseases
NCT03468556,Non-alcoholic Fatty Liver Disease
NCT06239194,Biliary Tract Neoplasms
NCT06239194,Breast Neoplasms
NCT06239194,Uterine Cervical Neoplasms
NCT06239194,Colonic Neoplasms
NCT06239194,Endometrial Neoplasms
NCT06239194,Esophageal Neoplasms
NCT06239194,Stomach Neoplasms
NCT06239194,Head and Neck Neoplasms
NCT06239194,Liver Neoplasms
NCT06239194,"Carcinoma, Non-Small-Cell Lung"
NCT06239194,Pancreatic Neoplasms
NCT06239194,Prostatic Neoplasms
NCT06239194,Rectal Neoplasms
NCT06239194,Kidney Neoplasms
NCT06239194,Thyroid Neoplasms
NCT04255069,Non-alcoholic Fatty Liver Disease
NCT07527910,Non-alcoholic Fatty Liver Disease
NCT05770882,"Carcinoma, Hepatocellular"
NCT06308874,Non-alcoholic Fatty Liver Disease
NCT05489289,"Carcinoma, Hepatocellular"
NCT05789797,Neoplasms
NCT05789797,Chemical and Drug Induced Liver Injury
NCT06173726,Liver Neoplasms
NCT06255782,Ornithine Carbamoyltransferase Deficiency Disease
NCT06255782,"Urea Cycle Disorders, Inborn"
NCT06255782,"Amino Acid Metabolism, Inborn Errors"
NCT06255782,Brain Diseases
NCT06255782,"Brain Diseases, Metabolic"
NCT06255782,"Brain Diseases, Metabolic, Inborn"
NCT06255782,Central Nervous System Diseases
NCT06255782,"Genetic Diseases, Inborn"
NCT06255782,"Genetic Diseases, X-Linked"
NCT06255782,Hyperammonemia
NCT06255782,Liver Diseases
NCT06255782,Metabolic Diseases
NCT06255782,"Metabolism, Inborn Errors"
NCT06255782,Nervous System Diseases
NCT07190742,"Hepatitis B, Chronic"
NCT05353894,"Carcinoma, Hepatocellular"
NCT04449029,Hepatitis B
NCT04449029,"Hepatitis B, Chronic"
NCT07488975,
NCT04526665,"Liver Cirrhosis, Biliary"
NCT04595916,Chemical and Drug Induced Liver Injury
NCT06452693,"Hepatitis B, Chronic"
NCT05001022,"Hepatitis B, Chronic"
NCT06594523,Non-alcoholic Fatty Liver Disease
NCT06594523,Fibrosis
NCT06594523,Fatty Liver
NCT06512454,alpha 1-Antitrypsin Deficiency
NCT06190691,Hepatic Insufficiency
NCT05257590,"Carcinoma, Hepatocellular"
NCT05257590,Neoplasms
NCT05464784,"Diabetes Mellitus, Type 2"
NCT05464784,Hypertriglyceridemia
NCT05464784,Non-alcoholic Fatty Liver Disease
NCT05211284,Non-alcoholic Fatty Liver Disease
NCT07081633,"Carcinoma, Hepatocellular"
NCT05623189,Non-alcoholic Fatty Liver Disease
NCT05623189,"Diabetes Mellitus, Type 2"
NCT07598825,"Hepatitis, Autoimmune"
NCT05960240,"Hepatitis B, Chronic"
NCT05393076,Pruritus
NCT05393076,"Liver Cirrhosis, Biliary"
NCT05393076,Liver Cirrhosis
NCT04847440,"Hepatitis B, Chronic"
NCT04847440,Hepatitis D
NCT04365868,Non-alcoholic Fatty Liver Disease
NCT04365868,Fibrosis
NCT04365868,Esophageal and Gastric Varices
NCT04365868,"Hypertension, Portal"
NCT06553768,"Cholangitis, Sclerosing"
NCT06553768,Pruritus
NCT06553768,Biliary Atresia
NCT06247735,"Liver Cirrhosis, Biliary"
NCT06622668,Lung Diseases
NCT06622668,alpha 1-Antitrypsin Deficiency
NCT06993480,"Hepatitis B, Chronic"
NCT06650852,"Hepatitis B, Chronic"
NCT06650852,Hepatitis B
NCT06650852,Infections
NCT05343832,Liver Neoplasms
NCT05450887,"Liver Cirrhosis, Biliary"
NCT07142811,Hepatitis
NCT07142811,Hepatitis D
NCT07142811,"Hepatitis D, Chronic"
NCT07142811,Digestive System Diseases
NCT07142811,Liver Diseases
NCT07010575,Hepatolenticular Degeneration
NCT07675785,"Malaria, Falciparum"
NCT07675785,Malaria
NCT05201404,"Carcinoma, Hepatocellular"
NCT05201404,Fibrosis
NCT05201404,Liver Neoplasms
NCT06750276,Liver Cirrhosis
NCT05552274,Non-alcoholic Fatty Liver Disease
NCT07308548,Non-alcoholic Fatty Liver Disease
NCT07308548,Fatty Liver
NCT05039450,Non-alcoholic Fatty Liver Disease
NCT06680258,"Carcinoma, Hepatocellular"
NCT06680258,Liver Neoplasms
NCT06680258,Neoplasm Metastasis
NCT07221188,Non-alcoholic Fatty Liver Disease
NCT05220722,"Carcinoma, Hepatocellular"
NCT05220722,Cholangiocarcinoma
NCT04535037,Diphtheria
NCT04535037,Tetanus
NCT04535037,Hepatitis B
NCT04535037,Haemophilus Infections
NCT05559242,Liver Diseases
NCT04808154,Non-alcoholic Fatty Liver Disease
NCT05462353,Non-alcoholic Fatty Liver Disease
NCT05638737,Fatty Liver
NCT05292911,Non-alcoholic Fatty Liver Disease
NCT05292911,Obesity
NCT05292911,Overweight
NCT07412236,Liver Cirrhosis
NCT05035030,Alagille Syndrome
NCT06085053,"Hepatitis B, Chronic"
NCT07341737,Head and Neck Neoplasms
NCT07341737,Pancreatic Neoplasms
NCT07341737,Neoplasm Metastasis
NCT07341737,Adenocarcinoma of Lung
NCT07341737,Lung Neoplasms
NCT07341737,"Carcinoma, Non-Small-Cell Lung"
NCT07341737,Esophageal Neoplasms
NCT07341737,Stomach Neoplasms
NCT07341737,Liver Neoplasms
NCT07341737,Intestinal Neoplasms
NCT07341737,Urinary Bladder Neoplasms
NCT07341737,Kidney Neoplasms
NCT07341737,Prostatic Neoplasms
NCT07341737,Melanoma
NCT07341737,Breast Neoplasms
NCT07341737,Ovarian Neoplasms
NCT07341737,Endometrial Neoplasms
NCT07341737,Colorectal Neoplasms
NCT05909995,Melanoma
NCT05909995,"Carcinoma, Hepatocellular"
NCT05909995,"Carcinoma, Renal Cell"
NCT05909995,Turcot syndrome
NCT05909995,Colorectal Neoplasms
NCT04187339,Obesity
NCT04187339,Non-alcoholic Fatty Liver Disease
NCT04637139,"Hepatitis B, Chronic"
NCT04637139,Hepatitis B
NCT04857437,Non-alcoholic Fatty Liver Disease
NCT04857437,Liver Cirrhosis
NCT04686994,Overweight
NCT04686994,Obesity
NCT04686994,Non-alcoholic Fatty Liver Disease
NCT04686994,Hyperlipidemias
NCT04244552,Breast Neoplasms
NCT04244552,Colorectal Neoplasms
NCT04244552,Ovarian Neoplasms
NCT04244552,"Carcinoma, Non-Small-Cell Lung"
NCT04244552,Squamous Cell Carcinoma of Head and Neck
NCT04244552,"Carcinoma, Hepatocellular"
NCT04244552,Esophageal Squamous Cell Carcinoma
NCT04244552,"Carcinoma, Transitional Cell"
NCT04244552,Melanoma
NCT04244552,Triple Negative Breast Neoplasms
NCT05795517,Hypercholesterolemia
NCT05795517,Non-alcoholic Fatty Liver Disease
NCT04338685,"Carcinoma, Hepatocellular"
NCT04338685,Biliary Tract Neoplasms
NCT05737433,Non-alcoholic Fatty Liver Disease
NCT05503797,Glioma
NCT05503797,Biliary Tract Neoplasms
NCT05503797,Ovarian Neoplasms
NCT05503797,Fallopian Tube Neoplasms
NCT05503797,"Thyroid Carcinoma, Anaplastic"
NCT05503797,Cholangiocarcinoma
NCT05503797,Urinary Bladder Neoplasms
NCT05503797,Uterine Neoplasms
NCT05503797,"Carcinoma, Hepatocellular"
NCT05503797,Gastrointestinal Stromal Tumors
NCT05503797,Breast Neoplasms
NCT04580485,Ovarian Neoplasms
NCT04580485,Urinary Bladder Neoplasms
NCT04580485,"Carcinoma, Non-Small-Cell Lung"
NCT04580485,Squamous Cell Carcinoma of Head and Neck
NCT04580485,Triple Negative Breast Neoplasms
NCT04580485,Colorectal Neoplasms
NCT04580485,"Carcinoma, Hepatocellular"
NCT06431438,"Hepatitis B, Chronic"
NCT06440018,Lung Neoplasms
NCT06440018,Stomach Neoplasms
NCT06440018,Liver Neoplasms
NCT06440018,Colorectal Neoplasms
NCT06440018,Pancreatic Neoplasms
NCT06440018,Esophageal Neoplasms
NCT06440018,Breast Neoplasms
NCT06440018,Uterine Cervical Neoplasms
NCT06440018,Ovarian Neoplasms
NCT06440018,Endometrial Neoplasms
NCT06440018,Urinary Bladder Neoplasms
NCT06440018,Prostatic Neoplasms
NCT06440018,Cholangiocarcinoma
NCT06376474,Psoriasis
NCT07587710,Overweight
NCT07587710,Obesity
NCT07521241,
NCT04210245,Non-alcoholic Fatty Liver Disease
NCT06440005,Neoplasms
NCT06440005,Neoplasm Metastasis
NCT06440005,Breast Neoplasms
NCT06440005,Prostatic Neoplasms
NCT06440005,Colorectal Neoplasms
NCT06440005,Pancreatic Neoplasms
NCT06440005,Liver Neoplasms
NCT06440005,Hemangiosarcoma
NCT07102095,Hepatic Insufficiency
NCT07102095,Liver Diseases
NCT05432492,"Carcinoma, Hepatocellular"
NCT05185011,Erectile Dysfunction
NCT05185011,Pulmonary Arterial Hypertension
NCT05685524,Neoplasms
NCT05685524,Colorectal Neoplasms
NCT05685524,Liver Neoplasms
NCT05685524,Squamous Cell Carcinoma of Head and Neck
NCT05685524,Esophageal Neoplasms
NCT05685524,Pancreatic Neoplasms
NCT05685524,Ovarian Neoplasms
NCT05685524,Urinary Bladder Neoplasms
NCT05685524,Uterine Cervical Neoplasms
NCT05685524,Lung Neoplasms
NCT05685524,Stomach Neoplasms
NCT04440488,"Pulmonary Disease, Chronic Obstructive"
NCT04440488,alpha 1-Antitrypsin Deficiency
NCT05613127,Hepatitis A
NCT05613127,Hepatitis
NCT07069569,"Hepatitis B, Chronic"
NCT04366973,Hepatitis C
NCT05178043,"Carcinoma, Hepatocellular"
NCT05199584,Laryngeal Diseases
NCT05199584,Melanoma
NCT05199584,"Adenoma, Islet Cell"
NCT05199584,Osteosarcoma
NCT05199584,Rhabdomyosarcoma
NCT05199584,Sarcoma
NCT05199584,Uveal Melanoma
NCT05199584,Retinoblastoma
NCT05199584,Neuroblastoma
NCT05199584,Pituitary Diseases
NCT05199584,Medulloblastoma
NCT05199584,Glioma
NCT05199584,Mesothelioma
NCT05466747,"Pulmonary Disease, Chronic Obstructive"
NCT05466747,alpha 1-Antitrypsin Deficiency
NCT06661148,"Hepatitis B, Chronic"
NCT06661148,Hepatitis B
NCT07024212,Non-alcoholic Fatty Liver Disease
NCT07298330,Hepatitis D
NCT06205706,"Carcinoma, Non-Small-Cell Lung"
NCT06205706,"Carcinoma, Hepatocellular"
NCT07701993,Fatty Liver
NCT07701993,Fibrosis
NCT06505928,Hepatitis D
NCT05882032,Hepatic Insufficiency
NCT05520099,Neoplasms
NCT05520099,Urinary Bladder Neoplasms
NCT05520099,Kidney Neoplasms
NCT05520099,"Carcinoma, Renal Cell"
NCT05520099,Colorectal Neoplasms
NCT05520099,Head and Neck Neoplasms
NCT05520099,Squamous Cell Carcinoma of Head and Neck
NCT05520099,Liver Neoplasms
NCT05520099,"Carcinoma, Hepatocellular"
NCT05520099,Lung Neoplasms
NCT05520099,"Carcinoma, Non-Small-Cell Lung"
NCT05520099,Skin Neoplasms
NCT05520099,Melanoma
NCT05520099,Endometrial Neoplasms
NCT06388642,"Protoporphyria, Erythropoietic"
NCT05133336,"Liver Cirrhosis, Biliary"
NCT05047523,Hepatolenticular Degeneration
NCT04980482,"Hepatitis B, Chronic"
NCT04980482,Hepatitis B
NCT04980482,Hepatitis
NCT05100082,Liver Neoplasms
NCT04639115,Liver Diseases
NCT04639115,Digestive System Diseases
NCT04639115,"Lymphoma, Follicular"
NCT05900050,Acute-On-Chronic Liver Failure
NCT05900050,Ascites
NCT05900050,Liver Diseases
NCT05900050,Liver Failure
NCT05900050,Kidney Diseases
NCT05900050,Renal Insufficiency
NCT05900050,Fibrosis
NCT07511218,"Hepatitis B, Chronic"
NCT06841185,"Carcinoma, Hepatocellular"
NCT06858813,Liver Neoplasms
NCT05293496,"Prostatic Neoplasms, Castration-Resistant"
NCT05293496,Melanoma
NCT05293496,"Carcinoma, Pancreatic Ductal"
NCT05293496,Liver Neoplasms
NCT05293496,"Carcinoma, Ovarian Epithelial"
NCT05293496,"Carcinoma, Renal Cell"
NCT05652920,"Carcinoma, Hepatocellular"
NCT05484466,"Hepatitis B, Chronic"
NCT06649266,"Hepatitis D, Chronic"
NCT05490888,Liver Cirrhosis
NCT05490888,Fibrosis
NCT05490888,Ascites
NCT07761286,"Carcinoma, Hepatocellular"
NCT07168356,Hepatitis B
NCT07168356,Renal Insufficiency
NCT07168356,Kidney Diseases
NCT07691762,"Carcinoma, Hepatocellular"
NCT06687941,Neoplasms
NCT06687941,"Carcinoma, Hepatocellular"
NCT06687941,"Carcinoma, Non-Small-Cell Lung"
NCT06687941,Liver Neoplasms
NCT06687941,Simpson-Golabi-Behmel syndrome
NCT06687941,Neoplasm Metastasis
NCT05635266,Macular Degeneration
NCT05635266,Hypersensitivity
NCT05635266,red meat allergy
NCT05635266,Alzheimer Disease
NCT05635266,Amyloidosis
NCT05635266,"Spondylitis, Ankylosing"
NCT05635266,Arthritis
NCT05635266,Alopecia Areata
NCT05635266,Asthma
NCT05635266,"Dermatitis, Atopic"
NCT05635266,Autistic Disorder
NCT05635266,"Hepatitis, Autoimmune"
NCT05635266,Behcet Syndrome
NCT05635266,beta-Thalassemia
NCT05635266,Neoplasms
NCT05635266,Celiac Disease
NCT05635266,Kidney Diseases
NCT05635266,"Pulmonary Disease, Chronic Obstructive"
NCT05635266,Crohn Disease
NCT05635266,Cystic Fibrosis
NCT05635266,Diabetes Mellitus
NCT05635266,"Epilepsies, Myoclonic"
NCT05635266,Fibromyalgia
NCT05635266,Graves Disease
NCT05635266,Thyroid Diseases
NCT05635266,Hepatitis
NCT05635266,Hidradenitis Suppurativa
NCT05635266,Leukemia
NCT05635266,"Lupus Erythematosus, Systemic"
NCT05635266,Lymphoma
NCT05635266,Multiple Sclerosis
NCT05635266,Myasthenia Gravis
NCT05635266,Heart Diseases
NCT05635266,Parkinson Disease
NCT05635266,Pemphigus
NCT05635266,Fibrosis
NCT05635266,Psoriasis
NCT05635266,Schizophrenia
NCT05635266,"Scleroderma, Diffuse"
NCT05635266,"Anemia, Sickle Cell"
NCT05635266,Stroke
NCT05635266,"Colitis, Ulcerative"
NCT05635266,Vasculitis
NCT05635266,Vitiligo
NCT04560894,"Carcinoma, Hepatocellular"
NCT05553470,Non-alcoholic Fatty Liver Disease
NCT04458259,Neoplasm Metastasis
NCT04458259,"Parkinson Disease 4, Autosomal Dominant Lewy Body"
NCT04458259,Uterine Cervical Neoplasms
NCT04458259,Stomach Neoplasms
NCT04458259,Esophageal Neoplasms
NCT04458259,Endometrial Neoplasms
NCT04458259,"Carcinoma, Hepatocellular"
NCT04458259,Melanoma
NCT04458259,"Carcinoma, Merkel Cell"
NCT04458259,Neoplasms
NCT04458259,"Carcinoma, Non-Small-Cell Lung"
NCT04458259,Small Cell Lung Carcinoma
NCT04458259,"Carcinoma, Renal Cell"
NCT04458259,"Carcinoma, Transitional Cell"
NCT04458259,Colorectal Neoplasms
NCT04783753,Hepatitis B
NCT04374877,"Carcinoma, Renal Cell"
NCT04374877,"Carcinoma, Hepatocellular"
NCT04374877,"Carcinoma, Non-Small-Cell Lung"
NCT04374877,Neoplasms
NCT04374877,Kidney Neoplasms
NCT04374877,Liver Neoplasms
NCT05130567,"Hepatitis B, Chronic"
NCT07581951,Non-alcoholic Fatty Liver Disease
NCT06883539,Neoplasms
NCT06883539,"Carcinoma, Hepatocellular"
NCT06883539,"Carcinoma, Renal Cell"
NCT06883539,Pancreatic Neoplasms
NCT07052253,"Carcinoma, Hepatocellular"
NCT04766476,Non-alcoholic Fatty Liver Disease
NCT04766476,Liver Cirrhosis
NCT06632444,Liver Cirrhosis
NCT07547553,"Carcinoma, Hepatocellular"
NCT06147895,Vaccine-Preventable Diseases
NCT06147895,Hepatitis B
NCT05692505,HIV Infections
NCT05692505,Hepatitis C
NCT05692505,Hepatitis B
NCT06493253,
NCT05256381,"Carcinoma, Non-Small-Cell Lung"
NCT05256381,Colorectal Neoplasms
NCT05256381,"Carcinoma, Hepatocellular"
NCT05256381,Ovarian Neoplasms
NCT06060665,"Liver Cirrhosis, Biliary"
NCT04573309,Hepatolenticular Degeneration
NCT06584071,Liver Neoplasms
NCT05116826,Liver Diseases
NCT05117489,Non-alcoholic Fatty Liver Disease
NCT05063968,Non-alcoholic Fatty Liver Disease
NCT06405633,alpha 1-Antitrypsin Deficiency
NCT07173933,Hepatolenticular Degeneration
NCT05732831,Cholangiocarcinoma
NCT05732831,Mesothelioma
NCT05732831,Neurofibrosarcoma
NCT05732831,Sarcoma
NCT04229901,Acute-On-Chronic Liver Failure
NCT06632457,
NCT06846528,
NCT05244057,"Hepatitis B, Chronic"
NCT04880031,Non-alcoholic Fatty Liver Disease
NCT05104567,Esophageal Squamous Cell Carcinoma
NCT05104567,Stomach Neoplasms
NCT05104567,"Carcinoma, Hepatocellular"
NCT05104567,Colorectal Neoplasms
NCT05104567,Adenocarcinoma Of Esophagus
NCT06274788,Malnutrition
NCT06274788,Precursor Cell Lymphoblastic Leukemia-Lymphoma
NCT06216041,Non-alcoholic Fatty Liver Disease
NCT04976283,"Diabetes Mellitus, Type 2"
NCT04976283,Non-alcoholic Fatty Liver Disease
NCT05337137,"Carcinoma, Hepatocellular"
NCT05337137,Liver Neoplasms
NCT04480294,"Hepatitis B, Chronic"
NCT07390838,Liver Neoplasms
NCT07390838,Neoplasm Metastasis
NCT07390838,Lung Neoplasms
NCT07390838,"Carcinoma, Non-Small-Cell Lung"
NCT07390838,Breast Neoplasms
NCT07390838,Esophageal Neoplasms
NCT07390838,Stomach Neoplasms
NCT05680233,Non-alcoholic Fatty Liver Disease
NCT05296733,Liver Diseases
NCT05296733,Obesity
NCT04348643,Lung Neoplasms
NCT04348643,Colorectal Neoplasms
NCT04348643,Liver Neoplasms
NCT04348643,Pancreatic Neoplasms
NCT04348643,Stomach Neoplasms
NCT04348643,Breast Neoplasms
NCT06111326,"Carcinoma, Hepatocellular"
NCT06410924,Non-alcoholic Fatty Liver Disease
NCT06410924,Liver Diseases
NCT06410924,Fatty Liver
NCT05227261,Lung Neoplasms
NCT05227261,Breast Neoplasms
NCT05227261,"Carcinoma, Hepatocellular"
NCT05227261,Colorectal Neoplasms
NCT05227261,Stomach Neoplasms
NCT07679061,"Carcinoma, Hepatocellular"
NCT04485663,"Hepatitis B, Chronic"
NCT07392866,"Carcinoma, Hepatocellular"
NCT03038802,"Hepatitis B, Chronic"
NCT07110441,Acute-On-Chronic Liver Failure
NCT06544551,"Hepatitis B, Chronic"
NCT05208762,"Carcinoma, Non-Small-Cell Lung"
NCT05208762,Squamous Cell Carcinoma of Head and Neck
NCT05208762,Esophageal Squamous Cell Carcinoma
NCT05208762,Triple Negative Breast Neoplasms
NCT05208762,Stomach Neoplasms
NCT05208762,Endometrial Neoplasms
NCT05208762,"Carcinoma, Hepatocellular"
NCT04422496,Non-alcoholic Fatty Liver Disease
NCT05651724,Liver Cirrhosis
NCT05651724,Fatty Liver
NCT05651724,"Diabetes Mellitus, Type 2"
NCT05651724,Obesity
NCT05651724,Metabolic Syndrome
NCT05651724,Hypertension
NCT04829123,Non-alcoholic Fatty Liver Disease
NCT05239468,"Liver Cirrhosis, Biliary"
NCT05239468,Fibrosis
NCT05605782,"Multiple Sclerosis, Relapsing-Remitting"
NCT05605782,Neoplasms
NCT05605782,Macular Edema
NCT07694297,Acute-On-Chronic Liver Failure
NCT07293897,Alagille Syndrome
NCT07293897,"Cholestasis, progressive familial intrahepatic 1"
NCT05438420,Esophageal Neoplasms
NCT05438420,Stomach Neoplasms
NCT05438420,Liver Neoplasms
NCT05438420,Uterine Cervical Neoplasms
NCT05952596,Diphtheria
NCT05952596,Tetanus
NCT05952596,Whooping Cough
NCT05952596,Poliomyelitis
NCT05952596,Hepatitis B
NCT05952596,Haemophilus Infections
NCT05123209,Liver Neoplasms
NCT05919264,Neoplasms
NCT05919264,Colorectal Neoplasms
NCT05919264,Neoplasm Metastasis
NCT05919264,Desmoid Tumors
NCT05919264,Adenomatous Polyposis Coli
NCT05919264,Endometrial Neoplasms
NCT05919264,Prostatic Neoplasms
NCT05919264,Craniopharyngioma
NCT05919264,"Carcinoma, Hepatocellular"
NCT06482112,Non-alcoholic Fatty Liver Disease
NCT06482112,Liver Diseases
NCT07431112,alpha 1-Antitrypsin Deficiency
NCT07431112,Lung Diseases
NCT07431112,Liver Diseases
NCT07431112,Respiratory Tract Diseases
NCT07431112,"Genetic Diseases, Inborn"
NCT07431112,"Infant, Newborn, Diseases"
NCT07431112,Congenital Abnormalities
NCT07431112,Subcutaneous Emphysema
NCT07431112,Emphysema
NCT07431112,Pathologic Processes
NCT07431112,"Pathological Conditions, Signs and Symptoms"
NCT04741165,"Carcinoma, Hepatocellular"
NCT04568265,Hepatitis B
NCT04568265,"Hepatitis B, Chronic"
NCT07348211,"Carcinoma, Non-Small-Cell Lung"
NCT07348211,Colorectal Neoplasms
NCT07348211,Squamous Cell Carcinoma of Head and Neck
NCT07348211,"Carcinoma, Hepatocellular"
NCT05461170,"Hepatitis D, Chronic"
NCT05461170,Hepatitis
NCT05461170,Hepatitis D
NCT05908786,"Carcinoma, Hepatocellular"
NCT05904886,"Carcinoma, Hepatocellular"
NCT04470388,Hepatitis B
NCT04710641,"Carcinoma, Hepatocellular"
NCT04710641,Hepatitis B
NCT04710641,Hepatitis C
NCT04408937,Liver Diseases
NCT06675929,
NCT04000737,"Carcinoma, Hepatocellular"
NCT04000737,Hepatitis B
NCT04897594,Non-alcoholic Fatty Liver Disease
NCT06070051,"Hepatitis B, Chronic"
NCT06070051,Hepatitis B
NCT05879822,"Carcinoma, Hepatocellular"
NCT05879822,Melanoma
NCT05879822,"Carcinoma, Non-Small-Cell Lung"
NCT05879822,"Carcinoma, Renal Cell"
NCT06716905,Non-alcoholic Fatty Liver Disease
NCT04297254,"Carcinoma, Hepatocellular"
NCT04874233,Non-alcoholic Fatty Liver Disease
NCT06016842,"Liver Cirrhosis, Biliary"
NCT04709913,Non-alcoholic Fatty Liver Disease
NCT06558227,"Carcinoma, Hepatocellular"
NCT06569524,Non-alcoholic Fatty Liver Disease
NCT05641896,Gastrointestinal Neoplasms
NCT05641896,Cholangiocarcinoma
NCT05641896,Stomach Neoplasms
NCT05641896,Colorectal Neoplasms
NCT05641896,"Carcinoma, Hepatocellular"
NCT05457946,Diphtheria
NCT05457946,Tetanus
NCT05457946,Whooping Cough
NCT05457946,Hepatitis B
NCT05457946,Poliomyelitis
NCT05457946,Haemophilus Infections
NCT06096779,"Carcinoma, Hepatocellular"
NCT06096779,Fibrosis
NCT06096779,Liver Neoplasms
NCT06096779,Digestive System Neoplasms
NCT06096779,Liver Diseases
NCT06096779,Fatty Liver
NCT03823703,Non-alcoholic Fatty Liver Disease
NCT05506475,HIV Infections
NCT05506475,Hepatitis C
NCT05320692,"Carcinoma, Hepatocellular"
NCT05461430,"Pleural Effusion, Malignant"
NCT05461430,Ascites
NCT05461430,Carcinoma
NCT05461430,"Carcinoma, Hepatocellular"
NCT05461430,"Carcinoma, Renal Cell"
NCT05461430,"Carcinoma, Small Cell"
NCT05461430,"Carcinoma, Non-Small-Cell Lung"
NCT05461430,"Carcinoma, Pancreatic Ductal"
NCT05461430,"Carcinoma, Neuroendocrine"
NCT05461430,Thymoma
NCT05461430,Pancreatic Neoplasms
NCT05461430,Breast Neoplasms
NCT05461430,Ovarian Neoplasms
NCT05461430,Urinary Bladder Neoplasms
NCT05461430,"Neoplasms, Unknown Primary"
NCT05461430,Oropharyngeal Neoplasms
NCT05461430,Laryngeal Neoplasms
NCT05461430,Esophageal Neoplasms
NCT05461430,Nasopharyngeal Neoplasms
NCT05461430,Penile Neoplasms
NCT05461430,Uterine Cervical Neoplasms
NCT05461430,Anus Neoplasms
NCT05461430,Vulvar Neoplasms
NCT05461430,Appendiceal Neoplasms
NCT05461430,Mouth Neoplasms
NCT05461430,Cholangiocarcinoma
NCT05461430,Melanoma
NCT05461430,Mesothelioma
NCT05461430,Lung Neoplasms
NCT05461430,Gastrointestinal Stromal Tumors
NCT05461430,Stomach Neoplasms
NCT05461430,Colonic Neoplasms
NCT07523529,Neoplasm Metastasis
NCT07523529,Stomach Neoplasms
NCT07523529,Glioblastoma
NCT07523529,"Carcinoma, Hepatocellular"
NCT07523529,Ovarian Neoplasms
NCT07523529,Pancreatic Neoplasms
NCT07523529,Prostatic Neoplasms
NCT07523529,Triple Negative Breast Neoplasms
NCT06309992,Obesity
NCT06309992,Non-alcoholic Fatty Liver Disease
NCT06049082,alpha 1-Antitrypsin Deficiency
NCT06618196,Diphtheria
NCT06618196,Tetanus
NCT06618196,Whooping Cough
NCT06618196,Hepatitis B
NCT06618196,Poliomyelitis
NCT06618196,Haemophilus Infections
NCT07144098,Obesity
NCT07144098,Overweight
NCT05050136,"Liver Cirrhosis, Biliary"
NCT05050136,Pruritus
NCT05050136,Cholangitis
NCT05050136,Digestive System Diseases
NCT04490499,Hepatitis B
NCT06447168,"Liver Cirrhosis, Biliary"
NCT05292443,"Carcinoma, Hepatocellular"
NCT05292443,Cholangiocarcinoma
NCT05070364,Hepatitis D
NCT05310487,"Hepatitis B, Chronic"
NCT05435014,"Carcinoma, Hepatocellular"
NCT06497504,Hepatitis B
NCT06497504,Acquired Immunodeficiency Syndrome
NCT05857319,Overweight
NCT05857319,Obesity
NCT05857319,Cardiovascular Diseases
NCT05857319,Metabolic Diseases
NCT05857319,"Diabetes Mellitus, Type 2"
NCT05857319,"Sleep Apnea, Obstructive"
NCT05857319,Non-alcoholic Fatty Liver Disease
NCT04906109,Hepatitis B
NCT05712265,Non-alcoholic Fatty Liver Disease
NCT06348563,Non-alcoholic Fatty Liver Disease
NCT04944992,Non-alcoholic Fatty Liver Disease
NCT07394309,Liver Cirrhosis
NCT04891770,"Hepatitis B, Chronic"
NCT04507269,"Hepatitis B, Chronic"
NCT04507269,Hepatitis B
NCT04507269,Hepatitis
NCT04971785,Non-alcoholic Fatty Liver Disease
NCT04201808,"Hepatitis B, Chronic"
NCT05644717,Fatty Liver
NCT05644717,Liver Cirrhosis
NCT05644717,Body Weight Changes
NCT06289868,Hepatitis
NCT07209813,"Carcinoma, Hepatocellular"
NCT04567615,"Carcinoma, Hepatocellular"
NCT04567615,Liver Neoplasms
NCT05710120,Hepatitis C
NCT07164313,"Carcinoma, Hepatocellular"
NCT07164313,"Neoplasms, Germ Cell and Embryonal"
NCT07164313,Lung Neoplasms
NCT07164313,"Carcinoma, Non-Small-Cell Lung"
NCT07164313,"Neoplasms, Squamous Cell"
NCT04667104,"Hepatitis B, Chronic"
NCT04676633,"Carcinoma, Hepatocellular"
NCT04676633,Cholangiocarcinoma
NCT06887348,Melanoma
NCT06887348,"Carcinoma, Hepatocellular"
NCT06161571,Non-alcoholic Fatty Liver Disease
NCT06564116,Hepatitis E
NCT05557448,Hepatitis
NCT05557448,"Liver Failure, Acute"
NCT06391749,Colonic Neoplasms
NCT06391749,Liver Neoplasms
NCT06391749,Lung Neoplasms
NCT06391749,Breast Neoplasms
NCT06391749,Stomach Neoplasms
NCT04880187,Non-alcoholic Fatty Liver Disease
NCT04880187,Fatty Liver
NCT04880187,Fibrosis
NCT07324304,"Carcinoma, Hepatocellular"
NCT04464733,"Hepatitis B, Chronic"
NCT07070518,Neoplasms
NCT07070518,Endometrial Neoplasms
NCT07070518,"Carcinoma, Non-Small-Cell Lung"
NCT07070518,Melanoma
NCT07070518,"Carcinoma, Hepatocellular"
NCT07070518,Small Cell Lung Carcinoma
NCT07252661,"Carcinoma, Hepatocellular"
NCT07252661,"Carcinoma, Renal Cell"
NCT07252661,"Thyroid cancer, medullary"
NCT07252661,Melanoma
NCT07252661,Gallbladder Neoplasms
NCT07252661,Neoplasm Metastasis
NCT05011305,Non-alcoholic Fatty Liver Disease
NCT05011305,Fibrosis
NCT04260802,Neoplasms
NCT04260802,Neoplasm Metastasis
NCT04260802,Triple Negative Breast Neoplasms
NCT04260802,Stomach Neoplasms
NCT04260802,Uterine Cervical Neoplasms
NCT04260802,Ovarian Neoplasms
NCT04260802,"Carcinoma, Hepatocellular"
NCT04260802,Squamous Cell Carcinoma of Head and Neck
NCT04260802,"Carcinoma, Transitional Cell"
NCT04260802,"Carcinoma, Non-Small-Cell Lung"
NCT04260802,"Carcinoma, Renal Cell"
NCT04260802,"Carcinoma, Squamous Cell"
NCT04260802,Sarcoma
NCT04260802,"Carcinoma, Merkel Cell"
NCT04260802,Urinary Bladder Neoplasms
NCT06133270,
NCT07318051,Breast Neoplasms
NCT07318051,Lung Neoplasms
NCT07318051,Rectal Neoplasms
NCT07318051,Pancreatic Neoplasms
NCT07318051,Ovarian Neoplasms
NCT07318051,Prostatic Neoplasms
NCT07318051,Melanoma
NCT07318051,Head and Neck Neoplasms
NCT07318051,Uterine Neoplasms
NCT07318051,Liver Neoplasms
NCT04618744,"Diabetes Mellitus, Type 2"
NCT04618744,Non-alcoholic Fatty Liver Disease
NCT04444167,"Carcinoma, Hepatocellular"
NCT06425198,Liver Diseases
NCT06425198,"Lymphoma, Follicular"
NCT05725109,Hepatitis C
NCT05808374,"Hepatitis B, Chronic"
NCT04597710,Liver Neoplasms
NCT05718258,Liver Diseases
NCT05849558,
NCT04764448,alpha 1-Antitrypsin Deficiency
NCT04480840,"Cholangitis, Sclerosing"
NCT04510740,"Carcinoma, Hepatocellular"
NCT04510740,Cholangiocarcinoma
NCT07521852,"Carcinoma, Hepatocellular"
NCT07521852,Neoplasms
NCT05104853,"Liver Cirrhosis, Biliary"
NCT05516498,Liver Cirrhosis
NCT04282044,Triple Negative Breast Neoplasms
NCT04282044,Colorectal Neoplasms
NCT04282044,"Carcinoma, Hepatocellular"
NCT04282044,Osteosarcoma
NCT04282044,"Carcinoma, Ovarian Epithelial"
NCT04282044,Stomach Neoplasms
NCT04282044,"Carcinoma, Non-Small-Cell Lung"
NCT04282044,Melanoma
NCT05408221,"Carcinoma, Hepatocellular"
NCT06326502,"Carcinoma, Hepatocellular"
NCT06326502,Liver Neoplasms
NCT04561245,Obesity
NCT04561245,Non-alcoholic Fatty Liver Disease
NCT07683065,
NCT05033522,"Carcinoma, Hepatocellular"
NCT05033522,Liver Neoplasms
NCT07704892,Fibrosis
NCT07704892,Fatty Liver
NCT06144840,"Protoporphyria, Erythropoietic"
NCT06144840,"Protoporphyria, Erythropoietic, X-Linked Dominant"
NCT05711797,"Influenza, Human"
NCT04577482,Hepatitis C
NCT04480710,Non-alcoholic Fatty Liver Disease
NCT04480710,Liver Cirrhosis
NCT05872269,Non-alcoholic Fatty Liver Disease
NCT05872269,Obesity
NCT05872269,"Diabetes Mellitus, Type 2"
NCT05872269,Dyslipidemias
NCT05872269,Metabolic Syndrome
NCT04531189,Hepatolenticular Degeneration
NCT05899673,alpha 1-Antitrypsin Deficiency
NCT06740474,Hepatitis D
NCT05860374,Sarcoma
NCT05860374,Carcinoma
NCT05860374,Breast Neoplasms
NCT05860374,Pancreatic Neoplasms
NCT05860374,Colorectal Neoplasms
NCT05860374,Stomach Neoplasms
NCT05860374,Liver Neoplasms
NCT05860374,Lung Neoplasms
NCT07095855,"Hepatitis B, Chronic"
NCT07095855,Hepatitis B
NCT07216235,"Liver Cirrhosis, Biliary"
NCT07479485,"Carcinoma, Hepatocellular"
NCT05689645,"Liver Failure, Acute"
NCT05689645,Acute-On-Chronic Liver Failure
NCT06910657,Colorectal Neoplasms
NCT06910657,Pancreatic Neoplasms
NCT06910657,Melanoma
NCT06910657,Ovarian Neoplasms
NCT06910657,Stomach Neoplasms
NCT06910657,Esophageal Neoplasms
NCT06910657,"Carcinoma, Hepatocellular"
NCT06910657,"Carcinoma, Renal Cell"
NCT06910657,Breast Neoplasms
NCT06910657,Sarcoma
NCT06910657,Urinary Bladder Neoplasms
NCT06910657,Lung Neoplasms
NCT06910657,Prostatic Neoplasms
NCT06910657,Uterine Cervical Neoplasms
NCT06910657,Head and Neck Neoplasms
NCT06910657,Adrenal Gland Neoplasms
NCT06910657,Neoplasm Metastasis
NCT06910657,Neoplasms
NCT06910657,Vaccinia
NCT07693777,Hypertriglyceridemia
NCT07693777,Non-alcoholic Fatty Liver Disease
NCT07693777,Pancreatitis
NCT07693777,Hyperlipidemias
NCT06297434,Non-alcoholic Fatty Liver Disease
NCT07589400,"Hepatitis B, Chronic"
NCT07146100,"Hepatitis B, Chronic"
NCT04202354,Non-alcoholic Fatty Liver Disease
NCT05373953,"Pulmonary Disease, Chronic Obstructive"
NCT04443192,alpha 1-Antitrypsin Deficiency
NCT06427395,"Liver Cirrhosis, Biliary"
NCT07588009,"Hepatitis B, Chronic"
NCT06719128,Hepatic Insufficiency
NCT05809934,Non-alcoholic Fatty Liver Disease
NCT05809934,Liver Cirrhosis
NCT07481734,Non-alcoholic Fatty Liver Disease
NCT07481734,Fatty Liver
NCT07481734,Fibrosis
NCT05766709,Non-alcoholic Fatty Liver Disease
NCT04718961,Intrahepatic Cholestasis of Pregnancy
NCT04718961,Pruritus
NCT04718961,Cholestasis
NCT05126329,Liver Diseases
NCT05979779,Non-alcoholic Fatty Liver Disease
NCT05979779,Fatty Liver
NCT05195294,"Carcinoma, Hepatocellular"
NCT05195294,Hepatitis B
NCT05751759,Liver Diseases
NCT05352646,"Carcinoma, Hepatocellular"
NCT05760703,"Hepatitis B, Chronic"
NCT05482282,Hepatitis B
NCT07275918,"Hepatitis B, Chronic"
NCT05828745,"Hepatitis B, Chronic"
NCT04745403,"Carcinoma, Hepatocellular"
NCT04745403,Hepatitis B
NCT05607173,Liver Diseases
NCT06940102,Cachexia
NCT06940102,Digestive System Neoplasms
NCT06940102,Stomach Neoplasms
NCT06940102,Colorectal Neoplasms
NCT06940102,"Carcinoma, Hepatocellular"
NCT05827146,"Hepatitis D, Chronic"
NCT04146805,Non-alcoholic Fatty Liver Disease
NCT07310173,"Carcinoma, Hepatocellular"
NCT04536337,"Hepatitis B, Chronic"
NCT04481594,Non-alcoholic Fatty Liver Disease
NCT05275023,"Hepatitis B, Chronic"
NCT07428525,Liver Diseases
NCT04465890,"Hepatitis B, Chronic"
NCT04140123,Non-alcoholic Fatty Liver Disease
NCT07465718,Hepatolenticular Degeneration
NCT04913090,Non-alcoholic Fatty Liver Disease
NCT04989387,Squamous Cell Carcinoma of Head and Neck
NCT04989387,Neoplasms
NCT04989387,"Carcinoma, Hepatocellular"
NCT04989387,Colorectal Neoplasms
NCT05692492,Non-alcoholic Fatty Liver Disease
NCT05668936,Non-alcoholic Fatty Liver Disease
NCT04774107,"Hepatitis C, Chronic"
NCT06724263,Triple Negative Breast Neoplasms
NCT06724263,Uterine Cervical Neoplasms
NCT06724263,Small Cell Lung Carcinoma
NCT06724263,"Carcinoma, Hepatocellular"
NCT06724263,Colorectal Neoplasms
NCT04903821,Multiple Endocrine Neoplasia Type 1
NCT04773964,Non-alcoholic Fatty Liver Disease
NCT04773964,Fatty Liver
NCT04929483,Non-alcoholic Fatty Liver Disease
NCT04929483,Liver Diseases
NCT04929483,Fatty Liver
NCT04929483,Digestive System Diseases
NCT04929483,Metabolic Diseases
NCT05569941,"Hepatitis B, Chronic"
NCT05550519,"Hepatitis B, Chronic"
NCT06652737,"Malaria, Falciparum"
NCT06652737,Malaria
NCT07221227,Non-alcoholic Fatty Liver Disease
NCT05482295,Hepatitis B
NCT05364931,Non-alcoholic Fatty Liver Disease
NCT05364931,Liver Cirrhosis
NCT06478719,"Carcinoma, Hepatocellular"
NCT04535544,"Hepatitis D, Chronic"
NCT06600321,"Carcinoma, Hepatocellular"
NCT06600321,Liver Diseases
NCT06600321,Liver Neoplasms
NCT06150014,"Hepatitis B, Chronic"
NCT04465916,"Hepatitis B, Chronic"
NCT07263152,Liver Cirrhosis
NCT04780217,"Carcinoma, Hepatocellular"
NCT04780217,Colorectal Neoplasms
NCT04780217,Ovarian Neoplasms
NCT04780217,Endometrial Neoplasms
NCT04427917,Non-alcoholic Fatty Liver Disease
NCT07345689,Hepatic Insufficiency
NCT07345689,Renal Insufficiency
NCT06910358,"Protoporphyria, Erythropoietic"
NCT06910358,"Protoporphyria, Erythropoietic, X-Linked Dominant"
NCT06910358,Porphyrias
NCT05359861,"Carcinoma, Hepatocellular"
NCT05359861,Neoplasms
NCT05359861,Liver Neoplasms
NCT06922305,"Glomerulonephritis, IGA"
NCT06922305,"Hepatitis, Autoimmune"
NCT07749586,Hereditary Sensory and Autonomic Neuropathies
NCT07749586,"Carcinoma, Non-Small-Cell Lung"
NCT07749586,"Carcinoma, Renal Cell"
NCT07749586,Melanoma
NCT07749586,Stomach Neoplasms
NCT07749586,Esophageal Neoplasms
NCT07749586,"Carcinoma, Transitional Cell"
NCT07749586,Colorectal Neoplasms
NCT07749586,Triple Negative Breast Neoplasms
NCT07749586,Ovarian Neoplasms
NCT07749586,Uterine Cervical Neoplasms
NCT07749586,"Carcinoma, Merkel Cell"
NCT07749586,Nasopharyngeal Carcinoma
NCT07749586,Small Cell Lung Carcinoma
NCT07749586,"Carcinoma, Hepatocellular"
NCT06487559,"Carcinoma, Hepatocellular"
NCT06973005,Liver Cirrhosis
NCT04521114,Non-alcoholic Fatty Liver Disease
NCT06493799,
NCT07385287,"Malaria, Falciparum"
NCT07385287,Malaria
NCT04465734,"Carcinoma, Hepatocellular"
NCT04465734,Neoplasm Metastasis
NCT05022693,Non-alcoholic Fatty Liver Disease
NCT04775797,"Hepatitis, Chronic"
NCT06566248,"Hepatitis B, Chronic"
NCT04697810,Non-alcoholic Fatty Liver Disease
NCT04526210,Hepatolenticular Degeneration
NCT04369807,COVID-19
NCT04369807,Metabolic Syndrome
NCT04369807,Obesity
NCT04369807,Non-alcoholic Fatty Liver Disease
NCT06733519,Pruritus
NCT06733519,"Liver Cirrhosis, Biliary"
NCT05395481,Liver Cirrhosis
NCT05395481,Fatty Liver
NCT06186492,alpha 1-Antitrypsin Deficiency
NCT05281328,Polycystic liver disease
NCT05281328,"Polycystic Kidney, Autosomal Dominant"
NCT07635186,"Hepatitis B, Chronic"
NCT06093542,
NCT05897424,alpha 1-Antitrypsin Deficiency
NCT05897424,Emphysema
NCT04771273,Non-alcoholic Fatty Liver Disease
NCT05783570,"Carcinoma, Hepatocellular"
NCT05561673,Hepatitis B
NCT06798454,"Liver Cirrhosis, Biliary"
NCT06848556,"Carcinoma, Hepatocellular"
NCT05500222,Liver Cirrhosis
NCT06242470,Neoplasm Metastasis
NCT06242470,Squamous Cell Carcinoma of Head and Neck
NCT06242470,"Carcinoma, Non-Small-Cell Lung"
NCT06242470,Small Cell Lung Carcinoma
NCT06242470,Urinary Bladder Neoplasms
NCT06242470,Sarcoma
NCT06242470,Endometrial Neoplasms
NCT06242470,Melanoma
NCT06242470,"Prostatic Neoplasms, Castration-Resistant"
NCT06242470,Uterine Cervical Neoplasms
NCT06242470,Colorectal Neoplasms
NCT06242470,Stomach Neoplasms
NCT06242470,Pancreatic Neoplasms
NCT06242470,"Carcinoma, Renal Cell"
NCT06242470,"Carcinoma, Hepatocellular"
NCT06242470,Breast Neoplasms
NCT06242470,Ovarian Neoplasms
NCT06242470,Esophageal Squamous Cell Carcinoma
NCT04972396,Non-alcoholic Fatty Liver Disease
NCT04635527,"Carcinoma, Hepatocellular"
NCT06308861,Non-alcoholic Fatty Liver Disease
NCT06390410,Hepatic Insufficiency
NCT05330455,Hepatitis B
NCT05330455,"Hepatitis B, Chronic"
NCT06336018,Liver Diseases
NCT05146882,alpha 1-Antitrypsin Deficiency
NCT06987968,Hepatic Encephalopathy
NCT06987968,Acute-On-Chronic Liver Failure
NCT06987968,Fibrosis
NCT06987968,Wounds and Injuries
NCT06160895,Hepatitis B
NCT05603572,"Carcinoma, Hepatocellular"
NCT05603572,Fibrolamellar hepatocellular carcinoma
NCT04985357,Breast Neoplasms
NCT04985357,Lung Neoplasms
NCT04985357,Carcinoma
NCT04985357,Pancreatic Neoplasms
NCT04985357,"Carcinoma, Non-Small-Cell Lung"
NCT04985357,Prostatic Neoplasms
NCT04985357,"Carcinoma, Hepatocellular"
NCT04985357,"Carcinoma, Renal Cell"
NCT04985357,"Carcinoma, Neuroendocrine"
NCT04985357,Small Cell Lung Carcinoma
NCT04985357,Ovarian Neoplasms
NCT04985357,Urinary Bladder Neoplasms
NCT04985357,Esophageal Neoplasms
NCT04985357,Uterine Cervical Neoplasms
NCT04985357,Thymoma
NCT04985357,"Carcinoma, Ductal"
NCT04985357,Lip Neoplasms
NCT04985357,Mouth Neoplasms
NCT04985357,"Neoplasms, Unknown Primary"
NCT04985357,Anus Neoplasms
NCT04985357,Laryngeal Neoplasms
NCT04985357,Penile Neoplasms
NCT04985357,Oropharyngeal Neoplasms
NCT04985357,Appendiceal Neoplasms
NCT04985357,Paranasal Sinus Neoplasms
NCT04985357,Vulvar Neoplasms
NCT04985357,"Pleural Effusion, Malignant"
NCT04985357,Mesothelioma
NCT04985357,Cholangiocarcinoma
NCT04502082,"Carcinoma, Hepatocellular"
NCT04502082,Liver Neoplasms
NCT06168383,Non-alcoholic Fatty Liver Disease
NCT04587622,Liver Failure
NCT07369505,"Carcinoma, Renal Cell"
NCT07369505,Neuroendocrine Tumors
NCT07369505,Tuberous Sclerosis
NCT07369505,"Carcinoma, Hepatocellular"
NCT04202952,"Hepatitis C, Chronic"
NCT06272058,Liver Diseases
NCT06645314,"Carcinoma, Hepatocellular"
NCT06971900,"Protoporphyria, Erythropoietic"
NCT05914116,Small Cell Lung Carcinoma
NCT05914116,"Carcinoma, Non-Small-Cell Lung"
NCT05914116,Esophageal Squamous Cell Carcinoma
NCT05914116,Melanoma
NCT05914116,"Carcinoma, Hepatocellular"
NCT05914116,Squamous Cell Carcinoma of Head and Neck
NCT05914116,Uterine Cervical Neoplasms
NCT05914116,Prostatic Neoplasms
NCT06617000,"Carcinoma, Hepatocellular"
NCT04660721,Thrombosis
NCT05282121,Liver Diseases
NCT05282121,"Hypertension, Portal"
NCT06342947,Non-alcoholic Fatty Liver Disease
NCT06342947,Liver Diseases
NCT04684914,"Hepatitis B, Chronic"
NCT07713758,Phenylketonurias
NCT04903626,Hepatitis C
NCT04168385,Bile Duct Diseases
NCT04168385,Liver Diseases
NCT04168385,Biliary Tract Diseases
NCT04168385,Digestive System Diseases
NCT05273775,"Hepatitis B, Chronic"
NCT07123155,Glycogen Storage Disease Type II
NCT07123155,Rare Diseases
NCT07123155,Glycogen Storage Disease
NCT04152837,"Polycystic Kidney, Autosomal Dominant"
NCT05123599,"Hepatitis B, Chronic"
NCT04620733,"Liver Cirrhosis, Biliary"
NCT06104358,"Diabetes Mellitus, Type 2"
NCT06104358,Obesity
NCT06084481,"Carcinoma, Hepatocellular"
NCT06084481,Biliary Tract Neoplasms
NCT06084481,Esophageal Squamous Cell Carcinoma
NCT06084481,Triple Negative Breast Neoplasms
NCT06084481,Squamous Cell Carcinoma of Head and Neck
NCT07517198,Small Cell Lung Carcinoma
NCT07517198,"Carcinoma, Non-Small-Cell Lung"
NCT07517198,Prostatic Neoplasms
NCT07517198,Ovarian Neoplasms
NCT07517198,"Carcinoma, Renal Cell"
NCT07517198,Margins of Excision
NCT07517198,Squamous Cell Carcinoma of Head and Neck
NCT07517198,Liver Neoplasms
NCT07517198,Stomach Neoplasms
NCT07517198,Triple Negative Breast Neoplasms
NCT07200193,"Hepatitis B, Chronic"
NCT07200193,"Hepatitis, Chronic"
NCT05760781,"Hepatitis B, Chronic"
NCT04638439,"Hepatitis B, Chronic"
NCT04822181,Non-alcoholic Fatty Liver Disease
NCT04838171,Autoimmune Diseases
NCT04838171,Inflammation
NCT04838171,"Rejection, Psychology"
NCT05742919,Non-alcoholic Fatty Liver Disease
NCT05770895,"Hepatitis B, Chronic"
NCT07519330,"Hepatitis B, Chronic"
NCT05648214,Fatty Liver
NCT05648214,Fibrosis
NCT05648214,Non-alcoholic Fatty Liver Disease
NCT05939947,Liver Cirrhosis
NCT04728321,"Carcinoma, Hepatocellular"
NCT05905458,"Hepatitis B, Chronic"
NCT06178809,"Carcinoma, Hepatocellular"
NCT05757492,"Carcinoma, Non-Small-Cell Lung"
NCT05757492,"Carcinoma, Hepatocellular"
NCT07326592,alpha 1-Antitrypsin Deficiency
NCT07326592,Emphysema
NCT04993404,Hepatic Insufficiency
NCT04956328,"Liver Cirrhosis, Biliary"
NCT07419841,"Carcinoma, Hepatocellular"
NCT07419841,Endometrial Neoplasms
NCT07419841,"Carcinoma, Renal Cell"
NCT04211805,"Hepatitis B, Chronic"
NCT05905172,Liver Cirrhosis
NCT07049939,Hepatic Insufficiency
NCT06994572,"Carcinoma, Hepatocellular"
NCT04674761,Alagille Syndrome
NCT06544629,"Carcinoma, Hepatocellular"
NCT04544956,Hepatitis B
NCT04232514,"Hepatitis C, Chronic"
NCT04340193,Liver Neoplasms
NCT07096193,"Hepatitis D, Chronic"
NCT04816916,Hepatic Encephalopathy
NCT04816916,Liver Cirrhosis
NCT04816916,End Stage Liver Disease
NCT04816916,Sarcopenia
NCT05411133,Gastrointestinal Neoplasms
NCT05411133,Cholangiocarcinoma
NCT05411133,Liver Neoplasms
NCT05411133,Pancreatic Neoplasms
NCT05411133,Stomach Neoplasms
NCT05411133,Adenocarcinoma Of Esophagus
NCT05011370,Liver Diseases
NCT05011370,Hyperphagia
NCT05011370,Choline Deficiency
NCT05011370,Fatty Liver
NCT05011370,Cholestasis
NCT05053412,"Carcinoma, Hepatocellular"
NCT05053412,Liver Diseases
NCT05068193,"Carcinoma, Hepatocellular"
NCT06620510,"Carcinoma, Hepatocellular"
NCT05181085,Short Bowel Syndrome
NCT06054815,Non-alcoholic Fatty Liver Disease
NCT07585097,Alagille Syndrome
NCT03664648,Hepatitis B
NCT03664648,Hepatitis
NCT05423106,"Hepatitis B, Chronic"
NCT06444204,Liver Diseases
NCT05564338,"Carcinoma, Hepatocellular"
NCT07594964,Biliary Tract Neoplasms
NCT07594964,Cholangiocarcinoma
NCT07594964,Gallbladder Neoplasms
NCT07594964,"Carcinoma, Hepatocellular"
NCT07594964,Stomach Neoplasms
NCT07607769,"Carcinoma, Hepatocellular"
NCT05320146,Non-alcoholic Fatty Liver Disease
NCT07748403,Hepatolenticular Degeneration
NCT07176650,"Carcinoma, Hepatocellular"
NCT06679985,"Carcinoma, Hepatocellular"
NCT06679985,Liver Neoplasms
NCT04463017,Non-alcoholic Fatty Liver Disease
NCT05091346,Melanoma
NCT05091346,"Carcinoma, Hepatocellular"
NCT05091346,Colorectal Neoplasms
NCT05091346,Neoplasm Metastasis
NCT06133010,Cytomegalovirus Infections
NCT06133010,Herpes Simplex
NCT06133010,Virus Diseases
NCT06133010,DNA Virus Infections
NCT07446491,Thrombocytopenia
NCT05415345,Hepatitis E
NCT05242445,"Hepatitis B, Chronic"
NCT06745973,"Hepatitis B, Chronic"
NCT06165341,alpha 1-Antitrypsin Deficiency
NCT06915753,"Carcinoma, Hepatocellular"
NCT06915753,Neoplasm Metastasis
NCT07555483,alpha 1-Antitrypsin Deficiency
NCT07555483,Pulmonary Emphysema
NCT07555483,Emphysema
NCT07555483,Pathologic Processes
NCT07555483,"Pulmonary Disease, Chronic Obstructive"
NCT07555483,"Lung Diseases, Obstructive"
NCT07555483,Lung Diseases
NCT07555483,Respiratory Tract Diseases
NCT07555483,"Genetic Diseases, Inborn"
NCT07555483,Subcutaneous Emphysema
NCT05775159,"Carcinoma, Hepatocellular"
NCT05775159,Biliary Tract Neoplasms
NCT06692283,Non-alcoholic Fatty Liver Disease
NCT06692283,Fatty Liver
NCT07654283,"Hepatitis B, Chronic"
NCT07654283,Hepatitis
NCT07654283,"Hepatitis, Chronic"
NCT07654283,Hepatitis B
NCT07654283,Blood-Borne Infections
NCT07654283,Communicable Diseases
NCT07654283,Infections
NCT07654283,DNA Virus Infections
NCT07654283,Virus Diseases
NCT07654283,"Hepatitis, Viral, Human"
NCT07654283,Liver Diseases
NCT07654283,Digestive System Diseases
NCT07654283,Chronic Disease
NCT07654283,Disease Attributes
NCT07654283,Pathologic Processes
NCT07654283,"Pathological Conditions, Signs and Symptoms"
NCT07245953,"Hepatitis B, Chronic"
NCT04537377,Hepatolenticular Degeneration
NCT05419635,Atrial Fibrillation
NCT06825559,"Liver Cirrhosis, Biliary"
NCT06355479,Hypoalbuminemia
NCT06355479,Liver Cirrhosis
NCT04874350,Liver Cirrhosis
NCT04874350,Sarcopenia
NCT07391670,"Carcinoma, Non-Small-Cell Lung"
NCT07391670,Small Cell Lung Carcinoma
NCT07391670,"Carcinoma, Hepatocellular"
NCT04469920,
NCT06894524,"Carcinoma, Hepatocellular"
NCT07419347,Hepatitis C
NCT06903338,Hepatitis
NCT06903338,Hepatitis D
NCT06903338,"Hepatitis D, Chronic"
NCT07090759,"Hepatitis B, Chronic"
NCT05045482,Fibrosis
NCT04422431,Hepatolenticular Degeneration
NCT04720716,"Carcinoma, Hepatocellular"
NCT04193436,Non-alcoholic Fatty Liver Disease
NCT07239986,"Carcinoma, Hepatocellular"
NCT05115942,Liver Cirrhosis
NCT05867056,"Hepatitis B, Chronic"
NCT07214870,Non-alcoholic Fatty Liver Disease
NCT04128462,Hepatic Encephalopathy
NCT07623369,"Carcinoma, Non-Small-Cell Lung"
NCT07623369,"Carcinoma, Hepatocellular"
NCT07623369,Colorectal Neoplasms
NCT07623369,Squamous Cell Carcinoma of Head and Neck
NCT07623369,"Carcinoma, Renal Cell"
NCT07623369,Endometrial Neoplasms
NCT07623369,Uterine Cervical Neoplasms
NCT07623369,Small Cell Lung Carcinoma
NCT07623369,Triple Negative Breast Neoplasms
NCT07623369,"Carcinoma, Transitional Cell"
NCT07623369,Ovarian Neoplasms
NCT06425341,"Hepatitis B, Chronic"
NCT06575959,Hepatic Insufficiency
NCT06812780,"Lymphoma, Follicular"
NCT06812780,Liver Cirrhosis
NCT04660929,Adenocarcinoma
NCT04660929,Bile Duct Neoplasms
NCT04660929,Biliary Tract Neoplasms
NCT04660929,Urinary Bladder Neoplasms
NCT04660929,Breast Neoplasms
NCT04660929,"Carcinoma, Ductal"
NCT04660929,"Carcinoma, Hepatocellular"
NCT04660929,Neoplasms
NCT04660929,"Carcinoma, Non-Small-Cell Lung"
NCT04660929,"Carcinoma, Ovarian Epithelial"
NCT04660929,"Carcinoma, Small Cell"
NCT04660929,"Carcinoma, Squamous Cell"
NCT04660929,"Carcinoma, Transitional Cell"
NCT04660929,Colorectal Neoplasms
NCT04660929,Inflammatory Breast Neoplasms
NCT04660929,Stomach Neoplasms
NCT04660929,Ovarian Neoplasms
NCT04660929,Pancreatic Neoplasms
NCT04660929,Prostatic Neoplasms
NCT04660929,Head and Neck Neoplasms
NCT04660929,Endometrial Neoplasms
NCT04660929,Small Cell Lung Carcinoma
NCT04660929,Neoplasm Metastasis
NCT05824156,Non-alcoholic Fatty Liver Disease
NCT04935229,Uveal Melanoma
NCT05014672,"Liver Cirrhosis, Biliary"
NCT07165028,Non-alcoholic Fatty Liver Disease
NCT07165028,Fatty Liver
NCT06671093,"Hepatitis B, Chronic"
NCT06671093,"Hepatitis, Chronic"
NCT04722887,alpha 1-Antitrypsin Deficiency
NCT04722887,Pulmonary Emphysema
NCT04722887,Emphysema
NCT04722887,Pathologic Processes
NCT04722887,"Pulmonary Disease, Chronic Obstructive"
NCT04722887,"Lung Diseases, Obstructive"
NCT04722887,Lung Diseases
NCT04722887,Respiratory Tract Diseases
NCT04722887,Liver Diseases
NCT04722887,Digestive System Diseases
NCT04722887,"Genetic Diseases, Inborn"
NCT04722887,Subcutaneous Emphysema
NCT06151964,Overweight
NCT06151964,Obesity
NCT06151964,Non-alcoholic Fatty Liver Disease
NCT06151964,"Diabetes Mellitus, Type 2"
NCT06151964,Fatty Liver
NCT06151964,Weight Loss
NCT06417398,"Lupus Erythematosus, Systemic"
NCT06417398,Myositis
NCT06417398,"Scleroderma, Systemic"
NCT06417398,Sjogren's Syndrome
NCT06417398,"Arthritis, Rheumatoid"
NCT06417398,"Purpura, Thrombocytopenic, Idiopathic"
NCT06417398,"Liver Cirrhosis, Biliary"
NCT04555044,Hyperphagia
NCT04555044,"Pena Shokeir syndrome, type 1"
NCT04555044,Short Bowel Syndrome
NCT05005507,"Hepatitis B, Chronic"
NCT05238844,"Hepatitis B, Chronic"
NCT04806464,"Carcinoma, Hepatocellular"
NCT04806464,Liver Neoplasms
NCT05668793,"Carcinoma, Hepatocellular"
NCT04943900,"Carcinoma, Non-Small-Cell Lung"
NCT04943900,"Carcinoma, Transitional Cell"
NCT04943900,Squamous Cell Carcinoma of Head and Neck
NCT04943900,"Carcinoma, Hepatocellular"
NCT05883644,Liver Neoplasms
NCT05120271,"Carcinoma, Hepatocellular"
NCT05120271,"Carcinoma, Merkel Cell"
NCT05120271,"Liposarcoma, Myxoid"
NCT03970031,Non-alcoholic Fatty Liver Disease
NCT03970031,Diabetes Mellitus
NCT05859945,"Carcinoma, Hepatocellular"
NCT05476900,"Hepatitis, Autoimmune"
NCT06677307,alpha 1-Antitrypsin Deficiency
NCT05309200,Fibrosis
NCT05309200,Ascites
NCT05309200,Hepatorenal Syndrome
NCT05309200,Acute Kidney Injury
NCT04211909,Hepatitis C
NCT06109272,"Carcinoma, Hepatocellular"
NCT06792695,Colorectal Neoplasms
NCT06792695,Neoplasm Metastasis
NCT05308472,"Protoporphyria, Erythropoietic"
NCT05308472,Porphyrias
NCT06907290,Hepatitis D
NCT04426968,"Hepatitis B, Chronic"
NCT05765890,Non-alcoholic Fatty Liver Disease
NCT04313205,"Hepatitis, Autoimmune"
NCT05842512,Non-alcoholic Fatty Liver Disease
NCT04971512,"Hepatitis B, Chronic"
NCT04971512,Hepatitis B
NCT05612581,"Hepatitis B, Chronic"
NCT05612581,Hepatitis B
NCT05612581,Hepatitis
NCT06194461,"Carcinoma, Hepatocellular"
NCT06194461,Prostatic Neoplasms
NCT07356037,Cachexia
NCT07356037,"Carcinoma, Hepatocellular"
NCT07335523,Alagille Syndrome
NCT07335523,Steatorrhea
NCT07335523,Exocrine Pancreatic Insufficiency
NCT04729751,"Cholestasis, progressive familial intrahepatic 1"
NCT04729751,Alagille Syndrome
NCT04729751,Bile Duct Diseases
NCT04729751,Liver Diseases
NCT04729751,Biliary Tract Diseases
NCT07193927,Non-alcoholic Fatty Liver Disease
NCT07193927,Overweight
NCT06384131,"Hepatitis B, Chronic"
NCT06384131,Hepatitis B
NCT06805695,Ornithine Carbamoyltransferase Deficiency Disease
NCT06805695,"Urea Cycle Disorders, Inborn"
NCT06805695,"Amino Acid Metabolism, Inborn Errors"
NCT06805695,Brain Diseases
NCT06805695,"Brain Diseases, Metabolic"
NCT06805695,"Brain Diseases, Metabolic, Inborn"
NCT06805695,Central Nervous System Diseases
NCT06805695,"Genetic Diseases, Inborn"
NCT06805695,"Genetic Diseases, X-Linked"
NCT06805695,Hyperammonemia
NCT06805695,Liver Diseases
NCT06805695,Metabolic Diseases
NCT06805695,"Metabolism, Inborn Errors"
NCT06805695,Nervous System Diseases
NCT04321031,Non-alcoholic Fatty Liver Disease
NCT06802731,Hepatitis
NCT06802731,Non-alcoholic Fatty Liver Disease
NCT04526197,Hepatolenticular Degeneration
NCT05397379,Non-alcoholic Fatty Liver Disease
NCT05848440,Non-alcoholic Fatty Liver Disease
NCT05848440,Liver Diseases
NCT06920043,Non-alcoholic Fatty Liver Disease
NCT06920043,Fibrosis
NCT07200908,Hepatitis D
NCT06910943,Choline Deficiency
NCT06910943,Intestinal Failure
NCT06910943,Hyperphagia
NCT04508140,Colorectal Neoplasms
NCT04508140,Stomach Neoplasms
NCT04508140,Esophageal Neoplasms
NCT06051617,"Liver Cirrhosis, Biliary"
NCT06159062,"Hepatitis B, Chronic"
NCT07556913,Rare Diseases
NCT07556913,"Liver Cirrhosis, Biliary"
NCT06409130,
NCT05415722,Non-alcoholic Fatty Liver Disease
NCT04252495,Liver Diseases
NCT05563272,Uterine Cervical Neoplasms
NCT05563272,Colorectal Neoplasms
NCT05563272,Esophageal Neoplasms
NCT05563272,Stomach Neoplasms
NCT05563272,Glioblastoma
NCT05563272,Cholangiocarcinoma
NCT05563272,"Carcinoma, Hepatocellular"
NCT05563272,Squamous Cell Carcinoma of Head and Neck
NCT05563272,Nasopharyngeal Carcinoma
NCT05563272,"Carcinoma, Non-Small-Cell Lung"
NCT05563272,Small Cell Lung Carcinoma
NCT05563272,"Carcinoma, Ovarian Epithelial"
NCT05563272,Sarcoma
NCT05563272,"Mesothelioma, Malignant"
NCT05563272,Urinary Bladder Neoplasms
NCT05402371,Non-alcoholic Fatty Liver Disease
NCT05402371,Liver Cirrhosis
NCT04365933,"Hepatitis B, Chronic"
NCT04242199,"Carcinoma, Transitional Cell"
NCT04242199,Uterine Cervical Neoplasms
NCT04242199,"Carcinoma, Hepatocellular"
NCT04242199,Esophageal Squamous Cell Carcinoma
NCT04242199,"Carcinoma, Merkel Cell"
NCT04242199,Small Cell Lung Carcinoma
NCT04242199,Mesothelioma
NCT04242199,Nasopharyngeal Carcinoma
NCT04857606,Non-alcoholic Fatty Liver Disease
NCT04230148,Fascioliasis
NCT06986447,
NCT07677358,Hepatic Insufficiency
NCT06422767,Hepatitis B
NCT05044819,Lennox Gastaut Syndrome
NCT05044819,"Epilepsies, Myoclonic"
NCT05044819,Tuberous Sclerosis
NCT05044819,Liver Cirrhosis
NCT05858736,Melanoma
NCT05858736,"Carcinoma, Non-Small-Cell Lung"
NCT05858736,Squamous Cell Carcinoma of Head and Neck
NCT05858736,Fallopian Tube Neoplasms
NCT05858736,Endometrial Neoplasms
NCT05858736,Uterine Cervical Neoplasms
NCT05858736,"Carcinoma, Renal Cell"
NCT05858736,Urinary Bladder Neoplasms
NCT05858736,Esophageal Neoplasms
NCT05858736,Stomach Neoplasms
NCT05858736,Colorectal Neoplasms
NCT05858736,Anus Neoplasms
NCT05858736,"Carcinoma, Hepatocellular"
NCT05858736,Bile Duct Neoplasms
NCT06891365,Fatty Liver
NCT07558200,"Carcinoma, Non-Small-Cell Lung"
NCT07558200,"Carcinoma, Hepatocellular"
NCT05071716,Hepatic Encephalopathy
NCT07428538,Hepatitis
NCT07428538,"Hepatitis, Alcoholic"
NCT04226833,Hepatic Insufficiency
NCT04696055,"Carcinoma, Hepatocellular"
NCT04696055,Liver Neoplasms
NCT04440943,"Carcinoma, Non-Small-Cell Lung"
NCT04440943,Breast Neoplasms
NCT04440943,Stomach Neoplasms
NCT04440943,"Carcinoma, Renal Cell"
NCT04440943,Ovarian Neoplasms
NCT04440943,Fallopian Tube Neoplasms
NCT04440943,Cholangiocarcinoma
NCT04440943,Esophageal Neoplasms
NCT04440943,Liver Neoplasms
NCT04440943,Head and Neck Neoplasms
NCT07682363,Liver Diseases
NCT05883748,"Protoporphyria, Erythropoietic"
NCT05883748,Porphyrias
NCT07515209,"Hepatitis B, Chronic"
NCT05024214,"Carcinoma, Non-Small-Cell Lung"
NCT05024214,"Carcinoma, Renal Cell"
NCT05024214,"Carcinoma, Hepatocellular"
NCT06269484,Liver Cirrhosis
NCT06269484,Fibrosis
NCT06537414,"Hepatitis B, Chronic"
NCT06537414,Hepatitis B
NCT06123858,Non-alcoholic Fatty Liver Disease
NCT06123858,Fibrosis
NCT05976568,"Carcinoma, Hepatocellular"
NCT06075849,Stomach Neoplasms
NCT06075849,"Carcinoma, Hepatocellular"
NCT06075849,Colorectal Neoplasms
NCT06075849,Neoplasms
NCT06582017,Ovarian Neoplasms
NCT06582017,Pancreatic Neoplasms
NCT06582017,"Carcinoma, Transitional Cell"
NCT06582017,"Carcinoma, Renal Cell"
NCT06582017,"Carcinoma, Hepatocellular"
NCT06582017,Gastrointestinal Neoplasms
NCT06582017,Lung Neoplasms
NCT06582017,Prostatic Neoplasms
NCT06582017,Breast Neoplasms
NCT06953089,Squamous Cell Carcinoma of Head and Neck
NCT06953089,"Carcinoma, Hepatocellular"
NCT06953089,Melanoma
NCT06953089,"Carcinoma, Non-Small-Cell Lung"
NCT06953089,Ovarian Neoplasms
NCT05598268,Lung Neoplasms
NCT05598268,Liver Neoplasms
NCT05598268,Lymphoma
NCT05598268,"Mesothelioma, Malignant"
NCT04371718,"Hepatitis, Autoimmune"
NCT04371718,Rare Diseases
NCT07148310,"Carcinoma, Hepatocellular"
NCT04454424,"Urinary Bladder, Overactive"
NCT04585789,Hepatitis B
NCT07709520,"Hepatitis B, Chronic"
NCT05919680,
NCT04639180,"Carcinoma, Hepatocellular"
NCT06349980,"Carcinoma, Hepatocellular"
NCT06307522,"Hepatitis, Alcoholic"
NCT06307522,Infections
NCT06307522,"Liver Diseases, Alcoholic"
NCT05653427,"Carcinoma, Hepatocellular"
NCT04732286,"Carcinoma, Hepatocellular"
NCT04494360,
NCT06263959,"Hepatitis B, Chronic"
NCT06318169,Non-alcoholic Fatty Liver Disease
NCT06318169,Liver Diseases
NCT06318169,Fatty Liver
NCT06318169,Digestive System Diseases
NCT06318169,Metabolic Diseases
NCT06318169,Fibrosis
NCT05199259,Liver Cirrhosis
NCT05199259,Liver Neoplasms
NCT05199259,"Carcinoma, Hepatocellular"
NCT06963710,"Hepatitis B, Chronic"
NCT06963710,Hepatitis B
NCT06034860,"Carcinoma, Non-Small-Cell Lung"
NCT06034860,"Carcinoma, Hepatocellular"
NCT06034860,Melanoma
NCT06034860,"Carcinoma, Renal Cell"
NCT06034860,Turcot syndrome
NCT06034860,Mesothelioma
NCT06034860,Esophageal Squamous Cell Carcinoma
NCT06034860,Squamous Cell Carcinoma of Head and Neck
NCT06034860,"Carcinoma, Transitional Cell"
NCT06034860,Uterine Cervical Neoplasms
NCT04189627,Hepatitis C
NCT04189627,"Hepatitis C, Chronic"
NCT07650773,"Carcinoma, Hepatocellular"
NCT07219459,"Carcinoma, Hepatocellular"
NCT05150691,Neoplasm Metastasis
NCT05150691,Recurrence
NCT05150691,Carcinoma
NCT05150691,Neoplasms
NCT05150691,Breast Neoplasms
NCT05150691,Gastrointestinal Neoplasms
NCT05150691,Endometrial Neoplasms
NCT05150691,Biliary Tract Neoplasms
NCT05150691,Stomach Neoplasms
NCT05150691,Bile Duct Neoplasms
NCT05150691,Cholangiocarcinoma
NCT05150691,Liver Neoplasms
NCT05150691,"Carcinoma, Non-Small-Cell Lung"
NCT05877547,Non-alcoholic Fatty Liver Disease
NCT06819917,Non-alcoholic Fatty Liver Disease
NCT06005740,"Carcinoma, Hepatocellular"
NCT04629976,"Hepatitis B, Chronic"
NCT05651022,"Carcinoma, Hepatocellular"
NCT05651022,Colorectal Neoplasms
NCT05651022,"Carcinoma, Non-Small-Cell Lung"
NCT06138795,Liver Diseases
NCT06743438,"Hepatitis B, Chronic"
NCT06743438,Hepatitis B
NCT04616014,Non-alcoholic Fatty Liver Disease
NCT04389775,"Diabetes Mellitus, Type 2"
NCT04389775,Obesity
NCT04389775,Non-alcoholic Fatty Liver Disease
NCT06108219,Non-alcoholic Fatty Liver Disease
NCT04932512,Non-alcoholic Fatty Liver Disease
NCT06535399,Liver Diseases
NCT06535399,"Lymphoma, Follicular"
NCT06947499,Diphtheria
NCT06947499,Tetanus
NCT06947499,Whooping Cough
NCT06947499,Hepatitis B
NCT06947499,Poliomyelitis
NCT06947499,Haemophilus Infections
NCT05414981,"Hepatitis B, Chronic"
NCT05414981,Hepatitis B
NCT05176483,"Carcinoma, Renal Cell"
NCT05176483,"Carcinoma, Transitional Cell"
NCT05176483,"Carcinoma, Hepatocellular"
NCT05176483,"Carcinoma, Non-Small-Cell Lung"
NCT05176483,Colorectal Neoplasms
NCT05176483,Squamous Cell Carcinoma of Head and Neck
NCT06007651,Dyslipidemias
NCT06007651,Non-alcoholic Fatty Liver Disease
NCT06741111,Fatty Liver
NCT05989711,Non-alcoholic Fatty Liver Disease
NCT04825834,Lung Neoplasms
NCT04825834,Head and Neck Neoplasms
NCT04825834,Esophageal Neoplasms
NCT04825834,Urinary Bladder Neoplasms
NCT04825834,Kidney Neoplasms
NCT04825834,Stomach Neoplasms
NCT04825834,Colorectal Neoplasms
NCT04825834,Pancreatic Neoplasms
NCT04825834,Liver Neoplasms
NCT04825834,Skin Neoplasms
NCT05161481,"Hypertension, Portal"
NCT04620148,Acute-On-Chronic Liver Failure
NCT04499443,Hepatitis B
NCT07183306,"Hepatitis B, Chronic"
NCT04856085,"Hepatitis B, Chronic"
NCT04856085,Hepatitis B
NCT04856085,Hepatitis
NCT04583423,Non-alcoholic Fatty Liver Disease
NCT06850038,Alagille Syndrome
NCT05731908,Liver Diseases
NCT05808335,"Hepatitis B, Chronic"
NCT04565717,Non-alcoholic Fatty Liver Disease
NCT04565717,Digestive System Diseases
NCT04565717,Fatty Liver
NCT07636785,"Carcinoma, Hepatocellular"
NCT07636785,Uveal Melanoma
NCT07636785,"Carcinoma, Renal Cell"
NCT07636785,"Carcinoma, Non-Small-Cell Lung"
NCT07636785,Colorectal Neoplasms
NCT06307925,"Carcinoma, Non-Small-Cell Lung"
NCT06307925,"Carcinoma, Hepatocellular"
NCT06307925,Colorectal Neoplasms
NCT06307925,Uterine Cervical Neoplasms
NCT04790916,"Hepatitis, Autoimmune"
NCT06084884,"Carcinoma, Hepatocellular"
NCT06084884,Liver Neoplasms
NCT05875948,Hepatorenal Syndrome
NCT05875948,Acute Kidney Injury
NCT05875948,Renal Insufficiency
NCT07170748,Hepatitis B
NCT07170748,Hepatitis C
NCT07170748,Syphilis
NCT04778904,Hepatitis B
NCT07260058,Lung Neoplasms
NCT07260058,Neoplasm Metastasis
NCT07260058,Liver Neoplasms
NCT07260058,Colorectal Neoplasms
NCT07260058,Breast Neoplasms
NCT06793826,Hepatitis B
NCT05630820,"Hepatitis B, Chronic"
NCT05630820,Hepatitis
NCT05630820,"Hepatitis, Chronic"
NCT05630820,Hepatitis B
NCT05763576,"Hepatitis B, Chronic"
NCT05276297,"Hepatitis B, Chronic"
NCT05276297,Hepatitis B
NCT07137910,"Hepatitis B, Chronic"
NCT05525520,Pruritus
NCT05525520,"Liver Cirrhosis, Biliary"
NCT05525520,"Cholangitis, Sclerosing"
NCT04407182,COVID-19
NCT04407182,Diabetes Mellitus
NCT04407182,Heart Diseases
NCT04407182,Lung Diseases
NCT04407182,Kidney Diseases
NCT04407182,Liver Diseases
NCT05935488,Liver Cirrhosis
NCT05935488,Liver Diseases
NCT06636435,"Carcinoma, Hepatocellular"
NCT06636435,Melanoma
NCT06636435,Neoplasms
NCT07009860,
NCT07246889,"Hepatitis B, Chronic"
NCT07401862,Hepatic Insufficiency
NCT05232071,Non-alcoholic Fatty Liver Disease
NCT05232071,"Diabetes Mellitus, Type 2"
NCT04763408,"Carcinoma, Hepatocellular"
NCT06764316,"Carcinoma, Hepatocellular"
NCT05070247,Pancreatic Neoplasms
NCT05070247,Liver Neoplasms
NCT05070247,Mesothelioma
NCT05070247,Breast Neoplasms
NCT05070247,Stomach Neoplasms
NCT05070247,Esophageal Neoplasms
NCT05070247,Nasopharyngeal Neoplasms
NCT05070247,Kidney Neoplasms
NCT05070247,"Carcinoma, Non-Small-Cell Lung"
NCT07646015,"Diabetes Mellitus, Type 2"
NCT07646015,Liver Diseases
NCT07646015,Kidney Diseases
NCT07646015,Lung Diseases
NCT07646015,Metabolic Diseases
NCT06607458,Colorectal Neoplasms
NCT06607458,Rectal Neoplasms
NCT06974565,Liver Cirrhosis
NCT05229601,Sarcoma
NCT05229601,"Carcinoma, Renal Cell"
NCT05229601,"Carcinoma, Hepatocellular"
NCT05229601,Squamous Cell Carcinoma of Head and Neck
NCT05229601,Melanoma
NCT05677971,alpha 1-Antitrypsin Deficiency
NCT04423393,"Hepatitis B, Chronic"
NCT04423393,Hepatitis B
NCT04423393,Hepatitis
NCT05193201,Thrombocytopenia
NCT04412863,"Hepatitis B, Chronic"
NCT04412863,Hepatitis B
NCT04412863,Hepatitis
NCT04714983,Colorectal Neoplasms
NCT04714983,Breast Neoplasms
NCT04714983,Stomach Neoplasms
NCT04714983,Melanoma
NCT04714983,"Carcinoma, Renal Cell"
NCT04714983,Sarcoma
NCT04714983,"Carcinoma, Squamous Cell"
NCT04714983,Gastrointestinal Stromal Tumors
NCT06362369,Melanoma
NCT06362369,Neoplasm Metastasis
NCT06362369,"Mesothelioma, Malignant"
NCT06362369,"Carcinoma, Renal Cell"
NCT06362369,Turcot syndrome
NCT06362369,Colorectal Neoplasms
NCT06362369,"Carcinoma, Hepatocellular"
NCT06362369,Liver Neoplasms
NCT06362369,Kidney Neoplasms
NCT06362369,Skin Neoplasms
NCT06362369,"Carcinoma, Non-Small-Cell Lung"
NCT05239858,Hepatolenticular Degeneration
NCT04348916,Neoplasms
NCT04348916,Melanoma
NCT04348916,Squamous Cell Carcinoma of Head and Neck
NCT04348916,Breast Neoplasms
NCT04348916,Triple Negative Breast Neoplasms
NCT04348916,Colorectal Neoplasms
NCT05517564,Non-alcoholic Fatty Liver Disease
NCT04612504,"Carcinoma, Hepatocellular"
NCT06564584,Hypertriglyceridemia
NCT06564584,Non-alcoholic Fatty Liver Disease
NCT04536532,"Hepatitis B, Chronic"
NCT07124000,Adenocarcinoma
NCT07124000,Anus Neoplasms
NCT07124000,Urinary Bladder Neoplasms
NCT07124000,Uterine Cervical Neoplasms
NCT07124000,Endometrial Neoplasms
NCT07124000,Esophageal Neoplasms
NCT07124000,Gallbladder Neoplasms
NCT07124000,Gastrointestinal Stromal Tumors
NCT07124000,Head and Neck Neoplasms
NCT07124000,Liver Neoplasms
NCT07124000,Melanoma
NCT07124000,Mouth Neoplasms
NCT07124000,Gastrointestinal Neoplasms
NCT07124000,Ovarian Neoplasms
NCT07124000,Pancreatic Neoplasms
NCT07124000,Prostatic Neoplasms
NCT07124000,"Carcinoma, Renal Cell"
NCT07124000,Salivary Gland Neoplasms
NCT07124000,Sarcoma
NCT07124000,Small Cell Lung Carcinoma
NCT07124000,Testicular Neoplasms
NCT07124000,Thyroid Neoplasms
NCT07124000,Urethral Neoplasms
NCT07124000,Vaginal Neoplasms
NCT07124000,Vulvar Neoplasms
NCT07049887,"Liver Cirrhosis, Biliary"
NCT06842563,"Carcinoma, Hepatocellular"
NCT06842563,Hepatitis B
NCT06842563,Hepatitis C
NCT06842563,Non-alcoholic Fatty Liver Disease
NCT06842563,Liver Cirrhosis
NCT04689152,"Liver Cirrhosis, Alcoholic"
NCT07035158,Liver Cirrhosis
NCT07327489,Neoplasms
NCT07327489,Urinary Bladder Neoplasms
NCT07327489,Triple Negative Breast Neoplasms
NCT07327489,Colorectal Neoplasms
NCT07327489,Endometrial Neoplasms
NCT07327489,Head and Neck Neoplasms
NCT07327489,Kidney Neoplasms
NCT07327489,Liver Neoplasms
NCT07327489,"Carcinoma, Non-Small-Cell Lung"
NCT07327489,Skin Neoplasms
NCT07327489,Melanoma
NCT05633342,Ovarian Neoplasms
NCT05633342,Liver Neoplasms
NCT05633342,Prostatic Neoplasms
NCT05633342,Stomach Neoplasms
NCT05633342,Colorectal Neoplasms
NCT05633342,Breast Neoplasms
NCT05633342,Esophageal Neoplasms
NCT05633342,Pancreatic Neoplasms
NCT04844450,Non-alcoholic Fatty Liver Disease
NCT04710524,Non-alcoholic Fatty Liver Disease
NCT07052682,Fatty Liver
NCT06365580,Non-alcoholic Fatty Liver Disease
NCT06201988,Hepatic Encephalopathy
NCT07059403,"Hepatitis B, Chronic"
NCT07059403,Hepatitis B
NCT06515314,"Carcinoma, Hepatocellular"
NCT04820621,"Renal Insufficiency, Chronic"
NCT05557838,"Carcinoma, Hepatocellular"
NCT06097312,Hepatitis B
NCT05854784,"Porphyria, Variegate"
NCT04604652,"Liver Cirrhosis, Biliary"
NCT04604652,Cholangitis
NCT04604652,Cholestasis
NCT04604652,Biliary Tract Diseases
NCT07254208,"Hepatitis B, Chronic"
NCT05744635,Liver Failure
NCT04321343,Non-alcoholic Fatty Liver Disease
NCT04906421,Non-alcoholic Fatty Liver Disease
NCT04906421,Fatty Liver
NCT04906421,Liver Diseases
NCT04906421,Digestive System Diseases
NCT06961617,"Carcinoma, Hepatocellular"
NCT04505436,Non-alcoholic Fatty Liver Disease
NCT05275465,Hepatitis B
NCT04951219,Non-alcoholic Fatty Liver Disease
NCT04951219,Hyperlipidemias
NCT04951219,Thyroid Hormone Resistance Syndrome
NCT04951219,Fibrosis
NCT04951219,Dyslipidemias
NCT06873659,Stomach Neoplasms
NCT06873659,Liver Neoplasms
NCT05239507,"Carcinoma, Hepatocellular"
NCT04171765,Non-alcoholic Fatty Liver Disease
NCT04271592,"Hepatitis B, Chronic"
NCT05317819,"Carcinoma, Hepatocellular"
NCT04971928,Hepatitis B
NCT04971928,Fibrosis
NCT07165002,Hepatic Insufficiency
NCT07630727,Hepatitis B
NCT07630727,Bronchiolitis Obliterans Syndrome
NCT05051527,Non-alcoholic Fatty Liver Disease
NCT06521567,Melanoma
NCT06521567,Hodgkin Disease
NCT06521567,Glioblastoma
NCT06521567,Diffuse Intrinsic Pontine Glioma
NCT06521567,Ependymoma
NCT06521567,Osteosarcoma
NCT06521567,"Carcinoma, Hepatocellular"
NCT06521567,Hepatoblastoma
NCT06521567,Fibrolamellar hepatocellular carcinoma
NCT06521567,Rhabdomyosarcoma
NCT04147195,Non-alcoholic Fatty Liver Disease
NCT05733598,"Carcinoma, Hepatocellular"
NCT05733598,Biliary Tract Neoplasms
NCT04398134,"Hepatitis B, Chronic"
NCT04398134,Hepatitis B
NCT06024408,Non-alcoholic Fatty Liver Disease
NCT05069935,Squamous Cell Carcinoma of Head and Neck
NCT05069935,"Carcinoma, Renal Cell"
NCT05069935,"Carcinoma, Merkel Cell"
NCT05069935,"Carcinoma, Non-Small-Cell Lung"
NCT05069935,Triple Negative Breast Neoplasms
NCT05069935,Melanoma
NCT05069935,Lung Neoplasms
NCT05069935,"Carcinoma, Transitional Cell"
NCT05069935,"Carcinoma, Hepatocellular"
NCT05069935,Stomach Neoplasms
NCT05069935,Esophageal Neoplasms
NCT05069935,Endometrial Neoplasms
NCT05234190,"Rejection, Psychology"
NCT05234190,Liver Failure
NCT05234190,Liver Diseases
NCT06419374,Non-alcoholic Fatty Liver Disease
NCT06419374,Liver Diseases
NCT06419374,Fatty Liver
NCT06419374,Digestive System Diseases
NCT06419374,Metabolic Diseases
NCT06419374,Fibrosis
NCT05007106,Uterine Cervical Neoplasms
NCT05007106,Endometrial Neoplasms
NCT05007106,Squamous Cell Carcinoma of Head and Neck
NCT05007106,Gallbladder Neoplasms
NCT05007106,Cholangiocarcinoma
NCT05007106,Esophageal Neoplasms
NCT05007106,Triple Negative Breast Neoplasms
NCT05007106,"Carcinoma, Hepatocellular"
NCT05007106,Urinary Bladder Neoplasms
NCT05007106,Ovarian Neoplasms
NCT05007106,Stomach Neoplasms
NCT05007106,"Parkinson Disease 4, Autosomal Dominant Lewy Body"
NCT07441252,Overweight
NCT07441252,Obesity
NCT06091930,Gastrointestinal Neoplasms
NCT06091930,Lung Neoplasms
NCT06091930,Pancreatic Neoplasms
NCT06091930,Colorectal Neoplasms
NCT06091930,Head and Neck Neoplasms
NCT06091930,Liver Neoplasms
NCT07362264,Liver Neoplasms
NCT06330064,Recurrence
NCT06330064,Endometrial Neoplasms
NCT06330064,Squamous Cell Carcinoma of Head and Neck
NCT06330064,Colorectal Neoplasms
NCT06330064,"Carcinoma, Hepatocellular"
NCT06330064,Adenocarcinoma Of Esophagus
NCT06330064,"Carcinoma, Transitional Cell"
NCT06330064,Ovarian Neoplasms
NCT06330064,Uterine Cervical Neoplasms
NCT06330064,Biliary Tract Neoplasms
NCT06330064,Melanoma
NCT06330064,"Carcinoma, Neuroendocrine"
NCT05107336,Non-alcoholic Fatty Liver Disease
NCT05519475,Non-alcoholic Fatty Liver Disease
NCT05440344,Hepatic Insufficiency
NCT06285253,"Liver Failure, Acute"
NCT06285253,Chemical and Drug Induced Liver Injury
NCT06285253,Acute-On-Chronic Liver Failure
NCT06389877,alpha 1-Antitrypsin Deficiency
NCT06427941,"Carcinoma, Hepatocellular"
NCT06427941,Simpson-Golabi-Behmel syndrome
NCT04399538,Non-alcoholic Fatty Liver Disease
NCT06127225,Non-alcoholic Fatty Liver Disease
NCT04701476,Colorectal Neoplasms
NCT04701476,Lung Neoplasms
NCT07726368,Non-alcoholic Fatty Liver Disease
NCT07726368,Dyslipidemias
NCT05655221,Non-alcoholic Fatty Liver Disease
NCT07342881,"Hepatitis B, Chronic"
NCT06227728,"Carcinoma, Non-Small-Cell Lung"
NCT06227728,Breast Neoplasms
NCT06227728,Colorectal Neoplasms
NCT06227728,Stomach Neoplasms
NCT06227728,Liver Neoplasms
NCT06680232,"Hepatitis B, Chronic"
NCT06478693,"Carcinoma, Hepatocellular"
NCT06478693,Liver Neoplasms
NCT06478693,Simpson-Golabi-Behmel syndrome
NCT04685993,Non-alcoholic Fatty Liver Disease
NCT05053165,"Arthritis, Rheumatoid"
NCT05053165,Non-alcoholic Fatty Liver Disease
NCT04312958,Hemorrhage
NCT04312958,Wounds and Injuries
NCT04312958,Thrombosis
NCT05297448,Hepatic Encephalopathy
NCT06019936,Chemical and Drug Induced Liver Injury
NCT06795022,"Carcinoma, Hepatocellular"
NCT06795022,Simpson-Golabi-Behmel syndrome
NCT07290257,Alagille Syndrome
NCT07290257,"Cholestasis, progressive familial intrahepatic 1"
NCT07290257,Liver Diseases
NCT07290257,Cholestasis
NCT07290257,Pruritus
NCT07037277,"Hepatitis C, Chronic"
NCT07037277,Hepatitis C
NCT06613698,"Liver Diseases, Alcoholic"
NCT06613698,Fatty Liver
NCT06653023,"Carcinoma, Hepatocellular"
NCT06653023,"Carcinoma, Non-Small-Cell Lung"
NCT06383403,"Liver Cirrhosis, Biliary"
NCT07625618,Hepatic Insufficiency
NCT07262346,Liver Cirrhosis
NCT05294458,Non-alcoholic Fatty Liver Disease
NCT05294458,"Diabetes Mellitus, Type 2"
NCT05294458,"Renal Insufficiency, Chronic"
NCT05294458,Fatty Liver
NCT05294458,Diabetes Mellitus
NCT05294458,Kidney Diseases
NCT07288138,Liver Diseases
NCT07288138,Non-alcoholic Fatty Liver Disease
NCT05857644,Liver Diseases
NCT06188026,Non-alcoholic Fatty Liver Disease
NCT04560816,Hepatolenticular Degeneration
NCT06916078,Liver Diseases
NCT05090111,Non-alcoholic Fatty Liver Disease
NCT05298332,"Hepatitis B, Chronic"
NCT06528314,Non-alcoholic Fatty Liver Disease
NCT05343481,"Hepatitis B, Chronic"
NCT05343481,Hepatitis B
NCT05579444,"Colitis, Ulcerative"
NCT05579444,Crohn Disease
NCT05579444,Obesity
NCT05579444,Colonic Polyps
NCT05579444,Eosinophilic Esophagitis
NCT05579444,Gastroesophageal Reflux
NCT05579444,Barrett Esophagus
NCT05579444,Esophageal Neoplasms
NCT05579444,Gastritis
NCT05579444,Stomach Ulcer
NCT05579444,Duodenal Ulcer
NCT05579444,Stomach Neoplasms
NCT05579444,"Colitis, Lymphocytic"
NCT05579444,"Colitis, Microscopic"
NCT05579444,Celiac Disease
NCT05579444,Irritable Bowel Syndrome
NCT05579444,Non-alcoholic Fatty Liver Disease
NCT05579444,Cholelithiasis
NCT05579444,Gastrointestinal Diseases
NCT07378514,Thrombosis
NCT07378514,Infections
NCT07378514,Inflammation
NCT07378514,Heart Diseases
NCT07378514,Kidney Diseases
NCT07378514,Diabetes Mellitus
NCT07378514,Hypercholesterolemia
NCT07378514,Liver Diseases
NCT06124001,"Carcinoma, Hepatocellular"
NCT04487067,"Carcinoma, Hepatocellular"
NCT07559474,Hepatic Insufficiency
NCT07559474,Liver Diseases
NCT07559474,"Lymphoma, Follicular"
NCT05824975,Neoplasm Metastasis
NCT05824975,Sarcoma
NCT05824975,"Carcinoma, Hepatocellular"
NCT05824975,Colorectal Neoplasms
NCT05824975,Melanoma
NCT05824975,"Carcinoma, Renal Cell"
NCT05824975,"Diabetes Mellitus, Insulin-Dependent, 12"
NCT06371157,"Carcinoma, Hepatocellular"
NCT06058390,Hepatitis B
NCT06058390,Hepatitis
NCT06058390,Virus Diseases
NCT06058390,Liver Diseases
NCT07284121,Lung Neoplasms
NCT07284121,"Carcinoma, Hepatocellular"
NCT06340347,Liver Diseases
NCT04454567,"Hepatitis B, Chronic"
NCT06685692,"Hepatitis, Alcoholic"
NCT07657416,"Carcinoma, Hepatocellular"
NCT07657416,Ovarian Neoplasms
NCT07723482,Recurrence
NCT07723482,Neoplasm Metastasis
NCT07723482,Neoplasms
NCT05061537,"Carcinoma, Renal Cell"
NCT05061537,Melanoma
NCT05061537,"Carcinoma, Non-Small-Cell Lung"
NCT05061537,Liver Neoplasms
NCT05061537,Urinary Bladder Neoplasms
NCT05061537,Sarcoma
NCT05061537,Head and Neck Neoplasms
NCT05061537,Colorectal Neoplasms
NCT05061537,Ovarian Neoplasms
NCT05061537,"Carcinoma, Squamous Cell"
NCT05839639,"Hepatitis B, Chronic"
NCT07454837,"Hepatitis D, Chronic"
NCT05441475,"Carcinoma, Hepatocellular"
NCT05383456,Acquired Immunodeficiency Syndrome
NCT05383456,HIV-Associated Lipodystrophy Syndrome
NCT05383456,Liver Diseases
NCT05383456,Non-alcoholic Fatty Liver Disease
NCT05383456,Liver Cirrhosis
NCT05383456,Fatty Liver
NCT05383456,HIV Infections
NCT06058416,Hepatitis A
NCT06058416,Hepatitis
NCT07304843,"Liver Cirrhosis, Biliary"
NCT07304843,Fatigue
NCT04248426,"Hepatitis B, Chronic"
NCT04311710,Neoplasms
NCT04311710,Lung Neoplasms
NCT04311710,Kidney Neoplasms
NCT04311710,Urinary Bladder Neoplasms
NCT04311710,Skin Neoplasms
NCT04311710,Liver Neoplasms
NCT05118360,Non-alcoholic Fatty Liver Disease
NCT06144385,"Carcinoma, Hepatocellular"
NCT03812874,"Carcinoma, Hepatocellular"
NCT06245291,"Hepatitis B, Chronic"
NCT04378010,Non-alcoholic Fatty Liver Disease
NCT04378010,Fatty Liver
NCT07197554,"Sarcoma, Ewing"
NCT07197554,"Carcinoma, Hepatocellular"
NCT07197554,Biliary Tract Neoplasms
NCT07197554,Neoplasms
NCT07197554,Endometrial Neoplasms
NCT06530251,"Carcinoma, Hepatocellular"
NCT05470829,"Hepatitis B, Chronic"
NCT04722653,Non-alcoholic Fatty Liver Disease
NCT04864054,"Carcinoma, Hepatocellular"
NCT04864054,Liver Neoplasms
NCT05884554,COVID-19
NCT05637541,"Hepatitis B, Chronic"
NCT06128954,Hepatolenticular Degeneration
NCT06104319,Non-alcoholic Fatty Liver Disease
NCT05604287,Liver Cirrhosis
NCT05727800,alpha 1-Antitrypsin Deficiency
NCT06989788,"Hepatitis B, Chronic"
NCT06984718,"Carcinoma, Hepatocellular"
NCT07641140,Hepatolenticular Degeneration
NCT06726161,"Carcinoma, Hepatocellular"
NCT06726161,Disease
NCT04845646,Non-alcoholic Fatty Liver Disease
NCT04909346,Ornithine Carbamoyltransferase Deficiency Disease
NCT04909346,Hepatolenticular Degeneration
NCT04909346,Hepatorenal form of glycogen storage disease
NCT06052566,Non-alcoholic Fatty Liver Disease
NCT07750990,Glycogen Storage Disease Type II
NCT07750990,Rare Diseases
NCT07750990,Glycogen Storage Disease
NCT05009680,Liver Cirrhosis
NCT05569759,"Hepatitis, Autoimmune"
NCT05864391,Fatty Liver
NCT05864391,Fibrosis
NCT05038020,Diabetic Retinopathy
NCT04903496,Diabetes Mellitus
NCT05594446,Diabetes Mellitus
NCT07232719,Obesity
NCT07232719,Overweight
NCT06647745,"Diabetes Mellitus, Type 2"
NCT06647745,Hypertension
NCT06890299,"Diabetes Mellitus, Type 2"
NCT04524832,"Diabetes Mellitus, Type 2"
NCT06845202,Obesity
NCT06845202,"Diabetes Mellitus, Type 2"
NCT05928637,
NCT05691712,"Diabetes Mellitus, Type 2"
NCT05691712,Diabetes Mellitus
NCT05691712,Glucose Metabolism Disorders
NCT05691712,Metabolic Diseases
NCT05691712,Endocrine System Diseases
NCT06643728,Obesity
NCT06643728,Overweight
NCT06643728,Platelet Glycoprotein IV Deficiency
NCT05336071,Diabetes Mellitus
NCT06649344,"Diabetes Mellitus, Type 2"
NCT05579314,"Diabetes Mellitus, Type 2"
NCT05317845,"Diabetes Mellitus, Type 2"
NCT06875193,
NCT04823208,"Diabetes Mellitus, Type 2"
NCT05120219,"Diabetes Mellitus, Type 2"
NCT04356742,"Diabetes Mellitus, Type 2"
NCT06385366,Pregnancy Complications
NCT06385366,Pre-Eclampsia
NCT06385366,Premature Birth
NCT06385366,"Diabetes, Gestational"
NCT06141811,Diabetic Foot
NCT05248841,"Diabetes Mellitus, Type 1"
NCT05248841,"Diabetes Mellitus, Type 2"
NCT05369065,"Diabetes Mellitus, Type 2"
NCT05369065,Hypertension
NCT05369065,Diabetes Mellitus
NCT07271251,"Diabetes Mellitus, Type 2"
NCT06897202,"Diabetes Mellitus, Type 2"
NCT06897202,Obesity
NCT06897202,Overweight
NCT06897202,Weight Loss
NCT06131372,"Renal Insufficiency, Chronic"
NCT06131372,"Diabetes Mellitus, Type 2"
NCT06131372,Obesity
NCT05110846,Obesity
NCT05110846,Overweight
NCT05110846,"Diabetes Mellitus, Type 2"
NCT05199077,Pressure Ulcer
NCT05199077,Diabetes Mellitus
NCT06926842,Overweight
NCT06926842,"Diabetes Mellitus, Type 2"
NCT06926842,Obesity
NCT06246175,"Diabetes Mellitus, Type 2"
NCT04552470,"Diabetes Mellitus, Type 2"
NCT07673822,"Diabetes Mellitus, Type 2"
NCT07673822,Obesity
NCT07673822,"Renal Insufficiency, Chronic"
NCT05415683,Diabetes Mellitus
NCT05415683,Diabetic Foot
NCT04812262,Overweight
NCT04812262,Obesity
NCT04812262,Non-alcoholic Fatty Liver Disease
NCT04812262,Liver Diseases
NCT06297603,"Diabetes Mellitus, Type 2"
NCT06297603,Glucose Metabolism Disorders
NCT06297603,Metabolic Diseases
NCT06297603,Endocrine System Diseases
NCT06297603,Diabetes Mellitus
NCT06297603,Kidney Diseases
NCT06297603,"Renal Insufficiency, Chronic"
NCT07222137,"Diabetes Mellitus, Type 1"
NCT05004428,"Diabetes Mellitus, Type 2"
NCT05004428,"Renal Insufficiency, Chronic"
NCT05004428,Cardiovascular Diseases
NCT05004428,Kidney Diseases
NCT05004428,"Diabetes Mellitus, Type 1"
NCT04153929,"Diabetes Mellitus, Type 2"
NCT07619729,"Diabetes Mellitus, Type 2"
NCT07619729,Periodontal Diseases
NCT04892069,"Diabetes Mellitus, Type 2"
NCT07270731,"Diabetes Mellitus, Type 2"
NCT05262595,"Diabetes Mellitus, Type 1"
NCT06555822,Obesity
NCT06555822,"Diabetes Mellitus, Type 2"
NCT06237322,Respiration Disorders
NCT06237322,Cardiovascular Diseases
NCT06237322,Diabetes Mellitus
NCT06237322,Glucose Intolerance
NCT05649137,Obesity
NCT05649137,"Diabetes Mellitus, Type 2"
NCT05268237,"Diabetes Mellitus, Type 2"
NCT06111183,Diabetic Foot
NCT04750577,Diabetic Nephropathies
NCT07160257,"Diabetes Mellitus, Type 2"
NCT07160257,Insulin Resistance
NCT07076199,"Diabetes Mellitus, Type 1"
NCT05135130,Diabetic Foot
NCT06615700,Overweight
NCT06615700,Obesity
NCT06615700,"Diabetes Mellitus, Type 2"
NCT05887999,"Diabetes Mellitus, Type 1"
NCT07379333,"Diabetes Mellitus, Type 2"
NCT05407662,"Renal Insufficiency, Chronic"
NCT05407662,"Diabetes Mellitus, Type 2"
NCT05407662,Heart Failure
NCT06976073,"Diabetes Mellitus, Type 2"
NCT06976073,Diabetic Foot
NCT06976073,Peripheral Arterial Disease
NCT06976073,Skin Neoplasms
NCT06415773,"Diabetes Mellitus, Type 2"
NCT07658417,"Diabetes Mellitus, Type 2"
NCT05057403,
NCT06961643,Diabetes Mellitus
NCT07694115,"Diabetes Mellitus, Type 2"
NCT04990427,"Renal Insufficiency, Chronic"
NCT04990427,"Diabetes Mellitus, Type 2"
NCT04990427,Diabetic Nephropathies
NCT05167513,"Diabetes Mellitus, Type 2"
NCT04407234,Overweight
NCT04407234,Obesity
NCT04407234,"Diabetes Mellitus, Type 2"
NCT06319287,Diabetic Foot
NCT06319287,Foot Ulcer
NCT05426018,"Diabetes Mellitus, Type 2"
NCT04809311,"Diabetes Mellitus, Type 2"
NCT05134987,"Diabetes Mellitus, Type 1"
NCT06289933,
NCT05417152,Diabetic Retinopathy
NCT07765511,Obesity
NCT07765511,Overweight
NCT05669599,Obesity
NCT05669599,Overweight
NCT05669599,"Diabetes Mellitus, Type 2"
NCT04684602,Autoimmune Diseases
NCT04684602,Cardiovascular Diseases
NCT04684602,Diabetes Complications
NCT04684602,Skin Diseases
NCT04684602,Musculoskeletal Diseases
NCT04684602,Neurodegenerative Diseases
NCT04684602,Nervous System Diseases
NCT04684602,Lung Diseases
NCT04684602,"Sexual Dysfunction, Physiological"
NCT04684602,Urologic Diseases
NCT04684602,Virus Diseases
NCT04684602,Erectile Dysfunction
NCT04684602,Heart Diseases
NCT04684602,Mental Disorders
NCT04684602,Neurocognitive Disorders
NCT04684602,Central Nervous System Diseases
NCT04684602,Tauopathies
NCT04684602,Brain Diseases
NCT04684602,Dementia
NCT04684602,Disease
NCT04684602,Cardiomyopathies
NCT04684602,Peripheral Nervous System Diseases
NCT04684602,Alzheimer Disease
NCT04684602,Immune System Diseases
NCT04684602,Neuromuscular Diseases
NCT04684602,COVID-19
NCT06423872,"Diabetes Mellitus, Type 2"
NCT06703658,"Diabetes Mellitus, Type 2"
NCT06703658,Obesity
NCT07000149,"Diabetes Mellitus, Insulin-Dependent, 12"
NCT07000149,Kidney Neoplasms
NCT07000149,"Carcinoma, Renal Cell"
NCT05013008,"Renal Insufficiency, Chronic"
NCT05013008,"Diabetes Mellitus, Type 2"
NCT06383390,Atherosclerosis
NCT06383390,"Renal Insufficiency, Chronic"
NCT06383390,Cardiovascular Diseases
NCT06383390,Kidney Diseases
NCT06383390,"Diabetes Mellitus, Type 2"
NCT06383390,Heart Diseases
NCT06383390,Coronary Artery Disease
NCT06383390,Cerebrovascular Disorders
NCT06383390,Peripheral Arterial Disease
NCT06383390,Death
NCT06383390,"Kidney Failure, Chronic"
NCT04723160,Diabetic Retinopathy
NCT04723160,Retinal Vein Occlusion
NCT04723160,Retinal Artery Occlusion
NCT04723160,Central Serous Chorioretinopathy
NCT04723160,Retinitis Pigmentosa
NCT04723160,Epiretinal Membrane
NCT04723160,Retinal Perforations
NCT04723160,Ocular Hypertension
NCT04723160,Optic Atrophy
NCT04723160,Retinal Detachment
NCT05759897,"Diabetes Mellitus, Type 2"
NCT05631119,Diabetic Nephropathies
NCT05631119,"Diabetes Mellitus, Type 2"
NCT05631119,"Renal Insufficiency, Chronic"
NCT06704581,Overweight
NCT06704581,Obesity
NCT04838743,"Diabetes Mellitus, Type 2"
NCT04221360,
NCT06772168,Dyslipidemias
NCT06772168,"Diabetes Mellitus, Type 2"
NCT05929079,"Diabetes Mellitus, Type 2"
NCT05929079,Obesity
NCT05929079,Overweight
NCT05929079,"Sleep Apnea, Obstructive"
NCT04537676,Diabetic Foot
NCT04537676,Foot Ulcer
NCT04537676,Diabetes Complications
NCT07570992,"Diabetes Mellitus, Type 2"
NCT07304700,"Diabetes Mellitus, Type 2"
NCT07598968,Hypertension
NCT07598968,"Diabetes Mellitus, Type 2"
NCT04585776,"Diabetes Mellitus, Type 1"
NCT06132126,"Diabetes Mellitus, Type 2"
NCT06731218,"Diabetes Mellitus, Type 1"
NCT06731218,Diabetes Mellitus
NCT05116410,"Diabetes Mellitus, Type 2"
NCT05755360,"Diabetes Mellitus, Type 2"
NCT07357415,Obesity
NCT07357415,Overweight
NCT07685808,Overweight
NCT07685808,Obesity
NCT07685808,Body Weight
NCT06478550,"Diabetes Mellitus, Type 2"
NCT04970108,"Diabetes Mellitus, Type 2"
NCT04970108,Hypertension
NCT06647550,"Diabetes Mellitus, Type 2"
NCT04702490,Non-alcoholic Fatty Liver Disease
NCT04702490,"Diabetes Mellitus, Type 2"
NCT04702490,Diabetes Mellitus
NCT04702490,Fatty Liver
NCT05872620,Obesity
NCT05872620,Overweight
NCT05872620,"Diabetes Mellitus, Type 2"
NCT07755150,"Diabetes Mellitus, Type 2"
NCT07086443,Diabetic Foot
NCT07086443,Ulcer
NCT07086443,Foot Ulcer
NCT04591626,"Diabetes Mellitus, Type 2"
NCT05466643,"Diabetes Mellitus, Type 2"
NCT04816890,"Diabetes Mellitus, Type 1"
NCT06487130,Behavior
NCT06487130,Patient Acceptance of Health Care
NCT06487130,Cognitive Dysfunction
NCT06487130,"Osteoporosis, Postmenopausal"
NCT06487130,"Diabetes Mellitus, Type 2"
NCT06487130,Dementia
NCT06487130,Cardiovascular Diseases
NCT06487130,Hot Flashes
NCT06487130,Financial Stress
NCT06487130,Social Stigma
NCT07156500,"Diabetes Mellitus, Type 2"
NCT06829563,Diabetes Mellitus
NCT05314231,Proteinuria
NCT05314231,"Renal Insufficiency, Chronic"
NCT05314231,Lupus Nephritis
NCT05314231,"Glomerulonephritis, IGA"
NCT05314231,"Glomerulosclerosis, Focal Segmental"
NCT05314231,Diabetic Nephropathies
NCT05314231,"Nephrosis, Lipoid"
NCT05314231,"Hematuria, Benign Familial"
NCT05314231,"Glomerulonephritis, Membranoproliferative"
NCT07224321,"Diabetes Mellitus, Type 1"
NCT07224321,Diabetes Mellitus
NCT07224321,Insulin Resistance
NCT07224321,Respiratory Aspiration
NCT04424290,Diabetic Retinopathy
NCT04114682,"Diabetes Mellitus, Type 2"
NCT04114682,Non-alcoholic Fatty Liver Disease
NCT06769412,Retinal Vasculitis
NCT06769412,Diabetic Retinopathy
NCT05165628,Diabetic Foot
NCT05165628,Skin Ulcer
NCT05706506,"Diabetes Mellitus, Type 2"
NCT05144971,Diabetes Mellitus
NCT05144971,"Kidney Failure, Chronic"
NCT06739044,"Diabetes Mellitus, Type 2"
NCT06881264,
NCT04221399,
NCT04008121,Retinal Diseases
NCT04008121,Retinal Vein Occlusion
NCT04008121,Diabetic Retinopathy
NCT04008121,Macular Degeneration
NCT06140303,Diabetic Foot
NCT07142161,"Diabetes Mellitus, Type 1"
NCT07400653,Obesity
NCT07400653,Overweight
NCT07400653,"Diabetes Mellitus, Type 2"
NCT07400653,Overnutrition
NCT07400653,Nutrition Disorders
NCT07400653,Nutritional and Metabolic Diseases
NCT07400653,Body Weight
NCT07400653,Signs and Symptoms
NCT07400653,"Pathological Conditions, Signs and Symptoms"
NCT07400653,Diabetes Mellitus
NCT07400653,Glucose Metabolism Disorders
NCT07400653,Metabolic Diseases
NCT07400653,Endocrine System Diseases
NCT05292495,
NCT05385575,"Diabetes Mellitus, Type 2"
NCT07743983,"Diabetes Mellitus, Type 2"
NCT05368402,"Diabetes Mellitus, Type 1"
NCT05716724,"Diabetes Mellitus, Type 2"
NCT05134662,"Diabetes Mellitus, Type 2"
NCT05134662,Obesity
NCT05134662,Overweight
NCT04614870,Diabetic Foot
NCT04614870,Varicose Ulcer
NCT04614870,Pressure Ulcer
NCT06118008,"Diabetes Mellitus, Type 2"
NCT05452525,"Diabetes Mellitus, Type 2"
NCT05274880,"Diabetes Mellitus, Type 2"
NCT07465224,"Diabetes Mellitus, Type 2"
NCT06350890,"Diabetes Mellitus, Type 2"
NCT06548815,Diabetes Mellitus
NCT05514548,Diabetic Nephropathies
NCT05514548,"Diabetes Mellitus, Type 1"
NCT05514548,"Diabetes Mellitus, Type 2"
NCT06329674,
NCT06278207,"Renal Insufficiency, Chronic"
NCT06278207,"Diabetes Mellitus, Type 2"
NCT05718375,Diabetic Nephropathies
NCT07668336,"Diabetes Mellitus, Type 2"
NCT05966272,"Diabetes Mellitus, Type 2"
NCT04617275,Diabetes Mellitus
NCT04617275,Obesity
NCT06694935,"Diabetes Mellitus, Type 2"
NCT06694935,Non-alcoholic Fatty Liver Disease
NCT05199090,Obesity
NCT05199090,"Diabetes Mellitus, Type 2"
NCT05199090,Weight Loss
NCT04383041,"Diabetes Mellitus, Type 2"
NCT05930561,Diabetic Retinopathy
NCT05803772,Prediabetic State
NCT05803772,Glucose Intolerance
NCT06257966,
NCT06862739,Diabetes Mellitus
NCT06862739,Patient Compliance
NCT06948292,Diabetic Nephropathies
NCT06948292,Hypertensive Nephropathy
NCT06948292,Proteinuria
NCT06481904,"Diabetes Mellitus, Type 1"
NCT06020664,Diabetic Foot
NCT06716216,"Diabetes Mellitus, Type 2"
NCT05544214,"Diabetes Mellitus, Type 2"
NCT07455825,"Diabetes Mellitus, Type 2"
NCT03895515,"Diabetes Mellitus, Type 1"
NCT07748208,Breast Neoplasms
NCT07748208,"Diabetes Mellitus, Type 2"
NCT04595370,Heart Failure
NCT04595370,"Renal Insufficiency, Chronic"
NCT04595370,"Diabetes Mellitus, Type 2"
NCT04595370,Diabetic Nephropathies
NCT07064486,"Diabetes Mellitus, Type 2"
NCT07271186,Diabetic Nephropathies
NCT07271186,"Renal Insufficiency, Chronic"
NCT07271186,"Diabetes Mellitus, Type 2"
NCT04288778,Diabetes Mellitus
NCT06852976,Diabetic Foot
NCT04524949,"Diabetes Mellitus, Type 1"
NCT04524949,Autoimmune Diseases
NCT07223333,"Diabetes Mellitus, Type 2"
NCT07223333,Insulin Resistance
NCT05757713,"Diabetes Mellitus, Type 1"
NCT05176210,"Diabetes Mellitus, Type 2"
NCT07712913,Diabetic Neuropathies
NCT07712913,Neuralgia
NCT07712913,"Neuralgia, Postherpetic"
NCT07712913,Peripheral Nervous System Diseases
NCT05971940,"Diabetes Mellitus, Type 2"
NCT05444153,"Diabetes Mellitus, Type 2"
NCT05521256,"Diabetes Mellitus, Type 2"
NCT07546929,"Diabetes Mellitus, Type 2"
NCT05510245,"Diabetes Mellitus, Type 2"
NCT05510245,Renal Insufficiency
NCT04632862,"Diabetes Mellitus, Type 2"
NCT06769646,"Diabetes Mellitus, Type 2"
NCT06769646,"Renal Insufficiency, Chronic"
NCT04803708,Diabetic Foot
NCT04803708,Pseudomonas Infections
NCT04803708,Staphylococcal Infections
NCT04803708,Acinetobacter Infections
NCT04426474,"Diabetes Mellitus, Type 2"
NCT04841720,Diabetic Neuropathies
NCT07197775,"Diabetes Mellitus, Type 2"
NCT07197775,Diabetes Mellitus
NCT04588259,"Diabetes Mellitus, Type 1"
NCT04588259,"Diabetes Mellitus, Type 2"
NCT07193459,"Diabetes Mellitus, Type 2"
NCT07215559,Obesity
NCT07215559,Overweight
NCT07215559,"Diabetes Mellitus, Type 2"
NCT04235959,"Diabetes Mellitus, Type 2"
NCT06189638,Diabetic Foot
NCT06189638,Wound Infection
NCT05393284,Diabetic Retinopathy
NCT04755647,Diabetic Foot
NCT05596747,"Diabetes Mellitus, Type 2"
NCT04255238,"Diabetes Mellitus, Type 2"
NCT04697758,Macular Edema
NCT04697758,Eye Diseases
NCT04697758,Retinal Diseases
NCT04697758,Diabetes Mellitus
NCT04697758,Diabetic Retinopathy
NCT04697758,Retinal Degeneration
NCT04760626,"Diabetes Mellitus, Type 2"
NCT06553248,Diabetes Mellitus
NCT05504239,"Diabetes Mellitus, Type 2"
NCT04660643,Obesity
NCT04660643,Overweight
NCT04660643,Nutrition Disorders
NCT04660643,Prediabetic State
NCT04572165,"Diabetes Mellitus, Type 2"
NCT05463744,"Diabetes Mellitus, Type 1"
NCT05463744,Diabetes Mellitus
NCT05491421,"Diabetes Mellitus, Type 2"
NCT05174806,Diabetic Foot
NCT05803421,"Diabetes Mellitus, Type 2"
NCT05803421,Obesity
NCT05803421,Overweight
NCT05803421,Cardiovascular Diseases
NCT05803421,"Renal Insufficiency, Chronic"
NCT06871761,
NCT06143423,"Diabetes Mellitus, Type 2"
NCT05654831,"Diabetes Mellitus, Type 2"
NCT05573477,Essential Hypertension
NCT05573477,"Diabetes Mellitus, Type 2"
NCT07282600,Overweight
NCT07282600,Obesity
NCT07282600,"Diabetes Mellitus, Type 2"
NCT07354477,"Glaucoma, Open-Angle"
NCT07354477,Low Tension Glaucoma
NCT07354477,Glaucoma
NCT07354477,Diabetic Retinopathy
NCT06083675,"Diabetes Mellitus, Type 2"
NCT06993792,Obesity
NCT06993792,Overweight
NCT06993792,"Diabetes Mellitus, Type 2"
NCT04984200,Diabetic Retinopathy
NCT07535307,Diabetes Mellitus
NCT07137585,"Diabetes Mellitus, Type 2"
NCT07137585,Obesity
NCT07137585,Overweight
NCT05114590,"Diabetes Mellitus, Type 2"
NCT07472725,"Diabetes Mellitus, Type 2"
NCT04722991,Diabetic Retinopathy
NCT05158244,"Diabetes Mellitus, Type 2"
NCT05158244,Obesity
NCT04662164,
NCT06532578,Overweight
NCT06532578,Obesity
NCT07193147,Diabetes Mellitus
NCT04590703,Diabetic Foot
NCT04660305,"Diabetes Mellitus, Type 1"
NCT07738341,Breast Neoplasms
NCT07738341,Neoplasm Metastasis
NCT07738341,"Diabetes Mellitus, Insulin-Dependent, 12"
NCT05552859,"Diabetes Mellitus, Type 2"
NCT05552859,Renal Insufficiency
NCT04419467,Diabetic Nephropathies
NCT04537637,"Diabetes Mellitus, Type 2"
NCT07135570,Glaucoma
NCT07135570,Diabetic Retinopathy
NCT07135570,Hypertensive Retinopathy
NCT07135570,Cataract
NCT07135570,Macular Degeneration
NCT07135570,Presbyopia
NCT07135570,Myopia
NCT07135570,Hyperopia
NCT07135570,Dacryocystitis
NCT07135570,Refractive Errors
NCT06731075,"Diabetes Mellitus, Type 2"
NCT05802862,Diabetes Mellitus
NCT06490445,Diabetes Mellitus
NCT06490445,Diabetic Neuropathies
NCT06490445,Marijuana Abuse
NCT06490445,Respiratory Aspiration
NCT05363761,"Diabetes Mellitus, Type 2"
NCT05363761,Hypertension
NCT05363761,Diabetes Mellitus
NCT05972954,Muscular Diseases
NCT05972954,Cardiomyopathies
NCT05972954,Mitochondrial encephalopathy
NCT05972954,"Acidosis, Lactic"
NCT05972954,MELAS Syndrome
NCT05972954,Syndrome
NCT05972954,MERRF Syndrome
NCT05972954,Deafness
NCT05972954,Noninsulin-dependent diabetes mellitus with deafness
NCT06866158,Diabetic Nephropathies
NCT07372118,"Diabetes Mellitus, Type 2"
NCT06592950,
NCT05153564,"Diabetes Mellitus, Type 2"
NCT06984211,Hypertension
NCT06984211,Myocardial Ischemia
NCT06984211,Heart Valve Diseases
NCT06984211,Heart Failure
NCT06984211,Diabetes Mellitus
NCT07592273,Diabetic Retinopathy
NCT04602754,Dyslipidemias
NCT04602754,"Diabetes Mellitus, Type 2"
NCT06141590,"Diabetes Mellitus, Type 2"
NCT07433062,"Diabetes Mellitus, Type 2"
NCT07433062,Diabetes Mellitus
NCT05772169,Cushing Syndrome
NCT05772169,"Diabetes Mellitus, Type 2"
NCT05772169,Diabetes Mellitus
NCT05352815,"Diabetes Mellitus, Type 2"
NCT05762107,
NCT05394519,Overweight
NCT05394519,Obesity
NCT05394519,"Diabetes Mellitus, Type 2"
NCT05741437,"Diabetes Mellitus, Type 2"
NCT07087795,"Diabetes Mellitus, Type 1"
NCT06824051,Obesity
NCT06824051,Overweight
NCT06764719,Diabetes Mellitus
NCT06764719,Wounds and Injuries
NCT06362265,"Diabetes Mellitus, Type 2"
NCT06362265,Insulin Resistance
NCT06370819,"Diabetes Mellitus, Type 2"
NCT06324604,"Diabetes Mellitus, Type 1"
NCT05024032,Obesity
NCT05024032,Overweight
NCT05024032,Nutrition Disorders
NCT07594093,Overweight
NCT07594093,Obesity
NCT07109700,"Diabetes Mellitus, Type 2"
NCT06161844,"Diabetes Mellitus, Type 2"
NCT06855147,"Diabetes Mellitus, Type 2"
NCT06855147,Weight Loss
NCT07472907,"Hearing Loss, Hidden"
NCT07472907,Diabetes Mellitus
NCT05926414,"Diabetes Mellitus, Type 2"
NCT06235086,"Diabetes Mellitus, Type 2"
NCT05687890,Diabetic Nephropathies
NCT05687890,"Glomerulonephritis, IGA"
NCT06169982,"Diabetes Mellitus, Type 2"
NCT05754424,"Diabetes Mellitus, Type 2"
NCT07691203,"Diabetes Mellitus, Type 2"
NCT07691203,Cardiovascular Diseases
NCT06932159,"Diabetes Mellitus, Type 2"
NCT07497880,Obesity
NCT07497880,Overweight
NCT07497880,Diabetes Mellitus
NCT06422039,"Diabetes Mellitus, Type 2"
NCT07222293,Diabetic Retinopathy
NCT07222293,Diabetes Mellitus
NCT06599684,Diabetic Retinopathy
NCT07065032,"Diabetes Mellitus, Type 2"
NCT06642584,
NCT06140485,"Diabetes Mellitus, Type 2"
NCT07140055,Obesity
NCT07140055,"Diabetes Mellitus, Type 2"
NCT07140055,Metabolic Diseases
NCT07026968,"Diabetes Mellitus, Type 2"
NCT05035368,"Diabetes Mellitus, Type 1"
NCT05035368,Insulin Resistance
NCT05035368,Overweight
NCT05161741,Drug-Related Side Effects and Adverse Reactions
NCT05161741,Insulin Resistance
NCT05161741,"Diabetes Mellitus, Type 2"
NCT07213895,"Diabetes Mellitus, Type 2"
NCT05151705,
NCT06914895,"Diabetes Mellitus, Type 1"
NCT06914895,Obesity
NCT06914895,Overweight
NCT04223895,
NCT06011798,Retinal Diseases
NCT06011798,Macular Edema
NCT06011798,Diabetes Mellitus
NCT06011798,Diabetic Retinopathy
NCT06011798,Retinal Degeneration
NCT06011798,Eye Diseases
NCT06011798,Edema
NCT04666987,"Diabetes Mellitus, Type 2"
NCT06513104,"Diabetes Mellitus, Type 2"
NCT06254014,"Diabetes Mellitus, Type 2"
NCT04604548,Mitochondrial Diseases
NCT04604548,Noninsulin-dependent diabetes mellitus with deafness
NCT04604548,MELAS Syndrome
NCT04604548,"Ophthalmoplegia, Chronic Progressive External"
NCT05377333,"Diabetes Mellitus, Type 2"
NCT04582435,"Diabetes Mellitus, Type 2"
NCT04276428,"Diabetes Mellitus, Type 2"
NCT07023965,Peripheral Arterial Disease
NCT07023965,Arterial Occlusive Diseases
NCT07023965,Arteriosclerosis Obliterans
NCT07023965,Thromboangiitis Obliterans
NCT07023965,Diabetic Foot
NCT07023965,Chronic Limb-Threatening Ischemia
NCT05597709,"Diabetes Mellitus, Type 2"
NCT06709807,"Diabetes Mellitus, Type 2"
NCT07244003,"Diabetes Mellitus, Type 2"
NCT04429503,"Diabetes Mellitus, Type 1"
NCT04429503,"Diabetes Mellitus, Type 2"
NCT04265261,Diabetic Retinopathy
NCT07073170,"Diabetes Mellitus, Type 2"
NCT05650229,Muscular Diseases
NCT05650229,Muscle Weakness
NCT05650229,Diabetes Mellitus
NCT06144788,"Diabetes Mellitus, Type 2"
NCT05995756,"Diabetes Mellitus, Type 2"
NCT07654374,Obesity
NCT07654374,Overweight
NCT07214857,Cardiovascular Diseases
NCT07214857,Diabetes Mellitus
NCT07396155,Diabetic Nephropathies
NCT07396155,Kidney Diseases
NCT06588504,"Diabetes Mellitus, Type 1"
NCT07020949,"Diabetes Mellitus, Type 2"
NCT06326047,"Diabetes Mellitus, Type 2"
NCT05473286,"Diabetes Mellitus, Type 2"
NCT06559722,"Diabetes Mellitus, Type 2"
NCT06256523,"Diabetes Mellitus, Type 2"
NCT04692688,Diabetic Retinopathy
NCT04692688,Diabetes Mellitus
NCT06260722,"Diabetes Mellitus, Type 2"
NCT06260722,Glucose Metabolism Disorders
NCT06260722,Metabolic Diseases
NCT06260722,Endocrine System Diseases
NCT05890950,Obesity
NCT05890950,"Diabetes Mellitus, Type 2"
NCT05464784,"Diabetes Mellitus, Type 2"
NCT05464784,Hypertriglyceridemia
NCT05464784,Non-alcoholic Fatty Liver Disease
NCT06807190,"Diabetes Mellitus, Type 1"
NCT05101135,"Diabetes Mellitus, Type 2"
NCT05623189,Non-alcoholic Fatty Liver Disease
NCT05623189,"Diabetes Mellitus, Type 2"
NCT07247084,Obesity
NCT07247084,Overweight
NCT06869018,"Diabetes Mellitus, Type 2"
NCT06869018,Glucose Metabolism Disorders
NCT06869018,Metabolic Diseases
NCT06869018,Endocrine System Diseases
NCT06869018,Diabetes Mellitus
NCT05703880,"Renal Insufficiency, Chronic"
NCT05703880,"Diabetes Mellitus, Type 2"
NCT06787482,Retinitis Pigmentosa
NCT06787482,Macular Degeneration
NCT06787482,Diabetic Retinopathy
NCT06937203,Obesity
NCT06937203,"Diabetes Mellitus, Type 2"
NCT06551740,Diabetes Mellitus
NCT05459285,"Diabetes Mellitus, Type 2"
NCT07282743,"Diabetes Mellitus, Type 2"
NCT05844644,"Diabetes Mellitus, Type 2"
NCT05844644,Obesity
NCT05844644,Overweight
NCT05844644,Prediabetic State
NCT07308184,Diabetes Mellitus
NCT07308184,"Diabetes Mellitus, Type 2"
NCT06419816,"Diabetes Mellitus, Type 2"
NCT04657016,Obesity
NCT04657016,Overweight
NCT04657016,Motor Activity
NCT04657016,Nutrition Disorders
NCT06305416,Diabetic Retinopathy
NCT06305416,Macular Edema
NCT06305416,Macular Degeneration
NCT06305416,Retinal Diseases
NCT06305416,Retinal Degeneration
NCT06305416,Diabetes Mellitus
NCT06305416,Edema
NCT07116928,"Diabetes Mellitus, Type 2"
NCT07116928,"Renal Insufficiency, Chronic"
NCT06288412,"Diabetes Mellitus, Type 2"
NCT06938334,"Diabetes Mellitus, Type 1"
NCT03686657,"Diabetes Mellitus, Type 2"
NCT03686657,Hypertension
NCT03686657,Arthritis
NCT03686657,Obesity
NCT03686657,Diabetes Mellitus
NCT07124039,"Renal Insufficiency, Chronic"
NCT07124039,"Diabetes Mellitus, Type 2"
NCT06045221,"Diabetes Mellitus, Type 2"
NCT04667143,"Diabetes Mellitus, Type 2"
NCT07568678,"Diabetes Mellitus, Type 2"
NCT04277598,Diabetic Foot
NCT05462756,"Diabetes Mellitus, Type 2"
NCT05791695,Uveitis
NCT05791695,Macular Degeneration
NCT05791695,Diabetic Retinopathy
NCT05791695,Endophthalmitis
NCT05791695,Retinal Vein Occlusion
NCT04492722,"Renal Insufficiency, Chronic"
NCT04492722,Proteinuria
NCT04492722,Diabetic Nephropathies
NCT04492722,Diabetes Mellitus
NCT05015894,"Diabetes Mellitus, Type 2"
NCT05443334,"Diabetes Mellitus, Type 2"
NCT04400344,Diabetic Foot
NCT04400344,Ulcer
NCT04400344,Foot Diseases
NCT04400344,Diabetic Neuropathies
NCT04400344,Diabetes Mellitus
NCT04400344,Diabetes Complications
NCT04899271,"Diabetes Mellitus, Type 1"
NCT05566028,"Diabetes Mellitus, Type 2"
NCT05628311,"Diabetes Mellitus, Type 2"
NCT06531512,Diabetic Foot
NCT04992312,"Diabetes Mellitus, Type 1"
NCT04992312,Hypoglycemia
NCT04259801,Overweight
NCT04259801,Obesity
NCT04259801,"Diabetes Mellitus, Type 2"
NCT05376930,"Diabetes Mellitus, Type 2"
NCT04979637,Wound Infection
NCT04979637,Diabetic Foot
NCT04979637,Pressure Ulcer
NCT04979637,Varicose Ulcer
NCT07282054,"Diabetes Mellitus, Type 1"
NCT05505994,Diabetes Mellitus
NCT05505994,"Diabetes Mellitus, Type 2"
NCT05505994,Glucose Metabolism Disorders
NCT05505994,Metabolic Diseases
NCT05505994,Endocrine System Diseases
NCT07121114,"Diabetes Mellitus, Type 2"
NCT04937816,"Diabetes Mellitus, Type 2"
NCT06247748,"Diabetes Mellitus, Type 2"
NCT06247748,Overweight
NCT06942936,Obesity
NCT06942936,"Diabetes Mellitus, Type 2"
NCT05692934,"Diabetes Mellitus, Type 2"
NCT07321678,"Diabetes Mellitus, Type 2"
NCT06767748,Diabetes Mellitus
NCT06767748,Insulin Resistance
NCT05139849,Diabetes Insipidus
NCT07456774,"Diabetes Mellitus, Type 2"
NCT05607810,Diabetic Retinopathy
NCT05607810,Blindness
NCT05607810,Retinal Diseases
NCT05607810,Eye Diseases
NCT05556291,
NCT05606913,"Diabetes Mellitus, Type 2"
NCT07736391,Overweight
NCT07736391,Obesity
NCT07736391,Diabetes Mellitus
NCT05683990,"Diabetes Mellitus, Type 1"
NCT05683990,Autoimmune Diseases
NCT05683990,Metabolic Diseases
NCT05683990,Immune System Diseases
NCT05439473,Diabetes Mellitus
NCT05439473,"Diabetes Mellitus, Type 2"
NCT05411965,"Diabetes Mellitus, Type 2"
NCT05411965,Diabetes Mellitus
NCT04501107,"Diabetes Mellitus, Type 1"
NCT06826339,Varicose Ulcer
NCT06826339,Diabetic Foot
NCT06826339,Foot Ulcer
NCT06826339,Leg Ulcer
NCT06826339,Ulcer
NCT06072573,Pain
NCT06072573,Somatoform Disorders
NCT06072573,Chronic Pain
NCT06072573,Diabetes Mellitus
NCT06072573,Diabetic Neuropathies
NCT06072573,Peripheral Nervous System Diseases
NCT06072573,Agnosia
NCT06072573,Marijuana Abuse
NCT06495424,Diabetic Neuropathies
NCT05640180,"Renal Insufficiency, Chronic"
NCT05640180,"Diabetes Mellitus, Type 2"
NCT05936151,Overweight
NCT05936151,Obesity
NCT05936151,"Diabetes Mellitus, Type 2"
NCT05007262,Diabetic Retinopathy
NCT05007262,Diabetes Mellitus
NCT05007262,Retinal Diseases
NCT05631431,Diabetes Mellitus
NCT05631431,"Diabetes Mellitus, Type 2"
NCT05297045,"Diabetes Mellitus, Type 2"
NCT03986073,"Diabetes Mellitus, Type 2"
NCT07209475,Diabetic Foot
NCT05254002,"Diabetes Mellitus, Type 2"
NCT05254002,"Renal Insufficiency, Chronic"
NCT04603937,Retinal Degeneration
NCT04603937,Retinal Diseases
NCT04603937,Eye Diseases
NCT04603937,Vision Disorders
NCT04603937,"Vision, Low"
NCT04603937,Diabetes Mellitus
NCT04603937,Diabetic Retinopathy
NCT04603937,Macular Edema
NCT06660173,"Diabetes Mellitus, Type 2"
NCT06660173,Obesity
NCT07554469,"Renal Insufficiency, Chronic"
NCT07554469,"Diabetes Mellitus, Type 2"
NCT05438251,Diabetic Foot
NCT04964921,Diabetes Mellitus
NCT05814406,"Diabetes Mellitus, Type 2"
NCT05814406,Diabetes Mellitus
NCT05259033,"Diabetes Mellitus, Type 2"
NCT04365400,Hypertriglyceridemia
NCT04365400,"Diabetes Mellitus, Type 2"
NCT06408311,"Diabetes Mellitus, Type 1"
NCT06408311,Diabetes Mellitus
NCT05603130,
NCT05882071,"Diabetes Mellitus, Type 2"
NCT06647888,"Diabetes Mellitus, Type 2"
NCT07668388,"Diabetes Mellitus, Type 2"
NCT05913193,Malnutrition
NCT05913193,Diabetes Mellitus
NCT05790681,"Diabetes Mellitus, Type 2"
NCT06534411,"Diabetes Mellitus, Type 2"
NCT07743450,Obesity
NCT07743450,Overweight
NCT07743450,"Diabetes Mellitus, Type 2"
NCT07754461,"Diabetes Mellitus, Type 2"
NCT06996886,"Diabetes Mellitus, Type 2"
NCT06996886,Obesity
NCT04556851,"Diabetes Mellitus, Type 2"
NCT05702073,"Diabetes Mellitus, Type 2"
NCT05221580,"Diabetes Mellitus, Type 2"
NCT04848480,"Diabetes Mellitus, Type 1"
NCT06422624,"Diabetes Mellitus, Type 2"
NCT05248776,"Diabetes Mellitus, Type 2"
NCT07024823,"Renal Insufficiency, Chronic"
NCT07024823,"Diabetes Mellitus, Type 2"
NCT07024823,Diabetic Nephropathies
NCT07083401,Diabetes Mellitus
NCT07581197,Diabetes Mellitus
NCT07581197,Hypoglycemia
NCT05925920,Obesity
NCT05925920,"Diabetes Mellitus, Type 2"
NCT05486065,"Diabetes Mellitus, Type 2"
NCT06767735,Diabetes Mellitus
NCT06767735,Insulin Resistance
NCT05363774,Diabetes Mellitus
NCT05952219,"Diabetes Mellitus, Type 2"
NCT05368623,Diabetes Mellitus
NCT05368623,Diabetic Retinopathy
NCT06634927,"Diabetes Mellitus, Type 2"
NCT07104383,Weight Loss
NCT07219602,Hyperlipidemias
NCT07219602,"Diabetes Mellitus, Type 2"
NCT07219602,Metabolic Syndrome
NCT07220759,Overweight
NCT07220759,Obesity
NCT07220759,"Diabetes Mellitus, Type 2"
NCT07505745,Prediabetic State
NCT07505745,Insulin Resistance
NCT07505745,Overweight
NCT07505745,Obesity
NCT07505745,Metabolic Syndrome
NCT06220773,Essential Hypertension
NCT06220773,"Diabetes Mellitus, Type 2"
NCT07076056,"Diabetes Mellitus, Type 2"
NCT04001231,"Diabetes Mellitus, Type 2"
NCT07048795,"Diabetes Mellitus, Type 1"
NCT04450394,"Diabetes Mellitus, Type 2"
NCT06972459,Obesity
NCT06972459,Overweight
NCT05046873,"Diabetes Mellitus, Type 2"
NCT05635266,Macular Degeneration
NCT05635266,Hypersensitivity
NCT05635266,red meat allergy
NCT05635266,Alzheimer Disease
NCT05635266,Amyloidosis
NCT05635266,"Spondylitis, Ankylosing"
NCT05635266,Arthritis
NCT05635266,Alopecia Areata
NCT05635266,Asthma
NCT05635266,"Dermatitis, Atopic"
NCT05635266,Autistic Disorder
NCT05635266,"Hepatitis, Autoimmune"
NCT05635266,Behcet Syndrome
NCT05635266,beta-Thalassemia
NCT05635266,Neoplasms
NCT05635266,Celiac Disease
NCT05635266,Kidney Diseases
NCT05635266,"Pulmonary Disease, Chronic Obstructive"
NCT05635266,Crohn Disease
NCT05635266,Cystic Fibrosis
NCT05635266,Diabetes Mellitus
NCT05635266,"Epilepsies, Myoclonic"
NCT05635266,Fibromyalgia
NCT05635266,Graves Disease
NCT05635266,Thyroid Diseases
NCT05635266,Hepatitis
NCT05635266,Hidradenitis Suppurativa
NCT05635266,Leukemia
NCT05635266,"Lupus Erythematosus, Systemic"
NCT05635266,Lymphoma
NCT05635266,Multiple Sclerosis
NCT05635266,Myasthenia Gravis
NCT05635266,Heart Diseases
NCT05635266,Parkinson Disease
NCT05635266,Pemphigus
NCT05635266,Fibrosis
NCT05635266,Psoriasis
NCT05635266,Schizophrenia
NCT05635266,"Scleroderma, Diffuse"
NCT05635266,"Anemia, Sickle Cell"
NCT05635266,Stroke
NCT05635266,"Colitis, Ulcerative"
NCT05635266,Vasculitis
NCT05635266,Vitiligo
NCT06111586,"Diabetes Mellitus, Type 1"
NCT06797869,"Diabetes Mellitus, Type 2"
NCT07415954,"Diabetes Mellitus, Type 2"
NCT04952779,"Diabetes Mellitus, Type 2"
NCT06152042,"Diabetes Mellitus, Type 1"
NCT06451757,Mitochondrial Diseases
NCT06451757,Noninsulin-dependent diabetes mellitus with deafness
NCT06451757,MELAS Syndrome
NCT06932601,Metabolic Syndrome
NCT06932601,Diabetes Mellitus
NCT06932601,Hypertension
NCT06932601,Obesity
NCT06932601,Chronic Disease
NCT07634770,"Diabetes Mellitus, Type 1"
NCT06411275,"Diabetes Mellitus, Type 2"
NCT07266766,"Diabetes Mellitus, Type 2"
NCT06086912,"Diabetes Mellitus, Type 2"
NCT06227819,Heart Failure
NCT06227819,Hypertension
NCT06227819,Hypercholesterolemia
NCT06227819,Anemia
NCT06227819,Diabetes Mellitus
NCT06227819,Thyroid Diseases
NCT06227819,Kidney Diseases
NCT06227819,Hemostatic Disorders
NCT06227819,Wounds and Injuries
NCT06227819,Disease
NCT05454709,"Diabetes Mellitus, Type 1"
NCT04869800,"Diabetes Mellitus, Type 2"
NCT06431477,Diabetic Nephropathies
NCT06431477,Hypertension
NCT05031871,"Diabetes Mellitus, Type 2"
NCT05533632,"Diabetes Mellitus, Type 2"
NCT04497805,Diabetic Foot
NCT07044765,
NCT06066528,Obesity
NCT06066528,"Diabetes Mellitus, Type 2"
NCT05747664,"Diabetes Mellitus, Type 2"
NCT05468632,"Diabetes Mellitus, Type 2"
NCT05028140,"Diabetes Mellitus, Type 2"
NCT06065540,"Diabetes Mellitus, Type 2"
NCT07552389,Hypertension
NCT07552389,"Diabetes Mellitus, Type 2"
NCT06989190,"Diabetes Mellitus, Type 1"
NCT06879132,"Diabetes Mellitus, Type 2"
NCT05002933,"Diabetes Mellitus, Type 2"
NCT04663282,"Diabetes Mellitus, Type 2"
NCT04431141,"Diabetes Mellitus, Type 2"
NCT05048719,"Diabetes Mellitus, Type 2"
NCT05552339,"Diabetes Mellitus, Type 2"
NCT05552339,"Renal Insufficiency, Chronic"
NCT06268145,"Diabetes Mellitus, Type 2"
NCT05659537,"Diabetes Mellitus, Type 2"
NCT03987802,"Diabetes Mellitus, Type 1"
NCT03987802,"Diabetes Mellitus, Type 2"
NCT05099770,"Diabetes Mellitus, Type 2"
NCT05099770,"Renal Insufficiency, Chronic"
NCT04305054,Melanoma
NCT04305054,"Parkinson Disease 4, Autosomal Dominant Lewy Body"
NCT04305054,"Diabetes Mellitus, Insulin-Dependent, 12"
NCT07034781,
NCT04976283,"Diabetes Mellitus, Type 2"
NCT04976283,Non-alcoholic Fatty Liver Disease
NCT05378672,Hypoglycemia
NCT05378672,"Diabetes Mellitus, Type 1"
NCT05378672,Diabetes Mellitus
NCT05327595,"Diabetes Mellitus, Type 2"
NCT04768673,"Diabetes Mellitus, Type 2"
NCT06989216,Skin Neoplasms
NCT06989216,Skin Diseases
NCT06989216,"Dermatitis, Atopic"
NCT06989216,Psoriasis
NCT06989216,Raynaud Disease
NCT06989216,Diabetic Foot
NCT06989216,Peripheral Arterial Disease
NCT07160816,"Diabetes Mellitus, Type 1"
NCT06334133,"Diabetes Mellitus, Type 1"
NCT05275400,"Diabetes Mellitus, Type 2"
NCT06517784,"Diabetes Mellitus, Type 2"
NCT05433584,"Diabetes Mellitus, Type 2"
NCT05433584,Diabetes Mellitus
NCT07527078,"Diabetes Mellitus, Type 2"
NCT04605991,"Diabetes Mellitus, Type 2"
NCT05536804,Overweight
NCT05536804,Obesity
NCT05536804,"Renal Insufficiency, Chronic"
NCT05536804,"Diabetes Mellitus, Type 2"
NCT06327815,"Diabetes Mellitus, Type 2"
NCT07662213,"Diabetes Mellitus, Type 2"
NCT06715462,Diabetes Mellitus
NCT06715462,"Diabetes Mellitus, Type 1"
NCT06715462,"Diabetes Mellitus, Type 2"
NCT06715462,Pain
NCT06715462,Peripheral Nervous System Diseases
NCT06715462,Neuritis
NCT07260110,"Diabetes Mellitus, Type 1"
NCT04943692,"Diabetes Mellitus, Type 2"
NCT04943692,Diabetes Mellitus
NCT05359432,"Diabetes Mellitus, Type 2"
NCT05662332,"Diabetes Mellitus, Type 2"
NCT05372809,Diabetic Foot
NCT06846567,Diabetic Neuropathies
NCT06846567,Diabetes Mellitus
NCT04855292,Diabetes Mellitus
NCT06695598,"Diabetes Mellitus, Type 2"
NCT06427083,"Diabetes Mellitus, Type 2"
NCT06439056,"Diabetes Mellitus, Type 2"
NCT07187713,Hypertensive Nephropathy
NCT07187713,"Renal Insufficiency, Chronic"
NCT07187713,Diabetic Nephropathies
NCT07187713,Kidney Diseases
NCT05267626,Neoplasm Metastasis
NCT05267626,Melanoma
NCT05267626,"Carcinoma, Non-Small-Cell Lung"
NCT05267626,"Diabetes Mellitus, Insulin-Dependent, 10"
NCT05267626,Squamous Cell Carcinoma of Head and Neck
NCT05267626,Stomach Neoplasms
NCT05267626,Urinary Bladder Neoplasms
NCT05267626,"Carcinoma, Merkel Cell"
NCT05267626,"Carcinoma, Renal Cell"
NCT07599410,
NCT05651724,Liver Cirrhosis
NCT05651724,Fatty Liver
NCT05651724,"Diabetes Mellitus, Type 2"
NCT05651724,Obesity
NCT05651724,Metabolic Syndrome
NCT05651724,Hypertension
NCT06191614,
NCT07662135,"Diabetes Mellitus, Type 2"
NCT05595681,Diabetic Foot
NCT06003530,Diabetic Foot
NCT06548100,"Lipodystrophy, Congenital Generalized"
NCT06548100,"Obesity, Morbid"
NCT06548100,Diabetes Mellitus
NCT06548100,Hypertriglyceridemia
NCT06548100,"Lipodystrophy, Familial Partial"
NCT06548100,Insulin Resistance
NCT05492630,Diabetic Nephropathies
NCT05177107,Osteomyelitis
NCT05177107,Diabetes Mellitus
NCT04345107,"Diabetes Mellitus, Type 2"
NCT07057271,
NCT05448820,Sarcoma
NCT05448820,"Diabetes Mellitus, Insulin-Dependent, 12"
NCT05448820,Chondrosarcoma
NCT06554054,"Diabetes Mellitus, Type 2"
NCT06339086,"Diabetes Mellitus, Type 2"
NCT07540754,Diabetes Mellitus
NCT07540754,Weight Loss
NCT06649773,"Diabetes Mellitus, Type 2"
NCT06340854,"Diabetes Mellitus, Type 2"
NCT04326166,"Diabetes Mellitus, Type 2"
NCT06890286,"Diabetes Mellitus, Type 2"
NCT06137469,"Diabetes Mellitus, Type 2"
NCT06006689,Diabetic Nephropathies
NCT05951946,Diabetes Mellitus
NCT05680155,"Diabetes Mellitus, Type 2"
NCT07399678,Overweight
NCT07399678,Obesity
NCT07399678,"Diabetes Mellitus, Type 2"
NCT07399678,Weight Loss
NCT06704022,"Diabetes Mellitus, Type 2"
NCT06919354,"Diabetes Mellitus, Type 1"
NCT05943886,Obesity
NCT05943886,"Diabetes Mellitus, Type 2"
NCT05054842,"Diabetes Mellitus, Type 2"
NCT05719961,Diabetes Mellitus
NCT04295005,"Diabetes Mellitus, Type 2"
NCT04503551,Diabetic Retinopathy
NCT04503551,Vision Disorders
NCT04503551,Retinal Diseases
NCT04503551,Eye Diseases
NCT07187531,"Diabetes Mellitus, Type 1"
NCT04889157,"Diabetes Mellitus, Type 2"
NCT05694169,Diabetic Nephropathies
NCT05694169,Cakut
NCT05694169,"Renal Insufficiency, Chronic"
NCT04854512,"Diabetes Mellitus, Type 2"
NCT04233801,"Diabetes Mellitus, Type 2"
NCT06074601,"Obstetric Labor, Premature"
NCT06074601,Premature Birth
NCT06074601,Preterm Premature Rupture of the Membranes
NCT06074601,Pre-Eclampsia
NCT06074601,"Hypertension, Pregnancy-Induced"
NCT06074601,Fetal Growth Retardation
NCT06611930,"Diabetes Mellitus, Type 2"
NCT06611930,Obesity
NCT06611930,Overweight
NCT05409924,"Diabetes Mellitus, Type 2"
NCT05705271,"Renal Insufficiency, Chronic"
NCT05705271,"Diabetes Mellitus, Type 2"
NCT05169034,"Diabetes Mellitus, Type 1"
NCT05169034,"Diabetes Mellitus, Type 2"
NCT04790006,"Diabetes Mellitus, Type 2"
NCT07630233,"Diabetes Mellitus, Type 2"
NCT06603571,Obesity
NCT06603571,Overweight
NCT06603571,"Diabetes Mellitus, Type 2"
NCT04450407,"Diabetes Mellitus, Type 1"
NCT05260021,Diabetes Mellitus
NCT05260021,"Diabetes Mellitus, Type 2"
NCT05260021,Glucose Metabolism Disorders
NCT05260021,Endocrine System Diseases
NCT05260021,Metabolic Diseases
NCT06402565,Diabetic Foot
NCT05857319,Overweight
NCT05857319,Obesity
NCT05857319,Cardiovascular Diseases
NCT05857319,Metabolic Diseases
NCT05857319,"Diabetes Mellitus, Type 2"
NCT05857319,"Sleep Apnea, Obstructive"
NCT05857319,Non-alcoholic Fatty Liver Disease
NCT05294536,"Diabetes Mellitus, Type 2"
NCT05296044,"Diabetes Mellitus, Type 2"
NCT05822544,Obesity
NCT05822544,"Diabetes Mellitus, Type 2"
NCT05762471,Overweight
NCT05762471,Obesity
NCT05731544,"Diabetes Mellitus, Type 2"
NCT05731544,Diabetes Mellitus
NCT06703268,"Diabetes Mellitus, Type 2"
NCT06562296,Diabetic Foot
NCT06562296,Varicose Ulcer
NCT06562296,Ulcer
NCT05227196,"Diabetes Mellitus, Type 2"
NCT04564742,Heart Failure
NCT04564742,Myocardial Infarction
NCT05816759,"Diabetes Mellitus, Type 2"
NCT05417880,Diabetes Mellitus
NCT05813496,Diabetic Neuropathies
NCT06578676,"Diabetes Mellitus, Type 2"
NCT06578676,Dyslipidemias
NCT05318326,"Diabetes Mellitus, Type 2"
NCT06879158,"Diabetes Mellitus, Type 2"
NCT05644717,Fatty Liver
NCT05644717,Liver Cirrhosis
NCT05644717,Body Weight Changes
NCT05497674,"Diabetes Mellitus, Type 2"
NCT07039890,"Diabetes Mellitus, Type 2"
NCT04106050,Diabetic Neuropathies
NCT04770532,"Diabetes Mellitus, Type 2"
NCT07304687,"Diabetes Mellitus, Type 2"
NCT06560333,"Diabetes Mellitus, Type 2"
NCT07564414,Obesity
NCT07564414,"Diabetes Mellitus, Type 2"
NCT07676214,Diabetes Mellitus
NCT07676214,Hypertension
NCT07676214,Obesity
NCT04564846,"Diabetes Mellitus, Type 2"
NCT05065879,
NCT06354660,"Diabetes Mellitus, Type 2"
NCT06354660,Glucose Metabolism Disorders
NCT06354660,Metabolic Diseases
NCT06354660,Endocrine System Diseases
NCT07266779,"Diabetes Mellitus, Type 2"
NCT04556760,"Diabetes Mellitus, Type 2"
NCT07032688,"Diabetes Mellitus, Type 2"
NCT06279234,"Diabetes Mellitus, Type 2"
NCT06279234,Obesity
NCT06351748,"Diabetes Mellitus, Type 2"
NCT06270836,Diabetic Retinopathy
NCT06270836,Retinal Degeneration
NCT06270836,Retinal Diseases
NCT06270836,Eye Diseases
NCT06270836,Vision Disorders
NCT06701721,Diabetic Retinopathy
NCT05162014,"Diabetes Mellitus, Type 2"
NCT04965506,"Diabetes Mellitus, Type 2"
NCT05018416,"Renal Insufficiency, Chronic"
NCT05018416,"Diabetes Mellitus, Type 1"
NCT05018416,"Diabetes Mellitus, Type 2"
NCT07382778,Hypercholesterolemia
NCT07382778,Diabetes Mellitus
NCT07590466,"Diabetes Mellitus, Type 2"
NCT07590466,Hypertension
NCT05035082,"Diabetes Mellitus, Type 2"
NCT06716424,"Diabetes Mellitus, Type 2"
NCT04641273,Neuralgia
NCT04641273,Diabetic Neuropathies
NCT04262661,"Diabetes Mellitus, Type 2"
NCT04982705,"Diabetes Mellitus, Type 2"
NCT04208620,"Diabetes Mellitus, Type 2"
NCT04208620,Diabetes Mellitus
NCT04251156,Overweight
NCT04251156,Obesity
NCT04251156,"Diabetes Mellitus, Type 2"
NCT04270942,"Diabetes Mellitus, Type 1"
NCT05407961,"Diabetes Mellitus, Type 2"
NCT04618744,"Diabetes Mellitus, Type 2"
NCT04618744,Non-alcoholic Fatty Liver Disease
NCT05063734,Diabetes Mellitus
NCT05063734,Diabetic Retinopathy
NCT04373967,"Diabetes Mellitus, Type 2"
NCT07578584,"Diabetes Mellitus, Type 1"
NCT07578584,Overweight
NCT07578584,Obesity
NCT07492992,"Diabetes Mellitus, Type 1"
NCT07070752,
NCT07497815,Macular Degeneration
NCT07497815,Diabetic Retinopathy
NCT07497815,Glaucoma
NCT07497815,Keratoconus
NCT07497815,Cataract
NCT07650682,"Diabetes Mellitus, Type 2"
NCT07650682,"Diabetes Mellitus, Type 1"
NCT03862690,"Diabetes Mellitus, Type 2"
NCT07375160,Diabetic Foot
NCT07375160,Varicose Ulcer
NCT07375160,Pressure Ulcer
NCT06256549,"Diabetes Mellitus, Type 2"
NCT04260438,"Diabetes Mellitus, Type 2"
NCT06851858,"Diabetes Mellitus, Type 2"
NCT06851858,Obesity
NCT05950516,"Diabetes Mellitus, Type 2"
NCT07396376,Diabetic Foot
NCT05184868,"Diabetes Mellitus, Type 1"
NCT05514535,"Diabetes Mellitus, Type 2"
NCT05514535,Obesity
NCT07539415,Obesity
NCT07539415,Overweight
NCT07539415,"Diabetes Mellitus, Type 2"
NCT03646916,Diabetes Mellitus
NCT07442006,"Diabetes Mellitus, Type 2"
NCT06972472,Obesity
NCT06972472,Overweight
NCT06972472,"Diabetes Mellitus, Type 2"
NCT05063253,"Diabetes Mellitus, Type 2"
NCT04857957,Diabetic Neuropathies
NCT04226105,"Diabetes Mellitus, Type 2"
NCT04226105,Diabetes Mellitus
NCT04050553,"Diabetes Mellitus, Type 2"
NCT04050553,Hypoglycemia
NCT06188234,"Diabetes Mellitus, Type 2"
NCT07684144,Obesity
NCT07684144,Overweight
NCT07684144,"Diabetes Mellitus, Type 2"
NCT06051565,Diabetes Mellitus
NCT05870670,"Diabetes Mellitus, Type 2"
NCT07158346,"Diabetes Mellitus, Type 2"
NCT05930210,Diabetic Foot
NCT05930210,Foot Ulcer
NCT05930210,Diabetes Mellitus
NCT05930210,Wounds and Injuries
NCT05872269,Non-alcoholic Fatty Liver Disease
NCT05872269,Obesity
NCT05872269,"Diabetes Mellitus, Type 2"
NCT05872269,Dyslipidemias
NCT05872269,Metabolic Syndrome
NCT07340320,"Diabetes Mellitus, Type 2"
NCT07340320,Hypoglycemia
NCT05485961,"Kidney Failure, Chronic"
NCT05485961,Myocardial Infarction
NCT05485961,Atherosclerosis
NCT05485961,Coronary Artery Disease
NCT05485961,Peripheral Arterial Disease
NCT05485961,Diabetes Mellitus
NCT05427682,"Diabetes Mellitus, Type 2"
NCT06982846,"Diabetes Mellitus, Type 2"
NCT05067270,"Diabetes Mellitus, Type 1"
NCT04187443,Macular Edema
NCT04187443,Diabetic Retinopathy
NCT06708091,"Diabetes Mellitus, Type 2"
NCT05276401,Diabetic Foot
NCT05276401,Metabolic Diseases
NCT05276401,Skin Ulcer
NCT05276401,Diabetic Angiopathies
NCT05276401,Foot Ulcer
NCT05276401,Diabetic Neuropathies
NCT05276401,Cardiovascular Diseases
NCT05276401,Glucose Metabolism Disorders
NCT05276401,Diabetes Mellitus
NCT05276401,Endocrine System Diseases
NCT05276401,Skin Diseases
NCT05276401,Diabetes Complications
NCT05276401,Vascular Diseases
NCT05276401,Leg Ulcer
NCT06791291,"Diabetes Mellitus, Type 1"
NCT06542874,"Diabetes Mellitus, Type 2"
NCT05478525,"Diabetes Mellitus, Type 2"
NCT05699408,"Diabetes Mellitus, Type 2"
NCT05833958,"Diabetes Mellitus, Type 2"
NCT04626089,Metabolic Syndrome
NCT04626089,"Diabetes Mellitus, Type 2"
NCT04626089,Severe Acute Respiratory Syndrome
NCT06929156,"Diabetes Mellitus, Type 2"
NCT06929156,Overweight
NCT06929156,Obesity
NCT06897475,"Diabetes Mellitus, Type 2"
NCT06897475,Obesity
NCT06897475,Overweight
NCT06101901,Diabetic Nephropathies
NCT06739707,
NCT05219812,Diabetes Mellitus
NCT05219812,Neuralgia
NCT07653477,"Diabetes Mellitus, Type 2"
NCT04373265,Adrenocortical Carcinoma
NCT04373265,Adrenal Cortex Neoplasms
NCT04373265,Hypertension
NCT04373265,Hyperglycemia
NCT04373265,"Diabetes Mellitus, Type 2"
NCT04373265,Glucose Intolerance
NCT04373265,Cushing Syndrome
NCT04373265,"ACTH Syndrome, Ectopic"
NCT04373265,Adrenocortical Hyperfunction
NCT04373265,Adrenal Gland Diseases
NCT04373265,Endocrine System Diseases
NCT04373265,Pathologic Processes
NCT05743907,Diabetes Mellitus
NCT06181227,Diabetic Retinopathy
NCT06109311,"Diabetes Mellitus, Type 2"
NCT06269107,"Diabetes Mellitus, Type 2"
NCT05642377,"Diabetes Mellitus, Type 2"
NCT06495281,"Diabetes Mellitus, Type 2"
NCT07284875,Obesity
NCT07284875,Overweight
NCT06823856,"Diabetes Mellitus, Type 2"
NCT06823856,Diabetes Mellitus
NCT06988553,Obesity
NCT06988553,Overweight
NCT06988553,"Diabetes Mellitus, Type 2"
NCT04465877,"Diabetes Mellitus, Type 2"
NCT04465877,Diabetes Mellitus
NCT04864977,"Diabetes Mellitus, Type 2"
NCT05886088,"Diabetes Mellitus, Type 2"
NCT06739122,"Diabetes Mellitus, Type 2"
NCT05787873,Diabetes Mellitus
NCT07064525,Hypertension
NCT07064525,Diabetes Mellitus
NCT04597697,"Diabetes Mellitus, Type 2"
NCT05036850,Kidney Diseases
NCT05036850,"Renal Insufficiency, Chronic"
NCT05036850,Diabetic Nephropathies
NCT05036850,Hypertensive Nephropathy
NCT05036850,Glomerulonephritis
NCT05036850,"Glomerulosclerosis, Focal Segmental"
NCT05036850,"Glomerulonephritis, Membranous"
NCT05036850,"Nephrosis, Lipoid"
NCT05036850,"Glomerulonephritis, IGA"
NCT04809220,Diabetes Mellitus
NCT04809220,"Diabetes Mellitus, Type 2"
NCT04809220,Glucose Metabolism Disorders
NCT04809220,Metabolic Diseases
NCT04809220,Endocrine System Diseases
NCT07667803,
NCT06716203,"Diabetes Mellitus, Type 2"
NCT04522323,"Carcinoma, Renal Cell"
NCT04522323,"Diabetes Mellitus, Insulin-Dependent, 12"
NCT04868708,Recurrence
NCT04868708,Uterine Cervical Neoplasms
NCT04868708,"Diabetes Mellitus, Insulin-Dependent, 12"
NCT05502562,"Diabetes Mellitus, Type 2"
NCT06150924,"Renal Insufficiency, Chronic"
NCT06150924,Albuminuria
NCT06150924,Hypertension
NCT06150924,Proteinuria
NCT06150924,Diabetic Nephropathies
NCT07242469,"Diabetes Mellitus, Type 2"
NCT07031141,Diabetes Mellitus
NCT06269120,"Diabetes Mellitus, Type 2"
NCT06552182,Diabetes Mellitus
NCT06361108,Diabetes Mellitus
NCT04606576,"Diabetes Mellitus, Type 2"
NCT05576298,"Diabetes Mellitus, Type 2"
NCT04445714,"Diabetes Mellitus, Type 2"
NCT06258304,"Diabetes Mellitus, Insulin-Dependent, 12"
NCT07060456,"Diabetes Mellitus, Type 2"
NCT06706609,Diabetes Mellitus
NCT06706609,"Diabetes Mellitus, Type 2"
NCT06706609,"Diabetes Mellitus, Type 1"
NCT07089784,"Diabetes Mellitus, Type 2"
NCT06982859,Diabetes Mellitus
NCT06982859,Insulin Resistance
NCT07444424,"Diabetes Mellitus, Type 2"
NCT07444424,Obesity
NCT07165223,Diabetes Mellitus
NCT07088497,Diabetes Mellitus
NCT06727838,Diabetes Mellitus
NCT04807348,"Diabetes Mellitus, Type 2"
NCT04498156,"Renal Insufficiency, Chronic"
NCT04498156,"Diabetes Mellitus, Type 2"
NCT05403853,Diabetes Mellitus
NCT05881837,Overweight
NCT05881837,Obesity
NCT05437848,Diabetes Mellitus
NCT05437848,"Diabetes Mellitus, Type 2"
NCT05437848,Obesity
NCT05437848,Overweight
NCT07364630,Diabetic Foot
NCT07364630,Foot Ulcer
NCT07364630,Varicose Ulcer
NCT07364630,Leg Ulcer
NCT07364630,Ulcer
NCT04569409,Diabetic Foot
NCT05348733,"Renal Insufficiency, Chronic"
NCT05348733,"Diabetes Mellitus, Type 2"
NCT07308678,Varicose Ulcer
NCT07308678,Diabetic Foot
NCT07093476,"Diabetes Mellitus, Type 2"
NCT04878393,"Diabetes Mellitus, Type 2"
NCT04614038,Diabetic Foot
NCT04614038,Varicose Ulcer
NCT04614038,Pressure Ulcer
NCT04614038,Wounds and Injuries
NCT07590193,"Diabetes Mellitus, Type 2"
NCT05428943,"Diabetes Mellitus, Type 1"
NCT07139535,
NCT07724340,Obesity
NCT07724340,"Diabetes Mellitus, Type 2"
NCT06517797,Obesity
NCT06517797,Diabetes Mellitus
NCT07387003,"Diabetes Mellitus, Type 2"
NCT05151770,"Diabetes Mellitus, Type 1"
NCT05151770,Hyperglycemia
NCT04865770,"Diabetes Mellitus, Type 2"
NCT04865770,"Renal Insufficiency, Chronic"
NCT05586542,Diabetic Foot
NCT05586542,Diabetes Mellitus
NCT05586542,Bronchiolitis Obliterans Syndrome
NCT04575181,"Diabetes Mellitus, Type 2"
NCT06589765,"Diabetes Mellitus, Type 2"
NCT07172867,"Diabetes Mellitus, Type 2"
NCT07172867,Obesity
NCT07492563,Obesity
NCT07492563,"Diabetes Mellitus, Type 2"
NCT04634500,"Diabetes Mellitus, Type 2"
NCT07433192,"Diabetes Mellitus, Type 2"
NCT06466135,Diabetic Nephropathies
NCT06466135,"Nephrosis, Lipoid"
NCT06466135,"Glomerulonephritis, IGA"
NCT05199350,Diabetes Mellitus
NCT04880291,Kidney Diseases
NCT04880291,Diabetic Nephropathies
NCT04880291,Diabetes Complications
NCT04880291,Diabetes Mellitus
NCT04880291,Endocrine System Diseases
NCT07659574,"Diabetes Mellitus, Type 2"
NCT07456826,Macular Degeneration
NCT07456826,Retinal Vein Occlusion
NCT07456826,Diabetic Retinopathy
NCT04482283,
NCT05104437,
NCT06547502,Diabetes Mellitus
NCT04817228,Varicose Ulcer
NCT04817228,Diabetic Foot
NCT05901831,"Renal Insufficiency, Chronic"
NCT05901831,"Diabetes Mellitus, Type 1"
NCT06600412,Diabetic Nephropathies
NCT07054125,
NCT07400588,Obesity
NCT07400588,Weight Loss
NCT06723691,"Diabetes Mellitus, Type 2"
NCT05461274,Diabetic Neuropathies
NCT04246190,
NCT04469270,Diabetic Neuropathies
NCT06057454,"Diabetes Mellitus, Type 1"
NCT03766750,
NCT05479591,"Diabetes Mellitus, Type 2"
NCT03567824,
NCT05921461,Peripheral Arterial Disease
NCT05921461,Diabetes Mellitus
NCT03867851,"Diabetes Mellitus, Type 1"
NCT06321302,Diabetic Retinopathy
NCT07321886,Obesity
NCT07321886,Overweight
NCT07046273,"Diabetes Mellitus, Type 2"
NCT05516966,"Diabetes Mellitus, Type 2"
NCT04507347,
NCT07351058,Obesity
NCT07351058,Overweight
NCT07351058,"Diabetes Mellitus, Type 2"
NCT07457580,"Diabetes Mellitus, Type 1"
NCT06649162,"Diabetes Mellitus, Type 2"
NCT06709040,"Dwarfism, Pituitary"
NCT06709040,Neoplasms
NCT06709040,"Diabetes Mellitus, Type 2"
NCT07163624,"Diabetes Mellitus, Type 2"
NCT07502508,"Diabetes Mellitus, Type 2"
NCT06289920,"Diabetes Mellitus, Type 2"
NCT07533539,"Diabetes Mellitus, Type 2"
NCT07146347,"Diabetes Mellitus, Type 2"
NCT07481747,Obesity
NCT07481747,Overweight
NCT07282613,"Diabetes Mellitus, Type 2"
NCT07357740,"Diabetes Mellitus, Type 2"
NCT06037252,"Diabetes Mellitus, Type 2"
NCT06037252,Obesity
NCT06037252,Diabetes Mellitus
NCT06037252,Glucose Metabolism Disorders
NCT06037252,Metabolic Diseases
NCT06037252,Endocrine System Diseases
NCT06037252,Overnutrition
NCT06037252,Nutrition Disorders
NCT06037252,Body Weight
NCT06974487,"Diabetes Mellitus, Type 2"
NCT06231771,Diabetic Foot
NCT07619833,"Diabetes Mellitus, Type 2"
NCT04959799,Diabetes Mellitus
NCT04959799,Infections
NCT04276207,"Diabetes Mellitus, Type 1"
NCT04586907,"Diabetes Mellitus, Type 2"
NCT06892002,"Diabetes Mellitus, Type 1"
NCT06892002,Disease Progression
NCT05608187,Diabetic Foot
NCT06670209,"Diabetes Mellitus, Type 2"
NCT05373199,"Diabetes Mellitus, Type 1"
NCT04801199,
NCT07421921,"Diabetes Mellitus, Type 2"
NCT07421921,Diabetes Mellitus
NCT07421921,Glucose Intolerance
NCT06035406,Diabetes Mellitus
NCT05897216,"Diabetes Mellitus, Type 2"
NCT05504226,"Diabetes Mellitus, Type 2"
NCT05189938,Diabetes Mellitus
NCT04972539,"Diabetes Mellitus, Type 2"
NCT06071975,Pain
NCT06071975,Somatoform Disorders
NCT06071975,Chronic Pain
NCT06071975,Diabetes Mellitus
NCT06071975,Diabetic Neuropathies
NCT06071975,Peripheral Nervous System Diseases
NCT06071975,Agnosia
NCT06071975,Marijuana Abuse
NCT07326553,Diabetes Mellitus
NCT06973681,Overweight
NCT06973681,Obesity
NCT07223281,Diabetic Foot
NCT07223281,Pressure Ulcer
NCT06579105,"Diabetes Mellitus, Type 2"
NCT04469595,Diabetic Retinopathy
NCT06272695,"Diabetes Mellitus, Type 1"
NCT04560998,"Diabetes Mellitus, Type 2"
NCT04560998,Peripheral Arterial Disease
NCT07229534,Diabetes Mellitus
NCT05266404,
NCT06104358,"Diabetes Mellitus, Type 2"
NCT06104358,Obesity
NCT06258148,"Diabetes Mellitus, Type 2"
NCT05130463,"Diabetes Mellitus, Type 2"
NCT07098663,"Diabetes Mellitus, Type 2"
NCT07098663,Obesity
NCT07192263,Obesity
NCT07192263,Overweight
NCT04477707,Diabetic Retinopathy
NCT06652971,"Diabetes Mellitus, Type 2"
NCT05751928,Melanoma
NCT05751928,"Diabetes Mellitus, Insulin-Dependent, 12"
NCT04973111,Diabetes Mellitus
NCT04973111,"Diabetes Mellitus, Type 2"
NCT04973111,Overweight
NCT04973111,Metabolic Diseases
NCT04973111,Body Weight
NCT07548957,"Diabetes Mellitus, Type 2"
NCT06945419,Overweight
NCT06945419,Obesity
NCT06945419,"Diabetes Mellitus, Type 2"
NCT06945419,Weight Loss
NCT06945419,Diabetes Mellitus
NCT05144984,"Diabetes Mellitus, Type 2"
NCT07565506,Diabetic Foot
NCT07565506,Infections
NCT05198284,Diabetic Nephropathies
NCT05198284,"Renal Insufficiency, Chronic"
NCT05104333,
NCT06783309,"Diabetes Mellitus, Type 1"
NCT06783309,Diabetes Mellitus
NCT04598893,"Diabetes Mellitus, Type 1"
NCT07394114,"Diabetes Mellitus, Type 2"
NCT04527107,Diabetes Mellitus
NCT04527107,Diabetic Retinopathy
NCT07349381,Obesity
NCT07349381,Overweight
NCT07349381,"Diabetes Mellitus, Type 2"
NCT05581966,Diabetes Mellitus
NCT05581966,Diabetic Foot
NCT06567041,"Diabetes Mellitus, Type 2"
NCT06567041,Obesity
NCT07664553,"Diabetes Mellitus, Type 2"
NCT05430139,Diabetes Mellitus
NCT05430139,Thyroid Diseases
NCT06507475,"Diabetes Mellitus, Type 2"
NCT07223892,Diabetic Foot
NCT07223892,Pressure Ulcer
NCT07223892,Burns
NCT07223892,Surgical Wound
NCT05794581,"Diabetes Mellitus, Type 1"
NCT05794581,Obesity
NCT05794581,Overweight
NCT07662044,"Diabetes Mellitus, Type 2"
NCT05814393,"Diabetes Mellitus, Type 2"
NCT07296484,"Diabetes Mellitus, Type 2"
NCT07296484,"ACTH Syndrome, Ectopic"
NCT07296484,Cushing Syndrome
NCT05184322,Obesity
NCT05184322,"Diabetes Mellitus, Type 2"
NCT06636877,Essential Hypertension
NCT06636877,"Diabetes Mellitus, Type 2"
NCT07533175,Diabetes Mellitus
NCT07533175,Overweight
NCT07533175,Obesity
NCT05480657,"Diabetes Mellitus, Type 1"
NCT05480657,Diabetes Mellitus
NCT05480657,Endocrine System Diseases
NCT05480657,Metabolic Diseases
NCT05480657,Immune System Diseases
NCT05480657,Autoimmune Diseases
NCT05480657,Hypoglycemia
NCT05480657,Hyperglycemia
NCT05887895,Diabetes Mellitus
NCT06375031,Diabetes Mellitus
NCT07112339,"Diabetes Mellitus, Type 2"
NCT04564872,"Diabetes Mellitus, Type 2"
NCT04218734,"Diabetes Mellitus, Type 2"
NCT04255433,"Diabetes Mellitus, Type 2"
NCT04255433,Diabetes Mellitus
NCT04255433,Glucose Metabolism Disorders
NCT04255433,Metabolic Diseases
NCT04255433,Endocrine System Diseases
NCT06415214,Diabetic Nephropathies
NCT06415214,"Diabetes Mellitus, Type 2"
NCT04611152,Retinal Degeneration
NCT04611152,Retinal Diseases
NCT04611152,Eye Diseases
NCT04611152,Vision Disorders
NCT04611152,"Vision, Low"
NCT04611152,Diabetes Mellitus
NCT04611152,Diabetic Retinopathy
NCT04611152,Macular Edema
NCT04754334,"Diabetes Mellitus, Type 2"
NCT07595549,Obesity
NCT07595549,Overweight
NCT07595549,Overnutrition
NCT07595549,Nutrition Disorders
NCT07595549,"Diabetes Mellitus, Type 2"
NCT07595549,Body Weight
NCT07595549,Diabetes Mellitus
NCT07595549,Glucose Metabolism Disorders
NCT07595549,Endocrine System Diseases
NCT07595549,Nutritional and Metabolic Diseases
NCT07595549,Signs and Symptoms
NCT07595549,"Pathological Conditions, Signs and Symptoms"
NCT07595549,Metabolic Diseases
NCT06901648,"Diabetes Mellitus, Type 2"
NCT05374343,"Diabetes Mellitus, Type 2"
NCT05478252,"Diabetes Mellitus, Type 2"
NCT06777238,"Diabetes Mellitus, Type 2"
NCT05823948,"Diabetes Mellitus, Type 2"
NCT05565248,Diabetes Mellitus
NCT05565248,"Diabetes Mellitus, Type 1"
NCT05565248,Glucose Metabolism Disorders
NCT05565248,Metabolic Diseases
NCT05565248,Endocrine System Diseases
NCT05565248,Autoimmune Diseases
NCT05565248,Immune System Diseases
NCT06548997,"Diabetes Mellitus, Type 2"
NCT06548997,Overweight
NCT06548997,Obesity
NCT07705555,Diabetic Retinopathy
NCT07705555,Macular Edema
NCT05483140,Body Weight Changes
NCT05483140,"Diabetes Mellitus, Type 2"
NCT04567550,Diabetic Retinopathy
NCT05086549,Diabetic Nephropathies
NCT05086549,Proteinuria
NCT05086549,Essential Hypertension
NCT05330208,Diabetes Mellitus
NCT06010004,"Diabetes Mellitus, Type 2"
NCT05542420,"Diabetes Mellitus, Type 2"
NCT04841096,"Diabetes Mellitus, Type 2"
NCT06628362,Overweight
NCT06628362,Obesity
NCT06628362,"Diabetes Mellitus, Type 2"
NCT06226727,"Diabetes Mellitus, Type 2"
NCT06226727,Essential Hypertension
NCT06202079,"Diabetes Mellitus, Type 2"
NCT07064473,"Diabetes Mellitus, Type 2"
NCT07064473,Hypertension
NCT07064473,Cardiovascular Diseases
NCT04684420,Diabetes Mellitus
NCT06502990,"Lipodystrophy, Congenital Generalized"
NCT06812988,"Diabetes Mellitus, Type 1"
NCT05286853,"Diabetes Mellitus, Type 2"
NCT05286853,"Renal Insufficiency, Chronic"
NCT04534439,Diabetic Nephropathies
NCT04534439,"Diabetes Mellitus, Type 2"
NCT04698018,"Diabetes Mellitus, Type 1"
NCT04698018,"Diabetes Mellitus, Type 2"
NCT04011020,"Diabetes Mellitus, Type 1"
NCT04670666,"Diabetes Mellitus, Type 2"
NCT04862923,"Diabetes Mellitus, Type 2"
NCT05963022,"Diabetes Mellitus, Type 2"
NCT05272059,"Diabetes Mellitus, Type 1"
NCT06999486,"Diabetes Mellitus, Type 1"
NCT07279194,Obesity
NCT07279194,Overweight
NCT05929066,Obesity
NCT05929066,Overweight
NCT05929066,"Osteoarthritis, Knee"
NCT05929066,"Sleep Apnea, Obstructive"
NCT06999551,Diabetes Mellitus
NCT06495931,"Diabetes Mellitus, Type 2"
NCT04905459,Diabetic Retinopathy
NCT07538466,Diabetes Mellitus
NCT04838405,Diabetes Mellitus
NCT06708637,Macular Degeneration
NCT06708637,Diabetic Retinopathy
NCT05108350,"Diabetes Mellitus, Type 2"
NCT04810676,
NCT04315688,"Diabetes Mellitus, Type 2"
NCT05118061,Diabetes Mellitus
NCT05118061,Diabetic Ketoacidosis
NCT05118061,Ketosis
NCT07487103,"Diabetes Mellitus, Type 2"
NCT06832410,"Diabetes Mellitus, Type 1"
NCT04537624,"Diabetes Mellitus, Type 2"
NCT05801627,"Diabetes Mellitus, Type 2"
NCT06323161,"Diabetes Mellitus, Type 2"
NCT07083388,Diabetes Mellitus
NCT05918523,Diabetic Nephropathies
NCT05918523,"Renal Insufficiency, Chronic"
NCT07613307,"Diabetes Mellitus, Type 2"
NCT07613307,Glucose Metabolism Disorders
NCT07613307,Metabolic Diseases
NCT07613307,Nutritional and Metabolic Diseases
NCT07613307,Endocrine System Diseases
NCT07613307,Feeding Behavior
NCT07613307,Behavior
NCT07613307,Fasting
NCT07527650,"Diabetes Mellitus, Type 2"
NCT04573920,"Glomerulonephritis, IGA"
NCT04573920,"Glomerulosclerosis, Focal Segmental"
NCT04573920,"Nephritis, Hereditary"
NCT04573920,Diabetic Nephropathies
NCT07589608,Overweight
NCT07589608,Obesity
NCT06124547,"Diabetes Mellitus, Type 2"
NCT06063109,Hypertension
NCT06063109,"Diabetes Mellitus, Type 2"
NCT05621811,Gastroparesis
NCT05621811,Diabetes Mellitus
NCT05814107,"Diabetes Mellitus, Type 2"
NCT05814107,Overweight
NCT05814107,Obesity
NCT06767761,Diabetes Mellitus
NCT06767761,Insulin Resistance
NCT05498610,"Diabetes Mellitus, Type 2"
NCT05281029,"Diabetes Mellitus, Type 2"
NCT05714683,"Diabetes Mellitus, Type 2"
NCT04565756,
NCT06838286,"Diabetes Mellitus, Type 2"
NCT05996380,
NCT06559527,"Diabetes Mellitus, Type 2"
NCT06559527,Obesity
NCT06559527,Overweight
NCT06293742,"Diabetes Mellitus, Type 2"
NCT07606066,"Diabetes Mellitus, Type 2"
NCT06654960,"Diabetes Mellitus, Type 2"
NCT06763146,"Renal Insufficiency, Chronic"
NCT06763146,"Diabetes Mellitus, Type 2"
NCT06506175,"Diabetes Mellitus, Type 2"
NCT05564039,"Diabetes Mellitus, Type 2"
NCT07691177,"Diabetes Mellitus, Type 2"
NCT04982575,"Diabetes Mellitus, Type 2"
NCT07055386,"Diabetes Mellitus, Type 2"
NCT04596631,"Diabetes Mellitus, Type 2"
NCT06987695,Overweight
NCT06987695,Body Weight
NCT06987695,"Diabetes Mellitus, Type 2"
NCT05970237,Diabetes Mellitus
NCT05970237,Hypertension
NCT04974528,"Diabetes Mellitus, Type 1"
NCT04974528,"Diabetes Mellitus, Type 2"
NCT04974528,Diabetes Mellitus
NCT04974528,Insulin Resistance
NCT04974528,Respiratory Aspiration
NCT06151964,Overweight
NCT06151964,Obesity
NCT06151964,Non-alcoholic Fatty Liver Disease
NCT06151964,"Diabetes Mellitus, Type 2"
NCT06151964,Fatty Liver
NCT06151964,Weight Loss
NCT05689099,"Diabetes Mellitus, Type 2"
NCT06790498,Diabetic Nephropathies
NCT06790498,"Renal Insufficiency, Chronic"
NCT07745764,Diabetic Foot
NCT04170998,
NCT05172622,Diabetes Mellitus
NCT05791201,"Diabetes Mellitus, Type 1"
NCT06778967,"Diabetes Mellitus, Type 2"
NCT07284901,Obesity
NCT07284901,Overweight
NCT07284901,Diabetes Mellitus
NCT04707469,"Diabetes Mellitus, Type 2"
NCT04285983,"Diabetes Mellitus, Type 2"
NCT03970031,Non-alcoholic Fatty Liver Disease
NCT03970031,Diabetes Mellitus
NCT04227431,"Diabetes Mellitus, Type 2"
NCT04102202,
NCT04795531,"Diabetes Mellitus, Type 2"
NCT06883656,"Diabetes Mellitus, Type 2"
NCT05682495,"Diabetes Mellitus, Type 2"
NCT06153537,"Diabetes Mellitus, Type 2"
NCT04880850,"Diabetes Mellitus, Type 2"
NCT06124495,"Diabetes Mellitus, Type 2"
NCT06695572,"Diabetes Mellitus, Type 2"
NCT05086445,"Diabetes Mellitus, Type 2"
NCT04774822,Diabetic Retinopathy
NCT06159101,"Diabetes Mellitus, Insulin-Dependent, 12"
NCT06113341,"Diabetes Mellitus, Type 2"
NCT06333977,"Diabetes Mellitus, Type 2"
NCT07365358,"Diabetes Mellitus, Type 2"
NCT06942923,Atherosclerosis
NCT06942923,"Renal Insufficiency, Chronic"
NCT06942923,"Diabetes Mellitus, Type 2"
NCT06942923,Obesity
NCT05348122,"Diabetes Mellitus, Type 2"
NCT06845943,Obesity
NCT06845943,Overweight
NCT07089602,Diabetic Foot
NCT07089602,Foot Ulcer
NCT07089602,Varicose Ulcer
NCT07089602,Leg Ulcer
NCT07089602,Ulcer
NCT06688331,"Diabetes Mellitus, Type 1"
NCT06688331,Prediabetic State
NCT06789302,"Diabetes Mellitus, Type 2"
NCT04878406,
NCT06263348,
NCT07568652,Hypertension
NCT07568652,"Diabetes Mellitus, Type 2"
NCT07511010,"Diabetes Mellitus, Type 2"
NCT05160974,"Diabetes Mellitus, Type 2"
NCT04096313,Diabetes Mellitus
NCT04096313,Kidney Diseases
NCT04096313,Metabolic Diseases
NCT06132204,"Diabetes Mellitus, Type 2"
NCT06498284,"Diabetes Mellitus, Type 2"
NCT06498284,Hyperglycemia
NCT05226897,"Diabetes Mellitus, Type 2"
NCT06974825,"Diabetes Mellitus, Type 2"
NCT05089617,Diabetes Mellitus
NCT07498218,Diabetic Foot
NCT04531462,"Diabetes Mellitus, Type 2"
NCT04654390,"Diabetes Mellitus, Type 2"
NCT05443568,"Diabetes Mellitus, Type 2"
NCT05737810,"Diabetes Mellitus, Type 2"
NCT04706286,"Diabetes Mellitus, Type 2"
NCT06221969,"Diabetes Mellitus, Type 2"
NCT04782128,Diabetic Retinopathy
NCT07239440,Diabetes Mellitus
NCT07172893,Diabetic Foot
NCT07172893,Varicose Ulcer
NCT04960514,Diabetic Nephropathies
NCT04960514,"Renal Insufficiency, Chronic"
NCT04960514,"Lymphoma, Follicular"
NCT05409235,Diabetic Retinopathy
NCT05526157,"Renal Insufficiency, Chronic"
NCT05526157,"Diabetes Mellitus, Type 2"
NCT07058545,
NCT05069545,"Diabetes Mellitus, Type 1"
NCT06650007,"Diabetes Mellitus, Type 2"
NCT07503028,"Diabetes Mellitus, Type 1"
NCT07013448,Diabetic Foot
NCT06481085,"Diabetes Mellitus, Type 2"
NCT07055516,Obesity
NCT07055516,"Diabetes Mellitus, Type 2"
NCT04509193,Atrial Fibrillation
NCT04559815,"Diabetes Mellitus, Type 2"
NCT07476326,Melanoma
NCT07476326,Neoplasms
NCT07476326,"Diabetes Mellitus, Insulin-Dependent, 12"
NCT07139548,
NCT05904743,"Diabetes Mellitus, Type 1"
NCT05904743,Diabetes Mellitus
NCT05904743,Insulin Resistance
NCT05904743,Respiratory Aspiration
NCT05328726,"Diabetes Mellitus, Type 2"
NCT06492655,"Diabetes Mellitus, Type 2"
NCT07088068,"Diabetes Mellitus, Type 1"
NCT05232708,Diabetes Mellitus
NCT04261933,"Diabetes Mellitus, Type 2"
NCT06393348,"Diabetes Mellitus, Type 2"
NCT05893576,"Diabetes Mellitus, Type 2"
NCT07348718,Diabetic Nephropathies
NCT07348718,"Renal Insufficiency, Chronic"
NCT07348718,"Diabetes Mellitus, Type 2"
NCT07348718,Albuminuria
NCT05881213,"Diabetes Mellitus, Type 2"
NCT05333835,"Diabetes Mellitus, Type 2"
NCT05607160,"Diabetes Mellitus, Type 2"
NCT06403761,"Diabetes Mellitus, Type 2"
NCT04786340,Diabetic Neuropathies
NCT04786340,Diabetes Mellitus
NCT04970940,"Diabetes Mellitus, Type 2"
NCT07702890,Obesity
NCT07702890,"Diabetes Mellitus, Type 2"
NCT04657003,"Diabetes Mellitus, Type 2"
NCT04657003,Overweight
NCT04657003,Obesity
NCT04657003,Nutrition Disorders
NCT05624853,Neuralgia
NCT05624853,"Diabetes Mellitus, Type 2"
NCT05013229,"Diabetes Mellitus, Type 2"
NCT07313813,"Diabetes Mellitus, Type 2"
NCT04334213,"Diabetes Mellitus, Type 2"
NCT05147259,
NCT04655690,"Diabetes Mellitus, Type 1"
NCT07392190,Overweight
NCT07392190,Obesity
NCT05816057,"Diabetes Mellitus, Type 2"
NCT07440108,"Diabetes Mellitus, Type 1"
NCT04676906,"Diabetes Mellitus, Type 2"
NCT05719155,"Diabetes Mellitus, Type 2"
NCT05413369,"Diabetes Mellitus, Type 2"
NCT07305805,"Diabetes Mellitus, Type 1"
NCT05680129,"Diabetes Mellitus, Type 2"
NCT07341373,"Diabetes Mellitus, Type 1"
NCT07341373,Insulin Resistance
NCT07341373,Diabetes Mellitus
NCT06003751,Diabetic Retinopathy
NCT04569994,"Diabetes Mellitus, Type 1"
NCT04849845,"Diabetes Mellitus, Type 1"
NCT04849845,"Diabetes Mellitus, Type 2"
NCT04849845,Insulin Resistance
NCT04849845,Respiratory Aspiration
NCT04849845,Diabetes Mellitus
NCT04445181,
NCT04616014,Non-alcoholic Fatty Liver Disease
NCT04603508,"Diabetes Mellitus, Type 2"
NCT04603508,Dyslipidemias
NCT05369078,"Diabetes Mellitus, Type 2"
NCT06770933,Diabetic Retinopathy
NCT04389775,"Diabetes Mellitus, Type 2"
NCT04389775,Obesity
NCT04389775,Non-alcoholic Fatty Liver Disease
NCT06972732,"Diabetes Mellitus, Type 2"
NCT05626712,"Diabetes Mellitus, Type 1"
NCT07705607,Diabetic Retinopathy
NCT07705607,Macular Edema
NCT04641312,"Diabetes Mellitus, Type 2"
NCT05066230,Diabetic Retinopathy
NCT05066230,Retinal Degeneration
NCT05066230,Retinal Diseases
NCT05066230,Eye Diseases
NCT05066230,Vision Disorders
NCT06635057,"Diabetes Mellitus, Type 2"
NCT06635057,Fasting
NCT06562907,
NCT04791358,Diabetic Nephropathies
NCT04653779,"Diabetes Mellitus, Type 2"
NCT04653779,Kidney Diseases
NCT04653779,Diabetes Mellitus
NCT04653779,Metabolic Diseases
NCT04653779,Endocrine System Diseases
NCT06883682,Diabetes Mellitus
NCT07473323,Diabetic Nephropathies
NCT06962280,"Diabetes Mellitus, Type 1"
NCT06962280,Obesity
NCT06962280,Overweight
NCT04537923,"Diabetes Mellitus, Type 2"
NCT05324462,"Diabetes Mellitus, Type 2"
NCT04661917,"Renal Insufficiency, Chronic"
NCT04661917,Diabetic Nephropathies
NCT03804125,Stroke
NCT03804125,Venous Thrombosis
NCT03804125,Pulmonary Embolism
NCT05230615,"Diabetes Mellitus, Type 2"
NCT05737576,Diabetes Mellitus
NCT04907006,"Diabetes Mellitus, Type 2"
NCT05296447,Diabetic Retinopathy
NCT04221152,"Diabetes Mellitus, Insulin-Resistant, with Acanthosis Nigricans"
NCT04221152,"Diabetes Mellitus, Lipoatrophic"
NCT04221152,Metabolic Syndrome
NCT04221152,Insulin Resistance
NCT04221152,Diabetes Mellitus
NCT06809621,"Diabetes Mellitus, Type 1"
NCT06575478,"Diabetes Mellitus, Type 2"
NCT06575478,Diabetes Mellitus
NCT04387448,Kidney Diseases
NCT04387448,Diabetic Nephropathies
NCT04387448,"Glomerulosclerosis, Focal Segmental"
NCT04387448,"Nephrosis, Lipoid"
NCT04387448,Urologic Diseases
NCT04387448,Diabetes Complications
NCT04387448,Diabetes Mellitus
NCT04387448,Endocrine System Diseases
NCT04387448,Glomerulonephritis
NCT04387448,Nephritis
NCT04387448,Nephrosis
NCT06238778,"Diabetes Mellitus, Type 1"
NCT06558708,"Diabetes Mellitus, Type 2"
NCT05838755,Pain
NCT05838755,Diabetes Mellitus
NCT05838755,Neuralgia
NCT06575426,"Diabetes Mellitus, Type 1"
NCT06575426,Hypoglycemia
NCT06575426,Glucose Metabolism Disorders
NCT06575426,Immune System Diseases
NCT06575426,Autoimmune Diseases
NCT06575426,Metabolic Diseases
NCT06575426,Diabetes Mellitus
NCT06192108,"Diabetes Mellitus, Type 2"
NCT06792968,"Diabetes Mellitus, Type 2"
NCT06792968,Diabetes Mellitus
NCT04407182,COVID-19
NCT04407182,Diabetes Mellitus
NCT04407182,Heart Diseases
NCT04407182,Lung Diseases
NCT04407182,Kidney Diseases
NCT04407182,Liver Diseases
NCT06124573,"Diabetes Mellitus, Type 2"
NCT03499704,"Diabetes Mellitus, Type 2"
NCT05129891,"Diabetes Mellitus, Type 2"
NCT05465317,"Diabetes Mellitus, Type 2"
NCT06666283,Diabetic Nephropathies
NCT07014176,Diabetic Foot
NCT07014176,Foot Injuries
NCT05232071,Non-alcoholic Fatty Liver Disease
NCT05232071,"Diabetes Mellitus, Type 2"
NCT06088615,"Diabetes Mellitus, Type 2"
NCT06088615,"Diabetes Mellitus, Type 1"
NCT07242664,
NCT07662109,"Diabetes Mellitus, Type 2"
NCT04431687,"Diabetes Mellitus, Type 2"
NCT07723833,"Diabetes Mellitus, Type 2"
NCT07723833,Glucose Metabolism Disorders
NCT07723833,Metabolic Diseases
NCT07723833,Obesity
NCT04540016,"Diabetes Mellitus, Type 2"
NCT07646015,"Diabetes Mellitus, Type 2"
NCT07646015,Liver Diseases
NCT07646015,Kidney Diseases
NCT07646015,Lung Diseases
NCT07646015,Metabolic Diseases
NCT07304726,"Diabetes Mellitus, Type 2"
NCT07223515,Diabetic Foot
NCT07223515,Pressure Ulcer
NCT05142189,"Carcinoma, Non-Small-Cell Lung"
NCT05142189,Multiple Endocrine Neoplasia Type 2a
NCT05142189,"Diabetes Mellitus, Insulin-Dependent, 12"
NCT05142189,"Parkinson Disease 4, Autosomal Dominant Lewy Body"
NCT05142189,Lethal Congenital Contracture Syndrome 2
NCT05417425,Diabetic Foot
NCT05417425,Wounds and Injuries
NCT06184568,"Diabetes Mellitus, Type 2"
NCT06184568,Obesity
NCT07400107,Obesity
NCT07400107,Overweight
NCT07400107,"Diabetes Mellitus, Type 2"
NCT04740307,"Diabetes Mellitus, Insulin-Dependent, 12"
NCT04740307,"Parkinson Disease 4, Autosomal Dominant Lewy Body"
NCT06819488,"Diabetes Mellitus, Type 2"
NCT06819488,Weight Loss
NCT07501052,Macular Degeneration
NCT07501052,Retinal Vein Occlusion
NCT07501052,Diabetic Retinopathy
NCT06148649,"Diabetes Mellitus, Type 2"
NCT07670416,Obesity
NCT07670416,Overweight
NCT07670416,"Diabetes Mellitus, Type 2"
NCT07563699,"Diabetes Mellitus, Type 2"
NCT07563699,Diabetes Mellitus
NCT07104500,Weight Loss
NCT05737771,"Diabetes Mellitus, Type 2"
NCT04919499,Diabetic Retinopathy
NCT04882293,Dyslipidemias
NCT04882293,"Diabetes Mellitus, Type 2"
NCT04882293,Hypertriglyceridemia
NCT05146869,"Diabetes Mellitus, Type 2"
NCT05694741,"Diabetes Mellitus, Type 2"
NCT05694741,Hyperglycemia
NCT04656106,"Diabetes Mellitus, Type 2"
NCT05065892,
NCT06945406,"Diabetes Mellitus, Type 1"
NCT06945406,"Diabetes Mellitus, Type 2"
NCT04239521,Alopecia Areata
NCT04239521,Depressive Disorder
NCT04239521,Anxiety Disorders
NCT04239521,"Dermatitis, Atopic"
NCT04239521,"Rhinitis, Allergic"
NCT04239521,Asthma
NCT04239521,Crohn Disease
NCT04239521,"Colitis, Ulcerative"
NCT04239521,"Anemia, Pernicious"
NCT04239521,"Diabetes Mellitus, Type 1"
NCT04239521,Hashimoto Disease
NCT04239521,Graves Disease
NCT04239521,"Arthritis, Rheumatoid"
NCT04239521,"Arthritis, Psoriatic"
NCT04239521,"Spondylitis, Ankylosing"
NCT04239521,"Lupus Erythematosus, Systemic"
NCT04239521,Polymyalgia Rheumatica
NCT04239521,Sjogren's Syndrome
NCT04239521,Psoriasis
NCT04239521,Vitiligo
NCT04239521,Multiple Sclerosis
NCT04239521,Celiac Disease
NCT04239521,Respiratory Tract Infections
NCT04239521,"Influenza, Human"
NCT04239521,Bronchitis
NCT04239521,Pneumonia
NCT04239521,Cellulitis
NCT04239521,Urinary Tract Infections
NCT04239521,Herpes Zoster
NCT04239521,Herpes Simplex
NCT04239521,Infections
NCT04239521,Virus Diseases
NCT04239521,Depression
NCT04239521,Autoimmune Diseases
NCT07438444,"Diabetes Mellitus, Type 2"
NCT07438444,Obesity
NCT07438444,Overweight
NCT04955834,"Diabetes Mellitus, Type 2"
NCT07234864,"Diabetes Mellitus, Type 2"
NCT07205913,"Diabetes Mellitus, Type 2"
NCT07205913,Obesity
NCT07205913,Metabolic Diseases
NCT05834868,"Diabetes Mellitus, Type 2"
NCT06858878,"Diabetes Mellitus, Type 2"
NCT06858878,Obesity
NCT06858878,Overweight
NCT06254274,"Diabetes Mellitus, Type 2"
NCT07057479,"Diabetes Mellitus, Type 2"
NCT07057479,Insulin Resistance
NCT07057479,Diabetes Complications
NCT05628090,"Diabetes Mellitus, Type 2"
NCT06383013,Diabetic Foot
NCT04620590,"Diabetes Mellitus, Type 2"
NCT04620590,Renal Insufficiency
NCT05316662,"Diabetes Mellitus, Type 2"
NCT04601740,"Diabetes Mellitus, Type 2"
NCT04308590,Cushing Syndrome
NCT04308590,"ACTH Syndrome, Ectopic"
NCT04308590,"Diabetes Mellitus, Type 2"
NCT04308590,Hypertension
NCT07360080,"Diabetes Mellitus, Type 1"
NCT06141980,"Diabetes Mellitus, Type 2"
NCT06280703,"Diabetes Mellitus, Type 1"
NCT06323174,"Diabetes Mellitus, Type 2"
NCT04345120,"Diabetes Mellitus, Type 2"
NCT04727580,Glucose Intolerance
NCT04727580,Prediabetic State
NCT06025110,"Diabetes Mellitus, Type 1"
NCT06901349,Obesity
NCT06901349,Overweight
NCT06901349,"Diabetes Mellitus, Type 2"
NCT06901349,Platelet Glycoprotein IV Deficiency
NCT04515849,"Diabetes Mellitus, Type 2"
NCT04515849,"Renal Insufficiency, Chronic"
NCT04515849,Diabetic Nephropathies
NCT04857398,"Diabetes Mellitus, Type 2"
NCT05415644,"Diabetes Mellitus, Type 2"
NCT06483243,"Diabetes Mellitus, Type 2"
NCT06435676,Overweight
NCT06435676,Obesity
NCT06435676,"Diabetes Mellitus, Type 2"
NCT06353347,"Diabetes Mellitus, Type 2"
NCT04460885,"Diabetes Mellitus, Type 2"
NCT04867785,"Diabetes Mellitus, Type 2"
NCT05152277,"Diabetes Mellitus, Type 2"
NCT05053828,Myocardial Infarction
NCT05053828,Heart Failure
NCT07588100,Diabetic Retinopathy
NCT04794907,Diabetic Retinopathy
NCT04794907,Macular Degeneration
NCT07105228,Retinal Vasculitis
NCT07105228,Diabetic Retinopathy
NCT06099067,"Diabetes Mellitus, Type 2"
NCT07156539,"Diabetes Mellitus, Type 2"
NCT04712266,
NCT04916470,Diabetes Mellitus
NCT04839575,Celiac Disease
NCT05666128,"Diabetes Mellitus, Type 2"
NCT07502495,"Diabetes Mellitus, Type 2"
NCT07018453,"Diabetes Mellitus, Type 2"
NCT05608044,Colorectal Neoplasms
NCT05608044,"Parkinson Disease 4, Autosomal Dominant Lewy Body"
NCT05608044,"Diabetes Mellitus, Insulin-Dependent, 12"
NCT05579977,Diabetes Mellitus
NCT05579977,Obesity
NCT05761301,"Diabetes Mellitus, Type 2"
NCT05761301,Overweight
NCT05761301,Obesity
NCT05761301,Insulin Resistance
NCT05102071,"Diabetes Mellitus, Type 2"
NCT05102071,Cardiovascular Diseases
NCT04817644,"Diabetes Mellitus, Type 2"
NCT04907019,"Diabetes Mellitus, Type 2"
NCT05007977,"Diabetes Mellitus, Type 1"
NCT05007977,Hypoglycemia
NCT07232537,"Renal Insufficiency, Chronic"
NCT07232537,"Diabetes Mellitus, Type 2"
NCT04885712,
NCT04281992,Diabetic Foot
NCT06651515,"Diabetes Mellitus, Type 1"
NCT06651515,Hypoglycemia
NCT06651515,Diabetes Mellitus
NCT06651515,Endocrine System Diseases
NCT06651515,Glucose Metabolism Disorders
NCT07525960,Diabetes Insipidus
NCT07628985,"Diabetes Mellitus, Type 2"
NCT05144360,"Diabetes Mellitus, Type 2"
NCT05144360,Hypertension
NCT04881123,Diabetic Nephropathies
NCT04881123,"Diabetes Mellitus, Type 2"
NCT04881123,Albuminuria
NCT05443191,"Diabetes Mellitus, Type 2"
NCT04649203,Diabetic Neuropathies
NCT04649203,Diabetes Mellitus
NCT04649203,Peripheral Nervous System Diseases
NCT04515576,"Diabetes Mellitus, Type 2"
NCT07360418,Diabetic Foot
NCT07360418,Ulcer
NCT07360418,Foot Ulcer
NCT04287179,"Diabetes Mellitus, Type 2"
NCT06672172,"Diabetes Mellitus, Type 2"
NCT04601753,"Diabetes Mellitus, Type 2"
NCT07068295,"Diabetes Mellitus, Type 2"
NCT04582448,"Diabetes Mellitus, Type 2"
NCT04469855,"Diabetes Mellitus, Type 2"
NCT07616206,"Diabetes Mellitus, Type 1"
NCT06370715,"Diabetes Mellitus, Type 2"
NCT06370715,Diabetes Mellitus
NCT06489340,Diabetic Nephropathies
NCT05210530,Diabetes Mellitus
NCT05210530,"Diabetes Mellitus, Type 1"
NCT05210530,Glucose Metabolism Disorders
NCT05210530,Metabolic Diseases
NCT05210530,Endocrine System Diseases
NCT05210530,Autoimmune Diseases
NCT05210530,Immune System Diseases
NCT06860516,"Diabetes Mellitus, Type 1"
NCT05435677,"Diabetes Mellitus, Type 2"
NCT07033585,"Diabetes Mellitus, Type 2"
NCT07033585,Diabetes Mellitus
NCT04322032,"Diabetes Mellitus, Type 2"
NCT04957914,"Diabetes Mellitus, Type 2"
NCT05262387,"Diabetes Mellitus, Type 1"
NCT05262387,Motor Activity
NCT05262387,Hypoglycemia
NCT07532863,"Diabetes Mellitus, Type 2"
NCT04956263,Diabetes Mellitus
NCT04956263,"Diabetes Mellitus, Type 1"
NCT05113693,"Diabetes Mellitus, Type 2"
NCT07299084,"Diabetes Mellitus, Type 2"
NCT07299084,Overweight
NCT07299084,Obesity
NCT06180109,
NCT04455633,Diabetes Mellitus
NCT07730567,Hyperlipidemias
NCT07730567,"Diabetes Mellitus, Type 2"
NCT06290349,"Diabetes Mellitus, Type 2"
NCT07112872,"Diabetes Mellitus, Type 2"
NCT06608212,"Renal Insufficiency, Chronic"
NCT06608212,"Diabetes Mellitus, Type 2"
NCT06948747,Obesity
NCT06948747,"Diabetes Mellitus, Type 2"
NCT06685185,"Diabetes Mellitus, Type 1"
NCT06124560,"Diabetes Mellitus, Type 2"
NCT07222332,"Diabetes Mellitus, Type 1"
NCT06934616,"Diabetes Mellitus, Insulin-Dependent, 12"
NCT06737042,Obesity
NCT06737042,Overweight
NCT06737042,Weight Loss
NCT06688123,"Diabetes Mellitus, Type 2"
NCT07619820,"Kidney Failure, Chronic"
NCT07619820,Atherosclerosis
NCT07619820,Diabetes Mellitus
NCT06671587,"Diabetes Mellitus, Type 2"
NCT05294458,Non-alcoholic Fatty Liver Disease
NCT05294458,"Diabetes Mellitus, Type 2"
NCT05294458,"Renal Insufficiency, Chronic"
NCT05294458,Fatty Liver
NCT05294458,Diabetes Mellitus
NCT05294458,Kidney Diseases
NCT05676034,Wolfram Syndrome
NCT04537884,Retinal Diseases
NCT04537884,Macular Edema
NCT04537884,Diabetes Mellitus
NCT04711226,"Diabetes Mellitus, Type 1"
NCT04711226,Endocrine System Diseases
NCT04711226,Metabolic Diseases
NCT04711226,Immune System Diseases
NCT04711226,Autoimmune Diseases
NCT04711226,Hypoglycemia
NCT04711226,Hyperglycemia
NCT06471530,Overweight
NCT06471530,Obesity
NCT05831644,
NCT07215312,"Diabetes Mellitus, Type 2"
NCT07215312,Hypoglycemia
NCT07215312,Hyperglycemia
NCT07378514,Thrombosis
NCT07378514,Infections
NCT07378514,Inflammation
NCT07378514,Heart Diseases
NCT07378514,Kidney Diseases
NCT07378514,Diabetes Mellitus
NCT07378514,Hypercholesterolemia
NCT07378514,Liver Diseases
NCT06204107,"Diabetes Mellitus, Type 2"
NCT06704802,"Diabetes Mellitus, Type 2"
NCT04802395,"Renal Insufficiency, Chronic"
NCT04802395,Diabetic Nephropathies
NCT05824975,Neoplasm Metastasis
NCT05824975,Sarcoma
NCT05824975,"Carcinoma, Hepatocellular"
NCT05824975,Colorectal Neoplasms
NCT05824975,Melanoma
NCT05824975,"Carcinoma, Renal Cell"
NCT05824975,"Diabetes Mellitus, Insulin-Dependent, 12"
NCT07493122,"Diabetes Mellitus, Type 1"
NCT07493122,Diabetes Mellitus
NCT07351045,Obesity
NCT07351045,Overweight
NCT06305351,Obesity
NCT06305351,"Diabetes Mellitus, Type 2"
NCT07632404,"Diabetes Mellitus, Type 2"
NCT06398080,Vision Disorders
NCT06398080,Diabetic Retinopathy
NCT07082114,"Diabetes Mellitus, Type 2"
NCT06955416,Diabetic Ketoacidosis
NCT04513704,
NCT07030868,Obesity
NCT07030868,Overweight
NCT07030868,"Diabetes Mellitus, Type 2"
NCT05607979,Diabetic Foot
NCT05607979,Diabetes Mellitus
NCT05607979,Wounds and Injuries
NCT06962098,Diabetic Nephropathies
NCT05164263,"Diabetes Mellitus, Type 2"
NCT05822830,Obesity
NCT05822830,Overweight
NCT05822830,Disease
NCT05822830,Prediabetic State
NCT05822830,Motor Activity
NCT06964087,"Diabetes Mellitus, Type 1"
NCT04628481,
NCT07417306,"Diabetes Mellitus, Type 2"
NCT04161430,"Diabetes Mellitus, Type 2"
NCT04857996,Retinal Diseases
NCT04857996,Macular Edema
NCT04857996,Diabetes Mellitus
NCT04980027,"Diabetes Mellitus, Type 2"
NCT05813912,"Diabetes Mellitus, Type 2"
NCT05376969,"Diabetes Mellitus, Type 2"
NCT06766500,"Diabetes Mellitus, Type 2"
NCT06766500,Diabetes Mellitus
NCT05373212,"Diabetes Mellitus, Type 2"
NCT06383702,Diabetic Neuropathies
NCT05593575,Diabetic Nephropathies
NCT06386328,"Diabetes Mellitus, Type 2"
NCT06858839,Obesity
NCT06858839,Overweight
NCT06858839,Body Weight
NCT04625595,Diabetes Mellitus
NCT04625595,Autoimmune Diseases
NCT06840236,Diabetes Mellitus
NCT06840236,"Influenza, Human"
NCT02709031,Hypertension
NCT02709031,Diabetes Mellitus
NCT02709031,Hypokalemia
NCT02709031,Hyponatremia
NCT02709031,Metabolic Diseases
NCT06583395,Amyotrophic Lateral Sclerosis
NCT06583395,"Angina, Stable"
NCT06583395,Anxiety Disorders
NCT06583395,Asthma
NCT06583395,Atrial Fibrillation
NCT06583395,Brain Neoplasms
NCT06583395,Breast Neoplasms
NCT06583395,Colonic Neoplasms
NCT06583395,Lung Neoplasms
NCT06583395,Ovarian Neoplasms
NCT06583395,Prostatic Neoplasms
NCT06583395,Skin Neoplasms
NCT06583395,Lymphoma
NCT06583395,Thyroid Neoplasms
NCT06583395,Neoplasms
NCT06583395,Cerebral Palsy
NCT06583395,"Fatigue Syndrome, Chronic"
NCT06583395,Cluster Headache
NCT06583395,"Pulmonary Disease, Chronic Obstructive"
NCT06583395,"Renal Insufficiency, Chronic"
NCT06583395,Crohn Disease
NCT06583395,Deafness
NCT06583395,Depression
NCT06583395,Diabetes Mellitus
NCT06583395,Eczema
NCT06583395,Epilepsy
NCT06583395,Leiomyoma
NCT06583395,Fibromyalgia
NCT06583395,Heart Failure
NCT06583395,Hypertension
NCT06583395,Hyperthyroidism
NCT06583395,Hypothyroidism
NCT06583395,Irritable Bowel Syndrome
NCT06583395,Infertility
NCT06583395,Lyme Disease
NCT06583395,Macular Degeneration
NCT06583395,Migraine Disorders
NCT06583395,Multiple Sclerosis
NCT06583395,Osteoarthritis
NCT06583395,Osteoporosis
NCT06583395,Ovarian Cysts
NCT06583395,Parkinson Disease
NCT06583395,Phantom Limb
NCT06583395,Psoriasis
NCT06583395,"Stress Disorders, Post-Traumatic"
NCT06583395,"Arthritis, Rheumatoid"
NCT06583395,Spinal Cord Injuries
NCT06583395,Spinal Stenosis
NCT06583395,Stroke
NCT06583395,Tension-Type Headache
NCT06583395,Tinnitus
NCT06583395,"Colitis, Ulcerative"
NCT05362058,Diabetes Mellitus
NCT05362058,"Diabetes Mellitus, Type 2"
NCT04305587,"Diabetes Mellitus, Type 2"
NCT07385547,"Diabetes Mellitus, Type 2"
NCT04466904,"Diabetes Mellitus, Type 2"
NCT05018585,"Diabetes Mellitus, Type 1"
NCT05018585,Diabetes Mellitus
NCT05018585,Autoimmune Diseases
NCT05018585,Metabolic Diseases
NCT05018585,Immune System Diseases
NCT05230589,"Diabetes Mellitus, Type 2"
NCT07580638,"Diabetes Mellitus, Type 2"
NCT05732805,Melanoma
NCT05732805,"Diabetes Mellitus, Insulin-Dependent, 12"
NCT06199505,"Diabetes Mellitus, Type 2"
NCT07534592,"Diabetes Mellitus, Type 2"
NCT07534592,Obesity
NCT04317703,"Diabetes Mellitus, Type 2"
NCT07275788,"Diabetes Mellitus, Type 2"
NCT07275788,"Renal Insufficiency, Chronic"
NCT04616027,"Diabetes Mellitus, Type 2"
NCT04616027,Renal Insufficiency
NCT04418427,Diabetic Retinopathy
NCT04418427,Blindness
NCT04418427,Retinal Diseases
NCT04418427,Eye Diseases
NCT05663515,Pancreatic Neoplasms
NCT07675590,Obesity
NCT07675590,Overweight
NCT07675590,"Diabetes Mellitus, Type 1"
NCT04786262,"Diabetes Mellitus, Type 1"
NCT04786262,Hypoglycemia
NCT05689372,"Diabetes Mellitus, Type 2"
NCT07004322,"Diabetes Mellitus, Type 2"
NCT07004322,Obesity
NCT04789473,"Diabetes, Gestational"
NCT04789473,Pregnancy Complications
NCT04789473,Genetic Predisposition to Disease
NCT04789473,Risk Reduction Behavior
NCT04789473,Genetic Risk Score
NCT04665570,"Diabetes Mellitus, Type 2"
NCT04180813,"Diabetes Mellitus, Type 2"
NCT06590324,Post-Acute COVID-19 Syndrome
NCT05875259,Hypertension
NCT05875259,"Diabetes Mellitus, Type 2"
NCT07489482,Diabetes Mellitus
NCT04826159,"Diabetes Mellitus, Type 2"
NCT04826159,Diabetic Cardiomyopathies
NCT06571591,
NCT07159282,Diabetic Foot
NCT07159282,Foot Ulcer
NCT07184086,Obesity
NCT06758583,Overweight
NCT06758583,Obesity
NCT06604624,
NCT07232719,Obesity
NCT07232719,Overweight
NCT07197034,Hyperphagia
NCT07197034,Prader-Willi Syndrome
NCT06845202,Obesity
NCT06845202,"Diabetes Mellitus, Type 2"
NCT05981053,Sarcopenia
NCT05981053,Obesity
NCT07734311,"Osteoarthritis, Knee"
NCT07734311,Obesity
NCT06643728,Obesity
NCT06643728,Overweight
NCT06643728,Platelet Glycoprotein IV Deficiency
NCT04855565,Overweight
NCT04855565,Obesity
NCT07184632,Overweight
NCT07184632,Obesity
NCT06013163,Overweight
NCT06013163,Obesity
NCT06313528,Obesity
NCT06771115,Obesity
NCT07759544,Obesity
NCT07759544,Overweight
NCT07446439,Nausea
NCT07446439,Vomiting
NCT07446439,Obesity
NCT07754045,Obesity
NCT07754045,Overweight
NCT06075667,Obesity
NCT06075667,Overweight
NCT06828861,Hyperphagia
NCT06828861,Prader-Willi Syndrome
NCT05813795,Overweight
NCT05813795,Obesity
NCT06948422,Hypertension
NCT07357766,Overweight
NCT07357766,Obesity
NCT06805539,Overweight
NCT06805539,Obesity
NCT06897202,"Diabetes Mellitus, Type 2"
NCT06897202,Obesity
NCT06897202,Overweight
NCT06897202,Weight Loss
NCT06131372,"Renal Insufficiency, Chronic"
NCT06131372,"Diabetes Mellitus, Type 2"
NCT06131372,Obesity
NCT06186622,Obesity
NCT06186622,Overweight
NCT07528027,Obesity
NCT07229027,Overweight
NCT07229027,Obesity
NCT07220954,Obesity
NCT07220954,Overweight
NCT05110846,Obesity
NCT05110846,Overweight
NCT05110846,"Diabetes Mellitus, Type 2"
NCT06910839,Overweight
NCT06910839,Obesity
NCT07036601,Overweight
NCT07036601,Obesity
NCT06926842,Overweight
NCT06926842,"Diabetes Mellitus, Type 2"
NCT06926842,Obesity
NCT07443059,Overweight
NCT07443059,Obesity
NCT07673822,"Diabetes Mellitus, Type 2"
NCT07673822,Obesity
NCT07673822,"Renal Insufficiency, Chronic"
NCT07177469,Obesity
NCT07177469,Overweight
NCT04773977,Overweight
NCT04773977,Obesity
NCT04812262,Overweight
NCT04812262,Obesity
NCT04812262,Non-alcoholic Fatty Liver Disease
NCT04812262,Liver Diseases
NCT07622810,Obesity
NCT07622810,Overweight
NCT06250946,Overweight
NCT06250946,Obesity
NCT05250427,Obesity
NCT07581431,
NCT06908551,Overweight
NCT06908551,Obesity
NCT07101939,Obesity
NCT07101939,Muscular Atrophy
NCT05556512,Obesity
NCT05556512,Overweight
NCT06555822,Obesity
NCT06555822,"Diabetes Mellitus, Type 2"
NCT05649137,Obesity
NCT05649137,"Diabetes Mellitus, Type 2"
NCT07502001,Overweight
NCT07502001,Obesity
NCT06952530,Hypertension
NCT06615700,Overweight
NCT06615700,Obesity
NCT06615700,"Diabetes Mellitus, Type 2"
NCT05815680,
NCT05890976,Overweight
NCT05890976,Obesity
NCT04407234,Overweight
NCT04407234,Obesity
NCT04407234,"Diabetes Mellitus, Type 2"
NCT06780449,Obesity
NCT06606106,Overweight
NCT06606106,Obesity
NCT05406115,Obesity
NCT05093634,Obesity
NCT05093634,Hyperphagia
NCT07765511,Obesity
NCT07765511,Overweight
NCT05669599,Obesity
NCT05669599,Overweight
NCT05669599,"Diabetes Mellitus, Type 2"
NCT06886126,Obesity
NCT05040971,Obesity
NCT06703658,"Diabetes Mellitus, Type 2"
NCT06703658,Obesity
NCT04733001,Obesity
NCT04703764,Obesity
NCT05925114,Obesity
NCT05925114,Body Weight
NCT07745504,Overweight
NCT07745504,Obesity
NCT07226778,Overweight
NCT07226778,Obesity
NCT05006885,Non-alcoholic Fatty Liver Disease
NCT05006885,Obesity
NCT05006885,Overweight
NCT06588296,"Arthritis, Psoriatic"
NCT06588296,Obesity
NCT06256562,Obesity
NCT06256562,Overweight
NCT06970405,Obesity
NCT07387094,"Sleep Apnea, Obstructive"
NCT07387094,Obesity
NCT06383390,Atherosclerosis
NCT06383390,"Renal Insufficiency, Chronic"
NCT06383390,Cardiovascular Diseases
NCT06383390,Kidney Diseases
NCT06383390,"Diabetes Mellitus, Type 2"
NCT06383390,Heart Diseases
NCT06383390,Coronary Artery Disease
NCT06383390,Cerebrovascular Disorders
NCT06383390,Peripheral Arterial Disease
NCT06383390,Death
NCT06383390,"Kidney Failure, Chronic"
NCT07765160,Overweight
NCT06534320,Overweight
NCT06534320,Obesity
NCT07627074,Overweight
NCT07627074,Obesity
NCT06931028,Sleep Apnea Syndromes
NCT06931028,Obesity
NCT06704581,Overweight
NCT06704581,Obesity
NCT07337174,Obesity
NCT06098079,Obesity
NCT06260696,Overweight
NCT06260696,Obesity
NCT07331389,
NCT06693843,Obesity
NCT06693843,Overweight
NCT05929079,"Diabetes Mellitus, Type 2"
NCT05929079,Obesity
NCT05929079,Overweight
NCT05929079,"Sleep Apnea, Obstructive"
NCT06581159,"Hypertension, Pulmonary"
NCT06714955,Obesity
NCT06862791,Obesity
NCT06862791,Overweight
NCT05760248,
NCT06046443,Sexual Infantilism
NCT05970640,Non-alcoholic Fatty Liver Disease
NCT05970640,Obesity
NCT07357415,Obesity
NCT07357415,Overweight
NCT07294235,Overweight
NCT07294235,Obesity
NCT07685808,Overweight
NCT07685808,Obesity
NCT07685808,Body Weight
NCT05153590,Obesity
NCT05153590,Overweight
NCT05872620,Obesity
NCT05872620,Overweight
NCT05872620,"Diabetes Mellitus, Type 2"
NCT07754474,Overweight
NCT07754474,Obesity
NCT04483947,Non-alcoholic Fatty Liver Disease
NCT04483947,Obesity
NCT06492135,Overweight
NCT06492135,Obesity
NCT07220629,Obesity
NCT07018544,Obesity
NCT07018544,Overweight
NCT06937099,Crohn Disease
NCT06937099,Obesity
NCT06937099,Overweight
NCT06640972,Body-Weight Trajectory
NCT06640972,Hypercholesterolemia
NCT06640972,Obesity
NCT07400653,Obesity
NCT07400653,Overweight
NCT07400653,"Diabetes Mellitus, Type 2"
NCT07400653,Overnutrition
NCT07400653,Nutrition Disorders
NCT07400653,Nutritional and Metabolic Diseases
NCT07400653,Body Weight
NCT07400653,Signs and Symptoms
NCT07400653,"Pathological Conditions, Signs and Symptoms"
NCT07400653,Diabetes Mellitus
NCT07400653,Glucose Metabolism Disorders
NCT07400653,Metabolic Diseases
NCT07400653,Endocrine System Diseases
NCT07226765,"Sleep Apnea, Obstructive"
NCT07226765,Overweight
NCT07226765,Obesity
NCT05134662,"Diabetes Mellitus, Type 2"
NCT05134662,Obesity
NCT05134662,Overweight
NCT06916091,Obesity
NCT06916091,Overweight
NCT06987513,Alcoholism
NCT06987513,Obesity
NCT06987513,Overweight
NCT06536023,
NCT07011797,Obesity
NCT07011797,Overweight
NCT07011797,Weight Loss
NCT06864026,"Arthritis, Psoriatic"
NCT06864026,Overweight
NCT06864026,Obesity
NCT06867718,Obesity
NCT06867718,Overweight
NCT06579092,Obesity
NCT06579092,Overweight
NCT06972992,
NCT04963231,
NCT04617275,Diabetes Mellitus
NCT04617275,Obesity
NCT07369011,"Sleep Apnea, Obstructive"
NCT07369011,Obesity
NCT07369011,Overweight
NCT05199090,Obesity
NCT05199090,"Diabetes Mellitus, Type 2"
NCT05199090,Weight Loss
NCT07101783,Overweight
NCT07101783,Obesity
NCT05121441,Obesity
NCT05121441,Body Weight
NCT07693231,Obesity
NCT07153172,Obesity
NCT05851599,Obesity
NCT06671821,
NCT05147415,Sexual Infantilism
NCT06717425,Obesity
NCT06545162,Overweight
NCT06545162,Obesity
NCT05582096,Overweight
NCT05582096,Obesity
NCT05064735,Obesity
NCT06595238,Obesity
NCT06595238,Overweight
NCT05299697,Overweight
NCT05299697,Obesity
NCT05532020,
NCT05623839,Overweight
NCT05623839,Obesity
NCT06939296,Obesity
NCT06939296,Overweight
NCT07505303,Obesity
NCT05726227,Obesity
NCT06924320,Obesity
NCT07411560,Overweight
NCT07411560,Obesity
NCT07559240,Overweight
NCT07559240,Obesity
NCT07668401,Obesity
NCT07668401,Overweight
NCT07215559,Obesity
NCT07215559,Overweight
NCT07215559,"Diabetes Mellitus, Type 2"
NCT06973720,Obesity
NCT06973720,Overweight
NCT06569355,Obesity
NCT06569355,Overweight
NCT07310901,Obesity
NCT07310901,Body Weight
NCT07310901,Nutritional and Metabolic Diseases
NCT07310901,Metabolic Diseases
NCT07310901,Endocrine System Diseases
NCT07310901,Overweight
NCT07310901,Nutrition Disorders
NCT06885021,Overweight
NCT06885021,Obesity
NCT04660643,Obesity
NCT04660643,Overweight
NCT04660643,Nutrition Disorders
NCT04660643,Prediabetic State
NCT05803421,"Diabetes Mellitus, Type 2"
NCT05803421,Obesity
NCT05803421,Overweight
NCT05803421,Cardiovascular Diseases
NCT05803421,"Renal Insufficiency, Chronic"
NCT05013359,Obesity
NCT07282600,Overweight
NCT07282600,Obesity
NCT07282600,"Diabetes Mellitus, Type 2"
NCT07010432,Obesity
NCT04847557,Obesity
NCT06993428,Overweight
NCT06993428,Obesity
NCT07274137,Overweight
NCT07274137,Obesity
NCT06993792,Obesity
NCT06993792,Overweight
NCT06993792,"Diabetes Mellitus, Type 2"
NCT06267092,Overweight
NCT06267092,Obesity
NCT06131437,Obesity
NCT07137585,"Diabetes Mellitus, Type 2"
NCT07137585,Obesity
NCT07137585,Overweight
NCT05158244,"Diabetes Mellitus, Type 2"
NCT05158244,Obesity
NCT06891287,Obesity
NCT06532578,Overweight
NCT06532578,Obesity
NCT06041841,
NCT06979505,
NCT06904105,Overweight
NCT06904105,Obesity
NCT06283641,Obesity
NCT07767175,Overweight
NCT07767175,Obesity
NCT07571005,Obesity
NCT07571005,Overweight
NCT07571005,"Sleep Apnea, Obstructive"
NCT07121153,Overweight
NCT07121153,Obesity
NCT07292441,Overweight
NCT07292441,Obesity
NCT07557953,Overweight
NCT07557953,Obesity
NCT07508241,Obesity
NCT07508241,Overweight
NCT07682337,Obesity
NCT07682337,Idiopathic Pulmonary Fibrosis
NCT04228354,Overweight
NCT04228354,Obesity
NCT07434050,"Sleep Apnea, Obstructive"
NCT07434050,Obesity
NCT04998136,Obesity
NCT06427590,
NCT05869903,Obesity
NCT05869903,Overweight
NCT06701305,
NCT07597018,Obesity
NCT07597018,Overweight
NCT05438186,Obesity
NCT07628127,Obesity
NCT07628127,Overweight
NCT05409027,Obesity
NCT06843473,Obesity
NCT04697381,Prader-Willi Syndrome
NCT05394519,Overweight
NCT05394519,Obesity
NCT05394519,"Diabetes Mellitus, Type 2"
NCT06824051,Obesity
NCT06824051,Overweight
NCT07245914,Obesity
NCT07245914,Overweight
NCT07166081,Obesity
NCT07362030,Obesity
NCT05024032,Obesity
NCT05024032,Overweight
NCT05024032,Nutrition Disorders
NCT06520787,Pediatric Obesity
NCT06520787,Obesity
NCT07594093,Overweight
NCT07594093,Obesity
NCT07202884,"Urinary Incontinence, Stress"
NCT06916065,Overweight
NCT06916065,Obesity
NCT07056842,Obesity
NCT07056842,Overweight
NCT06440980,Obesity
NCT06440980,Overweight
NCT06605703,Obesity
NCT06605703,Overweight
NCT07497880,Obesity
NCT07497880,Overweight
NCT07497880,Diabetes Mellitus
NCT06718998,Obesity
NCT06388187,Obesity
NCT05646706,Obesity
NCT06778850,Overweight
NCT07140055,Obesity
NCT07140055,"Diabetes Mellitus, Type 2"
NCT07140055,Metabolic Diseases
NCT06914895,"Diabetes Mellitus, Type 1"
NCT06914895,Obesity
NCT06914895,Overweight
NCT05385978,Obesity
NCT05385978,Hypertension
NCT05385978,Endocrine System Diseases
NCT05385978,Non-alcoholic Fatty Liver Disease
NCT06621316,Overweight
NCT06621316,Obesity
NCT07225816,Obesity
NCT07243171,Obesity
NCT07243171,Overweight
NCT07527195,Obesity
NCT06256536,Obesity
NCT06256536,Overweight
NCT07205432,Overweight
NCT06207877,Obesity
NCT06836609,Obesity
NCT06662383,Obesity
NCT07503210,Obesity
NCT07654374,Obesity
NCT07654374,Overweight
NCT07709910,"Osteoarthritis, Knee"
NCT07665879,Overweight
NCT07665879,Obesity
NCT06679959,
NCT05174923,Obesity
NCT05607680,
NCT07044401,Overweight
NCT07044401,Obesity
NCT05579249,Obesity
NCT07310563,Overweight
NCT07310563,Obesity
NCT05751226,Obesity
NCT07728383,Obesity
NCT07728383,Overweight
NCT05616013,Obesity
NCT05616013,Overweight
NCT05254158,Overweight
NCT05254158,Obesity
NCT05890950,Obesity
NCT05890950,"Diabetes Mellitus, Type 2"
NCT07247084,Obesity
NCT07247084,Overweight
NCT06937203,Obesity
NCT06937203,"Diabetes Mellitus, Type 2"
NCT05844644,"Diabetes Mellitus, Type 2"
NCT05844644,Obesity
NCT05844644,Overweight
NCT05844644,Prediabetic State
NCT06565871,
NCT06118021,Overweight
NCT06118021,Obesity
NCT04657016,Obesity
NCT04657016,Overweight
NCT04657016,Motor Activity
NCT04657016,Nutrition Disorders
NCT03686657,"Diabetes Mellitus, Type 2"
NCT03686657,Hypertension
NCT03686657,Arthritis
NCT03686657,Obesity
NCT03686657,Diabetes Mellitus
NCT05997576,Overweight
NCT05997576,Obesity
NCT07073417,Obesity
NCT07743463,Obesity
NCT07743463,Overweight
NCT07225556,Overweight
NCT07225556,Obesity
NCT05504395,Prader-Willi Syndrome
NCT07036172,
NCT05035095,Obesity
NCT05035095,Overweight
NCT05292911,Non-alcoholic Fatty Liver Disease
NCT05292911,Obesity
NCT05292911,Overweight
NCT07575932,Overweight
NCT07575932,Obesity
NCT07575932,Overnutrition
NCT07575932,Nutrition Disorders
NCT07575932,Nutritional and Metabolic Diseases
NCT07575932,Body Weight
NCT07245771,Obesity
NCT07245771,Overweight
NCT04259801,Overweight
NCT04259801,Obesity
NCT04259801,"Diabetes Mellitus, Type 2"
NCT07431086,Overweight
NCT07431086,Obesity
NCT07431086,Body Weight
NCT04187339,Obesity
NCT04187339,Non-alcoholic Fatty Liver Disease
NCT07716241,Obesity
NCT04686994,Overweight
NCT04686994,Obesity
NCT04686994,Non-alcoholic Fatty Liver Disease
NCT04686994,Hyperlipidemias
NCT06164873,Obesity
NCT06942936,Obesity
NCT06942936,"Diabetes Mellitus, Type 2"
NCT05369390,Obesity
NCT05369390,Overweight
NCT07307638,Overweight
NCT07307638,Obesity
NCT07736391,Overweight
NCT07736391,Obesity
NCT07736391,Diabetes Mellitus
NCT07587710,Overweight
NCT07587710,Obesity
NCT07152002,Overweight
NCT07152002,Obesity
NCT06672939,Obesity
NCT06672939,Overweight
NCT05900531,Obesity
NCT07281495,Obesity
NCT07281495,Overweight
NCT05202353,Obesity
NCT06951945,Obesity
NCT05670379,Overweight
NCT05670379,Obesity
NCT06874751,Overweight
NCT06874751,Obesity
NCT06874751,Atherosclerosis
NCT06606483,Obesity
NCT06606483,Overweight
NCT05936151,Overweight
NCT05936151,Obesity
NCT05936151,"Diabetes Mellitus, Type 2"
NCT06649045,Overweight
NCT06649045,Obesity
NCT06439277,Obesity
NCT06439277,Weight Gain
NCT06660173,"Diabetes Mellitus, Type 2"
NCT06660173,Obesity
NCT07002905,
NCT05378893,"Obesity, Metabolically Benign"
NCT07219485,Prader-Willi Syndrome
NCT04209049,Overweight
NCT04209049,Obesity
NCT07720271,Overweight
NCT07720271,Obesity
NCT07205900,Obesity
NCT07575399,Obesity
NCT07575399,Overweight
NCT06500299,Overweight
NCT06500299,Obesity
NCT07743450,Obesity
NCT07743450,Overweight
NCT07743450,"Diabetes Mellitus, Type 2"
NCT07307274,Overweight
NCT06996886,"Diabetes Mellitus, Type 2"
NCT06996886,Obesity
NCT06049329,Obesity
NCT07285902,Obesity
NCT07411378,Muscular Atrophy
NCT07411378,Obesity
NCT07411378,Overweight
NCT06772597,Prader-Willi Syndrome
NCT06772597,Obesity
NCT06772597,Hyperphagia
NCT05925920,Obesity
NCT05925920,"Diabetes Mellitus, Type 2"
NCT07508020,Obesity
NCT06039826,Overweight
NCT06039826,Obesity
NCT07566390,Obesity
NCT07566390,Overweight
NCT07104383,Weight Loss
NCT07220759,Overweight
NCT07220759,Obesity
NCT07220759,"Diabetes Mellitus, Type 2"
NCT07505745,Prediabetic State
NCT07505745,Insulin Resistance
NCT07505745,Overweight
NCT07505745,Obesity
NCT07505745,Metabolic Syndrome
NCT06972459,Obesity
NCT06972459,Overweight
NCT07656727,Obesity
NCT07654361,Obesity
NCT07654361,Overweight
NCT05132088,Overweight
NCT05132088,Obesity
NCT07102251,
NCT06932601,Metabolic Syndrome
NCT06932601,Diabetes Mellitus
NCT06932601,Hypertension
NCT06932601,Obesity
NCT06932601,Chronic Disease
NCT06571383,Obesity
NCT07153471,Osteoarthritis
NCT07153471,Arthritis
NCT07153471,Overnutrition
NCT07153471,Nutrition Disorders
NCT07153471,Joint Diseases
NCT07153471,Musculoskeletal Diseases
NCT07153471,Obesity
NCT06023095,Overweight
NCT06023095,Obesity
NCT06040372,Obesity
NCT06040372,Overweight
NCT06143956,Obesity
NCT06143956,Overweight
NCT07230119,Overweight
NCT07230119,Obesity
NCT05548231,Overweight
NCT05548231,Obesity
NCT06066528,Obesity
NCT06066528,"Diabetes Mellitus, Type 2"
NCT05153434,Prader-Willi Syndrome
NCT07324850,Obesity
NCT07324850,Overweight
NCT06047548,Overweight
NCT06047548,Obesity
NCT06077864,Obesity
NCT06366464,Prader-Willi Syndrome
NCT06366464,Disorders of Excessive Somnolence
NCT06366464,Problem Behavior
NCT06000891,Overweight
NCT06000891,Obesity
NCT06564753,Weight Loss
NCT06564753,Obesity
NCT06564753,Body Weight
NCT06564753,Body Weight Changes
NCT06564753,Overweight
NCT06859853,Overweight
NCT06859853,Obesity
NCT05671653,Obesity
NCT07654972,Obesity
NCT07654972,Overweight
NCT04972721,Overweight
NCT04972721,Obesity
NCT05296733,Liver Diseases
NCT05296733,Obesity
NCT06640647,Obesity
NCT06640647,Overweight
NCT06410924,Non-alcoholic Fatty Liver Disease
NCT06410924,Liver Diseases
NCT06410924,Fatty Liver
NCT06857942,Psoriasis
NCT06857942,Overweight
NCT06857942,Obesity
NCT06859268,Obesity
NCT05536804,Overweight
NCT05536804,Obesity
NCT05536804,"Renal Insufficiency, Chronic"
NCT05536804,"Diabetes Mellitus, Type 2"
NCT07020884,Overweight
NCT07020884,Obesity
NCT06712836,Obesity
NCT06712836,Overweight
NCT06129409,Cardiovascular Diseases
NCT04311411,Obesity
NCT04311411,Overweight
NCT07150962,Overweight
NCT07150962,Obesity
NCT06633783,Obesity
NCT07037459,Obesity
NCT07037459,Heart Failure
NCT05209997,Overweight
NCT05209997,Obesity
NCT07430059,Obesity
NCT07430059,Overweight
NCT07768813,Obesity
NCT05194124,Bardet-Biedl Syndrome
NCT05194124,Proopiomelanocortin Deficiency
NCT05194124,Hyperphagia
NCT05651724,Liver Cirrhosis
NCT05651724,Fatty Liver
NCT05651724,"Diabetes Mellitus, Type 2"
NCT05651724,Obesity
NCT05651724,Metabolic Syndrome
NCT05651724,Hypertension
NCT06019559,Obesity
NCT05736120,Obesity
NCT06548100,"Lipodystrophy, Congenital Generalized"
NCT06548100,"Obesity, Morbid"
NCT06548100,Diabetes Mellitus
NCT06548100,Hypertriglyceridemia
NCT06548100,"Lipodystrophy, Familial Partial"
NCT06548100,Insulin Resistance
NCT07170319,Overweight
NCT07170319,Obesity
NCT06176365,Obesity
NCT04375696,Weight Loss
NCT07399678,Overweight
NCT07399678,Obesity
NCT07399678,"Diabetes Mellitus, Type 2"
NCT07399678,Weight Loss
NCT06938269,Overweight
NCT06938269,Obesity
NCT05943886,Obesity
NCT05943886,"Diabetes Mellitus, Type 2"
NCT05844631,Obesity
NCT05844631,Overweight
NCT05844631,Weight Loss
NCT04839419,Metabolic Syndrome
NCT04839419,Obesity Hypoventilation Syndrome
NCT06611930,"Diabetes Mellitus, Type 2"
NCT06611930,Obesity
NCT06611930,Overweight
NCT06309992,Obesity
NCT06309992,Non-alcoholic Fatty Liver Disease
NCT05882045,Obesity
NCT05882045,Cardiovascular Diseases
NCT07509307,Obesity
NCT07509307,Overweight
NCT07509307,"Osteoarthritis, Knee"
NCT07144098,Obesity
NCT07144098,Overweight
NCT07388667,
NCT07738614,Obesity
NCT07738614,Overweight
NCT05098509,Prader-Willi Syndrome
NCT06478563,Obesity
NCT06478563,Overweight
NCT07557355,Overweight
NCT07557355,Obesity
NCT06578143,Obesity
NCT06603571,Obesity
NCT06603571,Overweight
NCT06603571,"Diabetes Mellitus, Type 2"
NCT07223216,Obesity
NCT07223216,Overweight
NCT07223216,Weight Loss
NCT07253285,Overweight
NCT07253285,Obesity
NCT07280221,Obesity
NCT05209984,Overweight
NCT05209984,Obesity
NCT05857319,Overweight
NCT05857319,Obesity
NCT05857319,Cardiovascular Diseases
NCT05857319,Metabolic Diseases
NCT05857319,"Diabetes Mellitus, Type 2"
NCT05857319,"Sleep Apnea, Obstructive"
NCT05857319,Non-alcoholic Fatty Liver Disease
NCT07141030,Obesity
NCT07141030,Overweight
NCT05822544,Obesity
NCT05822544,"Diabetes Mellitus, Type 2"
NCT06894498,Obesity
NCT06894498,Weight Loss
NCT05762471,Overweight
NCT05762471,Obesity
NCT06672549,Obesity
NCT06672549,Overweight
NCT06352424,Obesity
NCT07013643,Obesity
NCT07013643,Overweight
NCT07564414,Obesity
NCT07564414,"Diabetes Mellitus, Type 2"
NCT07676214,Diabetes Mellitus
NCT07676214,Hypertension
NCT07676214,Obesity
NCT07186946,Heart Failure
NCT07186946,Obesity
NCT07186946,Atrial Fibrillation
NCT05503927,Obesity
NCT05503927,Overweight
NCT06279234,"Diabetes Mellitus, Type 2"
NCT06279234,Obesity
NCT07607587,Obesity
NCT07607587,Overweight
NCT06893016,Obesity
NCT06792955,Overweight
NCT06792955,Obesity
NCT04198220,Atrial Fibrillation
NCT04198220,Syncope
NCT04198220,Bradycardia
NCT04198220,Ischemic Stroke
NCT04198220,Obesity
NCT07437079,Overweight
NCT07437079,Obesity
NCT06982131,Overweight
NCT06982131,Obesity
NCT07110766,Obesity
NCT07110766,Overweight
NCT04208620,"Diabetes Mellitus, Type 2"
NCT04208620,Diabetes Mellitus
NCT04251156,Overweight
NCT04251156,Obesity
NCT04251156,"Diabetes Mellitus, Type 2"
NCT07360275,Hypertension
NCT07724431,Overweight
NCT07724431,Obesity
NCT07724431,Weight Loss
NCT07731139,Obesity
NCT07578584,"Diabetes Mellitus, Type 1"
NCT07578584,Overweight
NCT07578584,Obesity
NCT05412004,"Sleep Apnea, Obstructive"
NCT05412004,Obesity
NCT07382908,Overweight
NCT07382908,Obesity
NCT05819125,Venous Thromboembolism
NCT07141914,Overweight
NCT07141914,Obesity
NCT07141914,Heart Failure
NCT07141914,Atherosclerosis
NCT06851858,"Diabetes Mellitus, Type 2"
NCT06851858,Obesity
NCT05514535,"Diabetes Mellitus, Type 2"
NCT05514535,Obesity
NCT07539415,Obesity
NCT07539415,Overweight
NCT07539415,"Diabetes Mellitus, Type 2"
NCT07511205,Obesity
NCT06352437,
NCT06461039,Obesity
NCT06953063,Overweight
NCT06953063,Obesity
NCT06972472,Obesity
NCT06972472,Overweight
NCT06972472,"Diabetes Mellitus, Type 2"
NCT04561245,Obesity
NCT04561245,Non-alcoholic Fatty Liver Disease
NCT07684144,Obesity
NCT07684144,Overweight
NCT07684144,"Diabetes Mellitus, Type 2"
NCT07469800,Overweight
NCT07469800,Obesity
NCT06352892,Obesity
NCT06352892,Overweight
NCT06515418,Obesity
NCT05872269,Non-alcoholic Fatty Liver Disease
NCT05872269,Obesity
NCT05872269,"Diabetes Mellitus, Type 2"
NCT05872269,Dyslipidemias
NCT05872269,Metabolic Syndrome
NCT07284979,Obesity
NCT06283667,Obesity
NCT07142707,Obesity
NCT07142707,Body Weight
NCT07142707,Overweight
NCT07142707,Nutrition Disorders
NCT05236517,Obesity
NCT06929156,"Diabetes Mellitus, Type 2"
NCT06929156,Overweight
NCT06929156,Obesity
NCT06897475,"Diabetes Mellitus, Type 2"
NCT06897475,Obesity
NCT06897475,Overweight
NCT07255209,
NCT06739707,
NCT05677867,Overweight
NCT05677867,Obesity
NCT06548945,Overweight
NCT06548945,Obesity
NCT07523711,Overweight
NCT07523711,Obesity
NCT07230132,Overweight
NCT07230132,Obesity
NCT07501832,"Sleep Apnea, Obstructive"
NCT07284875,Obesity
NCT07284875,Overweight
NCT06557356,Obesity
NCT06988553,Obesity
NCT06988553,Overweight
NCT06988553,"Diabetes Mellitus, Type 2"
NCT06976372,Overweight
NCT06976372,Obesity
NCT06254261,Obesity
NCT05215418,Obesity
NCT05215418,Overweight
NCT07667803,
NCT05282446,Metabolic Syndrome
NCT07311850,Obesity
NCT07311850,Overweight
NCT06417697,Obesity
NCT06391710,
NCT05795166,Obesity
NCT05873660,Obesity
NCT05873660,Overweight
NCT07219589,Obesity
NCT06106334,Obesity
NCT04903509,
NCT06355544,Overweight
NCT06355544,Obesity
NCT06355544,Metabolic Syndrome
NCT06355544,Hypertension
NCT06355544,Hypercholesterolemia
NCT06355544,"Obesity, Abdominal"
NCT07559136,Overweight
NCT07559136,Obesity
NCT06132841,Overweight
NCT06132841,Obesity
NCT06719011,Obesity
NCT06719011,Overweight
NCT07444424,"Diabetes Mellitus, Type 2"
NCT07444424,Obesity
NCT06174779,Obesity
NCT06345066,Obesity
NCT06345066,Overweight
NCT06345066,Body Weight
NCT05881837,Overweight
NCT05881837,Obesity
NCT05437848,Diabetes Mellitus
NCT05437848,"Diabetes Mellitus, Type 2"
NCT05437848,Obesity
NCT05437848,Overweight
NCT07550816,Overweight
NCT07550816,Obesity
NCT07358052,Obesity
NCT07358052,Overweight
NCT06948435,Hypertension
NCT06948435,Overweight
NCT06948435,Obesity
NCT06680440,
NCT07724340,Obesity
NCT07724340,"Diabetes Mellitus, Type 2"
NCT06577090,Obesity
NCT06517797,Obesity
NCT06517797,Diabetes Mellitus
NCT07220642,Obesity
NCT07220642,Overweight
NCT06577766,Obesity
NCT06577766,Overweight
NCT07463846,Obesity
NCT07465965,Overweight
NCT07465965,Obesity
NCT07172867,"Diabetes Mellitus, Type 2"
NCT07172867,Obesity
NCT07395687,Overweight
NCT07395687,Obesity
NCT07492563,Obesity
NCT07492563,"Diabetes Mellitus, Type 2"
NCT06714825,Overweight
NCT06714825,Obesity
NCT07081178,Obesity
NCT04880291,Kidney Diseases
NCT04880291,Diabetic Nephropathies
NCT04880291,Diabetes Complications
NCT04880291,Diabetes Mellitus
NCT04880291,Endocrine System Diseases
NCT07525791,Overweight
NCT07525791,Obesity
NCT05295940,Obesity
NCT07413913,Obesity
NCT05197556,Obesity
NCT04369807,COVID-19
NCT04369807,Metabolic Syndrome
NCT04369807,Obesity
NCT04369807,Non-alcoholic Fatty Liver Disease
NCT07022977,Obesity
NCT07022977,Overweight
NCT07624071,Obesity
NCT07400588,Obesity
NCT07400588,Weight Loss
NCT04881760,Obesity
NCT04881760,Overweight
NCT04881760,Metabolic Diseases
NCT04881760,Weight Loss
NCT04881760,Overnutrition
NCT04707313,Obesity
NCT04707313,Weight Loss
NCT06920056,Overweight
NCT06920056,Obesity
NCT05198362,Prader-Willi Syndrome
NCT05198362,Hyperphagia
NCT07339423,Obesity
NCT07321886,Obesity
NCT07321886,Overweight
NCT06068946,Weight Loss
NCT06068946,Overweight
NCT06068946,Obesity
NCT07351058,Obesity
NCT07351058,Overweight
NCT07351058,"Diabetes Mellitus, Type 2"
NCT06745284,Obesity
NCT06226090,Obesity
NCT06226090,Overweight
NCT07229157,Overweight
NCT07229157,Obesity
NCT06854952,Overweight
NCT06854952,Obesity
NCT07481747,Obesity
NCT07481747,Overweight
NCT05445232,Obesity
NCT05445232,Overweight
NCT06841445,
NCT07518589,Overweight
NCT04681482,Atrial Fibrillation
NCT04681482,Obesity
NCT04681482,Stroke
NCT04649710,Obesity
NCT04649710,Overweight
NCT07269756,Obesity
NCT07269756,Overweight
NCT06037252,"Diabetes Mellitus, Type 2"
NCT06037252,Obesity
NCT06037252,Diabetes Mellitus
NCT06037252,Glucose Metabolism Disorders
NCT06037252,Metabolic Diseases
NCT06037252,Endocrine System Diseases
NCT06037252,Overnutrition
NCT06037252,Nutrition Disorders
NCT06037252,Body Weight
NCT05215847,Obesity
NCT05215847,Weight Gain
NCT06297616,Obesity
NCT06297616,Overweight
NCT06297616,Metabolic Diseases
NCT05054530,Overweight
NCT05054530,Obesity
NCT06973681,Overweight
NCT06973681,Obesity
NCT05111912,Obesity
NCT06547775,Overweight
NCT06547775,Obesity
NCT07605052,Overweight
NCT07605052,Obesity
NCT07553299,Obesity
NCT07553299,Overweight
NCT07553299,Weight Loss
NCT06104358,"Diabetes Mellitus, Type 2"
NCT06104358,Obesity
NCT07355738,
NCT07098663,"Diabetes Mellitus, Type 2"
NCT07098663,Obesity
NCT05896384,
NCT07192263,Obesity
NCT07192263,Overweight
NCT05428501,Obesity
NCT07571109,Obesity
NCT07571109,Overweight
NCT07571109,"Sleep Apnea, Obstructive"
NCT07291232,Obesity
NCT07055607,Obesity
NCT04973111,Diabetes Mellitus
NCT04973111,"Diabetes Mellitus, Type 2"
NCT04973111,Overweight
NCT04973111,Metabolic Diseases
NCT04973111,Body Weight
NCT07481630,Obesity
NCT07481630,"Osteoarthritis, Knee"
NCT06945419,Overweight
NCT06945419,Obesity
NCT06945419,"Diabetes Mellitus, Type 2"
NCT06945419,Weight Loss
NCT06945419,Diabetes Mellitus
NCT07717814,Overweight
NCT07717814,Obesity
NCT05295875,Obesity
NCT05295875,Overweight
NCT06884293,Overweight
NCT05879614,Prader-Willi Syndrome
NCT06716307,Obesity
NCT05421338,
NCT07349381,Obesity
NCT07349381,Overweight
NCT07349381,"Diabetes Mellitus, Type 2"
NCT07429045,Overweight
NCT07429045,Obesity
NCT06534346,Overweight
NCT06534346,Obesity
NCT06567041,"Diabetes Mellitus, Type 2"
NCT06567041,Obesity
NCT06974851,"Sleep Apnea, Obstructive"
NCT06974851,Obesity
NCT06148272,Obesity
NCT06148272,Hypertension
NCT04967209,Neoplasms
NCT04967209,Breast Neoplasms
NCT04967209,Obesity
NCT04967209,Overweight
NCT05794581,"Diabetes Mellitus, Type 1"
NCT05794581,Obesity
NCT05794581,Overweight
NCT06565611,Obesity
NCT06839664,Overweight
NCT06839664,Obesity
NCT07757087,Overweight
NCT07757087,Obesity
NCT07652047,Obesity
NCT07652047,Overweight
NCT07294898,Obesity
NCT07294898,Overweight
NCT06054698,Overweight
NCT06054698,Obesity
NCT06289504,Obesity
NCT05184322,Obesity
NCT05184322,"Diabetes Mellitus, Type 2"
NCT07533175,Diabetes Mellitus
NCT07533175,Overweight
NCT07533175,Obesity
NCT05384431,Overweight
NCT05384431,Obesity
NCT05384431,Motor Activity
NCT05384431,Insulin Resistance
NCT05384431,Inflammation
NCT07140081,Obesity
NCT07140081,Metabolic Diseases
NCT07348601,Prader-Willi Syndrome
NCT04663139,Obesity
NCT04663139,Metabolic Diseases
NCT04966741,Bardet-Biedl Syndrome
NCT04966741,Proopiomelanocortin Deficiency
NCT04966741,Obesity
NCT04966741,Pediatric Obesity
NCT04616339,
NCT07224399,Overweight
NCT07224399,Obesity
NCT06277934,Obesity
NCT07690826,Overweight
NCT07690826,Obesity
NCT07595549,Obesity
NCT07595549,Overweight
NCT07595549,Overnutrition
NCT07595549,Nutrition Disorders
NCT07595549,"Diabetes Mellitus, Type 2"
NCT07595549,Body Weight
NCT07595549,Diabetes Mellitus
NCT07595549,Glucose Metabolism Disorders
NCT07595549,Endocrine System Diseases
NCT07595549,Nutritional and Metabolic Diseases
NCT07595549,Signs and Symptoms
NCT07595549,"Pathological Conditions, Signs and Symptoms"
NCT07595549,Metabolic Diseases
NCT05433506,Obesity
NCT07487376,Overweight
NCT07487376,Obesity
NCT05564117,Overweight
NCT05564117,Obesity
NCT06548997,"Diabetes Mellitus, Type 2"
NCT06548997,Overweight
NCT06548997,Obesity
NCT07710768,Obesity
NCT07710768,Overweight
NCT06994650,
NCT07414784,
NCT07684235,Obesity
NCT07684235,Overweight
NCT07239973,Obesity
NCT06628362,Overweight
NCT06628362,Obesity
NCT06628362,"Diabetes Mellitus, Type 2"
NCT05567796,Obesity
NCT06760546,Sexual Infantilism
NCT06760546,Septo-Optic Dysplasia
NCT06760546,Optic Nerve Hypoplasia
NCT07225686,Obesity
NCT07225686,"Sleep Apnea, Obstructive"
NCT07514260,
NCT07658560,Overweight
NCT05232786,Obesity
NCT06965413,Obesity
NCT06965413,Overweight
NCT06588283,Psoriasis
NCT06588283,Obesity
NCT07521631,Obesity
NCT04844918,Obesity
NCT04844918,Nutrition Disorders
NCT06567327,Obesity
NCT06567327,Overweight
NCT06732245,Obesity
NCT06732245,Overweight
NCT07279194,Obesity
NCT07279194,Overweight
NCT05929066,Obesity
NCT05929066,Overweight
NCT05929066,"Osteoarthritis, Knee"
NCT05929066,"Sleep Apnea, Obstructive"
NCT07600866,Sarcopenia
NCT07600866,Obesity
NCT05572346,Respiration Disorders
NCT05572346,Asthma
NCT05572346,Post-Acute COVID-19 Syndrome
NCT05572346,"Pulmonary Disease, Chronic Obstructive"
NCT05572346,Obesity
NCT05572346,Pulmonary Fibrosis
NCT05572346,Bronchiectasis
NCT05572346,Respiratory Tract Diseases
NCT07152470,Overweight
NCT07152470,Obesity
NCT06564441,Overweight
NCT06564441,Obesity
NCT07710729,Overweight
NCT07710729,Obesity
NCT06804603,Obesity
NCT06804603,Nausea
NCT06804603,Vomiting
NCT07589608,Overweight
NCT07589608,Obesity
NCT07009171,Overweight
NCT07009171,Obesity
NCT05814107,"Diabetes Mellitus, Type 2"
NCT05814107,Overweight
NCT05814107,Obesity
NCT04447261,Obesity
NCT06559527,"Diabetes Mellitus, Type 2"
NCT06559527,Obesity
NCT06559527,Overweight
NCT06842186,Overweight
NCT06842186,Obesity
NCT07313761,Overweight
NCT07313761,Obesity
NCT07281937,Obesity
NCT07281937,Overweight
NCT07281937,Hypertension
NCT07281937,Weight Loss
NCT04081337,Obesity
NCT06987695,Overweight
NCT06987695,Body Weight
NCT06987695,"Diabetes Mellitus, Type 2"
NCT07639021,Obesity
NCT07668414,Overweight
NCT07668414,Obesity
NCT07629544,Overweight
NCT07629544,Obesity
NCT06151964,Overweight
NCT06151964,Obesity
NCT06151964,Non-alcoholic Fatty Liver Disease
NCT06151964,"Diabetes Mellitus, Type 2"
NCT06151964,Fatty Liver
NCT06151964,Weight Loss
NCT07450664,Prader-Willi Syndrome
NCT06124807,Obesity
NCT06124807,Overweight
NCT06124807,Weight Loss
NCT06124807,Overnutrition
NCT06642571,Obesity
NCT07284901,Obesity
NCT07284901,Overweight
NCT07284901,Diabetes Mellitus
NCT07216651,Obesity
NCT07216651,Overweight
NCT05774756,Sexual Infantilism
NCT05872022,Obesity
NCT05872022,Overweight
NCT04838639,Obesity
NCT04926051,
NCT07662122,Obesity
NCT07662122,Overweight
NCT07353931,Osteoarthritis
NCT07353931,Overweight
NCT07353931,Obesity
NCT06942923,Atherosclerosis
NCT06942923,"Renal Insufficiency, Chronic"
NCT06942923,"Diabetes Mellitus, Type 2"
NCT06942923,Obesity
NCT06845943,Obesity
NCT06845943,Overweight
NCT06396429,Overweight
NCT06396429,Obesity
NCT07736404,Overweight
NCT07736404,Obesity
NCT06700538,Obesity
NCT07119450,Overweight
NCT07119450,Obesity
NCT07693868,Obesity
NCT05380323,Overweight
NCT05380323,Obesity
NCT04524403,Obesity
NCT04524403,Weight Gain
NCT04524403,Mental Disorders
NCT04524403,Schizophrenia
NCT06242535,Insulin Resistance
NCT06242535,Obesity
NCT06242535,Cardiovascular Diseases
NCT06242535,Cognitive Dysfunction
NCT06242535,Depression
NCT06242535,Inflammation
NCT06242535,Sedentary Behavior
NCT06242535,Hyperlipidemias
NCT06242535,Hypertension
NCT06242535,Hyperphagia
NCT05219240,Obesity
NCT05219240,Cardiovascular Diseases
NCT05219240,Metabolic Syndrome
NCT05219240,Metabolic Diseases
NCT04238962,Overweight
NCT04238962,Obesity
NCT07648225,Obesity
NCT07648225,Overweight
NCT06911203,Obesity
NCT07134335,Obesity
NCT07134335,Overweight
NCT07134335,"Renal Insufficiency, Chronic"
NCT06938529,Obesity
NCT06938529,Overweight
NCT07184502,
NCT07748351,
NCT04788511,Obesity
NCT07467447,Obesity
NCT07467447,Weight Loss
NCT07467447,Body Weight
NCT07035093,Obesity
NCT07035093,Overweight
NCT06563115,Insulin Resistance
NCT07160400,Obesity
NCT07081958,Obesity
NCT07081958,Overweight
NCT06239116,Sexual Infantilism
NCT06239116,Prader-Willi Syndrome
NCT06239116,Obesity
NCT07232732,Obesity
NCT07232732,Overweight
NCT07055516,Obesity
NCT07055516,"Diabetes Mellitus, Type 2"
NCT07037433,Atherosclerosis
NCT07037433,Overweight
NCT07037433,Obesity
NCT04839393,
NCT05996848,Obesity
NCT05996848,Overweight
NCT06820476,Overweight
NCT06820476,Obesity
NCT06490263,Overweight
NCT06490263,Obesity
NCT06786052,Obesity
NCT06786052,Overweight
NCT07476118,Obesity
NCT07476118,Overweight
NCT07721597,Overweight
NCT07721597,Obesity
NCT04478708,Obesity
NCT06934408,Obesity
NCT06934408,Overweight
NCT07143227,Obesity
NCT07752979,Obesity
NCT07752979,Overweight
NCT07262762,Obesity
NCT07262762,Overweight
NCT04482725,Obesity
NCT07702890,Obesity
NCT07702890,"Diabetes Mellitus, Type 2"
NCT04657003,"Diabetes Mellitus, Type 2"
NCT04657003,Overweight
NCT04657003,Obesity
NCT04657003,Nutrition Disorders
NCT07767942,"Sleep Apnea, Obstructive"
NCT07767942,Obesity
NCT05737927,Obesity
NCT07017179,Obesity
NCT07017179,Overweight
NCT07392190,Overweight
NCT07392190,Obesity
NCT06214741,Obesity
NCT06214741,Overweight
NCT07589686,Obesity
NCT07589686,Overweight
NCT06662539,Obesity
NCT06585462,
NCT05378503,Obesity
NCT04621227,Obesity
NCT05313802,Obesity
NCT06064006,Obesity
NCT06064006,Overweight
NCT06200467,Overweight
NCT06200467,Obesity
NCT06762600,Overweight
NCT06762600,Obesity
NCT06820099,Obesity
NCT04389775,"Diabetes Mellitus, Type 2"
NCT04389775,Obesity
NCT04389775,Non-alcoholic Fatty Liver Disease
NCT06299098,Obesity
NCT06562907,
NCT04440345,Overweight
NCT04440345,Obesity
NCT07154238,Obesity
NCT06962280,"Diabetes Mellitus, Type 1"
NCT06962280,Obesity
NCT06962280,Overweight
NCT04775082,Obesity
NCT05804162,Obesity
NCT07230496,Overweight
NCT07230496,Obesity
NCT07532655,Overweight
NCT07532655,Obesity
NCT06833749,Obesity
NCT06833749,Osteoarthritis
NCT06833749,Pain
NCT07446998,Obesity
NCT07446998,Overweight
NCT06596135,Obesity
NCT06596135,Sexual Infantilism
NCT07570758,Obesity
NCT07570758,Overweight
NCT06830343,Overweight
NCT06830343,Obesity
NCT06139055,
NCT05422378,"Obesity, Abdominal"
NCT04904913,
NCT06230523,Obesity
NCT06230523,Overweight
NCT06230523,Overnutrition
NCT05931380,Obesity
NCT05931380,Overweight
NCT05931380,Nutrition Disorders
NCT06728124,Obesity
NCT06728124,Overweight
NCT07169942,Obesity
NCT07169942,Overweight
NCT04725240,Sexual Infantilism
NCT06282458,Muscular Atrophy
NCT06282458,Obesity
NCT07723833,"Diabetes Mellitus, Type 2"
NCT07723833,Glucose Metabolism Disorders
NCT07723833,Metabolic Diseases
NCT07723833,Obesity
NCT05835752,Obesity
NCT05841238,Obesity
NCT06683508,Obesity
NCT06683508,Overweight
NCT05642533,Obesity
NCT05284617,
NCT06184568,"Diabetes Mellitus, Type 2"
NCT06184568,Obesity
NCT07400107,Obesity
NCT07400107,Overweight
NCT07400107,"Diabetes Mellitus, Type 2"
NCT06500429,Overweight
NCT06500429,Obesity
NCT07697846,Overweight
NCT07697846,Obesity
NCT04667377,Obesity
NCT05677464,Obesity
NCT07725809,Overweight
NCT07725809,Obesity
NCT06481098,Obesity
NCT07670416,Obesity
NCT07670416,Overweight
NCT07670416,"Diabetes Mellitus, Type 2"
NCT07673900,
NCT07104500,Weight Loss
NCT07477704,Hypercholesterolemia
NCT07477704,Obesity
NCT04493567,
NCT07458269,Obesity
NCT07747857,Obesity
NCT07438444,"Diabetes Mellitus, Type 2"
NCT07438444,Obesity
NCT07438444,Overweight
NCT07429032,Overweight
NCT07429032,Obesity
NCT05696847,Obesity
NCT07205913,"Diabetes Mellitus, Type 2"
NCT07205913,Obesity
NCT07205913,Metabolic Diseases
NCT06858878,"Diabetes Mellitus, Type 2"
NCT06858878,Obesity
NCT06858878,Overweight
NCT05712876,
NCT07123779,"Hypertension, Pulmonary"
NCT05051579,Obesity
NCT05051579,Overweight
NCT05701774,Prader-Willi Syndrome
NCT05322096,Prader-Willi Syndrome
NCT05322096,Obesity
NCT07099742,Obesity
NCT06595797,
NCT06637020,Overweight
NCT06637020,Obesity
NCT07407348,Obesity
NCT07407348,Overweight
NCT06901349,Obesity
NCT06901349,Overweight
NCT06901349,"Diabetes Mellitus, Type 2"
NCT06901349,Platelet Glycoprotein IV Deficiency
NCT06703021,Obesity
NCT06703021,Overweight
NCT07156578,Sexual Infantilism
NCT06857617,Obesity
NCT06857617,Overweight
NCT06435676,Overweight
NCT06435676,Obesity
NCT06435676,"Diabetes Mellitus, Type 2"
NCT07238647,Obesity
NCT06525935,Obesity
NCT06525935,Overweight
NCT07000955,Obesity
NCT07065058,Obesity
NCT07065058,Overweight
NCT05931367,Obesity
NCT05931367,Overweight
NCT07280936,Obesity
NCT07280936,Overweight
NCT04257929,Prader-Willi Syndrome
NCT06737536,Overweight
NCT06737536,Obesity
NCT06542536,Obesity
NCT05579977,Diabetes Mellitus
NCT05579977,Obesity
NCT05761301,"Diabetes Mellitus, Type 2"
NCT05761301,Overweight
NCT05761301,Obesity
NCT05761301,Insulin Resistance
NCT07567001,Obesity
NCT07567001,Heart Failure
NCT07338214,Obesity
NCT07338214,Overweight
NCT05511025,Overweight
NCT05511025,Obesity
NCT05934110,Overweight
NCT05934110,Obesity
NCT07347808,Obesity
NCT07347808,Overweight
NCT07057674,Overweight
NCT07057674,Obesity
NCT06373146,Obesity
NCT06621017,Obesity
NCT06621017,Overweight
NCT06621017,Anorexia
NCT07441252,Overweight
NCT07441252,Obesity
NCT06600581,
NCT06066515,Obesity
NCT05387798,Prader-Willi Syndrome
NCT06862908,Obesity
NCT05813925,Obesity
NCT05813925,Overweight
NCT07299084,"Diabetes Mellitus, Type 2"
NCT07299084,Overweight
NCT07299084,Obesity
NCT07220772,"Obesity, Morbid"
NCT06445075,Overweight
NCT06445075,Obesity
NCT06541730,Overweight
NCT06541730,Obesity
NCT06288399,Obesity
NCT06584916,Obesity
NCT06584916,Overweight
NCT06584916,Body Weight Changes
NCT06584916,Weight Loss
NCT06948747,Obesity
NCT06948747,"Diabetes Mellitus, Type 2"
NCT06828055,Weight Loss
NCT06737042,Obesity
NCT06737042,Overweight
NCT06737042,Weight Loss
NCT07266324,Prader-Willi Syndrome
NCT07670884,
NCT06371326,Overweight
NCT06371326,Obesity
NCT05613387,Overweight
NCT05613387,Obesity
NCT06471530,Overweight
NCT06471530,Obesity
NCT05579444,"Colitis, Ulcerative"
NCT05579444,Crohn Disease
NCT05579444,Obesity
NCT05579444,Colonic Polyps
NCT05579444,Eosinophilic Esophagitis
NCT05579444,Gastroesophageal Reflux
NCT05579444,Barrett Esophagus
NCT05579444,Esophageal Neoplasms
NCT05579444,Gastritis
NCT05579444,Stomach Ulcer
NCT05579444,Duodenal Ulcer
NCT05579444,Stomach Neoplasms
NCT05579444,"Colitis, Lymphocytic"
NCT05579444,"Colitis, Microscopic"
NCT05579444,Celiac Disease
NCT05579444,Irritable Bowel Syndrome
NCT05579444,Non-alcoholic Fatty Liver Disease
NCT05579444,Cholelithiasis
NCT05579444,Gastrointestinal Diseases
NCT06326060,Obesity
NCT04969939,Obesity
NCT06568731,Obesity
NCT06568731,Overweight
NCT07351045,Obesity
NCT07351045,Overweight
NCT06305351,Obesity
NCT06305351,"Diabetes Mellitus, Type 2"
NCT07030868,Obesity
NCT07030868,Overweight
NCT07030868,"Diabetes Mellitus, Type 2"
NCT06738979,Obesity
NCT07400679,Overweight
NCT07400679,Obesity
NCT05822830,Obesity
NCT05822830,Overweight
NCT05822830,Disease
NCT05822830,Prediabetic State
NCT05822830,Motor Activity
NCT05788328,
NCT07588984,Obesity
NCT07588984,Overweight
NCT07588984,Weight Loss
NCT07588984,Body Weight
NCT05891834,Obesity
NCT05891834,Metabolic Syndrome
NCT06259981,Obesity
NCT04799327,Obesity
NCT06648031,
NCT07493057,"Sleep Apnea, Obstructive"
NCT07493057,Obesity
NCT05383456,Acquired Immunodeficiency Syndrome
NCT05383456,HIV-Associated Lipodystrophy Syndrome
NCT05383456,Liver Diseases
NCT05383456,Non-alcoholic Fatty Liver Disease
NCT05383456,Liver Cirrhosis
NCT05383456,Fatty Liver
NCT05383456,HIV Infections
NCT06858839,Obesity
NCT06858839,Overweight
NCT06858839,Body Weight
NCT04940078,Obesity
NCT04940078,Overweight
NCT06493084,Overweight
NCT06144684,Overweight
NCT07499050,Overweight
NCT07499050,Obesity
NCT07150975,Obesity
NCT07011667,Obesity
NCT07534592,"Diabetes Mellitus, Type 2"
NCT07534592,Obesity
NCT05310032,Obesity
NCT07479862,Obesity
NCT07479862,Overweight
NCT06041217,Overweight
NCT06041217,Obesity
NCT05690789,Obesity
NCT07675590,Obesity
NCT07675590,Overweight
NCT07675590,"Diabetes Mellitus, Type 1"
NCT07128888,Obesity
NCT07128888,Overweight
NCT05247970,Obesity
NCT06937086,"Colitis, Ulcerative"
NCT06937086,Obesity
NCT06937086,Overweight
NCT07770841,Overweight
NCT07770841,Obesity
NCT07008456,Obesity
NCT04521751,Overweight
NCT04521751,Obesity
NCT07004322,"Diabetes Mellitus, Type 2"
NCT07004322,Obesity
NCT06252220,Obesity
NCT04826159,"Diabetes Mellitus, Type 2"
NCT04826159,Diabetic Cardiomyopathies
NCT04079920,"Arthritis, Rheumatoid"
NCT05685420,"Purpura, Thrombocytopenic, Idiopathic"
NCT07667322,Multiple Sclerosis
NCT07667322,"Multiple Sclerosis, Relapsing-Remitting"
NCT07667322,"Multiple Sclerosis, Chronic Progressive"
NCT06688435,Myasthenia Gravis
NCT05214690,Osteoarthritis
NCT05214690,"Arthritis, Rheumatoid"
NCT05214690,Back Pain
NCT05810961,"Glomerulonephritis, Membranous"
NCT05810961,Kidney Diseases
NCT05810961,Urologic Diseases
NCT05810961,Glomerulonephritis
NCT05430854,"Lupus Erythematosus, Systemic"
NCT04871919,"Arthritis, Rheumatoid"
NCT06801119,"Lupus Erythematosus, Systemic"
NCT06801119,"Scleroderma, Diffuse"
NCT06801119,"Arthritis, Rheumatoid"
NCT04281472,"Polyradiculoneuropathy, Chronic Inflammatory Demyelinating"
NCT07275736,
NCT04779892,"Arthritis, Rheumatoid"
NCT05328557,"Lupus Erythematosus, Systemic"
NCT04669600,"Purpura, Thrombocytopenic, Idiopathic"
NCT06413511,Autoimmune Diseases
NCT06413511,"Lupus Erythematosus, Systemic"
NCT06675864,"Multiple Sclerosis, Chronic Progressive"
NCT06675864,Multiple Sclerosis
NCT05866614,"Arthritis, Rheumatoid"
NCT05866614,"Spondylitis, Ankylosing"
NCT05866614,"Arthritis, Psoriatic"
NCT05866614,Psoriasis
NCT07743281,Multiple Sclerosis
NCT07743281,Recurrence
NCT05634967,Multiple Sclerosis
NCT04356339,Multiple Sclerosis
NCT07673627,Myasthenia Gravis
NCT04930094,Giant Cell Arteritis
NCT04930094,Vasculitis
NCT05070845,"Purpura, Thrombocytopenic, Idiopathic"
NCT04652570,"Glomerulonephritis, Membranous"
NCT05248841,"Diabetes Mellitus, Type 1"
NCT05248841,"Diabetes Mellitus, Type 2"
NCT05123703,"Multiple Sclerosis, Relapsing-Remitting"
NCT04909502,Multiple Sclerosis
NCT04909502,Nervous System Diseases
NCT04909502,Autoimmune Diseases of the Nervous System
NCT04909502,"Multiple Sclerosis, Relapsing-Remitting"
NCT04378075,Mitochondrial Diseases
NCT04378075,Drug Resistant Epilepsy
NCT04378075,Leigh Disease
NCT04378075,Mitochondrial encephalopathy
NCT04378075,MELAS Syndrome
NCT04378075,Pontocerebellar Hypoplasia Type 6
NCT04378075,Diffuse Cerebral Sclerosis of Schilder
NCT04378075,MERRF Syndrome
NCT04378075,Seizures
NCT04378075,Status Epilepticus
NCT04378075,Nerve Degeneration
NCT06880081,"Purpura, Thrombocytopenic, Idiopathic"
NCT04376827,Lupus Nephritis
NCT05487703,"Arthritis, Rheumatoid"
NCT07595653,Myasthenia Gravis
NCT06189157,"Lupus Erythematosus, Systemic"
NCT07226830,Myasthenia Gravis
NCT05065970,Kidney Diseases
NCT05065970,Urologic Diseases
NCT05065970,"Glomerulonephritis, IGA"
NCT04895202,"Multiple Sclerosis, Chronic Progressive"
NCT04976322,"Lupus Erythematosus, Systemic"
NCT05663853,"Multiple Sclerosis, Relapsing-Remitting"
NCT05663853,"Multiple Sclerosis, Chronic Progressive"
NCT06400303,"Scleroderma, Systemic"
NCT06400303,"Scleroderma, Diffuse"
NCT06400303,Autoimmune Diseases
NCT06290141,"Polyradiculoneuropathy, Chronic Inflammatory Demyelinating"
NCT06435312,Myasthenia Gravis
NCT07523282,Autoimmune Diseases
NCT07523282,"Lupus Erythematosus, Systemic"
NCT07523282,"Scleroderma, Systemic"
NCT06967480,Myasthenia Gravis
NCT07570862,Lupus Nephritis
NCT07570862,"Lupus Erythematosus, Systemic"
NCT07504783,Multiple Sclerosis
NCT07504783,Personal Satisfaction
NCT07504783,Patient Satisfaction
NCT05757570,"Purpura, Thrombocytopenic, Idiopathic"
NCT05757570,"Anemia, Hemolytic, Autoimmune"
NCT05757570,"Anemia, Hemolytic"
NCT07299422,"Lupus Erythematosus, Systemic"
NCT07620405,Graves Ophthalmopathy
NCT05217472,Sjogren's Syndrome
NCT05004428,"Diabetes Mellitus, Type 2"
NCT05004428,"Renal Insufficiency, Chronic"
NCT05004428,Cardiovascular Diseases
NCT05004428,Kidney Diseases
NCT05004428,"Diabetes Mellitus, Type 1"
NCT05131971,Multiple Sclerosis
NCT05131971,"Colitis, Ulcerative"
NCT06246123,"Arthritis, Rheumatoid"
NCT06246123,"Colitis, Ulcerative"
NCT07403188,Lupus Nephritis
NCT07403188,Stiff-Person Syndrome
NCT07403188,"Arthritis, Rheumatoid"
NCT07403188,Multiple Sclerosis
NCT07403188,Dermatomyositis
NCT07403188,"Scleroderma, Systemic"
NCT06869551,"Arthritis, Juvenile"
NCT05528666,Multiple Sclerosis
NCT06596772,"Arthritis, Rheumatoid"
NCT06563856,Graves Ophthalmopathy
NCT04451772,"Lupus Erythematosus, Systemic"
NCT05451212,Myasthenia Gravis
NCT05451212,Autoimmune Diseases
NCT05451212,Immune System Diseases
NCT05451212,Muscle Weakness
NCT05451212,Neuromuscular Diseases
NCT05451212,Musculoskeletal Diseases
NCT04634253,"Arthritis, Rheumatoid"
NCT06153095,"Lupus Erythematosus, Systemic"
NCT06153095,Lupus Nephritis
NCT04701164,Guillain-Barre Syndrome
NCT06674577,"Glomerulonephritis, IGA"
NCT06674577,Urologic Diseases
NCT06754462,"Arthritis, Rheumatoid"
NCT06754462,Autoimmune Diseases
NCT05856448,"Lupus Erythematosus, Systemic"
NCT07753603,Graves Ophthalmopathy
NCT07753603,Graves Disease
NCT07753603,Hashimoto Disease
NCT05123586,"Lupus Erythematosus, Systemic"
NCT05123586,Autoimmune Diseases
NCT06308978,Anti-Neutrophil Cytoplasmic Antibody-Associated Vasculitis
NCT06308978,Myositis
NCT06308978,"Scleroderma, Systemic"
NCT06308978,"Lupus Erythematosus, Systemic"
NCT06308978,Lupus Nephritis
NCT06308978,Autoimmune Diseases
NCT04926818,Multiple Sclerosis
NCT04926818,Recurrence
NCT07556120,Myasthenia Gravis
NCT06148389,"Purpura, Thrombocytopenic, Idiopathic"
NCT05218096,Myasthenia Gravis
NCT07431775,"Lupus Erythematosus, Systemic"
NCT07430306,"Lupus Erythematosus, Systemic"
NCT06346704,Multiple Sclerosis
NCT07205315,Burkitt Lymphoma
NCT07205315,"Leukemia, Lymphocytic, Chronic, B-Cell"
NCT07205315,"Lymphoma, B-Cell"
NCT07205315,"Anemia, Hemolytic, Autoimmune"
NCT07748533,"Anemia, Hemolytic, Autoimmune"
NCT05494619,Guillain-Barre Syndrome
NCT07388992,Multiple Sclerosis
NCT06724809,Neuromyelitis Optica
NCT07675226,"Purpura, Thrombocytopenic, Idiopathic"
NCT07675226,"Arthritis, Rheumatoid"
NCT04684602,Autoimmune Diseases
NCT04684602,Cardiovascular Diseases
NCT04684602,Diabetes Complications
NCT04684602,Skin Diseases
NCT04684602,Musculoskeletal Diseases
NCT04684602,Neurodegenerative Diseases
NCT04684602,Nervous System Diseases
NCT04684602,Lung Diseases
NCT04684602,"Sexual Dysfunction, Physiological"
NCT04684602,Urologic Diseases
NCT04684602,Virus Diseases
NCT04684602,Erectile Dysfunction
NCT04684602,Heart Diseases
NCT04684602,Mental Disorders
NCT04684602,Neurocognitive Disorders
NCT04684602,Central Nervous System Diseases
NCT04684602,Tauopathies
NCT04684602,Brain Diseases
NCT04684602,Dementia
NCT04684602,Disease
NCT04684602,Cardiomyopathies
NCT04684602,Peripheral Nervous System Diseases
NCT04684602,Alzheimer Disease
NCT04684602,Immune System Diseases
NCT04684602,Neuromuscular Diseases
NCT04684602,COVID-19
NCT06115967,"Arthritis, Rheumatoid"
NCT05957107,"Arthritis, Rheumatoid"
NCT07491900,Lupus Nephritis
NCT05138133,Lupus Nephritis
NCT05138133,"Lupus Erythematosus, Systemic"
NCT05620407,"Lupus Erythematosus, Systemic"
NCT05620407,Autoimmune Diseases
NCT05620407,Immune System Diseases
NCT05620407,Connective Tissue Diseases
NCT05418101,Autoimmune Diseases
NCT04948099,Autoimmune Diseases
NCT04948099,Rheumatic Diseases
NCT05278663,"Lupus Erythematosus, Systemic"
NCT06723106,Antiphospholipid Syndrome
NCT06723106,"Pemphigoid, Bullous"
NCT06723106,Behcet Syndrome
NCT06723106,Dermatomyositis
NCT06723106,"Purpura, Thrombocytopenic, Idiopathic"
NCT06673043,"Lupus Erythematosus, Systemic"
NCT04833894,Myasthenia Gravis
NCT05001737,Macrophage Activation Syndrome
NCT05001737,"Arthritis, Juvenile"
NCT05001737,"Lupus Erythematosus, Systemic"
NCT05155345,"Lupus Erythematosus, Systemic"
NCT05798117,"Lupus Erythematosus, Systemic"
NCT05798117,Lupus Nephritis
NCT06858579,"Polyradiculoneuropathy, Chronic Inflammatory Demyelinating"
NCT05427942,"Arthritis, Rheumatoid"
NCT05427942,"Spondylitis, Ankylosing"
NCT05427942,Non-Radiographic Axial Spondyloarthritis
NCT05427942,"Arthritis, Psoriatic"
NCT05427942,Crohn Disease
NCT05427942,"Colitis, Ulcerative"
NCT05427942,Personal Satisfaction
NCT04557462,"Glomerulonephritis, IGA"
NCT04557462,"Renal Insufficiency, Chronic"
NCT04557462,Glomerulonephritis
NCT06852573,"Lupus Erythematosus, Systemic"
NCT05134441,Multiple Sclerosis
NCT06549296,"Lupus Erythematosus, Systemic"
NCT06549296,"Scleroderma, Systemic"
NCT06549296,Anti-Neutrophil Cytoplasmic Antibody-Associated Vasculitis
NCT06549296,Myositis
NCT06549296,Sjogren's Syndrome
NCT06549296,Autoimmune Diseases
NCT07770815,"Glomerulonephritis, IGA"
NCT05800327,"Arthritis, Rheumatoid"
NCT07498335,"Glomerulonephritis, IGA"
NCT07498335,Kidney Diseases
NCT07498335,"Renal Insufficiency, Chronic"
NCT07498335,Glomerulonephritis
NCT07498335,Urologic Diseases
NCT07623668,Optic Neuritis
NCT07623668,Optic Nerve Diseases
NCT07623668,Multiple Sclerosis
NCT07623668,Vision Disorders
NCT06853444,"Purpura, Thrombocytopenic, Idiopathic"
NCT07091630,"Polyradiculoneuropathy, Chronic Inflammatory Demyelinating"
NCT05913817,Crohn Disease
NCT05913817,"Colitis, Ulcerative"
NCT05913817,"Arthritis, Rheumatoid"
NCT05913817,"Spondylitis, Ankylosing"
NCT05913817,"Arthritis, Psoriatic"
NCT05913817,Hidradenitis Suppurativa
NCT07371468,"Lupus Erythematosus, Systemic"
NCT07371468,"Arthritis, Rheumatoid"
NCT07371468,Myositis
NCT07371468,Sjogren's Syndrome
NCT06588491,Stiff-Person Syndrome
NCT06342700,Autoimmune Diseases
NCT05203692,"Lupus Erythematosus, Systemic"
NCT04428424,"Arthritis, Rheumatoid"
NCT05474885,Recurrence
NCT05474885,"Lupus Erythematosus, Systemic"
NCT05474885,Autoimmune Diseases
NCT06137768,"Glomerulonephritis, IGA"
NCT06731218,"Diabetes Mellitus, Type 1"
NCT06731218,Diabetes Mellitus
NCT05516758,"Arthritis, Rheumatoid"
NCT05516758,Arthritis
NCT05516758,Joint Diseases
NCT05516758,Musculoskeletal Diseases
NCT05516758,Rheumatic Diseases
NCT05516758,Connective Tissue Diseases
NCT05516758,Autoimmune Diseases
NCT05516758,Immune System Diseases
NCT07276958,"Lupus Erythematosus, Systemic"
NCT07276958,"Arthritis, Rheumatoid"
NCT07355218,"Lupus Erythematosus, Cutaneous"
NCT07355218,"Lupus Erythematosus, Discoid"
NCT07355218,"Lupus Erythematosus, Systemic"
NCT06665308,"Purpura, Thrombocytopenic, Idiopathic"
NCT07194850,"Purpura, Thrombocytopenic, Idiopathic"
NCT06687174,"Glomerulonephritis, IGA"
NCT06687174,Kidney Diseases
NCT05938725,Lupus Nephritis
NCT05938725,Glomerulonephritis
NCT05938725,Autoimmune Diseases
NCT04230213,"Arthritis, Rheumatoid"
NCT06531018,"Purpura, Thrombocytopenic, Idiopathic"
NCT04956276,
NCT04737850,"Purpura, Thrombocytopenic, Idiopathic"
NCT04499235,"Pemphigoid, Bullous"
NCT04499235,Autoimmune Diseases
NCT04499235,Skin Diseases
NCT04667117,Multiple Sclerosis
NCT06623240,"Arthritis, Juvenile"
NCT06623240,Arthritis
NCT06429800,Lupus Nephritis
NCT06429800,"Lupus Erythematosus, Systemic"
NCT06429800,Epstein-Barr Virus Infections
NCT05581199,"Polyradiculoneuropathy, Chronic Inflammatory Demyelinating"
NCT05581199,Autoimmune Diseases
NCT06209177,"Glomerulonephritis, IGA"
NCT07620392,"Arthritis, Rheumatoid"
NCT05126277,Lupus Nephritis
NCT05126277,"Lupus Erythematosus, Systemic"
NCT05126277,Nephritis
NCT05314231,Proteinuria
NCT05314231,"Renal Insufficiency, Chronic"
NCT05314231,Lupus Nephritis
NCT05314231,"Glomerulonephritis, IGA"
NCT05314231,"Glomerulosclerosis, Focal Segmental"
NCT05314231,Diabetic Nephropathies
NCT05314231,"Nephrosis, Lipoid"
NCT05314231,"Hematuria, Benign Familial"
NCT05314231,"Glomerulonephritis, Membranoproliferative"
NCT05983939,Multiple Sclerosis
NCT07224321,"Diabetes Mellitus, Type 1"
NCT07224321,Diabetes Mellitus
NCT07224321,Insulin Resistance
NCT07224321,Respiratory Aspiration
NCT05347992,"Lupus Erythematosus, Systemic"
NCT06712628,"Arthritis, Rheumatoid"
NCT05176639,Graves Ophthalmopathy
NCT05176639,Graves Disease
NCT07276581,"Arthritis, Rheumatoid"
NCT04879628,Multiple Sclerosis
NCT04971980,"Arthritis, Rheumatoid"
NCT04971980,Autoimmune Diseases
NCT05680480,Lupus Nephritis
NCT05680480,Nephritis
NCT04904276,"Purpura, Thrombocytopenic, Idiopathic"
NCT07274059,"Lupus Erythematosus, Systemic"
NCT05170646,"Arthritis, Rheumatoid"
NCT06590090,"Arthritis, Rheumatoid"
NCT07091370,"Anemia, Hemolytic, Autoimmune"
NCT07294170,Myasthenia Gravis
NCT07234773,"Arthritis, Rheumatoid"
NCT07104565,"Purpura, Thrombocytopenic, Idiopathic"
NCT05855109,"Arthritis, Rheumatoid"
NCT05855109,"Lung Diseases, Interstitial"
NCT07607964,"Lupus Erythematosus, Systemic"
NCT07607964,"Arthritis, Rheumatoid"
NCT05504187,"Lupus Erythematosus, Systemic"
NCT05504187,Thrombotic Microangiopathies
NCT05807971,Inflammatory Bowel Diseases
NCT05807971,Crohn Disease
NCT05807971,"Colitis, Ulcerative"
NCT05807971,Autoimmune Diseases
NCT05465707,"Lupus Erythematosus, Systemic"
NCT07463521,Myasthenia Gravis
NCT04457856,"Arthritis, Rheumatoid"
NCT06064461,Myasthenia Gravis
NCT05027373,"Arthritis, Juvenile"
NCT05380453,Giant Cell Arteritis
NCT05380453,Vasculitis
NCT05380453,Vascular Diseases
NCT05380453,Polymyalgia Rheumatica
NCT05380453,Arteritis
NCT06824896,Autoimmune Diseases
NCT07305818,Graves Disease
NCT07305818,Hyperthyroidism
NCT07596680,"Lupus Erythematosus, Systemic"
NCT07596680,"Scleroderma, Systemic"
NCT07596680,Anti-Neutrophil Cytoplasmic Antibody-Associated Vasculitis
NCT07596680,Myositis
NCT07596680,Sjogren's Syndrome
NCT06544642,Sjogren's Syndrome
NCT04572841,Sjogren's Syndrome
NCT05704361,Multiple Sclerosis
NCT06984341,"Lupus Erythematosus, Systemic"
NCT06984341,Lupus Nephritis
NCT04170426,"Arthritis, Rheumatoid"
NCT06752876,"Lupus Erythematosus, Systemic"
NCT06752876,Lupus Nephritis
NCT06752876,Autoimmune Diseases
NCT06569758,Graves Ophthalmopathy
NCT05514548,Diabetic Nephropathies
NCT05514548,"Diabetes Mellitus, Type 1"
NCT05514548,"Diabetes Mellitus, Type 2"
NCT05350072,Sjogren's Syndrome
NCT05648500,"Lupus Erythematosus, Systemic"
NCT05648500,Connective Tissue Diseases
NCT05648500,Immune System Diseases
NCT05648500,Autoimmune Diseases
NCT07059000,"Purpura, Thrombocytopenic, Idiopathic"
NCT07059000,Autoimmune Diseases
NCT07059000,Hemorrhagic Disorders
NCT07059000,Hematologic Diseases
NCT07059000,Blood Coagulation Disorders
NCT04200456,"Purpura, Thrombocytopenic, Idiopathic"
NCT07444567,Asthma
NCT07444567,Churg-Strauss Syndrome
NCT07444567,Hypereosinophilic Syndrome
NCT06528665,Multiple Sclerosis
NCT06528665,"Colitis, Ulcerative"
NCT04516967,"Purpura, Thrombocytopenic, Idiopathic"
NCT06333483,"Lupus Erythematosus, Systemic"
NCT04625153,"Multiple Sclerosis, Relapsing-Remitting"
NCT05385744,Multiple Sclerosis
NCT07146906,"Glomerulonephritis, IGA"
NCT07146906,Proteinuria
NCT07455006,"Purpura, Thrombocytopenic, Idiopathic"
NCT06291948,"Arthritis, Rheumatoid"
NCT06291948,"Arthritis, Juvenile"
NCT06291948,"Arthritis, Psoriatic"
NCT06291948,"Spondylitis, Ankylosing"
NCT06291948,Non-Radiographic Axial Spondyloarthritis
NCT06291948,Crohn Disease
NCT06291948,"Colitis, Ulcerative"
NCT06291948,Hidradenitis Suppurativa
NCT05116540,Multiple Sclerosis
NCT05116540,Recurrence
NCT05124925,Sjogren's Syndrome
NCT05124925,Dry Eye Syndromes
NCT05124925,Xerostomia
NCT06149559,Myasthenia Gravis
NCT06633042,Autoimmune Diseases
NCT04711148,"Multiple Sclerosis, Relapsing-Remitting"
NCT04524949,"Diabetes Mellitus, Type 1"
NCT04524949,Autoimmune Diseases
NCT04155424,Neuromyelitis Optica
NCT04155424,"Myelitis, Transverse"
NCT04155424,Optic Neuritis
NCT04155424,Recurrence
NCT04155424,Demyelinating Diseases
NCT05196295,Autoimmune Diseases
NCT05196295,Metabolic Diseases
NCT06681337,Lupus Nephritis
NCT06883695,"Arthritis, Rheumatoid"
NCT06764160,Myasthenia Gravis
NCT07215650,Myasthenia Gravis
NCT07587723,"Purpura, Thrombocytopenic, Idiopathic"
NCT05404724,"Arthritis, Rheumatoid"
NCT05140824,"Lupus Erythematosus, Systemic"
NCT04598477,Pemphigus
NCT07260877,"Lupus Erythematosus, Cutaneous"
NCT07260877,"Lupus Erythematosus, Systemic"
NCT06994845,"Glomerulonephritis, IGA"
NCT06994845,Proteinuria
NCT04588259,"Diabetes Mellitus, Type 1"
NCT04588259,"Diabetes Mellitus, Type 2"
NCT05332210,Myasthenia Gravis
NCT07596901,Myasthenia Gravis
NCT06980649,Graves Disease
NCT06980649,Hyperthyroidism
NCT06980649,Thyroid Diseases
NCT06980649,Autoimmune Diseases
NCT06980649,Endocrine System Diseases
NCT06644638,Multiple Sclerosis
NCT05411211,"Arthritis, Juvenile"
NCT05671055,Multiple Sclerosis
NCT04035135,Guillain-Barre Syndrome
NCT06112340,Graves Ophthalmopathy
NCT06112340,Endocrine System Diseases
NCT06112340,Eye Diseases
NCT06112340,Thyroid Diseases
NCT06112340,Orbital Diseases
NCT06112340,Exophthalmos
NCT06112340,Hashimoto Disease
NCT07175285,"Lupus Erythematosus, Systemic"
NCT04468165,"Multiple Sclerosis, Relapsing-Remitting"
NCT04468165,Neurologic Manifestations
NCT04468165,Multiple Sclerosis
NCT05301907,Multiple Sclerosis
NCT05463744,"Diabetes Mellitus, Type 1"
NCT05463744,Diabetes Mellitus
NCT07137598,"Arthritis, Rheumatoid"
NCT06786338,"Glomerulonephritis, IGA"
NCT05528861,Chronic Urticaria
NCT05528861,Urticaria
NCT07182227,Kidney Diseases
NCT07182227,Glomerulonephritis
NCT07182227,Nephritis
NCT07182227,Autoimmune Diseases
NCT07182227,Immune System Diseases
NCT04947137,"Arthritis, Rheumatoid"
NCT06570798,"Lupus Erythematosus, Systemic"
NCT06570798,"Arthritis, Rheumatoid"
NCT07477639,"Multiple Sclerosis, Chronic Progressive"
NCT07477639,Multiple Sclerosis
NCT07266337,"Lupus Erythematosus, Systemic"
NCT04998851,Multiple Sclerosis
NCT04998851,Breast Feeding
NCT07517575,"Arthritis, Juvenile"
NCT07517575,Musculoskeletal Diseases
NCT07517575,Autoimmune Diseases
NCT07517575,Arthritis
NCT05572567,"Arthritis, Rheumatoid"
NCT05524571,Graves Ophthalmopathy
NCT05524571,Autoimmune Diseases
NCT05288855,Lupus Nephritis
NCT06167226,"Arthritis, Rheumatoid"
NCT06167226,Skin Diseases
NCT06167226,Stomach Ulcer
NCT06167226,Neurodegenerative Diseases
NCT07250750,Myasthenia Gravis
NCT06133049,Multiple Sclerosis
NCT06307626,Graves Ophthalmopathy
NCT04645589,Lupus Nephritis
NCT06721962,Crohn Disease
NCT06721962,Abdominal Pain
NCT04480853,Multiple Sclerosis
NCT04480853,"Multiple Sclerosis, Relapsing-Remitting"
NCT06887127,"Arthritis, Rheumatoid"
NCT05141669,Multiple Sclerosis
NCT07583641,Autoimmune Diseases of the Nervous System
NCT05517980,Glomerulonephritis
NCT05517980,"Glomerulonephritis, IGA"
NCT05247203,"Lupus Erythematosus, Systemic"
NCT05247203,Connective Tissue Diseases
NCT05247203,Autoimmune Diseases
NCT06126783,Graves Ophthalmopathy
NCT05269667,Neuromyelitis Optica
NCT06454357,Pemphigus
NCT05638802,"Lupus Erythematosus, Systemic"
NCT06626945,"Lupus Erythematosus, Systemic"
NCT07185139,Sjogren's Syndrome
NCT04924296,Lupus Nephritis
NCT05334472,Multiple Sclerosis
NCT05116215,Autoimmune Diseases
NCT05907668,Graves Disease
NCT05907668,Hyperthyroidism
NCT05285904,Multiple Sclerosis
NCT06201416,"Arthritis, Rheumatoid"
NCT06201416,Autoimmune Diseases
NCT04410965,Multiple Sclerosis
NCT07622368,Graves Ophthalmopathy
NCT07363590,"Lupus Erythematosus, Systemic"
NCT07363590,"Arthritis, Rheumatoid"
NCT05132127,"Anemia, Hemolytic, Autoimmune"
NCT07447986,"Lupus Erythematosus, Systemic"
NCT07216079,"Purpura, Thrombocytopenic, Idiopathic"
NCT07424261,"Lupus Erythematosus, Systemic"
NCT07424261,Fatigue
NCT04997148,"Multiple Sclerosis, Relapsing-Remitting"
NCT04997148,Multiple Sclerosis
NCT06564142,"Glomerulonephritis, IGA"
NCT06564142,Glomerulonephritis
NCT04907305,Multiple Sclerosis
NCT05978531,"Multiple Sclerosis, Relapsing-Remitting"
NCT06708845,Lupus Nephritis
NCT06708845,"Lupus Erythematosus, Systemic"
NCT06708845,"Scleroderma, Systemic"
NCT06708845,"Scleroderma, Diffuse"
NCT06708845,Autoimmune Diseases
NCT06708845,Immune System Diseases
NCT03887273,"Myelitis, Transverse"
NCT04792567,"Multiple Sclerosis, Chronic Progressive"
NCT04792567,COVID-19
NCT07509892,"Lupus Erythematosus, Systemic"
NCT06826430,"Purpura, Thrombocytopenic, Idiopathic"
NCT06857214,"Lupus Erythematosus, Systemic"
NCT04735406,Multiple Sclerosis
NCT07027111,"Polyradiculoneuropathy, Chronic Inflammatory Demyelinating"
NCT07207954,"Arthritis, Rheumatoid"
NCT05248646,"Glomerulonephritis, IGA"
NCT04159805,Myasthenia Gravis
NCT05687890,Diabetic Nephropathies
NCT05687890,"Glomerulonephritis, IGA"
NCT06104124,Sjogren's Syndrome
NCT05337124,Lupus Nephritis
NCT06055023,"Arthritis, Rheumatoid"
NCT06055023,Crohn Disease
NCT06071949,Pain
NCT06071949,Somatoform Disorders
NCT06071949,Chronic Pain
NCT06071949,Neuralgia
NCT06071949,Paraplegia
NCT06071949,Multiple Sclerosis
NCT06071949,Stroke
NCT06071949,Phantom Limb
NCT06071949,"Brain Injuries, Traumatic"
NCT06071949,Agnosia
NCT06071949,Marijuana Abuse
NCT06735248,Multiple Sclerosis
NCT03696485,"Multiple Sclerosis, Chronic Progressive"
NCT06361836,Hidradenitis Suppurativa
NCT06361836,Autoimmune Diseases
NCT06405152,Macrophage Activation Syndrome
NCT06405152,"Still's Disease, Adult-Onset"
NCT06405152,"Arthritis, Juvenile"
NCT04740814,"Arthritis, Rheumatoid"
NCT06991114,"Arthritis, Rheumatoid"
NCT06991114,Myositis
NCT06991114,"Scleroderma, Systemic"
NCT06991114,"Scleroderma, Diffuse"
NCT06991114,Sjogren's Syndrome
NCT06758271,Microscopic Polyangiitis
NCT06758271,Granulomatosis with Polyangiitis
NCT04602390,Multiple Sclerosis
NCT04602390,"Multiple Sclerosis, Relapsing-Remitting"
NCT07265206,
NCT07282574,"Multiple Sclerosis, Chronic Progressive"
NCT05928585,Immune System Diseases
NCT05928585,Autoimmune Diseases
NCT05035368,"Diabetes Mellitus, Type 1"
NCT05035368,Insulin Resistance
NCT05035368,Overweight
NCT07751848,"Lupus Erythematosus, Systemic"
NCT06914895,"Diabetes Mellitus, Type 1"
NCT06914895,Obesity
NCT06914895,Overweight
NCT06322342,Brain Neoplasms
NCT06322342,Multiple Sclerosis
NCT06322342,Neurofibroma
NCT06322342,"Neuroma, Acoustic"
NCT06322342,Central Nervous System Neoplasms
NCT06322342,Meningioma
NCT06322342,Glioma
NCT06322342,Neurilemmoma
NCT06322342,Neuroinflammatory Diseases
NCT06322342,Neoplasms
NCT05835986,"Lupus Erythematosus, Systemic"
NCT06647069,"Lupus Erythematosus, Systemic"
NCT06647069,"Arthritis, Rheumatoid"
NCT05796245,"Arthritis, Rheumatoid"
NCT05796245,"Colitis, Ulcerative"
NCT05796245,Crohn Disease
NCT05796245,Psoriasis
NCT06668324,Multiple Sclerosis
NCT05083364,"Glomerulonephritis, IGA"
NCT05269004,Multiple Sclerosis
NCT07264517,Dry Eye Syndromes
NCT07264517,Autoimmune Diseases
NCT06475508,"Arthritis, Rheumatoid"
NCT05208840,Multiple Sclerosis
NCT07148414,"Arthritis, Rheumatoid"
NCT07148414,"Arthritis, Psoriatic"
NCT07148414,Axial Spondyloarthritis
NCT07148414,Rheumatic Diseases
NCT07148414,Collagen Diseases
NCT06970951,"Lupus Erythematosus, Systemic"
NCT06970951,"Arthritis, Rheumatoid"
NCT06970951,Myositis
NCT06970951,"Scleroderma, Systemic"
NCT07453836,"Anemia, Hemolytic, Autoimmune"
NCT06083753,"Multiple Sclerosis, Relapsing-Remitting"
NCT06083753,Multiple Sclerosis
NCT07712939,"Arthritis, Rheumatoid"
NCT07712939,Sjogren's Syndrome
NCT04818229,Autoimmune Diseases
NCT07095127,"Purpura, Thrombocytopenic, Idiopathic"
NCT04227470,Neuromyelitis Optica
NCT04429503,"Diabetes Mellitus, Type 1"
NCT04429503,"Diabetes Mellitus, Type 2"
NCT04657666,Muscle Spasticity
NCT04657666,Multiple Sclerosis
NCT07629596,"Lupus Erythematosus, Systemic"
NCT07629596,"Anemia, Hemolytic, Autoimmune"
NCT07629596,Autoimmune Diseases
NCT06917742,"Arthritis, Rheumatoid"
NCT06917742,"Lupus Erythematosus, Systemic"
NCT04562766,"Purpura, Thrombocytopenic, Idiopathic"
NCT07348055,"Lupus Erythematosus, Systemic"
NCT07284420,Myasthenia Gravis
NCT05369208,"Purpura, Thrombocytopenic, Idiopathic"
NCT07438496,"Lupus Erythematosus, Systemic"
NCT06291376,"Glomerulonephritis, IGA"
NCT06291376,Proteinuria
NCT06291376,"Renal Insufficiency, Chronic"
NCT06972446,"Arthritis, Rheumatoid"
NCT04088396,"Arthritis, Juvenile"
NCT04088396,Fever
NCT07033559,Myasthenia Gravis
NCT07033559,Fatigue
NCT05562362,"Glomerulosclerosis, Focal Segmental"
NCT05562362,"Glomerulonephritis, IGA"
NCT05352919,"Lupus Erythematosus, Systemic"
NCT05352919,Connective Tissue Diseases
NCT05352919,Immune System Diseases
NCT07035665,"Glomerulonephritis, IGA"
NCT07035665,"Hemoglobinuria, Paroxysmal"
NCT06559163,"Lupus Erythematosus, Systemic"
NCT04730804,Autoimmune Diseases
NCT06276998,"Arthritis, Rheumatoid"
NCT06381284,Myasthenia Gravis
NCT06381284,Neuromuscular Manifestations
NCT06381284,Neuromuscular Diseases
NCT02057159,Multiple Sclerosis
NCT05856760,"Glomerulonephritis, IGA"
NCT05849727,"Arthritis, Rheumatoid"
NCT05016323,"Glomerulonephritis, IGA"
NCT07243782,Hidradenitis Suppurativa
NCT07243782,"Arthritis, Juvenile"
NCT06456580,Myasthenia Gravis
NCT04346654,"Purpura, Thrombocytopenic, Idiopathic"
NCT05885555,"Purpura, Thrombocytopenic, Idiopathic"
NCT06392074,
NCT06517758,Myasthenia Gravis
NCT07598825,"Hepatitis, Autoimmune"
NCT06106074,Multiple Sclerosis
NCT07139743,"Multiple Sclerosis, Chronic Progressive"
NCT07139743,Multiple Sclerosis
NCT05942625,"Glomerulonephritis, IGA"
NCT05942625,"Glomerulosclerosis, Focal Segmental"
NCT05323591,"Arthritis, Rheumatoid"
NCT06375993,Lupus Nephritis
NCT06375993,Autoimmune Diseases
NCT06375993,"Scleroderma, Systemic"
NCT06375993,"Lupus Erythematosus, Systemic"
NCT06375993,Anti-Neutrophil Cytoplasmic Antibody-Associated Vasculitis
NCT06375993,Myositis
NCT06375993,Stiff-Person Syndrome
NCT04291781,"Glomerulonephritis, IGA"
NCT06806592,"Lung Diseases, Interstitial"
NCT06572384,"Lung Diseases, Interstitial"
NCT06572384,Connective Tissue Diseases
NCT06572384,Autoimmune Diseases
NCT06572384,Lung Diseases
NCT06222034,"Arthritis, Juvenile"
NCT04887532,"Glomerulonephritis, IGA"
NCT05653219,"Purpura, Thrombocytopenic, Idiopathic"
NCT04590716,Myasthenia Gravis
NCT07622108,Graves Ophthalmopathy
NCT05797740,Multiple Sclerosis
NCT06722235,"Purpura, Thrombocytopenic, Idiopathic"
NCT06722235,Thrombocytopenia
NCT06722235,Blood Platelet Disorders
NCT06722235,Hematologic Diseases
NCT06722235,Cytopenia
NCT06722235,Purpura
NCT06722235,Hemorrhagic Disorders
NCT06722235,Autoimmune Diseases
NCT06722235,Immune System Diseases
NCT06722235,Hemorrhage
NCT06722235,Skin Manifestations
NCT06722235,"Purpura, Thrombocytopenic"
NCT06121349,Multiple Sclerosis
NCT06994143,"Arthritis, Rheumatoid"
NCT04225156,"Purpura, Thrombocytopenic, Idiopathic"
NCT07192666,Sjogren's Syndrome
NCT06830395,"Glomerulonephritis, IGA"
NCT06961383,"Multiple Sclerosis, Chronic Progressive"
NCT06961383,Multiple Sclerosis
NCT05047341,"Arthritis, Rheumatoid"
NCT06635772,"Glomerulonephritis, IGA"
NCT06212245,Neuromyelitis Optica
NCT06625671,"Lupus Erythematosus, Systemic"
NCT06625671,"Lupus Erythematosus, Cutaneous"
NCT05627271,Multiple Sclerosis
NCT06293365,"Lupus Erythematosus, Systemic"
NCT06293365,"Arthritis, Rheumatoid"
NCT04992312,"Diabetes Mellitus, Type 1"
NCT04992312,Hypoglycemia
NCT05725434,"Arthritis, Rheumatoid"
NCT05556096,Myasthenia Gravis
NCT07168161,Anti-Neutrophil Cytoplasmic Antibody-Associated Vasculitis
NCT05162066,"Glomerulonephritis, Membranoproliferative"
NCT05162066,"Glomerulonephritis, IGA"
NCT05162066,"Glomerulonephritis, Membranous"
NCT05796037,Alzheimer Disease
NCT05796037,Cognitive Dysfunction
NCT05796037,Parkinson Disease
NCT05796037,Multiple Sclerosis
NCT06041269,"Arthritis, Rheumatoid"
NCT07210554,"Pemphigoid, Bullous"
NCT07230353,"Arthritis, Rheumatoid"
NCT06697535,Neuromyelitis Optica
NCT07706868,"Arthritis, Juvenile"
NCT07706868,"Still's Disease, Adult-Onset"
NCT06570434,"Lupus Erythematosus, Systemic"
NCT07206758,"Purpura, Thrombocytopenic, Idiopathic"
NCT06371417,Antiphospholipid Syndrome
NCT06371417,"Pemphigoid, Bullous"
NCT06371417,Behcet Syndrome
NCT06371417,Dermatomyositis
NCT06371417,"Purpura, Thrombocytopenic, Idiopathic"
NCT05097989,Lupus Nephritis
NCT05097989,"Glomerulonephritis, IGA"
NCT06557850,Graves Ophthalmopathy
NCT07375758,"Glomerulonephritis, IGA"
NCT06175338,"Arthritis, Rheumatoid"
NCT06753955,Autoimmune Diseases of the Nervous System
NCT06753955,Encephalitis
NCT06411249,"Lupus Erythematosus, Systemic"
NCT06411249,Autoimmune Diseases
NCT06053749,Multiple Sclerosis
NCT06180278,Neuromyelitis Optica
NCT06316791,"Lupus Erythematosus, Systemic"
NCT06780150,Multiple Sclerosis
NCT06989359,"Glomerulonephritis, IGA"
NCT06117020,Muscle Spasticity
NCT06117020,Muscle Hypertonia
NCT06117020,Cerebral Palsy
NCT06117020,Multiple Sclerosis
NCT06117020,Stroke
NCT06117020,"Spastic Paraplegia, Hereditary"
NCT06117020,Dystonia
NCT06117020,Spinal Cord Injuries
NCT05683990,"Diabetes Mellitus, Type 1"
NCT05683990,Autoimmune Diseases
NCT05683990,Metabolic Diseases
NCT05683990,Immune System Diseases
NCT04039477,"Anemia, Hemolytic, Autoimmune"
NCT04039477,"Purpura, Thrombocytopenic, Idiopathic"
NCT04039477,Hemolysis
NCT04039477,Anemia
NCT04039477,Thrombocytopenia
NCT04039477,Hematologic Diseases
NCT06859931,"Lupus Erythematosus, Systemic"
NCT06897657,"Multiple Sclerosis, Relapsing-Remitting"
NCT06897657,Medication Adherence
NCT05688436,Multiple Sclerosis
NCT04333771,"Arthritis, Rheumatoid"
NCT07229144,Myositis
NCT06413654,Neuromyelitis Optica
NCT06890923,Multiple Sclerosis
NCT05540327,"Lupus Erythematosus, Systemic"
NCT05540327,"Lupus Erythematosus, Discoid"
NCT05540327,"Lupus Erythematosus, Cutaneous"
NCT06752356,"Polyradiculoneuropathy, Chronic Inflammatory Demyelinating"
NCT07190053,"Arthritis, Juvenile"
NCT06013995,"Lupus Erythematosus, Discoid"
NCT06013995,"Lupus Erythematosus, Cutaneous"
NCT06013995,"Lupus Erythematosus, Systemic"
NCT07243366,Myasthenia Gravis
NCT07684157,"Arthritis, Rheumatoid"
NCT06859294,"Arthritis, Rheumatoid"
NCT05214677,Osteoarthritis
NCT05214677,"Arthritis, Rheumatoid"
NCT05214677,Back Pain
NCT07175493,"Purpura, Thrombocytopenic, Idiopathic"
NCT07175493,"Anemia, Hemolytic, Autoimmune"
NCT07175493,Evans Syndrome
NCT04925778,"Multiple Sclerosis, Relapsing-Remitting"
NCT07160608,Anti-Neutrophil Cytoplasmic Antibody-Associated Vasculitis
NCT07160608,Vasculitis
NCT07522099,"Glomerulonephritis, IGA"
NCT07522099,"Glomerulonephritis, Membranoproliferative"
NCT05001698,"Lupus Erythematosus, Systemic"
NCT06408311,"Diabetes Mellitus, Type 1"
NCT06408311,Diabetes Mellitus
NCT07215663,"Lupus Erythematosus, Systemic"
NCT07299019,"Multiple Sclerosis, Chronic Progressive"
NCT05826028,"Multiple Sclerosis, Chronic Progressive"
NCT04941781,Multiple Sclerosis
NCT05629364,Dry Eye Syndromes
NCT06984627,Graves Disease
NCT07161193,Autoimmune Diseases
NCT07177911,"Lupus Erythematosus, Systemic"
NCT06046534,"Lupus Erythematosus, Systemic"
NCT05681481,"Pemphigoid, Bullous"
NCT06929039,"Arthritis, Rheumatoid"
NCT04086745,"Arthritis, Rheumatoid"
NCT05874622,"Arthritis, Rheumatoid"
NCT07049653,"Lupus Erythematosus, Systemic"
NCT04687072,"Purpura, Thrombocytopenic, Idiopathic"
NCT07405970,"Lupus Erythematosus, Systemic"
NCT05395624,Amyotrophic Lateral Sclerosis
NCT05395624,Parkinson Disease
NCT05395624,Alzheimer Disease
NCT05395624,Multiple Sclerosis
NCT06935474,Lupus Nephritis
NCT06935474,"Lupus Erythematosus, Systemic"
NCT06347718,"Lupus Erythematosus, Systemic"
NCT06347718,"Scleroderma, Systemic"
NCT06347718,Dermatomyositis
NCT06347718,Polymyositis
NCT04578834,"Glomerulonephritis, IGA"
NCT04578834,Proteinuria
NCT07549698,"Purpura, Thrombocytopenic, Idiopathic"
NCT05039190,Myasthenia Gravis
NCT06431750,"Arthritis, Juvenile"
NCT06868290,Anti-Neutrophil Cytoplasmic Antibody-Associated Vasculitis
NCT06868290,Vasculitis
NCT06868290,Granulomatosis with Polyangiitis
NCT06868290,Microscopic Polyangiitis
NCT07389499,"Glomerulonephritis, IGA"
NCT07389499,"Glomerulonephritis, Membranous"
NCT07389499,Anti-Neutrophil Cytoplasmic Antibody-Associated Vasculitis
NCT07354932,"Glomerulonephritis, IGA"
NCT07720635,Graves Ophthalmopathy
NCT07557420,Neuromyelitis Optica
NCT05635266,Macular Degeneration
NCT05635266,Hypersensitivity
NCT05635266,red meat allergy
NCT05635266,Alzheimer Disease
NCT05635266,Amyloidosis
NCT05635266,"Spondylitis, Ankylosing"
NCT05635266,Arthritis
NCT05635266,Alopecia Areata
NCT05635266,Asthma
NCT05635266,"Dermatitis, Atopic"
NCT05635266,Autistic Disorder
NCT05635266,"Hepatitis, Autoimmune"
NCT05635266,Behcet Syndrome
NCT05635266,beta-Thalassemia
NCT05635266,Neoplasms
NCT05635266,Celiac Disease
NCT05635266,Kidney Diseases
NCT05635266,"Pulmonary Disease, Chronic Obstructive"
NCT05635266,Crohn Disease
NCT05635266,Cystic Fibrosis
NCT05635266,Diabetes Mellitus
NCT05635266,"Epilepsies, Myoclonic"
NCT05635266,Fibromyalgia
NCT05635266,Graves Disease
NCT05635266,Thyroid Diseases
NCT05635266,Hepatitis
NCT05635266,Hidradenitis Suppurativa
NCT05635266,Leukemia
NCT05635266,"Lupus Erythematosus, Systemic"
NCT05635266,Lymphoma
NCT05635266,Multiple Sclerosis
NCT05635266,Myasthenia Gravis
NCT05635266,Heart Diseases
NCT05635266,Parkinson Disease
NCT05635266,Pemphigus
NCT05635266,Fibrosis
NCT05635266,Psoriasis
NCT05635266,Schizophrenia
NCT05635266,"Scleroderma, Diffuse"
NCT05635266,"Anemia, Sickle Cell"
NCT05635266,Stroke
NCT05635266,"Colitis, Ulcerative"
NCT05635266,Vasculitis
NCT05635266,Vitiligo
NCT07007962,"Purpura, Thrombocytopenic, Idiopathic"
NCT05083182,"Arthritis, Juvenile"
NCT05702983,Anti-Neutrophil Cytoplasmic Antibody-Associated Vasculitis
NCT06567470,"Arthritis, Rheumatoid"
NCT07409181,"Lupus Erythematosus, Systemic"
NCT06468683,"Lupus Erythematosus, Systemic"
NCT06683612,Idiopathic Pulmonary Fibrosis
NCT06683612,Multiple Sclerosis
NCT06683612,"Multiple Sclerosis, Chronic Progressive"
NCT06683612,Neuroinflammatory Diseases
NCT06683612,Demyelinating Diseases
NCT06683612,Autoimmune Diseases
NCT06683612,Pathologic Processes
NCT06683612,"Demyelinating Autoimmune Diseases, CNS"
NCT06683612,Autoimmune Diseases of the Nervous System
NCT06683612,Nervous System Diseases
NCT06683612,Immune System Diseases
NCT06683612,Sclerosis
NCT06248619,Graves Ophthalmopathy
NCT07245992,"Arthritis, Rheumatoid"
NCT06538064,"Polyradiculoneuropathy, Chronic Inflammatory Demyelinating"
NCT06797375,Hematologic Diseases
NCT06797375,Autoimmune Diseases
NCT06564311,Multiple Sclerosis
NCT07236801,"Lupus Erythematosus, Systemic"
NCT07236801,"Scleroderma, Systemic"
NCT07236801,Sjogren's Syndrome
NCT07236801,Myositis
NCT07236801,Anti-Neutrophil Cytoplasmic Antibody-Associated Vasculitis
NCT07236801,Antiphospholipid Syndrome
NCT05203419,"Lupus Erythematosus, Systemic"
NCT05203419,Autoimmune Diseases
NCT05203419,Inflammation
NCT07083739,"Purpura, Thrombocytopenic, Idiopathic"
NCT05271409,Myelin Oligodendrocyte Glycoprotein Antibody-Associated Disease
NCT07321093,"Multiple Sclerosis, Relapsing-Remitting"
NCT07321093,Multiple Sclerosis
NCT05380934,"Arthritis, Rheumatoid"
NCT04940065,"Multiple Sclerosis, Relapsing-Remitting"
NCT04940065,Multiple Sclerosis
NCT04163016,"Arthritis, Rheumatoid"
NCT04163016,"Arthritis, Psoriatic"
NCT04163016,Crohn Disease
NCT04163016,Axial Spondyloarthritis
NCT05517421,Graves Ophthalmopathy
NCT05517421,Autoimmune Diseases
NCT05247216,"Arthritis, Rheumatoid"
NCT05054140,Multiple Sclerosis
NCT05054140,"Multiple Sclerosis, Chronic Progressive"
NCT04280718,"Polyradiculoneuropathy, Chronic Inflammatory Demyelinating"
NCT05253976,"Arthritis, Rheumatoid"
NCT05181215,"Multiple Sclerosis, Relapsing-Remitting"
NCT06280755,Multiple Sclerosis
NCT06280755,Neuromyelitis Optica
NCT06280755,Myelin Oligodendrocyte Glycoprotein Antibody-Associated Disease
NCT06280755,Disease Progression
NCT06711887,Lupus Nephritis
NCT07570316,Graves Disease
NCT05767736,Multiple Sclerosis
NCT07423533,"Arthritis, Rheumatoid"
NCT05198310,"Arthritis, Rheumatoid"
NCT05967520,"Lupus Erythematosus, Systemic"
NCT05398510,"Glomerulonephritis, IGA"
NCT07083960,"Anemia, Hemolytic, Autoimmune"
NCT07083960,"Purpura, Thrombocytopenic, Idiopathic"
NCT06548620,Sclerosis
NCT06548620,Anti-Neutrophil Cytoplasmic Antibody-Associated Vasculitis
NCT06548620,Neuromyelitis Optica
NCT06721013,"Purpura, Thrombocytopenic, Idiopathic"
NCT05246280,"Arthritis, Rheumatoid"
NCT04963296,"Lupus Erythematosus, Systemic"
NCT06392386,Myasthenia Gravis
NCT07330245,"Lupus Erythematosus, Systemic"
NCT06103877,"Arthritis, Rheumatoid"
NCT03987802,"Diabetes Mellitus, Type 1"
NCT03987802,"Diabetes Mellitus, Type 2"
NCT06141473,Multiple Sclerosis
NCT06575153,Autoimmune Diseases of the Nervous System
NCT06575153,Encephalitis
NCT04643470,Lupus Nephritis
NCT07145502,Autoimmune Diseases of the Nervous System
NCT07660172,"Purpura, Thrombocytopenic, Idiopathic"
NCT05378672,Hypoglycemia
NCT05378672,"Diabetes Mellitus, Type 1"
NCT05378672,Diabetes Mellitus
NCT06841042,"Lupus Erythematosus, Systemic"
NCT05132569,Myasthenia Gravis
NCT07039916,Myasthenia Gravis
NCT07039916,Autoimmune Diseases
NCT06955598,"Lupus Erythematosus, Systemic"
NCT07067463,"Multiple Sclerosis, Chronic Progressive"
NCT07038447,"Lupus Erythematosus, Systemic"
NCT07038447,Lupus Nephritis
NCT07038447,"Scleroderma, Systemic"
NCT07038447,Myositis
NCT07024563,"Glomerulonephritis, IGA"
NCT07024563,IgA Vasculitis
NCT07024563,Proteinuria
NCT06157086,Multiple Sclerosis
NCT06154252,Myositis
NCT06154252,Dermatomyositis
NCT06154252,Autoimmune Diseases
NCT06744920,Myasthenia Gravis
NCT06408259,"Multiple Sclerosis, Relapsing-Remitting"
NCT06408259,Multiple Sclerosis
NCT05232396,"Arthritis, Rheumatoid"
NCT06715462,Diabetes Mellitus
NCT06715462,"Diabetes Mellitus, Type 1"
NCT06715462,"Diabetes Mellitus, Type 2"
NCT06715462,Pain
NCT06715462,Peripheral Nervous System Diseases
NCT06715462,Neuritis
NCT04446000,
NCT07146087,Multiple Sclerosis
NCT07146087,Sclerosis
NCT07730632,"Glomerulonephritis, IGA"
NCT06916806,"Lupus Erythematosus, Systemic"
NCT06916806,Myositis
NCT06916806,"Arthritis, Rheumatoid"
NCT06916806,Musculoskeletal Diseases
NCT06916806,Neuromuscular Diseases
NCT06916806,Nervous System Diseases
NCT06916806,Muscular Diseases
NCT06916806,Dermatomyositis
NCT06916806,Polymyositis
NCT06916806,Arthritis
NCT03828344,"Arthritis, Rheumatoid"
NCT04294667,"Lupus Erythematosus, Systemic"
NCT06987851,Multiple Sclerosis
NCT07413341,"Lupus Erythematosus, Systemic"
NCT07413341,Sjogren's Syndrome
NCT07413341,"Scleroderma, Systemic"
NCT07413341,Myositis
NCT05533372,"Arthritis, Rheumatoid"
NCT04895696,"Lupus Erythematosus, Systemic"
NCT04895696,Connective Tissue Diseases
NCT04895696,Autoimmune Diseases
NCT04895696,Immune System Diseases
NCT07187713,Hypertensive Nephropathy
NCT07187713,"Renal Insufficiency, Chronic"
NCT07187713,Diabetic Nephropathies
NCT07187713,Kidney Diseases
NCT05376579,"Multiple Sclerosis, Chronic Progressive"
NCT05063162,Myelin Oligodendrocyte Glycoprotein Antibody-Associated Disease
NCT05353179,Granulomatosis with Polyangiitis
NCT05353179,"Lymphohistiocytosis, Hemophagocytic"
NCT07306585,"Lupus Erythematosus, Systemic"
NCT07306585,"Lupus Erythematosus, Cutaneous"
NCT05095623,Bacterial Infections
NCT05095623,Autoimmune Diseases
NCT05248659,"Glomerulonephritis, IGA"
NCT04638426,"Arthritis, Rheumatoid"
NCT06340490,"Lupus Erythematosus, Systemic"
NCT06340490,Autoimmune Diseases
NCT05605782,"Multiple Sclerosis, Relapsing-Remitting"
NCT05605782,Neoplasms
NCT05605782,Macular Edema
NCT05133297,"Arthritis, Rheumatoid"
NCT07032662,"Polyradiculoneuropathy, Chronic Inflammatory Demyelinating"
NCT07546942,Autism Spectrum Disorder
NCT07546942,Autistic Disorder
NCT07546942,Learning Disabilities
NCT07546942,Communication
NCT07546942,Intestinal Diseases
NCT05232825,"Multiple Sclerosis, Chronic Progressive"
NCT04968912,Sjogren's Syndrome
NCT06106828,Graves Ophthalmopathy
NCT07249632,Myasthenia Gravis
NCT07609719,Multiple Sclerosis
NCT07609719,"Multiple Sclerosis, Chronic Progressive"
NCT06548607,"Lupus Erythematosus, Systemic"
NCT06548607,"Scleroderma, Systemic"
NCT06548607,Anti-Neutrophil Cytoplasmic Antibody-Associated Vasculitis
NCT06548607,Myositis
NCT06548607,Sjogren's Syndrome
NCT06548607,Autoimmune Diseases
NCT06359041,Myasthenia Gravis
NCT06359041,Autoimmune Diseases
NCT06414954,Myasthenia Gravis
NCT06704269,Myasthenia Gravis
NCT04224688,"Purpura, Thrombocytopenic, Idiopathic"
NCT04951622,Myasthenia Gravis
NCT06103773,"Arthritis, Rheumatoid"
NCT06527872,Lupus Nephritis
NCT05070858,Myasthenia Gravis
NCT05392127,"Arthritis, Rheumatoid"
NCT05814159,"Arthritis, Juvenile"
NCT05814159,"Still's Disease, Adult-Onset"
NCT06419205,"Glomerulonephritis, IGA"
NCT06419205,Lupus Nephritis
NCT06419205,"Complement Component 3 Deficiency, Autosomal Recessive"
NCT07142642,Graves Ophthalmopathy
NCT05609630,"Arthritis, Juvenile"
NCT04956744,Multiple Sclerosis
NCT06290128,"Polyradiculoneuropathy, Chronic Inflammatory Demyelinating"
NCT06290128,Autoimmune Diseases of the Nervous System
NCT06290128,Nervous System Diseases
NCT05531565,"Lupus Erythematosus, Cutaneous"
NCT05531565,"Lupus Erythematosus, Discoid"
NCT05531565,"Lupus Erythematosus, Systemic"
NCT06909253,Myasthenia Gravis
NCT06411639,"Lupus Erythematosus, Systemic"
NCT03884400,Neoplasms
NCT03884400,Digestive System Diseases
NCT03884400,Autoimmune Diseases
NCT03884400,Nephritis
NCT04733040,Glomerulonephritis
NCT04733040,"Glomerulonephritis, Membranous"
NCT06314282,"Lupus Erythematosus, Systemic"
NCT06314282,Autoimmune Diseases
NCT05169034,"Diabetes Mellitus, Type 1"
NCT05169034,"Diabetes Mellitus, Type 2"
NCT07459114,Thrombotic Microangiopathies
NCT07459114,"Purpura, Thrombocytopenic, Idiopathic"
NCT05811416,"Multiple Sclerosis, Relapsing-Remitting"
NCT05265728,"Multiple Sclerosis, Relapsing-Remitting"
NCT04908865,"Lupus Erythematosus, Systemic"
NCT06020144,"Arthritis, Rheumatoid"
NCT05889806,Neoplasms
NCT05889806,Hematologic Neoplasms
NCT05889806,Digestive System Diseases
NCT05889806,Autoimmune Diseases
NCT05889806,Communicable Diseases
NCT05889806,Cardiovascular Diseases
NCT05889806,Urogenital Diseases
NCT05889806,Kidney Diseases
NCT05598684,Crohn Disease
NCT05598684,"Colitis, Ulcerative"
NCT05598684,"Arthritis, Rheumatoid"
NCT05598684,"Spondylitis, Ankylosing"
NCT05598684,"Arthritis, Psoriatic"
NCT06488209,Autoimmune Diseases
NCT06795893,"Lupus Erythematosus, Systemic"
NCT05630547,Multiple Sclerosis
NCT04146285,Neuromyelitis Optica
NCT05218655,Leigh Disease
NCT05218655,Diffuse Cerebral Sclerosis of Schilder
NCT05218655,Mitochondrial Encephalomyopathies
NCT05218655,MELAS Syndrome
NCT05218655,MERRF Syndrome
NCT05218655,Drug Resistant Epilepsy
NCT07634744,"Glomerulonephritis, IGA"
NCT06696716,Pemphigus
NCT07295847,"Scleroderma, Systemic"
NCT07295847,Myositis
NCT07295847,"Arthritis, Rheumatoid"
NCT06982547,"Arthritis, Rheumatoid"
NCT07294365,"Purpura, Thrombocytopenic, Idiopathic"
NCT05090371,"Multiple Sclerosis, Relapsing-Remitting"
NCT05090371,Multiple Sclerosis
NCT05090371,Recurrence
NCT05609812,Lupus Nephritis
NCT05609812,"Lupus Erythematosus, Systemic"
NCT05785819,"Purpura, Thrombocytopenic, Idiopathic"
NCT05785819,Thrombocytopenia
NCT04721821,"Arthritis, Rheumatoid"
NCT07144514,"Lupus Erythematosus, Systemic"
NCT04274452,"Purpura, Thrombocytopenic, Idiopathic"
NCT04181762,Lupus Nephritis
NCT04181762,"Lupus Erythematosus, Systemic"
NCT07688980,"Lupus Erythematosus, Systemic"
NCT05363917,"Arthritis, Rheumatoid"
NCT06193889,Myasthenia Gravis
NCT06193889,Autoimmune Diseases
NCT06712407,"Glomerulonephritis, IGA"
NCT06712407,"Kidney Failure, Chronic"
NCT06540144,Myasthenia Gravis
NCT06312644,"Hemoglobinuria, Paroxysmal"
NCT06312644,Atypical Hemolytic Uremic Syndrome
NCT06312644,Myasthenia Gravis
NCT06312644,Neuromyelitis Optica
NCT05200871,"Glomerulosclerosis, Focal Segmental"
NCT05200871,"Glomerulonephritis, IGA"
NCT02149706,Multiple Sclerosis
NCT07284797,Myositis
NCT07284797,"Scleroderma, Systemic"
NCT07284797,Sjogren's Syndrome
NCT07284797,Muscular Diseases
NCT07284797,"Scleroderma, Diffuse"
NCT07284797,Autoimmune Diseases
NCT06799520,"Lupus Erythematosus, Systemic"
NCT06799520,Alopecia Areata
NCT06866080,Autoimmune Diseases
NCT06866080,Recurrence
NCT06866080,"Lupus Erythematosus, Systemic"
NCT06866080,"Scleroderma, Systemic"
NCT06866080,Anti-Neutrophil Cytoplasmic Antibody-Associated Vasculitis
NCT06866080,Myositis
NCT02200718,Multiple Sclerosis
NCT05866861,"Lupus Erythematosus, Systemic"
NCT07523542,"Lupus Erythematosus, Systemic"
NCT07523542,Lupus Nephritis
NCT06265220,"Lupus Erythematosus, Systemic"
NCT06265220,Lupus Nephritis
NCT05517447,Graves Ophthalmopathy
NCT05517447,Autoimmune Diseases
NCT05852938,"Glomerulonephritis, IGA"
NCT05852938,Kidney Diseases
NCT05852938,"Renal Insufficiency, Chronic"
NCT05852938,Urologic Diseases
NCT05852938,Glomerulonephritis
NCT05730699,Neuromyelitis Optica
NCT05018416,"Renal Insufficiency, Chronic"
NCT05018416,"Diabetes Mellitus, Type 1"
NCT05018416,"Diabetes Mellitus, Type 2"
NCT05842213,"Arthritis, Rheumatoid"
NCT06141486,Multiple Sclerosis
NCT06475742,"Lupus Erythematosus, Systemic"
NCT06475742,Skin and Connective Tissue Diseases
NCT06475742,Connective Tissue Diseases
NCT06475742,Immune System Diseases
NCT06475742,Autoimmune Diseases
NCT06892145,"Lupus Erythematosus, Systemic"
NCT05644561,Myasthenia Gravis
NCT07564154,"Arthritis, Rheumatoid"
NCT06680037,Multiple Sclerosis
NCT06680037,Neuromyelitis Optica
NCT06680037,Myasthenia Gravis
NCT06680037,"Polyradiculoneuropathy, Chronic Inflammatory Demyelinating"
NCT06539169,alpha-Thalassemia
NCT06539169,beta-Thalassemia
NCT06539169,Amyloidosis
NCT06539169,Amyotrophic Lateral Sclerosis
NCT06539169,"Insomnia, Fatal Familial"
NCT06539169,Cystic Fibrosis
NCT06539169,"Muscular Dystrophy, Duchenne"
NCT06539169,Alzheimer Disease
NCT06539169,Ehlers-Danlos Syndrome
NCT06539169,Huntington Disease
NCT06539169,Gaucher Disease
NCT06539169,"Gangliosidosis, GM1"
NCT06539169,Myasthenia Gravis
NCT06539169,Glycogen Storage Disease Type II
NCT06539169,"Anemia, Sickle Cell"
NCT06539169,Rare Diseases
NCT06674941,Graves Ophthalmopathy
NCT06857227,"Arthritis, Rheumatoid"
NCT04895241,"Lupus Erythematosus, Systemic"
NCT05940922,"Polyradiculoneuropathy, Chronic Inflammatory Demyelinating"
NCT05940922,Guillain-Barre Syndrome
NCT05940922,"Amyloidosis, Familial"
NCT05940922,Neuritis
NCT06741969,Sjogren's Syndrome
NCT07629583,"Lupus Erythematosus, Systemic"
NCT07203404,Anti-Neutrophil Cytoplasmic Antibody-Associated Vasculitis
NCT07203404,Anti-Glomerular Basement Membrane Disease
NCT07203404,"Glomerulonephritis, IGA"
NCT06456567,"Lupus Erythematosus, Systemic"
NCT07538154,"Lupus Erythematosus, Systemic"
NCT07753928,"Multiple Sclerosis, Relapsing-Remitting"
NCT07622121,Graves Ophthalmopathy
NCT07578584,"Diabetes Mellitus, Type 1"
NCT07578584,Overweight
NCT07578584,Obesity
NCT07331467,"Lupus Erythematosus, Systemic"
NCT07104721,"Lupus Erythematosus, Systemic"
NCT07104721,Lupus Nephritis
NCT07104721,"Scleroderma, Systemic"
NCT07104721,Myositis
NCT07104721,Anti-Neutrophil Cytoplasmic Antibody-Associated Vasculitis
NCT07104721,Antiphospholipid Syndrome
NCT07104721,Recurrence
NCT07104721,Autoimmune Diseases
NCT07650682,"Diabetes Mellitus, Type 2"
NCT07650682,"Diabetes Mellitus, Type 1"
NCT07343310,"Polyradiculoneuropathy, Chronic Inflammatory Demyelinating"
NCT06373991,"Lupus Erythematosus, Systemic"
NCT07184450,Dermatomyositis
NCT07184450,"Arthritis, Juvenile"
NCT07184450,"Scleroderma, Systemic"
NCT07010835,"Lupus Erythematosus, Systemic"
NCT06992505,Macrophage Activation Syndrome
NCT06992505,"Arthritis, Juvenile"
NCT06992505,"Still's Disease, Adult-Onset"
NCT06459232,Multiple Sclerosis
NCT05190484,"Arthritis, Rheumatoid"
NCT05190484,"Spondylitis, Ankylosing"
NCT05190484,"Arthritis, Psoriatic"
NCT05190484,Crohn Disease
NCT05190484,"Colitis, Ulcerative"
NCT04700267,"Lupus Erythematosus, Systemic"
NCT05617677,"Lupus Erythematosus, Systemic"
NCT05617677,Autoimmune Diseases
NCT05617677,Immune System Diseases
NCT05617677,Connective Tissue Diseases
NCT06127095,"Multiple Sclerosis, Relapsing-Remitting"
NCT07331272,"Lupus Erythematosus, Systemic"
NCT07331272,Myositis
NCT06328777,"Scleroderma, Systemic"
NCT06328777,"Scleroderma, Diffuse"
NCT06328777,"Lung Diseases, Interstitial"
NCT06328777,Autoimmune Diseases
NCT04878211,Multiple Sclerosis
NCT04878211,COVID-19
NCT04878211,Coronavirus Infections
NCT06342960,Lupus Nephritis
NCT06342960,Glomerulonephritis
NCT06342960,Autoimmune Diseases
NCT06342960,"Lupus Erythematosus, Systemic"
NCT07503340,"Multiple Sclerosis, Relapsing-Remitting"
NCT05304520,"Multiple Sclerosis, Relapsing-Remitting"
NCT05441488,"Multiple Sclerosis, Chronic Progressive"
NCT06056297,Neutropenia
NCT06056297,"Neutropenia, Severe Congenital, Autosomal Recessive 3"
NCT06056297,Autoimmune Diseases
NCT06056297,Cohen syndrome
NCT06056297,Barth Syndrome
NCT06056297,Shwachman-Diamond Syndrome
NCT06928142,Autoimmune Diseases
NCT06928142,Immune System Diseases
NCT06928142,Xerostomia
NCT06928142,Dry Eye Syndromes
NCT06928142,Salivary Gland Diseases
NCT07038382,"Glomerulonephritis, Membranous"
NCT07038382,Lupus Nephritis
NCT04991753,"Arthritis, Rheumatoid"
NCT07632976,Antiphospholipid Syndrome
NCT07632976,Thrombosis
NCT07044115,Lupus Nephritis
NCT06717815,Lupus Nephritis
NCT07455578,Autoimmune Diseases
NCT07455578,"Arthritis, Rheumatoid"
NCT07455578,"Arthritis, Psoriatic"
NCT07455578,Psoriasis
NCT07455578,"Lupus Erythematosus, Cutaneous"
NCT07455578,"Dermatitis, Atopic"
NCT04746976,Multiple Sclerosis
NCT04075266,Multiple Sclerosis
NCT06587828,Autoimmune Diseases
NCT06587828,"Colitis, Ulcerative"
NCT06587828,Multiple Sclerosis
NCT06587828,"Scleroderma, Diffuse"
NCT06587828,"Spondylitis, Ankylosing"
NCT06587828,Celiac Disease
NCT06587828,Non-Radiographic Axial Spondyloarthritis
NCT06587828,Birdshot Chorioretinopathy
NCT06587828,"Scleroderma, Systemic"
NCT06587828,Inflammatory Bowel Diseases
NCT04804553,"Arthritis, Juvenile"
NCT05883371,"Arthritis, Rheumatoid"
NCT05883371,"Arthritis, Psoriatic"
NCT05883371,Psoriasis
NCT05883371,"Spondylitis, Ankylosing"
NCT05883371,Autoimmune Diseases
NCT05086744,"Purpura, Thrombocytopenic, Idiopathic"
NCT05086744,"Anemia, Hemolytic, Autoimmune"
NCT05639114,"Lupus Erythematosus, Systemic"
NCT06046222,Churg-Strauss Syndrome
NCT06843239,"Scleroderma, Systemic"
NCT06843239,"Scleroderma, Diffuse"
NCT06843239,"Lung Diseases, Interstitial"
NCT06843239,Autoimmune Diseases
NCT06843239,Immune System Diseases
NCT06843239,Skin Diseases
NCT06737419,Multiple Sclerosis
NCT06737419,"Multiple Sclerosis, Relapsing-Remitting"
NCT06737419,"Multiple Sclerosis, Chronic Progressive"
NCT04221477,Lupus Nephritis
NCT07516639,"Lupus Erythematosus, Systemic"
NCT06897930,"Lupus Erythematosus, Systemic"
NCT06897930,Lupus Nephritis
NCT07185269,"Lupus Erythematosus, Systemic"
NCT04512001,"Arthritis, Rheumatoid"
NCT06626919,Muscular Diseases
NCT06626919,Neuromuscular Manifestations
NCT06626919,Autoimmune Diseases
NCT06626919,Autoimmune Diseases of the Nervous System
NCT06626919,Myasthenia Gravis
NCT06626919,Muscle Weakness
NCT05776121,Graves Ophthalmopathy
NCT04608344,"Arthritis, Rheumatoid"
NCT04998812,Multiple Sclerosis
NCT04995783,"Colitis, Ulcerative"
NCT04995783,Crohn Disease
NCT04995783,Psoriasis
NCT04995783,"Arthritis, Rheumatoid"
NCT07178431,Multiple Sclerosis
NCT06133972,"Lupus Erythematosus, Systemic"
NCT04802057,"Anemia, Hemolytic, Autoimmune"
NCT04725175,Multiple Sclerosis
NCT06791772,"Lupus Erythematosus, Systemic"
NCT07203001,"Arthritis, Juvenile"
NCT07438405,Graves Ophthalmopathy
NCT05417269,"Multiple Sclerosis, Relapsing-Remitting"
NCT05417269,Multiple Sclerosis
NCT04650854,Myasthenia Gravis
NCT05036850,Kidney Diseases
NCT05036850,"Renal Insufficiency, Chronic"
NCT05036850,Diabetic Nephropathies
NCT05036850,Hypertensive Nephropathy
NCT05036850,Glomerulonephritis
NCT05036850,"Glomerulosclerosis, Focal Segmental"
NCT05036850,"Glomerulonephritis, Membranous"
NCT05036850,"Nephrosis, Lipoid"
NCT05036850,"Glomerulonephritis, IGA"
NCT07647510,Myasthenia Gravis
NCT06384976,"Multiple Sclerosis, Chronic Progressive"
NCT06384976,Multiple Sclerosis
NCT06384976,Autoimmune Diseases
NCT05576779,Multiple Sclerosis
NCT05576779,COVID-19
NCT06041568,"Lupus Erythematosus, Systemic"
NCT07236762,"Lupus Erythematosus, Systemic"
NCT07236762,Lupus Nephritis
NCT07236762,Sjogren's Syndrome
NCT07236762,Myositis
NCT07236762,Anti-Neutrophil Cytoplasmic Antibody-Associated Vasculitis
NCT07236762,Antiphospholipid Syndrome
NCT06448273,"Lupus Erythematosus, Systemic"
NCT06690359,"Glomerulonephritis, IGA"
NCT06690359,"Glomerulonephritis, Membranous"
NCT04060888,"Lupus Erythematosus, Systemic"
NCT05489224,"Arthritis, Rheumatoid"
NCT07020923,"Glomerulonephritis, IGA"
NCT04612790,"Pemphigoid, Bullous"
NCT04612790,Rare Diseases
NCT04612790,Eosinophilia
NCT04612790,Urticaria
NCT04612790,Blister
NCT04612790,Pruritus
NCT06812325,Graves Ophthalmopathy
NCT07390123,"Glomerulonephritis, IGA"
NCT04413617,"Arthritis, Rheumatoid"
NCT05091333,Asthma
NCT05091333,Churg-Strauss Syndrome
NCT05029609,"Multiple Sclerosis, Chronic Progressive"
NCT05029609,Multiple Sclerosis
NCT06534021,"Purpura, Thrombocytopenic, Idiopathic"
NCT07052032,"Arthritis, Rheumatoid"
NCT06525506,Graves Ophthalmopathy
NCT06294236,"Lupus Erythematosus, Systemic"
NCT06294236,Anti-Neutrophil Cytoplasmic Antibody-Associated Vasculitis
NCT06294236,Granulomatosis with Polyangiitis
NCT06294236,Microscopic Polyangiitis
NCT06294236,Autoimmune Diseases
NCT06294236,Lupus Nephritis
NCT06294236,Vasculitis
NCT07171983,"Arthritis, Rheumatoid"
NCT07171983,Autoimmune Diseases
NCT06706609,Diabetes Mellitus
NCT06706609,"Diabetes Mellitus, Type 2"
NCT06706609,"Diabetes Mellitus, Type 1"
NCT04633447,Giant Cell Arteritis
NCT05003986,"Glomerulosclerosis, Focal Segmental"
NCT05003986,"Nephrosis, Lipoid"
NCT05003986,"Glomerulonephritis, IGA"
NCT05003986,IgA Vasculitis
NCT05003986,"Nephritis, Hereditary"
NCT05003986,"Macular dystrophy, corneal type 1"
NCT04655222,Multiple Sclerosis
NCT04655222,"Multiple Sclerosis, Relapsing-Remitting"
NCT05335031,"Multiple Sclerosis, Relapsing-Remitting"
NCT05335031,Multiple Sclerosis
NCT06388941,Anti-Neutrophil Cytoplasmic Antibody-Associated Vasculitis
NCT06388941,Granulomatosis with Polyangiitis
NCT06388941,Microscopic Polyangiitis
NCT07318259,"Lupus Erythematosus, Systemic"
NCT07616700,"Glomerulonephritis, IGA"
NCT06799247,Myasthenia Gravis
NCT07040930,"Arthritis, Rheumatoid"
NCT06929299,"Purpura, Thrombocytopenic, Idiopathic"
NCT07061938,Immunoglobulin G4-Related Disease
NCT05848258,"Arthritis, Rheumatoid"
NCT05051943,Crohn Disease
NCT05051943,"Colitis, Ulcerative"
NCT05051943,Psoriasis
NCT05051943,"Spondylitis, Ankylosing"
NCT05051943,"Arthritis, Rheumatoid"
NCT05051943,"Arthritis, Psoriatic"
NCT04717635,"Still's Disease, Adult-Onset"
NCT06389578,Graves Ophthalmopathy
NCT07225504,"Multiple Sclerosis, Chronic Progressive"
NCT07225504,Multiple Sclerosis
NCT05232149,"Purpura, Thrombocytopenic, Idiopathic"
NCT05232149,Bronchiolitis Obliterans Syndrome
NCT05845593,"Lupus Erythematosus, Systemic"
NCT04573478,"Glomerulonephritis, IGA"
NCT04573478,Kidney Diseases
NCT04573478,"Renal Insufficiency, Chronic"
NCT04573478,Urologic Diseases
NCT04573478,Glomerulonephritis
NCT07751315,"Lupus Erythematosus, Systemic"
NCT04520451,Immunoglobulin G4-Related Disease
NCT06922305,"Glomerulonephritis, IGA"
NCT06922305,"Hepatitis, Autoimmune"
NCT05151770,"Diabetes Mellitus, Type 1"
NCT05151770,Hyperglycemia
NCT07168694,"Multiple Sclerosis, Chronic Progressive"
NCT05858788,"Arthritis, Rheumatoid"
NCT07323173,"Lupus Erythematosus, Systemic"
NCT06202612,Autoimmune Diseases
NCT06581198,"Lupus Erythematosus, Systemic"
NCT06581198,Lupus Nephritis
NCT07673744,Myasthenia Gravis
NCT05891600,"Arthritis, Rheumatoid"
NCT05658497,Multiple Sclerosis
NCT06466135,Diabetic Nephropathies
NCT06466135,"Nephrosis, Lipoid"
NCT06466135,"Glomerulonephritis, IGA"
NCT05781750,Lupus Nephritis
NCT05781750,"Lupus Erythematosus, Systemic"
NCT04305197,"Lupus Erythematosus, Systemic"
NCT04788615,Multiple Sclerosis
NCT07642050,"Glomerulonephritis, IGA"
NCT07642050,"Renal Insufficiency, Chronic"
NCT07642050,Kidney Diseases
NCT07642050,Proteinuria
NCT07642050,Nephritis
NCT07642050,Urologic Diseases
NCT07642050,Glomerulonephritis
NCT07266090,"Lupus Erythematosus, Systemic"
NCT06948318,"Purpura, Thrombocytopenic, Idiopathic"
NCT06948318,Blood Platelet Disorders
NCT06948318,Hematologic Diseases
NCT06948318,Cytopenia
NCT06948318,Purpura
NCT06948318,Hemorrhagic Disorders
NCT06948318,Autoimmune Diseases
NCT06948318,Immune System Diseases
NCT06948318,Hemorrhage
NCT06948318,Skin Manifestations
NCT06948318,"Purpura, Thrombocytopenic"
NCT06978647,"Lupus Erythematosus, Systemic"
NCT06978647,"Scleroderma, Systemic"
NCT06978647,Myositis
NCT06978647,Anti-Neutrophil Cytoplasmic Antibody-Associated Vasculitis
NCT06978647,Antiphospholipid Syndrome
NCT06978647,"Arthritis, Rheumatoid"
NCT06978647,Immunoglobulin G4-Related Disease
NCT05985915,Sjogren's Syndrome
NCT07465289,Myasthenia Gravis
NCT05901831,"Renal Insufficiency, Chronic"
NCT05901831,"Diabetes Mellitus, Type 1"
NCT04598451,Pemphigus
NCT06064539,Multiple Sclerosis
NCT07123519,"Lupus Erythematosus, Systemic"
NCT07123519,Lupus Nephritis
NCT07123519,Myositis
NCT07123519,Anti-Neutrophil Cytoplasmic Antibody-Associated Vasculitis
NCT07123519,Antiphospholipid Syndrome
NCT07123519,Recurrence
NCT07123519,Autoimmune Diseases
NCT04288011,Multiple Sclerosis
NCT03992781,"Arthritis, Rheumatoid"
NCT07649265,"Arthritis, Rheumatoid"
NCT07649265,"Lupus Erythematosus, Systemic"
NCT07649265,"Scleroderma, Systemic"
NCT07649265,Sjogren's Syndrome
NCT07649265,Autoimmune Diseases
NCT06558279,Myasthenia Gravis
NCT05917288,"Lupus Erythematosus, Systemic"
NCT04286789,"Arthritis, Rheumatoid"
NCT07109986,"Lupus Erythematosus, Systemic"
NCT07109986,Lupus Nephritis
NCT06677710,Multiple Sclerosis
NCT06677710,"Multiple Sclerosis, Chronic Progressive"
NCT06677710,Autoimmune Diseases of the Nervous System
NCT06677710,Nervous System Diseases
NCT06677710,Autoimmune Diseases
NCT06677710,Demyelinating Diseases
NCT06677710,Immune System Diseases
NCT06677710,"Demyelinating Autoimmune Diseases, CNS"
NCT07364396,Lupus Nephritis
NCT07364396,"Lupus Erythematosus, Systemic"
NCT05925803,"Scleroderma, Systemic"
NCT05925803,"Scleroderma, Diffuse"
NCT05925803,"Lung Diseases, Interstitial"
NCT05925803,Autoimmune Diseases
NCT05925803,Immune System Diseases
NCT06126042,"Arthritis, Rheumatoid"
NCT07638566,"Polyradiculoneuropathy, Chronic Inflammatory Demyelinating"
NCT05638854,"Arthritis, Rheumatoid"
NCT07366866,Autoimmune Diseases
NCT05835518,"Arthritis, Rheumatoid"
NCT05835518,"Spondylitis, Ankylosing"
NCT05781113,Multiple Sclerosis
NCT06714461,"Arthritis, Rheumatoid"
NCT06714461,"Arthritis, Psoriatic"
NCT06213259,"Arthritis, Rheumatoid"
NCT07233213,"Purpura, Thrombocytopenic, Idiopathic"
NCT07233213,Hemorrhage
NCT06819826,"Glomerulonephritis, IGA"
NCT05879718,"Lupus Erythematosus, Systemic"
NCT05879718,"Lupus Erythematosus, Cutaneous"
NCT05503524,Multiple Sclerosis
NCT05503524,Sclerosis
NCT07729826,Lupus Nephritis
NCT07729826,"Lupus Erythematosus, Systemic"
NCT07729826,Autoimmune Diseases
NCT05432713,Multiple Sclerosis
NCT05432713,Neuromyelitis Optica
NCT06896526,Streptococcal Infections
NCT06896526,Guillain-Barre Syndrome
NCT06896526,Disease
NCT04971590,"Lupus Erythematosus, Systemic"
NCT04971590,Lupus Nephritis
NCT07221838,Myasthenia Gravis
NCT07221838,Adrenal Insufficiency
NCT07582133,"Glomerulonephritis, IGA"
NCT06751238,"Arthritis, Juvenile"
NCT06594068,"Lupus Erythematosus, Systemic"
NCT05737160,Myasthenia Gravis
NCT05737160,Autoimmune Diseases
NCT05737160,Muscle Weakness
NCT07077746,Crohn Disease
NCT07077746,Inflammatory Bowel Diseases
NCT04226170,Myasthenia Gravis
NCT05375942,"Arthritis, Rheumatoid"
NCT05767047,Behcet Syndrome
NCT05767047,"Arthritis, Juvenile"
NCT05767047,Oral Ulcer
NCT07100938,"Arthritis, Rheumatoid"
NCT07100938,Hereditary Sensory and Autonomic Neuropathies
NCT07760155,"Lupus Erythematosus, Systemic"
NCT07011043,"Lupus Erythematosus, Systemic"
NCT05878717,"Scleroderma, Systemic"
NCT05878717,"Scleroderma, Diffuse"
NCT05878717,"Lung Diseases, Interstitial"
NCT06854341,"Multiple Sclerosis, Relapsing-Remitting"
NCT06892002,"Diabetes Mellitus, Type 1"
NCT06892002,Disease Progression
NCT05460832,"Arthritis, Rheumatoid"
NCT05795621,Graves Ophthalmopathy
NCT06700343,"Multiple Sclerosis, Relapsing-Remitting"
NCT04541043,"Glomerulonephritis, IGA"
NCT04638647,Autoimmune Diseases
NCT04638647,Inflammation
NCT06179875,Graves Ophthalmopathy
NCT06179875,Graves Disease
NCT05576012,"Arthritis, Rheumatoid"
NCT05637112,"Lupus Erythematosus, Systemic"
NCT04268771,"Arthritis, Rheumatoid"
NCT04544436,Multiple Sclerosis
NCT04544436,"Multiple Sclerosis, Relapsing-Remitting"
NCT06291415,"Purpura, Thrombocytopenic, Idiopathic"
NCT06291415,Blood Platelet Disorders
NCT06291415,Hematologic Diseases
NCT06291415,"Purpura, Thrombocytopenic"
NCT06291415,Purpura
NCT06291415,Blood Coagulation Disorders
NCT06291415,Thrombotic Microangiopathies
NCT06291415,Hemorrhagic Disorders
NCT06291415,Autoimmune Diseases
NCT06291415,Immune System Diseases
NCT06291415,Hemorrhage
NCT06291415,Pathologic Processes
NCT06291415,Skin Manifestations
NCT06291415,Thrombocytopenia
NCT06298552,Myasthenia Gravis
NCT05061771,"Pemphigoid, Bullous"
NCT04548999,Multiple Sclerosis
NCT04548999,"Multiple Sclerosis, Chronic Progressive"
NCT04697511,Autoimmune Diseases
NCT06377228,Lupus Nephritis
NCT06377228,"Scleroderma, Systemic"
NCT04961567,"Lupus Erythematosus, Systemic"
NCT05197036,Osteoarthritis
NCT05197036,"Arthritis, Rheumatoid"
NCT05197036,Arthritis
NCT07404865,Sjogren's Syndrome
NCT04838171,Autoimmune Diseases
NCT04838171,Inflammation
NCT04838171,"Rejection, Psychology"
NCT07614477,"Nephrosis, Lipoid"
NCT07614477,"Glomerulonephritis, IGA"
NCT07614477,"Glomerulosclerosis, Focal Segmental"
NCT07606521,Multiple Sclerosis
NCT06700616,Myasthenia Gravis
NCT04672733,"Polyradiculoneuropathy, Chronic Inflammatory Demyelinating"
NCT07737743,Sjogren's Syndrome
NCT06838143,Hereditary Autoinflammatory Diseases
NCT06838143,Cryopyrin-Associated Periodic Syndromes
NCT06838143,"Periodic fever, familial, autosomal dominant"
NCT06838143,Mevalonate Kinase Deficiency
NCT06838143,"Arthritis, Juvenile"
NCT05276063,Graves Ophthalmopathy
NCT05276063,Endocrine System Diseases
NCT05276063,Eye Diseases
NCT05276063,Thyroid Diseases
NCT05276063,Orbital Diseases
NCT05276063,Exophthalmos
NCT05276063,Hashimoto Disease
NCT04298749,Autoimmune Diseases
NCT05765006,"Lupus Erythematosus, Systemic"
NCT07122076,Autoimmune Diseases
NCT05398471,"Arthritis, Rheumatoid"
NCT05906992,"Multiple Sclerosis, Relapsing-Remitting"
NCT06783309,"Diabetes Mellitus, Type 1"
NCT06783309,Diabetes Mellitus
NCT07597200,Graves Ophthalmopathy
NCT05961592,"Arthritis, Rheumatoid"
NCT05218434,Autoimmune Diseases
NCT06946641,"Dermatitis, Atopic"
NCT06946641,Hidradenitis Suppurativa
NCT06946641,"Arthritis, Rheumatoid"
NCT06220201,Multiple Sclerosis
NCT06220201,Myasthenia Gravis
NCT06106672,Myasthenia Gravis
NCT04670770,Neuromyelitis Optica
NCT07515014,"Lupus Erythematosus, Systemic"
NCT05095844,COVID-19
NCT05095844,Coronavirus Infections
NCT05095844,Thrombosis
NCT05095844,Thrombocytopenia
NCT05095844,Neuritis
NCT05095844,Vasculitis
NCT05095844,"Influenza, Human"
NCT05095844,Guillain-Barre Syndrome
NCT05095844,Wounds and Injuries
NCT05794581,"Diabetes Mellitus, Type 1"
NCT05794581,Obesity
NCT05794581,Overweight
NCT04267536,"Arthritis, Rheumatoid"
NCT06401044,Graves Ophthalmopathy
NCT06617793,Multiple Sclerosis
NCT06406205,Lupus Nephritis
NCT07744828,"Arthritis, Rheumatoid"
NCT07744828,Arthritis
NCT07744828,Joint Diseases
NCT07744828,Rheumatic Diseases
NCT07744828,"Arthritis, Psoriatic"
NCT07744828,"Arthritis, Juvenile"
NCT05480657,"Diabetes Mellitus, Type 1"
NCT05480657,Diabetes Mellitus
NCT05480657,Endocrine System Diseases
NCT05480657,Metabolic Diseases
NCT05480657,Immune System Diseases
NCT05480657,Autoimmune Diseases
NCT05480657,Hypoglycemia
NCT05480657,Hyperglycemia
NCT07049081,Autoimmune Diseases
NCT05732402,Lupus Nephritis
NCT05732402,"Glomerulonephritis, IGA"
NCT05732402,"Glomerulonephritis, Membranous"
NCT05732402,Anti-Neutrophil Cytoplasmic Antibody-Associated Vasculitis
NCT05732402,Microscopic Polyangiitis
NCT05732402,Granulomatosis with Polyangiitis
NCT05732402,Churg-Strauss Syndrome
NCT07332481,"Lupus Erythematosus, Systemic"
NCT07332481,"Lupus Erythematosus, Cutaneous"
NCT07332481,"Lupus Erythematosus, Discoid"
NCT07201129,Lupus Nephritis
NCT07201129,"Lupus Erythematosus, Systemic"
NCT06226545,Graves Ophthalmopathy
NCT06226545,Endocrine System Diseases
NCT06226545,Orbital Diseases
NCT06226545,Exophthalmos
NCT06226545,Eye Diseases
NCT07222553,Immunoglobulin G4-Related Disease
NCT06736587,Autoimmune Diseases
NCT06526000,"Multiple Sclerosis, Relapsing-Remitting"
NCT06526000,"Multiple Sclerosis, Chronic Progressive"
NCT07053800,Lupus Nephritis
NCT07053800,"Lupus Erythematosus, Systemic"
NCT05799287,"Glomerulonephritis, IGA"
NCT05799287,Autoimmune Diseases
NCT05799287,Immune System Diseases
NCT06058078,Lupus Nephritis
NCT05950308,Multiple Sclerosis
NCT07412704,"Arthritis, Rheumatoid"
NCT05565248,Diabetes Mellitus
NCT05565248,"Diabetes Mellitus, Type 1"
NCT05565248,Glucose Metabolism Disorders
NCT05565248,Metabolic Diseases
NCT05565248,Endocrine System Diseases
NCT05565248,Autoimmune Diseases
NCT05565248,Immune System Diseases
NCT06144710,"Lupus Erythematosus, Systemic"
NCT05222152,Addison Disease
NCT06340750,"Lupus Erythematosus, Systemic"
NCT07700238,"Purpura, Thrombocytopenic, Idiopathic"
NCT04541810,"Arthritis, Rheumatoid"
NCT04541810,"Dermatitis, Atopic"
NCT04541810,"Spondylitis, Ankylosing"
NCT04541810,"Arthritis, Psoriatic"
NCT04776213,Multiple Sclerosis
NCT04776213,Fatigue
NCT05604885,"Arthritis, Rheumatoid"
NCT06384547,Graves Ophthalmopathy
NCT06384547,Graves Disease
NCT05653349,"Purpura, Thrombocytopenic, Idiopathic"
NCT05844735,"Arthritis, Rheumatoid"
NCT04256148,
NCT04835441,"Lupus Erythematosus, Systemic"
NCT04835441,Autoimmune Diseases
NCT04835441,Immune System Diseases
NCT07074886,Multiple Sclerosis
NCT07501702,Myasthenia Gravis
NCT07043946,"Purpura, Thrombocytopenic, Idiopathic"
NCT06226662,Anti-Neutrophil Cytoplasmic Antibody-Associated Vasculitis
NCT07190196,Immunoglobulin G4-Related Disease
NCT04943042,"Purpura, Thrombocytopenic, Idiopathic"
NCT07363460,Lupus Nephritis
NCT07483450,"Multiple Sclerosis, Chronic Progressive"
NCT05814627,"Arthritis, Rheumatoid"
NCT05268289,Lupus Nephritis
NCT05268289,Proteinuria
NCT05268289,"Lupus Erythematosus, Systemic"
NCT04680962,"Arthritis, Rheumatoid"
NCT05936970,"Arthritis, Rheumatoid"
NCT04524273,Myasthenia Gravis
NCT06888960,"Lupus Erythematosus, Systemic"
NCT06888960,Myositis
NCT06888960,"Scleroderma, Systemic"
NCT06888960,"Arthritis, Rheumatoid"
NCT06888960,"Purpura, Thrombocytopenic, Idiopathic"
NCT06888960,"Anemia, Hemolytic, Autoimmune"
NCT06982040,"Glomerulonephritis, IGA"
NCT07211776,Graves Ophthalmopathy
NCT07176390,"Arthritis, Rheumatoid"
NCT05956691,"Rhinitis, Allergic"
NCT05956691,Hypersensitivity
NCT05956691,"Rhinitis, Allergic, Seasonal"
NCT05956691,Food Hypersensitivity
NCT05514873,Myasthenia Gravis
NCT04698018,"Diabetes Mellitus, Type 1"
NCT04698018,"Diabetes Mellitus, Type 2"
NCT07015983,"Lupus Erythematosus, Systemic"
NCT07015983,Lupus Nephritis
NCT05346354,Neuromyelitis Optica
NCT07577583,
NCT05046327,"Purpura, Thrombocytopenic, Idiopathic"
NCT07286656,Graves Disease
NCT06977724,Dry Eye Syndromes
NCT06977724,"Lupus Erythematosus, Systemic"
NCT06737380,"Lupus Erythematosus, Systemic"
NCT04346888,Myasthenia Gravis
NCT05177939,Autoimmune Diseases of the Nervous System
NCT06104683,Multiple Sclerosis
NCT04752566,Guillain-Barre Syndrome
NCT06306339,"Arthritis, Rheumatoid"
NCT07722546,Graves Disease
NCT07722546,Hyperthyroidism
NCT05145361,Neuromyelitis Optica
NCT05797610,"Glomerulonephritis, IGA"
NCT04527380,"Arthritis, Juvenile"
NCT06156683,Multiple Sclerosis
NCT06072482,Anti-Neutrophil Cytoplasmic Antibody-Associated Vasculitis
NCT07614191,
NCT07008378,Multiple Sclerosis
NCT04812925,"Purpura, Thrombocytopenic, Idiopathic"
NCT07305974,"Glomerulonephritis, IGA"
NCT07483346,"Lupus Erythematosus, Systemic"
NCT06523088,"Purpura, Thrombocytopenic, Idiopathic"
NCT07597668,Multiple Sclerosis
NCT07517250,Familial Mediterranean Fever
NCT07517250,"Arthritis, Juvenile"
NCT07517250,"Still's Disease, Adult-Onset"
NCT04573920,"Glomerulonephritis, IGA"
NCT04573920,"Glomerulosclerosis, Focal Segmental"
NCT04573920,"Nephritis, Hereditary"
NCT04573920,Diabetic Nephropathies
NCT06551519,Multiple Sclerosis
NCT03673748,Lupus Nephritis
NCT03673748,Autoimmune Diseases
NCT03673748,"Lupus Erythematosus, Systemic"
NCT05232864,Lupus Nephritis
NCT06087406,"Arthritis, Rheumatoid"
NCT06087406,Arthritis
NCT07552987,Stiff-Person Syndrome
NCT07552987,Nervous System Diseases
NCT07552987,Autoimmune Diseases
NCT06983028,Nephrotic Syndrome
NCT06983028,"Macular dystrophy, corneal type 1"
NCT06983028,"Glomerulonephritis, IGA"
NCT06983028,Glomerulonephritis
NCT06983028,Nephritis
NCT06983028,Autoimmune Diseases
NCT06983028,Immune System Diseases
NCT06983028,Kidney Diseases
NCT06675955,Multiple Sclerosis
NCT07266207,"Arthritis, Rheumatoid"
NCT06361199,"Arthritis, Rheumatoid"
NCT06161116,"Lupus Erythematosus, Systemic"
NCT06668181,"Arthritis, Juvenile"
NCT06668181,Arthritis
NCT07421167,"Purpura, Thrombocytopenic, Idiopathic"
NCT07421167,Evans Syndrome
NCT06335979,"Lupus Erythematosus, Systemic"
NCT06247722,"Arthritis, Rheumatoid"
NCT05566756,Multiple Sclerosis
NCT05962788,Lupus Nephritis
NCT06471361,Myasthenia Gravis
NCT04963270,Myasthenia Gravis
NCT04278924,"Purpura, Thrombocytopenic, Idiopathic"
NCT05327920,"Arthritis, Rheumatoid"
NCT06925542,"Lupus Erythematosus, Systemic"
NCT06925542,Lupus Nephritis
NCT06925542,"Scleroderma, Systemic"
NCT06925542,Myositis
NCT06925542,"Scleroderma, Diffuse"
NCT06372145,"Multiple Sclerosis, Chronic Progressive"
NCT06433765,Multiple Sclerosis
NCT06463587,Myasthenia Gravis
NCT06056921,"Lupus Erythematosus, Systemic"
NCT06056921,Sjogren's Syndrome
NCT06056921,"Scleroderma, Systemic"
NCT06056921,Dermatomyositis
NCT06056921,Anti-Neutrophil Cytoplasmic Antibody-Associated Vasculitis
NCT04974528,"Diabetes Mellitus, Type 1"
NCT04974528,"Diabetes Mellitus, Type 2"
NCT04974528,Diabetes Mellitus
NCT04974528,Insulin Resistance
NCT04974528,Respiratory Aspiration
NCT06298565,Myasthenia Gravis
NCT05087628,"Lupus Erythematosus, Systemic"
NCT07188844,"Polyradiculoneuropathy, Chronic Inflammatory Demyelinating"
NCT07188844,Autoimmune Diseases
NCT06417398,"Lupus Erythematosus, Systemic"
NCT06417398,Myositis
NCT06417398,"Scleroderma, Systemic"
NCT06417398,Sjogren's Syndrome
NCT06417398,"Arthritis, Rheumatoid"
NCT06417398,"Purpura, Thrombocytopenic, Idiopathic"
NCT06417398,"Liver Cirrhosis, Biliary"
NCT07041099,Sjogren's Syndrome
NCT05161234,"Arthritis, Rheumatoid"
NCT05331300,Pulmonary Fibrosis
NCT05331300,Graves Ophthalmopathy
NCT06588387,"Multiple Sclerosis, Chronic Progressive"
NCT04735432,Myasthenia Gravis
NCT04756687,Multiple Sclerosis
NCT04756687,"Multiple Sclerosis, Relapsing-Remitting"
NCT06759519,"Lupus Erythematosus, Systemic"
NCT06402630,Alopecia Areata
NCT06402630,Alopecia
NCT05658601,"Multiple Sclerosis, Relapsing-Remitting"
NCT05658601,Multiple Sclerosis
NCT05679401,Anti-Glomerular Basement Membrane Disease
NCT05679401,Rapidly progressive glomerulonephritis with pulmonary hemorrhage
NCT06576271,"Lupus Erythematosus, Systemic"
NCT06576271,"Lung Diseases, Interstitial"
NCT06576271,Connective Tissue Diseases
NCT06798012,"Polyradiculoneuropathy, Chronic Inflammatory Demyelinating"
NCT05662241,Immunoglobulin G4-Related Disease
NCT07304154,"Polyradiculoneuropathy, Chronic Inflammatory Demyelinating"
NCT07304154,Myasthenia Gravis
NCT07304154,Multiple Sclerosis
NCT06557265,Lupus Nephritis
NCT05165771,"Arthritis, Rheumatoid"
NCT04905212,"Glomerulonephritis, IGA"
NCT05476900,"Hepatitis, Autoimmune"
NCT05966467,Neuromyelitis Optica
NCT04660539,Neuromyelitis Optica
NCT04206553,"Pemphigoid, Bullous"
NCT04313205,"Hepatitis, Autoimmune"
NCT06858319,Kidney Diseases
NCT06858319,"Renal Insufficiency, Chronic"
NCT06858319,Urologic Diseases
NCT06858319,Glomerulonephritis
NCT06858319,"Glomerulonephritis, IGA"
NCT06858319,Female Urogenital Diseases
NCT06858319,Female Urogenital Diseases and Pregnancy Complications
NCT06858319,Urogenital Diseases
NCT06858319,Male Urogenital Diseases
NCT06858319,Nephritis
NCT06858319,Autoimmune Diseases
NCT06858319,Immune System Diseases
NCT04071405,"Colitis, Ulcerative"
NCT04071405,Autoimmune Diseases
NCT04071405,Immune System Diseases
NCT05622175,"Arthritis, Rheumatoid"
NCT04391894,Dry Eye Syndromes
NCT04391894,Keratoconjunctivitis Sicca
NCT04391894,Keratitis
NCT04391894,Xerophthalmia
NCT04391894,Sjogren's Syndrome
NCT04458051,"Multiple Sclerosis, Chronic Progressive"
NCT07172022,Antiphospholipid Syndrome
NCT06220669,Multiple Sclerosis
NCT06220669,"Multiple Sclerosis, Relapsing-Remitting"
NCT06657703,"Lupus Erythematosus, Systemic"
NCT07006805,"Multiple Sclerosis, Chronic Progressive"
NCT07006805,"Multiple Sclerosis, Relapsing-Remitting"
NCT07006805,Multiple Sclerosis
NCT07006805,Autoimmune Diseases
NCT06418529,"Arthritis, Rheumatoid"
NCT05084053,"Polyradiculoneuropathy, Chronic Inflammatory Demyelinating"
NCT04658472,"Polyradiculoneuropathy, Chronic Inflammatory Demyelinating"
NCT05058729,Multiple Sclerosis
NCT07605845,"Purpura, Thrombocytopenic, Idiopathic"
NCT06688331,"Diabetes Mellitus, Type 1"
NCT06688331,Prediabetic State
NCT04247815,"Arthritis, Rheumatoid"
NCT04247815,Arthritis
NCT05327114,"Polyradiculoneuropathy, Chronic Inflammatory Demyelinating"
NCT07258849,"Arthritis, Rheumatoid"
NCT06530849,"Lupus Erythematosus, Systemic"
NCT05624749,"Lupus Erythematosus, Systemic"
NCT07201558,"Arthritis, Rheumatoid"
NCT07201558,"Lupus Erythematosus, Systemic"
NCT06454110,"Glomerulonephritis, IGA"
NCT06307613,Graves Ophthalmopathy
NCT04948606,Multiple Sclerosis
NCT06782490,Muscle Spasticity
NCT06782490,Multiple Sclerosis
NCT06670274,Autoimmune Diseases
NCT04593927,"Multiple Sclerosis, Chronic Progressive"
NCT05847920,"Glomerulonephritis, IGA"
NCT06671054,"Arthritis, Rheumatoid"
NCT07661056,Graves Disease
NCT07661056,Hyperthyroidism
NCT04909801,"Arthritis, Rheumatoid"
NCT07444307,"Lupus Erythematosus, Systemic"
NCT04058028,"Lupus Erythematosus, Systemic"
NCT07630714,"Lupus Erythematosus, Systemic"
NCT07630714,"Mycobacterium Infections, Nontuberculous"
NCT05002998,Graves Ophthalmopathy
NCT05979051,Churg-Strauss Syndrome
NCT07095075,Autoimmune Diseases
NCT06800157,"Arthritis, Rheumatoid"
NCT05437419,"Arthritis, Rheumatoid"
NCT05437419,Autoimmune Diseases
NCT05422365,"Purpura, Thrombocytopenic, Idiopathic"
NCT07217587,Myasthenia Gravis
NCT05363358,"Polyradiculoneuropathy, Chronic Inflammatory Demyelinating"
NCT07710248,"Purpura, Thrombocytopenic, Idiopathic"
NCT04340115,"Arthritis, Rheumatoid"
NCT07621809,Fatigue
NCT07621809,Autoimmune Diseases
NCT07621809,Sjogren's Syndrome
NCT06628206,"Arthritis, Rheumatoid"
NCT06628206,"Arthritis, Psoriatic"
NCT06390709,"Arthritis, Rheumatoid"
NCT05658484,Multiple Sclerosis
NCT05904743,"Diabetes Mellitus, Type 1"
NCT05904743,Diabetes Mellitus
NCT05904743,Insulin Resistance
NCT05904743,Respiratory Aspiration
NCT05843643,"Lupus Erythematosus, Systemic"
NCT06747949,Sjogren's Syndrome
NCT06028438,"Arthritis, Rheumatoid"
NCT04544449,"Multiple Sclerosis, Chronic Progressive"
NCT05532943,Multiple Sclerosis
NCT06031415,"Arthritis, Rheumatoid"
NCT04541589,Sjogren's Syndrome
NCT07333118,
NCT04888585,"Arthritis, Rheumatoid"
NCT06975787,Lupus Nephritis
NCT06975787,"Lupus Erythematosus, Systemic"
NCT04333147,"Arthritis, Rheumatoid"
NCT06431776,"Pulmonary Alveolar Proteinosis, Acquired"
NCT06431776,Pulmonary Alveolar Proteinosis
NCT05363891,"Arthritis, Rheumatoid"
NCT04371718,"Hepatitis, Autoimmune"
NCT04371718,Rare Diseases
NCT07086976,"Anemia, Hemolytic, Autoimmune"
NCT07622342,Myasthenia Gravis
NCT05374590,Myasthenia Gravis
NCT07193810,"Lupus Erythematosus, Systemic"
NCT06797518,"Glomerulonephritis, IGA"
NCT06617325,"Lupus Erythematosus, Systemic"
NCT07000110,"Lupus Erythematosus, Systemic"
NCT07000110,Neoplasms
NCT07000110,Infections
NCT07553494,"Glomerulonephritis, IGA"
NCT04638829,"Purpura, Thrombocytopenic, Idiopathic"
NCT05683496,Graves Ophthalmopathy
NCT06447597,Myasthenia Gravis
NCT06760624,Multiple Sclerosis
NCT07682896,Graves Disease
NCT07682896,Hyperthyroidism
NCT05925049,Multiple Sclerosis
NCT06740526,"Glomerulonephritis, IGA"
NCT05681715,Myasthenia Gravis
NCT06920004,"Polyradiculoneuropathy, Chronic Inflammatory Demyelinating"
NCT07123038,"Arthritis, Rheumatoid"
NCT07123038,Hidradenitis Suppurativa
NCT04647708,"Lupus Erythematosus, Systemic"
NCT04647708,"Lupus Erythematosus, Cutaneous"
NCT04647708,Autoimmune Diseases
NCT07001839,"Lupus Erythematosus, Systemic"
NCT06827457,Autoimmune Diseases
NCT05403541,Myasthenia Gravis
NCT04716231,"Glomerulonephritis, IGA"
NCT05015127,Graves Ophthalmopathy
NCT07224373,Multiple Sclerosis
NCT06488703,Asthma
NCT06488703,"Pulmonary Disease, Chronic Obstructive"
NCT06488703,Rheumatic Diseases
NCT06488703,Vasculitis
NCT06488703,Churg-Strauss Syndrome
NCT06488703,Crohn Disease
NCT06488703,"Colitis, Ulcerative"
NCT07341373,"Diabetes Mellitus, Type 1"
NCT07341373,Insulin Resistance
NCT07341373,Diabetes Mellitus
NCT07115745,Autoimmune Diseases
NCT07115745,"Lupus Erythematosus, Systemic"
NCT07115745,Myositis
NCT07115745,"Scleroderma, Systemic"
NCT07115745,"Arthritis, Rheumatoid"
NCT07115745,Musculoskeletal Diseases
NCT07115745,"Scleroderma, Diffuse"
NCT07115745,Sclerosis
NCT07115745,Skin Diseases
NCT07115745,Connective Tissue Diseases
NCT07115745,Lupus Nephritis
NCT07115745,Polymyositis
NCT07115745,Dermatomyositis
NCT04849845,"Diabetes Mellitus, Type 1"
NCT04849845,"Diabetes Mellitus, Type 2"
NCT04849845,Insulin Resistance
NCT04849845,Respiratory Aspiration
NCT04849845,Diabetes Mellitus
NCT07220915,Agammaglobulinemia
NCT07220915,Infections
NCT07174843,Myositis
NCT07174843,"Purpura, Thrombocytopenic, Idiopathic"
NCT07174843,"Lupus Erythematosus, Systemic"
NCT07174843,Autoimmune Diseases
NCT07541287,"Glomerulonephritis, IGA"
NCT07541287,Glomerulonephritis
NCT07541287,Nephritis
NCT07541287,Kidney Diseases
NCT07541287,Urologic Diseases
NCT07541287,Urogenital Diseases
NCT07541287,Autoimmune Diseases
NCT07541287,Immune System Diseases
NCT07541287,Proteinuria
NCT04303143,Restless Legs Syndrome
NCT04303143,Multiple Sclerosis
NCT04303143,Psychological Trauma
NCT04303143,Chronic Disease
NCT04303143,Wounds and Injuries
NCT07748728,"Arthritis, Rheumatoid"
NCT07732309,"Lupus Erythematosus, Systemic"
NCT07732309,"Scleroderma, Systemic"
NCT07732309,Sjogren's Syndrome
NCT05263934,Churg-Strauss Syndrome
NCT07002034,Adjustment Disorders
NCT07002034,Neoplasms
NCT07002034,Amyotrophic Lateral Sclerosis
NCT07002034,Multiple Sclerosis
NCT07002034,Idiopathic Pulmonary Fibrosis
NCT07002034,Depression
NCT07002034,Anxiety Disorders
NCT04574492,"Arthritis, Rheumatoid"
NCT05077865,Hashimoto Disease
NCT06100744,"Arthritis, Juvenile"
NCT06100744,"Arthritis, Psoriatic"
NCT07020819,Guillain-Barre Syndrome
NCT04353492,Multiple Sclerosis
NCT05942911,"Arthritis, Rheumatoid"
NCT05942911,Arthritis
NCT05942911,Pain
NCT05942911,Fatigue
NCT05942911,Arthralgia
NCT04985812,"Arthritis, Rheumatoid"
NCT06698900,"Lupus Erythematosus, Systemic"
NCT06698900,Arthritis
NCT06698900,Spondylitis
NCT06902519,"Arthritis, Rheumatoid"
NCT07029555,"Arthritis, Rheumatoid"
NCT06962280,"Diabetes Mellitus, Type 1"
NCT06962280,Obesity
NCT06962280,Overweight
NCT07257185,Graves Ophthalmopathy
NCT05687526,"Lupus Erythematosus, Systemic"
NCT05039840,"Lupus Erythematosus, Systemic"
NCT06297408,"Lupus Erythematosus, Systemic"
NCT06130540,Giant Cell Arteritis
NCT06130540,Polymyalgia Rheumatica
NCT04583735,Graves Ophthalmopathy
NCT04583735,Bronchiolitis Obliterans Syndrome
NCT04583735,Sedentary Behavior
NCT04583735,Exophthalmos
NCT07625384,"Arthritis, Juvenile"
NCT06433752,Multiple Sclerosis
NCT07246564,Myasthenia Gravis
NCT07054684,"Glomerulonephritis, IGA"
NCT07054684,Proteinuria
NCT07054684,"Renal Insufficiency, Chronic"
NCT07054684,Kidney Diseases
NCT07054684,Nephritis
NCT07054684,Urologic Diseases
NCT07054684,Glomerulonephritis
NCT05170126,Multiple Sclerosis
NCT05881785,Axial Spondyloarthritis
NCT05881785,Autoimmune Diseases
NCT04818671,Myasthenia Gravis
NCT04790916,"Hepatitis, Autoimmune"
NCT07720648,Graves Ophthalmopathy
NCT06395155,Musculoskeletal Pain
NCT06395155,"Arthritis, Rheumatoid"
NCT06395155,Osteoarthritis
NCT06395155,Acute Pain
NCT04377555,Multiple Sclerosis
NCT04377555,Recurrence
NCT07445906,"Glomerulonephritis, IGA"
NCT07085104,"Lupus Erythematosus, Systemic"
NCT07085104,Myositis
NCT07085104,"Scleroderma, Systemic"
NCT07085104,Lupus Nephritis
NCT07085104,Dermatomyositis
NCT07085104,"Scleroderma, Diffuse"
NCT07085104,Autoimmune Diseases
NCT07408908,"Lupus Erythematosus, Systemic"
NCT07408908,"Lupus Erythematosus, Cutaneous"
NCT07262476,Graves Ophthalmopathy
NCT05125068,"Glomerulonephritis, IGA"
NCT05125068,Proteinuria
NCT06575426,"Diabetes Mellitus, Type 1"
NCT06575426,Hypoglycemia
NCT06575426,Glucose Metabolism Disorders
NCT06575426,Immune System Diseases
NCT06575426,Autoimmune Diseases
NCT06575426,Metabolic Diseases
NCT06575426,Diabetes Mellitus
NCT06952426,"Glomerulonephritis, IGA"
NCT04882878,"Lupus Erythematosus, Systemic"
NCT07757048,"Glomerulonephritis, IGA"
NCT05168215,"Scleroderma, Diffuse"
NCT05168215,digital ulcers
NCT05168215,Autoimmune Diseases
NCT05754710,"Arthritis, Juvenile"
NCT07403097,"Lupus Erythematosus, Systemic"
NCT05049161,Multiple Sclerosis
NCT07377773,"Arthritis, Rheumatoid"
NCT07100873,"Arthritis, Rheumatoid"
NCT06727604,Graves Disease
NCT06727604,Hyperthyroidism
NCT04783935,Multiple Sclerosis
NCT05029635,"Purpura, Thrombocytopenic, Idiopathic"
NCT06733935,"Scleroderma, Systemic"
NCT06733935,Myositis
NCT06733935,Anti-Neutrophil Cytoplasmic Antibody-Associated Vasculitis
NCT06733935,"Arthritis, Rheumatoid"
NCT06733935,"Scleroderma, Diffuse"
NCT06989918,Graves Ophthalmopathy
NCT07247279,Rare Diseases
NCT07247279,Myasthenia Gravis
NCT07408024,"Arthritis, Rheumatoid"
NCT07053891,Lupus Nephritis
NCT05199688,Neuromyelitis Optica
NCT06088979,Graves Ophthalmopathy
NCT06088979,Graves Disease
NCT06088979,Exophthalmos
NCT06088979,Eye Diseases
NCT06088979,Thyroid Diseases
NCT06088979,Hyperthyroidism
NCT06395909,"Multiple Sclerosis, Relapsing-Remitting"
NCT06395909,"Multiple Sclerosis, Chronic Progressive"
NCT04987333,"Lupus Erythematosus, Systemic"
NCT04987333,"Colitis, Ulcerative"
NCT05201638,"Multiple Sclerosis, Relapsing-Remitting"
NCT06088615,"Diabetes Mellitus, Type 2"
NCT06088615,"Diabetes Mellitus, Type 1"
NCT05796206,"Lupus Erythematosus, Systemic"
NCT06670352,"Glomerulonephritis, IGA"
NCT05810948,Lupus Nephritis
NCT05810948,Nephritis
NCT05810948,Kidney Diseases
NCT05810948,Urologic Diseases
NCT05810948,Glomerulonephritis
NCT05432960,"Still's Disease, Adult-Onset"
NCT07075484,"Anemia, Hemolytic, Autoimmune"
NCT06188507,"Lupus Erythematosus, Systemic"
NCT06072001,Pain
NCT06072001,Somatoform Disorders
NCT06072001,Chronic Pain
NCT06072001,Neuralgia
NCT06072001,Paraplegia
NCT06072001,Multiple Sclerosis
NCT06072001,Stroke
NCT06072001,Phantom Limb
NCT06072001,"Brain Injuries, Traumatic"
NCT06072001,Agnosia
NCT06072001,Marijuana Abuse
NCT04626921,Multiple Sclerosis
NCT04626921,Demyelinating Diseases
NCT04626921,Optic Nerve Diseases
NCT04626921,Optic Neuritis
NCT05909761,Neuromyelitis Optica
NCT05141201,"Lupus Erythematosus, Systemic"
NCT06866483,Myasthenia Gravis
NCT06866483,Neuromuscular Diseases
NCT06866483,Neuromuscular Manifestations
NCT05775042,"Glomerulonephritis, IGA"
NCT06945406,"Diabetes Mellitus, Type 1"
NCT06945406,"Diabetes Mellitus, Type 2"
NCT04239521,Alopecia Areata
NCT04239521,Depressive Disorder
NCT04239521,Anxiety Disorders
NCT04239521,"Dermatitis, Atopic"
NCT04239521,"Rhinitis, Allergic"
NCT04239521,Asthma
NCT04239521,Crohn Disease
NCT04239521,"Colitis, Ulcerative"
NCT04239521,"Anemia, Pernicious"
NCT04239521,"Diabetes Mellitus, Type 1"
NCT04239521,Hashimoto Disease
NCT04239521,Graves Disease
NCT04239521,"Arthritis, Rheumatoid"
NCT04239521,"Arthritis, Psoriatic"
NCT04239521,"Spondylitis, Ankylosing"
NCT04239521,"Lupus Erythematosus, Systemic"
NCT04239521,Polymyalgia Rheumatica
NCT04239521,Sjogren's Syndrome
NCT04239521,Psoriasis
NCT04239521,Vitiligo
NCT04239521,Multiple Sclerosis
NCT04239521,Celiac Disease
NCT04239521,Respiratory Tract Infections
NCT04239521,"Influenza, Human"
NCT04239521,Bronchitis
NCT04239521,Pneumonia
NCT04239521,Cellulitis
NCT04239521,Urinary Tract Infections
NCT04239521,Herpes Zoster
NCT04239521,Herpes Simplex
NCT04239521,Infections
NCT04239521,Virus Diseases
NCT04239521,Depression
NCT04239521,Autoimmune Diseases
NCT04988087,Sjogren's Syndrome
NCT04988087,Mixed Connective Tissue Disease
NCT04990219,Multiple Sclerosis
NCT07089121,Anti-Neutrophil Cytoplasmic Antibody-Associated Vasculitis
NCT07089121,Dermatomyositis
NCT04933552,Multiple Sclerosis
NCT04433585,"Lupus Erythematosus, Systemic"
NCT04287985,"Glomerulonephritis, IGA"
NCT04287985,Kidney Diseases
NCT04287985,Glomerulonephritis
NCT04287985,Nephritis
NCT04287985,Autoimmune Diseases
NCT04287985,Immune System Diseases
NCT04287985,Proteinuria
NCT06099535,"Arthritis, Rheumatoid"
NCT07113262,Graves Ophthalmopathy
NCT05842824,Autoimmune Diseases
NCT05279417,"Arthritis, Rheumatoid"
NCT05279417,Arthritis
NCT07237659,"Lupus Erythematosus, Systemic"
NCT07237659,"Arthritis, Rheumatoid"
NCT06613360,"Lupus Erythematosus, Systemic"
NCT05987423,Graves Ophthalmopathy
NCT04540497,Immunoglobulin G4-Related Disease
NCT06121297,"Lupus Erythematosus, Systemic"
NCT06121297,Lupus Nephritis
NCT06121297,Autoimmune Diseases
NCT05314010,Neuromyelitis Optica
NCT06726096,"Arthritis, Rheumatoid"
NCT06715488,"Arthritis, Rheumatoid"
NCT06715488,Arthritis
NCT04819269,Dry Eye Syndromes
NCT04819269,Sjogren's Syndrome
NCT04819269,Keratoconjunctivitis Sicca
NCT06900920,"Purpura, Thrombocytopenic, Idiopathic"
NCT04700280,Sjogren's Syndrome
NCT04700280,Autoimmune Diseases
NCT04700280,Rheumatic Diseases
NCT07598396,"Lupus Erythematosus, Systemic"
NCT07598396,Lupus Nephritis
NCT05423769,"Multiple Sclerosis, Relapsing-Remitting"
NCT05423769,Neurologic Manifestations
NCT05423769,Multiple Sclerosis
NCT07118241,Sjogren's Syndrome
NCT07118241,Dry Eye Syndromes
NCT06594146,"Purpura, Thrombocytopenic, Idiopathic"
NCT06282159,Myasthenia Gravis
NCT04497597,"Arthritis, Rheumatoid"
NCT05265273,Myasthenia Gravis
NCT06297213,Sjogren's Syndrome
NCT07144462,
NCT04246762,"Arthritis, Rheumatoid"
NCT05096403,"Anemia, Hemolytic, Autoimmune"
NCT07596784,Myasthenia Gravis
NCT07014826,"Glomerulonephritis, IGA"
NCT06544499,"Purpura, Thrombocytopenic, Idiopathic"
NCT05374785,"Arthritis, Rheumatoid"
NCT05491525,Spinal Dysraphism
NCT05491525,Meningomyelocele
NCT05491525,Meningocele
NCT05491525,Spinal Cord Injuries
NCT05491525,"Myelitis, Transverse"
NCT07093333,Encephalitis
NCT07093333,Autoimmune Diseases of the Nervous System
NCT04721808,"Arthritis, Rheumatoid"
NCT05627089,"Arthritis, Rheumatoid"
NCT05627089,Myositis
NCT05627089,Autoimmune Diseases
NCT05897684,Anti-Neutrophil Cytoplasmic Antibody-Associated Vasculitis
NCT06025578,Pulmonary Fibrosis
NCT06025578,"Lung Diseases, Interstitial"
NCT06025578,"Arthritis, Rheumatoid"
NCT06025578,Connective Tissue Diseases
NCT06025578,Sarcoidosis
NCT06025578,"Scleroderma, Diffuse"
NCT06025578,Fibrosis
NCT05620940,Opioid-Related Disorders
NCT05620940,Alcoholism
NCT05620940,Multiple Sclerosis
NCT07006597,"Polyradiculoneuropathy, Chronic Inflammatory Demyelinating"
NCT07006597,Nervous System Diseases
NCT07006597,Autoimmune Diseases
NCT07006597,Neurodegenerative Diseases
NCT07006597,Immune System Diseases
NCT04815148,"Dermatitis, Atopic"
NCT04815148,"Arthritis, Rheumatoid"
NCT05252533,"Arthritis, Juvenile"
NCT05252533,Psoriasis
NCT06544330,"Lupus Erythematosus, Systemic"
NCT06544330,Lupus Nephritis
NCT06544330,"Scleroderma, Systemic"
NCT07404111,Graves Ophthalmopathy
NCT04883619,Lupus Nephritis
NCT06774664,"Glomerulonephritis, IGA"
NCT07325292,Multiple Sclerosis
NCT07248865,"Glomerulonephritis, IGA"
NCT05540665,Lupus Nephritis
NCT06659029,"Lupus Erythematosus, Systemic"
NCT05162586,"Lupus Erythematosus, Systemic"
NCT05162586,"Lupus Erythematosus, Discoid"
NCT05162586,"Lupus Erythematosus, Cutaneous"
NCT06462365,Hematologic Neoplasms
NCT06462365,Bronchiolitis Obliterans Syndrome
NCT06462365,Precursor Cell Lymphoblastic Leukemia-Lymphoma
NCT06462365,Myelodysplastic Syndromes
NCT06462365,"Leukemia, Myelomonocytic, Chronic"
NCT06462365,Precursor T-Cell Lymphoblastic Leukemia-Lymphoma
NCT06462365,Graft vs Host Disease
NCT07021209,
NCT04577781,"Arthritis, Rheumatoid"
NCT04577781,Arthritis
NCT04577781,Rheumatic Diseases
NCT04577781,Joint Diseases
NCT04577781,Autoimmune Diseases
NCT04577781,Musculoskeletal Diseases
NCT04577781,Connective Tissue Diseases
NCT04556734,Alopecia Areata
NCT04556734,Alopecia
NCT05007977,"Diabetes Mellitus, Type 1"
NCT05007977,Hypoglycemia
NCT04564339,Lupus Nephritis
NCT04564339,"Glomerulonephritis, IGA"
NCT04564339,Glomerulonephritis
NCT06056778,"Lupus Erythematosus, Systemic"
NCT06651515,"Diabetes Mellitus, Type 1"
NCT06651515,Hypoglycemia
NCT06651515,Diabetes Mellitus
NCT06651515,Endocrine System Diseases
NCT06651515,Glucose Metabolism Disorders
NCT05549258,Neuromyelitis Optica
NCT04771858,Multiple Sclerosis
NCT05853835,Autoimmune Diseases
NCT05853835,Multiple Sclerosis
NCT06245408,Sjogren's Syndrome
NCT05701423,Multiple Sclerosis
NCT05780515,Lupus Nephritis
NCT07704580,"Arthritis, Rheumatoid"
NCT04877691,"Lupus Erythematosus, Systemic"
NCT07200596,"Arthritis, Rheumatoid"
NCT05220878,"Purpura, Thrombocytopenic, Idiopathic"
NCT05220878,Thrombocytopenia
NCT05220878,Hemorrhage
NCT05220878,Purpura
NCT05220878,Ecchymosis
NCT07039422,"Purpura, Thrombocytopenic, Idiopathic"
NCT07729995,"Arthritis, Rheumatoid"
NCT07729995,Dermatomyositis
NCT07729995,"Scleroderma, Systemic"
NCT07729995,Lupus Nephritis
NCT07085507,Multiple Sclerosis
NCT05028634,Multiple Sclerosis
NCT05028634,"Multiple Sclerosis, Relapsing-Remitting"
NCT04815967,Muscle Spasticity
NCT04815967,Stroke
NCT04815967,Multiple Sclerosis
NCT04815967,"Brain Injuries, Traumatic"
NCT04815967,Cerebral Palsy
NCT04815967,Hemiplegia
NCT04422912,Pemphigus
NCT04422912,Autoimmune Diseases
NCT04422912,"Skin Diseases, Vesiculobullous"
NCT04422912,Immune System Diseases
NCT06038474,"Lupus Erythematosus, Systemic"
NCT07433335,"Arthritis, Rheumatoid"
NCT05210530,Diabetes Mellitus
NCT05210530,"Diabetes Mellitus, Type 1"
NCT05210530,Glucose Metabolism Disorders
NCT05210530,Metabolic Diseases
NCT05210530,Endocrine System Diseases
NCT05210530,Autoimmune Diseases
NCT05210530,Immune System Diseases
NCT05411016,"Lupus Erythematosus, Systemic"
NCT05411016,"Lupus Erythematosus, Cutaneous"
NCT06987539,Myasthenia Gravis
NCT05869955,"Lupus Erythematosus, Systemic"
NCT05869955,Myositis
NCT05869955,"Scleroderma, Systemic"
NCT05869955,"Arthritis, Rheumatoid"
NCT07474636,"Glomerulonephritis, IGA"
NCT06800404,"Multiple Sclerosis, Relapsing-Remitting"
NCT06800404,Multiple Sclerosis
NCT05349214,Sjogren's Syndrome
NCT05262387,"Diabetes Mellitus, Type 1"
NCT05262387,Motor Activity
NCT05262387,Hypoglycemia
NCT04956263,Diabetes Mellitus
NCT04956263,"Diabetes Mellitus, Type 1"
NCT07611214,Lupus Nephritis
NCT05053165,"Arthritis, Rheumatoid"
NCT05053165,Non-alcoholic Fatty Liver Disease
NCT06859099,"Polyradiculoneuropathy, Chronic Inflammatory Demyelinating"
NCT06943937,Lupus Nephritis
NCT06943937,"Purpura, Thrombocytopenic, Idiopathic"
NCT07603557,"Anemia, Hemolytic, Autoimmune"
NCT06968975,"Polyradiculoneuropathy, Chronic Inflammatory Demyelinating"
NCT06935357,"Glomerulonephritis, IGA"
NCT06949956,"Multiple Sclerosis, Relapsing-Remitting"
NCT07328581,"Lupus Erythematosus, Systemic"
NCT07328581,Lupus Nephritis
NCT07328581,Autoimmune Diseases
NCT07328581,Disease
NCT05304130,"Arthritis, Rheumatoid"
NCT04596995,"Purpura, Thrombocytopenic, Idiopathic"
NCT07132112,
NCT05306574,"Lupus Erythematosus, Systemic"
NCT07738822,"Purpura, Thrombocytopenic, Idiopathic"
NCT07738822,Autoimmune Diseases
NCT07738822,Blood Platelet Disorders
NCT07738822,Thrombocytopenia
NCT07738822,Anemia
NCT07738822,"Anemia, Hemolytic"
NCT07540221,"Polyradiculoneuropathy, Chronic Inflammatory Demyelinating"
NCT06299748,Myasthenia Gravis
NCT06299748,"Polyradiculoneuropathy, Chronic Inflammatory Demyelinating"
NCT05834738,"Glomerulonephritis, IGA"
NCT05834738,Kidney Diseases
NCT05834738,"Renal Insufficiency, Chronic"
NCT05834738,Urologic Diseases
NCT05834738,Glomerulonephritis
NCT04203498,Multiple Sclerosis
NCT04203498,Muscle Spasticity
NCT06625398,Graves Ophthalmopathy
NCT04711226,"Diabetes Mellitus, Type 1"
NCT04711226,Endocrine System Diseases
NCT04711226,Metabolic Diseases
NCT04711226,Immune System Diseases
NCT04711226,Autoimmune Diseases
NCT04711226,Hypoglycemia
NCT04711226,Hyperglycemia
NCT04480307,Multiple Sclerosis
NCT07286006,Graves Disease
NCT03773328,Guillain-Barre Syndrome
NCT07732907,Multiple Sclerosis
NCT07732907,"Leukoencephalopathy, Progressive Multifocal"
NCT07247292,Rare Diseases
NCT07247292,Neuromyelitis Optica
NCT06430671,"Multiple Sclerosis, Relapsing-Remitting"
NCT05532163,"Multiple Sclerosis, Relapsing-Remitting"
NCT04186871,Autoimmune Diseases
NCT04186871,"Arthritis, Rheumatoid"
NCT04186871,"Lupus Erythematosus, Systemic"
NCT04982289,Myasthenia Gravis
NCT07553182,"Arthritis, Juvenile"
NCT06312020,Sjogren's Syndrome
NCT06312020,Autoimmune Diseases
NCT06312020,Dry Eye Syndromes
NCT06021054,Graves Ophthalmopathy
NCT06021054,Graves Disease
NCT07493122,"Diabetes Mellitus, Type 1"
NCT07493122,Diabetes Mellitus
NCT06345157,"Multiple Sclerosis, Relapsing-Remitting"
NCT06345157,Multiple Sclerosis
NCT07473154,"Scleroderma, Diffuse"
NCT07473154,"Arthritis, Rheumatoid"
NCT07473154,"Scleroderma, Systemic"
NCT06411132,Sjogren's Syndrome
NCT06411132,Dry Eye Syndromes
NCT06015230,"Lupus Erythematosus, Systemic"
NCT06015230,Autoimmune Diseases
NCT04752371,"Still's Disease, Adult-Onset"
NCT06143514,Multiple Sclerosis
NCT07481084,"Glomerulonephritis, IGA"
NCT07462130,Graves Ophthalmopathy
NCT06663332,Crohn Disease
NCT06663332,"Colitis, Ulcerative"
NCT06663332,"Arthritis, Psoriatic"
NCT06663332,"Arthritis, Juvenile"
NCT06073093,"Arthritis, Rheumatoid"
NCT05966480,Autoimmune Diseases
NCT05966480,Immune System Diseases
NCT05966480,Connective Tissue Diseases
NCT05966480,"Lupus Erythematosus, Systemic"
NCT05516979,"Arthritis, Rheumatoid"
NCT06292923,"Multiple Sclerosis, Chronic Progressive"
NCT06566261,"Multiple Sclerosis, Chronic Progressive"
NCT06566261,Multiple Sclerosis
NCT07224386,Myasthenia Gravis
NCT06512883,Churg-Strauss Syndrome
NCT06255028,"Lupus Erythematosus, Systemic"
NCT06255028,Lupus Nephritis
NCT06255028,Myositis
NCT06255028,"Scleroderma, Diffuse"
NCT06255028,Autoimmune Diseases
NCT06255028,Polymyositis
NCT06255028,Dermatomyositis
NCT06255028,"Scleroderma, Systemic"
NCT06255028,Sclerosis
NCT06064929,Lupus Nephritis
NCT06064929,"Lupus Erythematosus, Systemic"
NCT06775912,"Scleroderma, Systemic"
NCT06775912,Anti-Neutrophil Cytoplasmic Antibody-Associated Vasculitis
NCT06607627,Myasthenia Gravis
NCT04980495,Myasthenia Gravis
NCT07041801,"Lupus Erythematosus, Systemic"
NCT07513181,"Colitis, Ulcerative"
NCT07513181,Inflammatory Bowel Diseases
NCT07513181,Autoimmune Diseases
NCT07513181,Colitis
NCT07513181,Ulcer
NCT04449653,"Lupus Erythematosus, Systemic"
NCT06625411,Graves Ophthalmopathy
NCT05267600,"Pemphigoid, Bullous"
NCT04269551,"Anemia, Hemolytic, Autoimmune"
NCT05039619,Lupus Nephritis
NCT04737330,Graves Ophthalmopathy
NCT04737330,Exophthalmos
NCT04625595,Diabetes Mellitus
NCT04625595,Autoimmune Diseases
NCT06583395,Amyotrophic Lateral Sclerosis
NCT06583395,"Angina, Stable"
NCT06583395,Anxiety Disorders
NCT06583395,Asthma
NCT06583395,Atrial Fibrillation
NCT06583395,Brain Neoplasms
NCT06583395,Breast Neoplasms
NCT06583395,Colonic Neoplasms
NCT06583395,Lung Neoplasms
NCT06583395,Ovarian Neoplasms
NCT06583395,Prostatic Neoplasms
NCT06583395,Skin Neoplasms
NCT06583395,Lymphoma
NCT06583395,Thyroid Neoplasms
NCT06583395,Neoplasms
NCT06583395,Cerebral Palsy
NCT06583395,"Fatigue Syndrome, Chronic"
NCT06583395,Cluster Headache
NCT06583395,"Pulmonary Disease, Chronic Obstructive"
NCT06583395,"Renal Insufficiency, Chronic"
NCT06583395,Crohn Disease
NCT06583395,Deafness
NCT06583395,Depression
NCT06583395,Diabetes Mellitus
NCT06583395,Eczema
NCT06583395,Epilepsy
NCT06583395,Leiomyoma
NCT06583395,Fibromyalgia
NCT06583395,Heart Failure
NCT06583395,Hypertension
NCT06583395,Hyperthyroidism
NCT06583395,Hypothyroidism
NCT06583395,Irritable Bowel Syndrome
NCT06583395,Infertility
NCT06583395,Lyme Disease
NCT06583395,Macular Degeneration
NCT06583395,Migraine Disorders
NCT06583395,Multiple Sclerosis
NCT06583395,Osteoarthritis
NCT06583395,Osteoporosis
NCT06583395,Ovarian Cysts
NCT06583395,Parkinson Disease
NCT06583395,Phantom Limb
NCT06583395,Psoriasis
NCT06583395,"Stress Disorders, Post-Traumatic"
NCT06583395,"Arthritis, Rheumatoid"
NCT06583395,Spinal Cord Injuries
NCT06583395,Spinal Stenosis
NCT06583395,Stroke
NCT06583395,Tension-Type Headache
NCT06583395,Tinnitus
NCT06583395,"Colitis, Ulcerative"
NCT05492409,"Purpura, Thrombocytopenic, Idiopathic"
NCT05492409,Thrombocytopenia
NCT05492409,Hemorrhage
NCT05492409,Purpura
NCT05492409,Ecchymosis
NCT04984278,Multiple Sclerosis
NCT04984278,Muscle Spasticity
NCT07265258,Graves Ophthalmopathy
NCT06607016,Anti-Glomerular Basement Membrane Disease
NCT07596849,Graves Disease
NCT07048197,"Arthritis, Rheumatoid"
NCT05018585,"Diabetes Mellitus, Type 1"
NCT05018585,Diabetes Mellitus
NCT05018585,Autoimmune Diseases
NCT05018585,Metabolic Diseases
NCT05018585,Immune System Diseases
NCT05672576,"Lupus Erythematosus, Systemic"
NCT05672576,Connective Tissue Diseases
NCT05672576,Immune System Diseases
NCT05672576,Autoimmune Diseases
NCT06787989,"Purpura, Thrombocytopenic, Idiopathic"
NCT05835310,"Lupus Erythematosus, Systemic"
NCT06637072,"Polyradiculoneuropathy, Chronic Inflammatory Demyelinating"
NCT07554495,"Arthritis, Juvenile"
NCT05688696,"Lupus Erythematosus, Systemic"
NCT07566988,Multiple Sclerosis
NCT06625242,"Arthritis, Rheumatoid"
NCT07765966,Recurrence
NCT07765966,"Purpura, Thrombocytopenic, Idiopathic"
NCT04925934,"Lupus Erythematosus, Systemic"
NCT07032272,Renal Insufficiency
NCT05894707,Autoimmune Diseases
NCT05551598,Neuromyelitis Optica
NCT05197699,Multiple Sclerosis
NCT05064436,Multiple Sclerosis
NCT05197842,Anti-Neutrophil Cytoplasmic Antibody-Associated Vasculitis
NCT06460324,Multiple Sclerosis
NCT07264426,"Polyradiculoneuropathy, Chronic Inflammatory Demyelinating"
NCT07675590,Obesity
NCT07675590,Overweight
NCT07675590,"Diabetes Mellitus, Type 1"
NCT04551989,Churg-Strauss Syndrome
NCT06444113,Multiple Sclerosis
NCT04786262,"Diabetes Mellitus, Type 1"
NCT04786262,Hypoglycemia
NCT05946941,Sjogren's Syndrome
NCT04140305,Multiple Sclerosis
NCT06875960,"Lupus Erythematosus, Systemic"
NCT04078191,"Arthritis, Rheumatoid"
NCT06055959,Myasthenia Gravis
NCT05569759,"Hepatitis, Autoimmune"
NCT07018323,Graves Disease
NCT06342713,Autoimmune Diseases
NCT06342713,"Dermatitis, Atopic"
NCT07085117,Graves Ophthalmopathy
NCT05798520,Multiple Sclerosis
NCT06010329,"Carcinoma, Non-Small-Cell Lung"
NCT06010329,Neoplasms
NCT05358717,Huntington Disease
NCT05358717,Neurodegenerative Diseases
NCT05358717,Rare Diseases
NCT03801889,Iron Overload
NCT03801889,beta-Thalassemia
NCT06298292,Tyrosinemias
NCT06298292,Alkaptonuria
NCT06298292,Metabolic Diseases
NCT06298292,Ketosis
NCT05868629,Hereditary Sensory and Autonomic Neuropathies
NCT05092815,"Histiocytosis, Langerhans-Cell"
NCT05092815,Erdheim-Chester Disease
NCT04628871,Hemophilia B
NCT04628871,Mucopolysaccharidosis I
NCT04628871,Mucopolysaccharidosis II
NCT05168566,"Carcinoma, Non-Small-Cell Lung"
NCT05168566,Neoplasms
NCT05168566,Lung Neoplasms
NCT06227429,Tyrosinemias
NCT06227429,Rare Diseases
NCT06227429,Fanconi Anemia
NCT06227429,Liver Failure
NCT05039866,Fabry Disease
NCT05039866,"Fabry Disease, Cardiac Variant"
NCT04240886,Invasive Fungal Infections
NCT04240886,Aspergillosis
NCT04240886,COVID-19
NCT04240886,Pulmonary Aspergillosis
NCT04240886,Mycoses
NCT04541082,Central Nervous System Neoplasms
NCT04541082,Glioblastoma
NCT04541082,Gliosarcoma
NCT04541082,Oligodendroglioma
NCT04541082,Astrocytoma
NCT04541082,"Neoplasms, Neuroepithelial"
NCT04541082,Ependymoma
NCT04541082,Medulloblastoma
NCT04541082,Typical Teratoid Rhabdoid Tumor
NCT04541082,"Neuroectodermal Tumors, Primitive"
NCT04541082,Neuroectodermal Tumors
NCT04541082,Meningioma
NCT04541082,Choroid Plexus Neoplasms
NCT04541082,Pinealoma
NCT04541082,Glioma
NCT04220190,Amyotrophic Lateral Sclerosis
NCT04220190,Rare Diseases
NCT06258902,Rare Diseases
NCT06258902,Breast Feeding
NCT06957054,Fragile X Syndrome
NCT06957054,Neurodevelopmental Disorders
NCT06957054,Central Nervous System Diseases
NCT06957054,Intellectual Disability
NCT06957054,Neurobehavioral Manifestations
NCT06957054,"Genetic Diseases, X-Linked"
NCT06957054,Congenital Abnormalities
NCT06957054,Rare Diseases
NCT07128199,"Carcinoma, Non-Small-Cell Lung"
NCT07128199,Lung Neoplasms
NCT04765553,Rare Diseases
NCT06714370,Lymphoma
NCT06714370,Brain Neoplasms
NCT06714370,Rare Diseases
NCT07128966,Celiac Disease
NCT07128966,Kidney Diseases
NCT07128966,Bronchiolitis Obliterans Syndrome
NCT07128966,Rare Diseases
NCT07654114,Fragile X Syndrome
NCT07654114,Central Nervous System Diseases
NCT07654114,Intellectual Disability
NCT07654114,Neurobehavioral Manifestations
NCT07654114,"Genetic Diseases, X-Linked"
NCT07654114,Congenital Abnormalities
NCT07654114,Rare Diseases
NCT07654114,Neurodevelopmental Disorders
NCT04771416,"Leukodystrophy, Globoid Cell"
NCT04771416,Rare Diseases
NCT04771416,Lysosomal Storage Diseases
NCT05537766,Waldenstrom Macroglobulinemia
NCT05537766,Recurrence
NCT05537766,Burkitt Lymphoma
NCT05537766,"Leukemia, Hairy Cell"
NCT04171700,Ovarian Neoplasms
NCT04171700,Prostatic Neoplasms
NCT04171700,Pancreatic Neoplasms
NCT04171700,Breast Neoplasms
NCT04171700,Lung Neoplasms
NCT04171700,Colonic Neoplasms
NCT04171700,Stomach Neoplasms
NCT04171700,Urinary Bladder Neoplasms
NCT04171700,Colorectal Neoplasms
NCT04171700,Sarcoma
NCT04171700,Fallopian Tube Neoplasms
NCT04171700,Neoplasm Metastasis
NCT04171700,Esophageal Neoplasms
NCT04171700,Leiomyosarcoma
NCT04171700,Carcinosarcoma
NCT04171700,Endometrial Neoplasms
NCT04171700,Uterine Cervical Neoplasms
NCT06706076,"Carcinoma, Non-Small-Cell Lung"
NCT05967689,Carcinoma
NCT05967689,Lung Diseases
NCT05256290,"Carcinoma, Non-Small-Cell Lung"
NCT05256290,Lung Neoplasms
NCT05256290,Brain Neoplasms
NCT05684523,"Sleep Disorders, Circadian Rhythm"
NCT05684523,Cognitive Dysfunction
NCT05546866,"Carcinoma, Non-Small-Cell Lung"
NCT07176923,Familial hyperchylomicronemia syndrome
NCT07176923,Hypertriglyceridemia
NCT07176923,Pancreatitis
NCT07163260,Hemophilia A
NCT05200871,"Glomerulosclerosis, Focal Segmental"
NCT05200871,"Glomerulonephritis, IGA"
NCT04931342,Ovarian Neoplasms
NCT06539169,alpha-Thalassemia
NCT06539169,beta-Thalassemia
NCT06539169,Amyloidosis
NCT06539169,Amyotrophic Lateral Sclerosis
NCT06539169,"Insomnia, Fatal Familial"
NCT06539169,Cystic Fibrosis
NCT06539169,"Muscular Dystrophy, Duchenne"
NCT06539169,Alzheimer Disease
NCT06539169,Ehlers-Danlos Syndrome
NCT06539169,Huntington Disease
NCT06539169,Gaucher Disease
NCT06539169,"Gangliosidosis, GM1"
NCT06539169,Myasthenia Gravis
NCT06539169,Glycogen Storage Disease Type II
NCT06539169,"Anemia, Sickle Cell"
NCT06539169,Rare Diseases
NCT05046444,Leukemia
NCT05046444,Hematologic Neoplasms
NCT05046444,Rare Diseases
NCT05046444,Lymphoma
NCT05046444,"Neoplasms, Unknown Primary"
NCT07070232,Lethal Congenital Contracture Syndrome 2
NCT07070232,Melanoma
NCT07070232,Stomach Neoplasms
NCT07070232,"Carcinoma, Non-Small-Cell Lung"
NCT07716865,"Cerebral Amyloid Angiopathy, Familial"
NCT07716865,Intracranial Hemorrhages
NCT07716865,Cerebral Hemorrhage
NCT07716865,Dementia
NCT04612790,"Pemphigoid, Bullous"
NCT04612790,Rare Diseases
NCT04612790,Eosinophilia
NCT04612790,Urticaria
NCT04612790,Blister
NCT04612790,Pruritus
NCT07587021,Primary hyperoxaluria type 1
NCT07587021,Hyperoxaluria
NCT07587021,"Hyperoxaluria, Primary"
NCT07587021,Kidney Calculi
NCT06474104,Rare Diseases
NCT07142343,Protein-Losing Enteropathies
NCT06826612,Huntington Disease
NCT06826612,Rare Diseases
NCT06826612,Chorea
NCT06826612,Movement Disorders
NCT07127978,"Muscular Dystrophy, Duchenne"
NCT07127978,Rare Diseases
NCT07127978,Muscular Dystrophies
NCT07123155,Glycogen Storage Disease Type II
NCT07123155,Rare Diseases
NCT07123155,Glycogen Storage Disease
NCT06525636,Familial Hypophosphatemic Rickets
NCT06525636,Bone Diseases
NCT06525636,Metabolic Diseases
NCT06525636,Musculoskeletal Diseases
NCT06525636,Rare Diseases
NCT06525636,Hypophosphatemia
NCT06525636,Kidney Diseases
NCT06947928,"Carcinoma, Merkel Cell"
NCT06947928,Neoplasm Metastasis
NCT06947928,Skin Neoplasms
NCT07180355,Friedreich Ataxia
NCT07180355,Ataxia
NCT07180355,Movement Disorders
NCT07180355,Rare Diseases
NCT05751798,Lymphoma
NCT05751798,"Carcinoma, Non-Small-Cell Lung"
NCT07737756,"Muscular Atrophy, Spinal"
NCT07737756,Neuromuscular Diseases
NCT07737756,Rare Diseases
NCT04713475,"Gangliosidosis, GM1"
NCT04713475,Rare Diseases
NCT04713475,Lysosomal Storage Diseases
NCT04966741,Bardet-Biedl Syndrome
NCT04966741,Proopiomelanocortin Deficiency
NCT04966741,Obesity
NCT04966741,Pediatric Obesity
NCT07531251,Barth Syndrome
NCT07746895,Glomerulonephritis
NCT07746895,Rare Diseases
NCT04482309,Pancreatic Neoplasms
NCT04482309,Colorectal Neoplasms
NCT04998396,Canavan Disease
NCT04998396,Rare Diseases
NCT04998396,Leukoencephalopathies
NCT04916977,Fabry Disease
NCT05028894,Idiopathic Pulmonary Fibrosis
NCT05028894,Pulmonary Fibrosis
NCT05028894,Lung Diseases
NCT05028894,Respiratory Tract Diseases
NCT05028894,Rare Diseases
NCT05028894,Hermanski-Pudlak Syndrome
NCT05215951,Lung Neoplasms
NCT07185997,"Carcinoma, Non-Small-Cell Lung"
NCT07185997,Respiratory Tract Neoplasms
NCT07185997,Bronchial Neoplasms
NCT07185997,Lung Neoplasms
NCT07556913,Rare Diseases
NCT07556913,"Liver Cirrhosis, Biliary"
NCT04795206,Choroideremia
NCT04795206,Rare Diseases
NCT05794217,Rare Diseases
NCT04371718,"Hepatitis, Autoimmune"
NCT04371718,Rare Diseases
NCT04221451,Tay-Sachs Disease
NCT04221451,Sandhoff Disease
NCT06568055,
NCT06596135,Obesity
NCT06596135,Sexual Infantilism
NCT06480968,Fragile X Syndrome
NCT06480968,Neurodevelopmental Disorders
NCT06480968,Central Nervous System Diseases
NCT06480968,Intellectual Disability
NCT06480968,Neurobehavioral Manifestations
NCT06480968,"Genetic Diseases, X-Linked"
NCT06480968,Congenital Abnormalities
NCT06480968,Rare Diseases
NCT07247279,Rare Diseases
NCT07247279,Myasthenia Gravis
NCT06721871,Microvillus inclusion disease
NCT06721871,"Congenital, Hereditary, and Neonatal Diseases and Abnormalities"
NCT06721871,Rare Diseases
NCT06254482,Huntington Disease
NCT06254482,Neurodegenerative Diseases
NCT06254482,Rare Diseases
NCT06147856,Phenylketonurias
NCT06147856,Central Nervous System Diseases
NCT06147856,Nervous System Diseases
NCT06147856,Brain Diseases
NCT06147856,Metabolic Diseases
NCT04270058,"Amyloidosis, Hereditary, Transthyretin-Related"
NCT04270058,Rare Diseases
NCT07247292,Rare Diseases
NCT07247292,Neuromyelitis Optica
NCT05364073,"Carcinoma, Non-Small-Cell Lung"
NCT04951648,"Carcinoma, Non-Small-Cell Lung"
NCT07750990,Glycogen Storage Disease Type II
NCT07750990,Rare Diseases
NCT07750990,Glycogen Storage Disease
