raw_sponsor_name,cleaned_operating_name,parent_company_candidate,mapping_type,review_status,notes,dashboard_sponsor_name,parent_rollup_name_if_approved,recommended_current_use
Actelion,Actelion,Johnson & Johnson,acquisition_rollup_candidate,needs_review,Parent-company/acquisition rollup candidate; keep operating name unless group approves rollup.,Actelion,Johnson & Johnson,Use dashboard_sponsor_name for now; parent rollup requires team decision
Celgene,Celgene,Bristol Myers Squibb,acquisition_rollup_candidate,needs_review,Parent-company/acquisition rollup candidate; keep operating name unless group approves rollup.,Celgene,Bristol Myers Squibb,Use dashboard_sponsor_name for now; parent rollup requires team decision
"Juno Therapeutics, a Subsidiary of Celgene",Celgene,Bristol Myers Squibb,acquisition_rollup_candidate,needs_review,Parent-company/acquisition rollup candidate; keep operating name unless group approves rollup.,Celgene,Bristol Myers Squibb,Use dashboard_sponsor_name for now; parent rollup requires team decision
"Genentech, Inc.",Genentech,Roche,parent_rollup_candidate,needs_review,Parent-company/acquisition rollup candidate; keep operating name unless group approves rollup.,Genentech,Roche,Use dashboard_sponsor_name for now; parent rollup requires team decision
"Genzyme, a Sanofi Company",Genzyme,Sanofi,parent_rollup_candidate,needs_review,Parent-company/acquisition rollup candidate; keep operating name unless group approves rollup.,Genzyme,Sanofi,Use dashboard_sponsor_name for now; parent rollup requires team decision
Janssen Cilag S.A.S.,Janssen,Johnson & Johnson,parent_rollup_candidate,needs_review,Parent-company/acquisition rollup candidate; keep operating name unless group approves rollup.,Janssen,Johnson & Johnson,Use dashboard_sponsor_name for now; parent rollup requires team decision
"Janssen Pharmaceutica N.V., Belgium",Janssen,Johnson & Johnson,parent_rollup_candidate,needs_review,Parent-company/acquisition rollup candidate; keep operating name unless group approves rollup.,Janssen,Johnson & Johnson,Use dashboard_sponsor_name for now; parent rollup requires team decision
Janssen Pharmaceutical K.K.,Janssen,Johnson & Johnson,parent_rollup_candidate,needs_review,Parent-company/acquisition rollup candidate; keep operating name unless group approves rollup.,Janssen,Johnson & Johnson,Use dashboard_sponsor_name for now; parent rollup requires team decision
"Janssen Research & Development, LLC",Janssen,Johnson & Johnson,parent_rollup_candidate,needs_review,Parent-company/acquisition rollup candidate; keep operating name unless group approves rollup.,Janssen,Johnson & Johnson,Use dashboard_sponsor_name for now; parent rollup requires team decision
"Janssen Scientific Affairs, LLC",Janssen,Johnson & Johnson,parent_rollup_candidate,needs_review,Parent-company/acquisition rollup candidate; keep operating name unless group approves rollup.,Janssen,Johnson & Johnson,Use dashboard_sponsor_name for now; parent rollup requires team decision
Janssen Vaccines & Prevention B.V.,Janssen,Johnson & Johnson,parent_rollup_candidate,needs_review,Parent-company/acquisition rollup candidate; keep operating name unless group approves rollup.,Janssen,Johnson & Johnson,Use dashboard_sponsor_name for now; parent rollup requires team decision
Janssen-Cilag Ltd.,Janssen,Johnson & Johnson,parent_rollup_candidate,needs_review,Parent-company/acquisition rollup candidate; keep operating name unless group approves rollup.,Janssen,Johnson & Johnson,Use dashboard_sponsor_name for now; parent rollup requires team decision
Janssen-Cilag S.p.A.,Janssen,Johnson & Johnson,parent_rollup_candidate,needs_review,Parent-company/acquisition rollup candidate; keep operating name unless group approves rollup.,Janssen,Johnson & Johnson,Use dashboard_sponsor_name for now; parent rollup requires team decision
Alnylam Pharmaceuticals,Alnylam Pharmaceuticals,Alnylam Pharmaceuticals,simple_name_variant,confirmed,Likely simple sponsor-name standardization.,Alnylam Pharmaceuticals,Alnylam Pharmaceuticals,Use dashboard_sponsor_name
Amgen,Amgen,Amgen,simple_name_variant,confirmed,Likely simple sponsor-name standardization.,Amgen,Amgen,Use dashboard_sponsor_name
AstraZeneca,AstraZeneca,AstraZeneca,simple_name_variant,confirmed,Likely simple sponsor-name standardization.,AstraZeneca,AstraZeneca,Use dashboard_sponsor_name
AstraZeneca Turkey,AstraZeneca,AstraZeneca,simple_name_variant,confirmed,Likely simple sponsor-name standardization.,AstraZeneca,AstraZeneca,Use dashboard_sponsor_name
Bayer,Bayer,Bayer,simple_name_variant,confirmed,Likely simple sponsor-name standardization.,Bayer,Bayer,Use dashboard_sponsor_name
Boehringer Ingelheim,Boehringer Ingelheim,Boehringer Ingelheim,simple_name_variant,confirmed,Likely simple sponsor-name standardization.,Boehringer Ingelheim,Boehringer Ingelheim,Use dashboard_sponsor_name
Bristol-Myers Squibb,Bristol Myers Squibb,Bristol Myers Squibb,simple_name_variant,confirmed,Likely simple sponsor-name standardization.,Bristol Myers Squibb,Bristol Myers Squibb,Use dashboard_sponsor_name
"Juno Therapeutics, Inc., a Bristol-Myers Squibb Company",Bristol Myers Squibb,Bristol Myers Squibb,simple_name_variant,confirmed,Likely simple sponsor-name standardization.,Bristol Myers Squibb,Bristol Myers Squibb,Use dashboard_sponsor_name
"Karuna Therapeutics, Inc., a Bristol Myers Squibb company",Bristol Myers Squibb,Bristol Myers Squibb,simple_name_variant,confirmed,Likely simple sponsor-name standardization.,Bristol Myers Squibb,Bristol Myers Squibb,Use dashboard_sponsor_name
Eli Lilly and Company,Eli Lilly,Eli Lilly,simple_name_variant,confirmed,Likely simple sponsor-name standardization.,Eli Lilly,Eli Lilly,Use dashboard_sponsor_name
"Morphic Therapeutic, Inc. (A Wholly Owned Subsidiary of Eli Lilly and Company)",Eli Lilly,Eli Lilly,simple_name_variant,confirmed,Likely simple sponsor-name standardization.,Eli Lilly,Eli Lilly,Use dashboard_sponsor_name
Bellus Health Inc. - a GSK company,GSK,GSK,simple_name_variant,confirmed,Likely simple sponsor-name standardization.,GSK,GSK,Use dashboard_sponsor_name
GlaxoSmithKline,GSK,GSK,simple_name_variant,confirmed,Likely simple sponsor-name standardization.,GSK,GSK,Use dashboard_sponsor_name
Gilead Sciences,Gilead Sciences,Gilead Sciences,simple_name_variant,confirmed,Likely simple sponsor-name standardization.,Gilead Sciences,Gilead Sciences,Use dashboard_sponsor_name
"Kite, A Gilead Company",Gilead Sciences,Gilead Sciences,simple_name_variant,confirmed,Likely simple sponsor-name standardization.,Gilead Sciences,Gilead Sciences,Use dashboard_sponsor_name
"Ionis Pharmaceuticals, Inc.",Ionis Pharmaceuticals,Ionis Pharmaceuticals,simple_name_variant,confirmed,Likely simple sponsor-name standardization.,Ionis Pharmaceuticals,Ionis Pharmaceuticals,Use dashboard_sponsor_name
Johnson & Johnson Medical (Shanghai) Ltd.,Johnson & Johnson,Johnson & Johnson,simple_name_variant,confirmed,Likely simple sponsor-name standardization.,Johnson & Johnson,Johnson & Johnson,Use dashboard_sponsor_name
Johnson & Johnson Private Limited,Johnson & Johnson,Johnson & Johnson,simple_name_variant,confirmed,Likely simple sponsor-name standardization.,Johnson & Johnson,Johnson & Johnson,Use dashboard_sponsor_name
Merck Sharp & Dohme LLC,Merck / MSD,Merck & Co.,simple_name_variant,confirmed,Likely simple sponsor-name standardization.,Merck / MSD,Merck & Co.,Use dashboard_sponsor_name
Novartis,Novartis,Novartis,simple_name_variant,confirmed,Likely simple sponsor-name standardization.,Novartis,Novartis,Use dashboard_sponsor_name
Novartis Pharmaceuticals,Novartis,Novartis,simple_name_variant,confirmed,Likely simple sponsor-name standardization.,Novartis,Novartis,Use dashboard_sponsor_name
"Tourmaline Bio, Inc., a Novartis Company",Novartis,Novartis,simple_name_variant,confirmed,Likely simple sponsor-name standardization.,Novartis,Novartis,Use dashboard_sponsor_name
"Dicerna Pharmaceuticals, Inc., a Novo Nordisk company",Novo Nordisk,Novo Nordisk,simple_name_variant,confirmed,Likely simple sponsor-name standardization.,Novo Nordisk,Novo Nordisk,Use dashboard_sponsor_name
Novo Nordisk A/S,Novo Nordisk,Novo Nordisk,simple_name_variant,confirmed,Likely simple sponsor-name standardization.,Novo Nordisk,Novo Nordisk,Use dashboard_sponsor_name
Pfizer,Pfizer,Pfizer,simple_name_variant,confirmed,Likely simple sponsor-name standardization.,Pfizer,Pfizer,Use dashboard_sponsor_name
Pfizer's Upjohn has merged with Mylan to form Viatris Inc.,Pfizer,Pfizer,simple_name_variant,confirmed,Likely simple sponsor-name standardization.,Pfizer,Pfizer,Use dashboard_sponsor_name
"Seagen, a wholly owned subsidiary of Pfizer",Pfizer,Pfizer,simple_name_variant,confirmed,Likely simple sponsor-name standardization.,Pfizer,Pfizer,Use dashboard_sponsor_name
Regeneron Pharmaceuticals,Regeneron,Regeneron,simple_name_variant,confirmed,Likely simple sponsor-name standardization.,Regeneron,Regeneron,Use dashboard_sponsor_name
Hoffmann-La Roche,Roche,Roche,simple_name_variant,confirmed,Likely simple sponsor-name standardization.,Roche,Roche,Use dashboard_sponsor_name
Sanofi,Sanofi,Sanofi,simple_name_variant,confirmed,Likely simple sponsor-name standardization.,Sanofi,Sanofi,Use dashboard_sponsor_name
35Pharma Inc,35Pharma Inc,35Pharma Inc,left_as_is,no_review_needed,No related sponsor/parent mapping identified; kept as original sponsor name.,35Pharma Inc,35Pharma Inc,Use dashboard_sponsor_name
3D Medicines,3D Medicines,3D Medicines,left_as_is,no_review_needed,No related sponsor/parent mapping identified; kept as original sponsor name.,3D Medicines,3D Medicines,Use dashboard_sponsor_name
3ive Labs,3ive Labs,3ive Labs,left_as_is,no_review_needed,No related sponsor/parent mapping identified; kept as original sponsor name.,3ive Labs,3ive Labs,Use dashboard_sponsor_name
"4C Medical Technologies, Inc.","4C Medical Technologies, Inc.","4C Medical Technologies, Inc.",left_as_is,no_review_needed,No related sponsor/parent mapping identified; kept as original sponsor name.,"4C Medical Technologies, Inc.","4C Medical Technologies, Inc.",Use dashboard_sponsor_name
4D Molecular Therapeutics,4D Molecular Therapeutics,4D Molecular Therapeutics,left_as_is,no_review_needed,No related sponsor/parent mapping identified; kept as original sponsor name.,4D Molecular Therapeutics,4D Molecular Therapeutics,Use dashboard_sponsor_name
4TEEN4 Pharmaceuticals GmbH,4TEEN4 Pharmaceuticals GmbH,4TEEN4 Pharmaceuticals GmbH,left_as_is,no_review_needed,No related sponsor/parent mapping identified; kept as original sponsor name.,4TEEN4 Pharmaceuticals GmbH,4TEEN4 Pharmaceuticals GmbH,Use dashboard_sponsor_name
A-Rhythmik GmbH,A-Rhythmik GmbH,A-Rhythmik GmbH,left_as_is,no_review_needed,No related sponsor/parent mapping identified; kept as original sponsor name.,A-Rhythmik GmbH,A-Rhythmik GmbH,Use dashboard_sponsor_name
A.Menarini Asia-Pacific Holdings Pte Ltd,A.Menarini Asia-Pacific Holdings Pte Ltd,A.Menarini Asia-Pacific Holdings Pte Ltd,left_as_is,no_review_needed,No related sponsor/parent mapping identified; kept as original sponsor name.,A.Menarini Asia-Pacific Holdings Pte Ltd,A.Menarini Asia-Pacific Holdings Pte Ltd,Use dashboard_sponsor_name
ABAStroke Sp. z o.o.,ABAStroke ,ABAStroke ,left_as_is,no_review_needed,No related sponsor/parent mapping identified; kept as original sponsor name.,ABAStroke ,ABAStroke ,Use dashboard_sponsor_name
ABIGO Medical AB,ABIGO Medical AB,ABIGO Medical AB,left_as_is,no_review_needed,No related sponsor/parent mapping identified; kept as original sponsor name.,ABIGO Medical AB,ABIGO Medical AB,Use dashboard_sponsor_name
ABLE Human Motion S.L.,ABLE Human Motion S.L.,ABLE Human Motion S.L.,left_as_is,no_review_needed,No related sponsor/parent mapping identified; kept as original sponsor name.,ABLE Human Motion S.L.,ABLE Human Motion S.L.,Use dashboard_sponsor_name
ACELYRIN Inc.,ACELYRIN Inc.,ACELYRIN Inc.,left_as_is,no_review_needed,No related sponsor/parent mapping identified; kept as original sponsor name.,ACELYRIN Inc.,ACELYRIN Inc.,Use dashboard_sponsor_name
"ADARx Pharmaceuticals, Inc.","ADARx Pharmaceuticals, Inc.","ADARx Pharmaceuticals, Inc.",left_as_is,no_review_needed,No related sponsor/parent mapping identified; kept as original sponsor name.,"ADARx Pharmaceuticals, Inc.","ADARx Pharmaceuticals, Inc.",Use dashboard_sponsor_name
AEYE Health Inc,AEYE Health Inc,AEYE Health Inc,left_as_is,no_review_needed,No related sponsor/parent mapping identified; kept as original sponsor name.,AEYE Health Inc,AEYE Health Inc,Use dashboard_sponsor_name
"AIRx Health, Inc.","AIRx Health, Inc.","AIRx Health, Inc.",left_as_is,no_review_needed,No related sponsor/parent mapping identified; kept as original sponsor name.,"AIRx Health, Inc.","AIRx Health, Inc.",Use dashboard_sponsor_name
"AJU Pharm Co., Ltd.","AJU Pharm Co., Ltd.","AJU Pharm Co., Ltd.",left_as_is,no_review_needed,No related sponsor/parent mapping identified; kept as original sponsor name.,"AJU Pharm Co., Ltd.","AJU Pharm Co., Ltd.",Use dashboard_sponsor_name
AM-Pharma,AM-Pharma,AM-Pharma,left_as_is,no_review_needed,No related sponsor/parent mapping identified; kept as original sponsor name.,AM-Pharma,AM-Pharma,Use dashboard_sponsor_name
AO GENERIUM,AO GENERIUM,AO GENERIUM,left_as_is,no_review_needed,No related sponsor/parent mapping identified; kept as original sponsor name.,AO GENERIUM,AO GENERIUM,Use dashboard_sponsor_name
AOP Orphan Pharmaceuticals AG,AOP Orphan Pharmaceuticals AG,AOP Orphan Pharmaceuticals AG,left_as_is,no_review_needed,No related sponsor/parent mapping identified; kept as original sponsor name.,AOP Orphan Pharmaceuticals AG,AOP Orphan Pharmaceuticals AG,Use dashboard_sponsor_name
AOTI Ltd.,AOTI Ltd.,AOTI Ltd.,left_as_is,no_review_needed,No related sponsor/parent mapping identified; kept as original sponsor name.,AOTI Ltd.,AOTI Ltd.,Use dashboard_sponsor_name
"ARCA Biopharma, Inc.","ARCA Biopharma, Inc.","ARCA Biopharma, Inc.",left_as_is,no_review_needed,No related sponsor/parent mapping identified; kept as original sponsor name.,"ARCA Biopharma, Inc.","ARCA Biopharma, Inc.",Use dashboard_sponsor_name
ASH Research Collaborative,ASH Research Collaborative,ASH Research Collaborative,left_as_is,no_review_needed,No related sponsor/parent mapping identified; kept as original sponsor name.,ASH Research Collaborative,ASH Research Collaborative,Use dashboard_sponsor_name
ASUSTek Computer INC.,ASUSTek Computer INC.,ASUSTek Computer INC.,left_as_is,no_review_needed,No related sponsor/parent mapping identified; kept as original sponsor name.,ASUSTek Computer INC.,ASUSTek Computer INC.,Use dashboard_sponsor_name
AUSL Romagna Rimini,AUSL Romagna Rimini,AUSL Romagna Rimini,left_as_is,no_review_needed,No related sponsor/parent mapping identified; kept as original sponsor name.,AUSL Romagna Rimini,AUSL Romagna Rimini,Use dashboard_sponsor_name
AbViro LLC,AbViro LLC,AbViro LLC,left_as_is,no_review_needed,No related sponsor/parent mapping identified; kept as original sponsor name.,AbViro LLC,AbViro LLC,Use dashboard_sponsor_name
AbbVie,AbbVie,AbbVie,left_as_is,no_review_needed,No related sponsor/parent mapping identified; kept as original sponsor name.,AbbVie,AbbVie,Use dashboard_sponsor_name
Abbott Medical Devices,Abbott Medical Devices,Abbott,left_as_is,no_review_needed,No related sponsor/parent mapping identified; kept as original sponsor name.,Abbott Medical Devices,Abbott,Use dashboard_sponsor_name
Abbott Point of Care,Abbott Point of Care,Abbott,left_as_is,no_review_needed,No related sponsor/parent mapping identified; kept as original sponsor name.,Abbott Point of Care,Abbott,Use dashboard_sponsor_name
Abby Geerlings,Abby Geerlings,Abby Geerlings,left_as_is,no_review_needed,No related sponsor/parent mapping identified; kept as original sponsor name.,Abby Geerlings,Abby Geerlings,Use dashboard_sponsor_name
Abcentra,Abcentra,Abcentra,left_as_is,no_review_needed,No related sponsor/parent mapping identified; kept as original sponsor name.,Abcentra,Abcentra,Use dashboard_sponsor_name
Abdallah Ali Mohammed,Abdallah Ali Mohammed,Abdallah Ali Mohammed,left_as_is,no_review_needed,No related sponsor/parent mapping identified; kept as original sponsor name.,Abdallah Ali Mohammed,Abdallah Ali Mohammed,Use dashboard_sponsor_name
Abdul Bari,Abdul Bari,Abdul Bari,left_as_is,no_review_needed,No related sponsor/parent mapping identified; kept as original sponsor name.,Abdul Bari,Abdul Bari,Use dashboard_sponsor_name
Abdulgani Orhun YEN?GÜN,Abdulgani Orhun YEN?GÜN,Abdulgani Orhun YEN?GÜN,left_as_is,no_review_needed,No related sponsor/parent mapping identified; kept as original sponsor name.,Abdulgani Orhun YEN?GÜN,Abdulgani Orhun YEN?GÜN,Use dashboard_sponsor_name
Abdullah Khan,Abdullah Khan,Abdullah Khan,left_as_is,no_review_needed,No related sponsor/parent mapping identified; kept as original sponsor name.,Abdullah Khan,Abdullah Khan,Use dashboard_sponsor_name
Abhinav Sharma,Abhinav Sharma,Abhinav Sharma,left_as_is,no_review_needed,No related sponsor/parent mapping identified; kept as original sponsor name.,Abhinav Sharma,Abhinav Sharma,Use dashboard_sponsor_name
Abiomed Inc.,Abiomed Inc.,Abiomed Inc.,left_as_is,no_review_needed,No related sponsor/parent mapping identified; kept as original sponsor name.,Abiomed Inc.,Abiomed Inc.,Use dashboard_sponsor_name
"Ablacon, Inc.","Ablacon, Inc.","Ablacon, Inc.",left_as_is,no_review_needed,No related sponsor/parent mapping identified; kept as original sponsor name.,"Ablacon, Inc.","Ablacon, Inc.",Use dashboard_sponsor_name
"Ablative Solutions, Inc.","Ablative Solutions, Inc.","Ablative Solutions, Inc.",left_as_is,no_review_needed,No related sponsor/parent mapping identified; kept as original sponsor name.,"Ablative Solutions, Inc.","Ablative Solutions, Inc.",Use dashboard_sponsor_name
"Abrexa Pharmaceuticals, Inc.","Abrexa Pharmaceuticals, Inc.","Abrexa Pharmaceuticals, Inc.",left_as_is,no_review_needed,No related sponsor/parent mapping identified; kept as original sponsor name.,"Abrexa Pharmaceuticals, Inc.","Abrexa Pharmaceuticals, Inc.",Use dashboard_sponsor_name
Abu Dhabi Health Services Company,Abu Dhabi Health Services Company,Abu Dhabi Health Services Company,left_as_is,no_review_needed,No related sponsor/parent mapping identified; kept as original sponsor name.,Abu Dhabi Health Services Company,Abu Dhabi Health Services Company,Use dashboard_sponsor_name
Acandis GmbH,Acandis GmbH,Acandis GmbH,left_as_is,no_review_needed,No related sponsor/parent mapping identified; kept as original sponsor name.,Acandis GmbH,Acandis GmbH,Use dashboard_sponsor_name
"Acceleron Pharma, Inc., a wholly-owned subsidiary of Merck & Co., Inc., Rahway, NJ USA","Acceleron Pharma, Inc.",Merck & Co.,left_as_is,no_review_needed,No related sponsor/parent mapping identified; kept as original sponsor name.,"Acceleron Pharma, Inc.",Merck & Co.,Use dashboard_sponsor_name
Accriva Diagnostics,Accriva Diagnostics,Accriva Diagnostics,left_as_is,no_review_needed,No related sponsor/parent mapping identified; kept as original sponsor name.,Accriva Diagnostics,Accriva Diagnostics,Use dashboard_sponsor_name
Accutar Biotechnology Inc,Accutar Biotechnology Inc,Accutar Biotechnology Inc,left_as_is,no_review_needed,No related sponsor/parent mapping identified; kept as original sponsor name.,Accutar Biotechnology Inc,Accutar Biotechnology Inc,Use dashboard_sponsor_name
Ace Cells Lab Limited,Ace Cells Lab Limited,Ace Cells Lab Limited,left_as_is,no_review_needed,No related sponsor/parent mapping identified; kept as original sponsor name.,Ace Cells Lab Limited,Ace Cells Lab Limited,Use dashboard_sponsor_name
"AceLink Therapeutics, Inc.","AceLink Therapeutics, Inc.","AceLink Therapeutics, Inc.",left_as_is,no_review_needed,No related sponsor/parent mapping identified; kept as original sponsor name.,"AceLink Therapeutics, Inc.","AceLink Therapeutics, Inc.",Use dashboard_sponsor_name
Acer Therapeutics Inc.,Acer Therapeutics Inc.,Acer Therapeutics Inc.,left_as_is,no_review_needed,No related sponsor/parent mapping identified; kept as original sponsor name.,Acer Therapeutics Inc.,Acer Therapeutics Inc.,Use dashboard_sponsor_name
"Acera Surgical, Inc.","Acera Surgical, Inc.","Acera Surgical, Inc.",left_as_is,no_review_needed,No related sponsor/parent mapping identified; kept as original sponsor name.,"Acera Surgical, Inc.","Acera Surgical, Inc.",Use dashboard_sponsor_name
Acesion Pharma,Acesion Pharma,Acesion Pharma,left_as_is,no_review_needed,No related sponsor/parent mapping identified; kept as original sponsor name.,Acesion Pharma,Acesion Pharma,Use dashboard_sponsor_name
Acorai AB,Acorai AB,Acorai AB,left_as_is,no_review_needed,No related sponsor/parent mapping identified; kept as original sponsor name.,Acorai AB,Acorai AB,Use dashboard_sponsor_name
"Acotec Scientific Co., Ltd","Acotec Scientific Co., Ltd","Acotec Scientific Co., Ltd",left_as_is,no_review_needed,No related sponsor/parent mapping identified; kept as original sponsor name.,"Acotec Scientific Co., Ltd","Acotec Scientific Co., Ltd",Use dashboard_sponsor_name
Acticor Biotech,Acticor Biotech,Acticor Biotech,left_as_is,no_review_needed,No related sponsor/parent mapping identified; kept as original sponsor name.,Acticor Biotech,Acticor Biotech,Use dashboard_sponsor_name
Ada Health GmbH,Ada Health GmbH,Ada Health GmbH,left_as_is,no_review_needed,No related sponsor/parent mapping identified; kept as original sponsor name.,Ada Health GmbH,Ada Health GmbH,Use dashboard_sponsor_name
Adagio Medical,Adagio Medical,Adagio Medical,left_as_is,no_review_needed,No related sponsor/parent mapping identified; kept as original sponsor name.,Adagio Medical,Adagio Medical,Use dashboard_sponsor_name
Adaptive Biotechnologies,Adaptive Biotechnologies,Adaptive Biotechnologies,left_as_is,no_review_needed,No related sponsor/parent mapping identified; kept as original sponsor name.,Adaptive Biotechnologies,Adaptive Biotechnologies,Use dashboard_sponsor_name
Addpharma Inc.,Addpharma Inc.,Addpharma Inc.,left_as_is,no_review_needed,No related sponsor/parent mapping identified; kept as original sponsor name.,Addpharma Inc.,Addpharma Inc.,Use dashboard_sponsor_name
"Adela, Inc","Adela, Inc","Adela, Inc",left_as_is,no_review_needed,No related sponsor/parent mapping identified; kept as original sponsor name.,"Adela, Inc","Adela, Inc",Use dashboard_sponsor_name
Adicet Therapeutics,Adicet Therapeutics,Adicet Therapeutics,left_as_is,no_review_needed,No related sponsor/parent mapping identified; kept as original sponsor name.,Adicet Therapeutics,Adicet Therapeutics,Use dashboard_sponsor_name
Advanced Bifurcation Systems Inc.,Advanced Bifurcation Systems Inc.,Advanced Bifurcation Systems Inc.,left_as_is,no_review_needed,No related sponsor/parent mapping identified; kept as original sponsor name.,Advanced Bifurcation Systems Inc.,Advanced Bifurcation Systems Inc.,Use dashboard_sponsor_name
"Advanced Brain Monitoring, Inc.","Advanced Brain Monitoring, Inc.","Advanced Brain Monitoring, Inc.",left_as_is,no_review_needed,No related sponsor/parent mapping identified; kept as original sponsor name.,"Advanced Brain Monitoring, Inc.","Advanced Brain Monitoring, Inc.",Use dashboard_sponsor_name
"Advanced Cooling Therapy LLC, d/b/a Attune Medical","Advanced Cooling Therapy LLC, d/b/a Attune Medical","Advanced Cooling Therapy LLC, d/b/a Attune Medical",left_as_is,no_review_needed,No related sponsor/parent mapping identified; kept as original sponsor name.,"Advanced Cooling Therapy LLC, d/b/a Attune Medical","Advanced Cooling Therapy LLC, d/b/a Attune Medical",Use dashboard_sponsor_name
"Advanced Imaging Projects, LLC","Advanced Imaging Projects, LLC","Advanced Imaging Projects, LLC",left_as_is,no_review_needed,No related sponsor/parent mapping identified; kept as original sponsor name.,"Advanced Imaging Projects, LLC","Advanced Imaging Projects, LLC",Use dashboard_sponsor_name
Advanced MedTech Solutions Pvt. Ltd.,Advanced MedTech Solutions Pvt. Ltd.,Advanced MedTech Solutions Pvt. Ltd.,left_as_is,no_review_needed,No related sponsor/parent mapping identified; kept as original sponsor name.,Advanced MedTech Solutions Pvt. Ltd.,Advanced MedTech Solutions Pvt. Ltd.,Use dashboard_sponsor_name
Advanced Medical Solutions Ltd.,Advanced Medical Solutions Ltd.,Advanced Medical Solutions Ltd.,left_as_is,no_review_needed,No related sponsor/parent mapping identified; kept as original sponsor name.,Advanced Medical Solutions Ltd.,Advanced Medical Solutions Ltd.,Use dashboard_sponsor_name
"Adverum Biotechnologies, Inc.","Adverum Biotechnologies, Inc.","Adverum Biotechnologies, Inc.",left_as_is,no_review_needed,No related sponsor/parent mapping identified; kept as original sponsor name.,"Adverum Biotechnologies, Inc.","Adverum Biotechnologies, Inc.",Use dashboard_sponsor_name
Advice Pharma Group srl,Advice Pharma Group srl,Advice Pharma Group srl,left_as_is,no_review_needed,No related sponsor/parent mapping identified; kept as original sponsor name.,Advice Pharma Group srl,Advice Pharma Group srl,Use dashboard_sponsor_name
Aerogen Pharma Limited,Aerogen Pharma Limited,Aerogen Pharma Limited,left_as_is,no_review_needed,No related sponsor/parent mapping identified; kept as original sponsor name.,Aerogen Pharma Limited,Aerogen Pharma Limited,Use dashboard_sponsor_name
Aesculap AG,Aesculap AG,Aesculap AG,left_as_is,no_review_needed,No related sponsor/parent mapping identified; kept as original sponsor name.,Aesculap AG,Aesculap AG,Use dashboard_sponsor_name
Affinia Therapeutics,Affinia Therapeutics,Affinia Therapeutics,left_as_is,no_review_needed,No related sponsor/parent mapping identified; kept as original sponsor name.,Affinia Therapeutics,Affinia Therapeutics,Use dashboard_sponsor_name
Agence Sanitaire et Sociale de Nouvelle Calédonie,Agence Sanitaire et Sociale de Nouvelle Calédonie,Agence Sanitaire et Sociale de Nouvelle Calédonie,left_as_is,no_review_needed,No related sponsor/parent mapping identified; kept as original sponsor name.,Agence Sanitaire et Sociale de Nouvelle Calédonie,Agence Sanitaire et Sociale de Nouvelle Calédonie,Use dashboard_sponsor_name
Agenzia Regionale emergenza Urgenza,Agenzia Regionale emergenza Urgenza,Agenzia Regionale emergenza Urgenza,left_as_is,no_review_needed,No related sponsor/parent mapping identified; kept as original sponsor name.,Agenzia Regionale emergenza Urgenza,Agenzia Regionale emergenza Urgenza,Use dashboard_sponsor_name
Agiana Pharmaceuticals,Agiana Pharmaceuticals,Agiana Pharmaceuticals,left_as_is,no_review_needed,No related sponsor/parent mapping identified; kept as original sponsor name.,Agiana Pharmaceuticals,Agiana Pharmaceuticals,Use dashboard_sponsor_name
"AgileMD, Inc.","AgileMD, Inc.","AgileMD, Inc.",left_as_is,no_review_needed,No related sponsor/parent mapping identified; kept as original sponsor name.,"AgileMD, Inc.","AgileMD, Inc.",Use dashboard_sponsor_name
Agnaldo José Lopes,Agnaldo José Lopes,Agnaldo José Lopes,left_as_is,no_review_needed,No related sponsor/parent mapping identified; kept as original sponsor name.,Agnaldo José Lopes,Agnaldo José Lopes,Use dashboard_sponsor_name
Agnieszka Pozdzik,Agnieszka Pozdzik,Agnieszka Pozdzik,left_as_is,no_review_needed,No related sponsor/parent mapping identified; kept as original sponsor name.,Agnieszka Pozdzik,Agnieszka Pozdzik,Use dashboard_sponsor_name
Ahmad Abdullah Salawi,Ahmad Abdullah Salawi,Ahmad Abdullah Salawi,left_as_is,no_review_needed,No related sponsor/parent mapping identified; kept as original sponsor name.,Ahmad Abdullah Salawi,Ahmad Abdullah Salawi,Use dashboard_sponsor_name
"Ahn-Gook Pharmaceuticals Co.,Ltd","Ahn-Gook Pharmaceuticals Co.,Ltd","Ahn-Gook Pharmaceuticals Co.,Ltd",left_as_is,no_review_needed,No related sponsor/parent mapping identified; kept as original sponsor name.,"Ahn-Gook Pharmaceuticals Co.,Ltd","Ahn-Gook Pharmaceuticals Co.,Ltd",Use dashboard_sponsor_name
"Aimmune Nestlé Health Science US R&D, LLC","Aimmune Nestlé Health Science US R&D, LLC","Aimmune Nestlé Health Science US R&D, LLC",left_as_is,no_review_needed,No related sponsor/parent mapping identified; kept as original sponsor name.,"Aimmune Nestlé Health Science US R&D, LLC","Aimmune Nestlé Health Science US R&D, LLC",Use dashboard_sponsor_name
Akros Pharma Inc.,Akros Pharma Inc.,Akros Pharma Inc.,left_as_is,no_review_needed,No related sponsor/parent mapping identified; kept as original sponsor name.,Akros Pharma Inc.,Akros Pharma Inc.,Use dashboard_sponsor_name
Alaa Mohamed Naguib Ashry,Alaa Mohamed Naguib Ashry,Alaa Mohamed Naguib Ashry,left_as_is,no_review_needed,No related sponsor/parent mapping identified; kept as original sponsor name.,Alaa Mohamed Naguib Ashry,Alaa Mohamed Naguib Ashry,Use dashboard_sponsor_name
Albert Saglik Hizmetleri ve Ticaret A.S.,Albert Saglik Hizmetleri ve Ticaret A.S.,Albert Saglik Hizmetleri ve Ticaret A.S.,left_as_is,no_review_needed,No related sponsor/parent mapping identified; kept as original sponsor name.,Albert Saglik Hizmetleri ve Ticaret A.S.,Albert Saglik Hizmetleri ve Ticaret A.S.,Use dashboard_sponsor_name
"Albireo, an Ipsen Company","Albireo, an Ipsen Company","Albireo, an Ipsen Company",left_as_is,no_review_needed,No related sponsor/parent mapping identified; kept as original sponsor name.,"Albireo, an Ipsen Company","Albireo, an Ipsen Company",Use dashboard_sponsor_name
Alexander Achalandabaso,Alexander Achalandabaso,Alexander Achalandabaso,left_as_is,no_review_needed,No related sponsor/parent mapping identified; kept as original sponsor name.,Alexander Achalandabaso,Alexander Achalandabaso,Use dashboard_sponsor_name
"Alexion Pharmaceuticals, Inc.","Alexion Pharmaceuticals, Inc.","Alexion Pharmaceuticals, Inc.",left_as_is,no_review_needed,No related sponsor/parent mapping identified; kept as original sponsor name.,"Alexion Pharmaceuticals, Inc.","Alexion Pharmaceuticals, Inc.",Use dashboard_sponsor_name
Algernon Pharmaceuticals,Algernon Pharmaceuticals,Algernon Pharmaceuticals,left_as_is,no_review_needed,No related sponsor/parent mapping identified; kept as original sponsor name.,Algernon Pharmaceuticals,Algernon Pharmaceuticals,Use dashboard_sponsor_name
"Alkahest, Inc.","Alkahest, Inc.","Alkahest, Inc.",left_as_is,no_review_needed,No related sponsor/parent mapping identified; kept as original sponsor name.,"Alkahest, Inc.","Alkahest, Inc.",Use dashboard_sponsor_name
"AllRock Bio, Inc.","AllRock Bio, Inc.","AllRock Bio, Inc.",left_as_is,no_review_needed,No related sponsor/parent mapping identified; kept as original sponsor name.,"AllRock Bio, Inc.","AllRock Bio, Inc.",Use dashboard_sponsor_name
Allergy Therapeutics,Allergy Therapeutics,Allergy Therapeutics,left_as_is,no_review_needed,No related sponsor/parent mapping identified; kept as original sponsor name.,Allergy Therapeutics,Allergy Therapeutics,Use dashboard_sponsor_name
"Alleviant Medical, Inc.","Alleviant Medical, Inc.","Alleviant Medical, Inc.",left_as_is,no_review_needed,No related sponsor/parent mapping identified; kept as original sponsor name.,"Alleviant Medical, Inc.","Alleviant Medical, Inc.",Use dashboard_sponsor_name
"Allife Medical Science and Technology Co., Ltd.","Allife Medical Science and Technology Co., Ltd.","Allife Medical Science and Technology Co., Ltd.",left_as_is,no_review_needed,No related sponsor/parent mapping identified; kept as original sponsor name.,"Allife Medical Science and Technology Co., Ltd.","Allife Medical Science and Technology Co., Ltd.",Use dashboard_sponsor_name
Allogene Therapeutics,Allogene Therapeutics,Allogene Therapeutics,left_as_is,no_review_needed,No related sponsor/parent mapping identified; kept as original sponsor name.,Allogene Therapeutics,Allogene Therapeutics,Use dashboard_sponsor_name
Alma Lasers Inc.,Alma Lasers Inc.,Alma Lasers Inc.,left_as_is,no_review_needed,No related sponsor/parent mapping identified; kept as original sponsor name.,Alma Lasers Inc.,Alma Lasers Inc.,Use dashboard_sponsor_name
Alma Phil Gmbh,Alma Phil Gmbh,Alma Phil Gmbh,left_as_is,no_review_needed,No related sponsor/parent mapping identified; kept as original sponsor name.,Alma Phil Gmbh,Alma Phil Gmbh,Use dashboard_sponsor_name
"Almirall, S.A.","Almirall, S.A.","Almirall, S.A.",left_as_is,no_review_needed,No related sponsor/parent mapping identified; kept as original sponsor name.,"Almirall, S.A.","Almirall, S.A.",Use dashboard_sponsor_name
"Alpine Immune Sciences, Inc.","Alpine Immune Sciences, Inc.","Alpine Immune Sciences, Inc.",left_as_is,no_review_needed,No related sponsor/parent mapping identified; kept as original sponsor name.,"Alpine Immune Sciences, Inc.","Alpine Immune Sciences, Inc.",Use dashboard_sponsor_name
Altavant Sciences GmbH,Altavant Sciences GmbH,Altavant Sciences GmbH,left_as_is,no_review_needed,No related sponsor/parent mapping identified; kept as original sponsor name.,Altavant Sciences GmbH,Altavant Sciences GmbH,Use dashboard_sponsor_name
Alterity Therapeutics,Alterity Therapeutics,Alterity Therapeutics,left_as_is,no_review_needed,No related sponsor/parent mapping identified; kept as original sponsor name.,Alterity Therapeutics,Alterity Therapeutics,Use dashboard_sponsor_name
Amanda Shallcross,Amanda Shallcross,Amanda Shallcross,left_as_is,no_review_needed,No related sponsor/parent mapping identified; kept as original sponsor name.,Amanda Shallcross,Amanda Shallcross,Use dashboard_sponsor_name
Amckaus PTY LTD.,Amckaus PTY LTD.,Amckaus PTY LTD.,left_as_is,no_review_needed,No related sponsor/parent mapping identified; kept as original sponsor name.,Amckaus PTY LTD.,Amckaus PTY LTD.,Use dashboard_sponsor_name
Amicus Therapeutics,Amicus Therapeutics,Amicus Therapeutics,left_as_is,no_review_needed,No related sponsor/parent mapping identified; kept as original sponsor name.,Amicus Therapeutics,Amicus Therapeutics,Use dashboard_sponsor_name
Amicus Therapeutics France SAS,Amicus Therapeutics France SAS,Amicus Therapeutics France SAS,left_as_is,no_review_needed,No related sponsor/parent mapping identified; kept as original sponsor name.,Amicus Therapeutics France SAS,Amicus Therapeutics France SAS,Use dashboard_sponsor_name
Ammar Jassim Abed,Ammar Jassim Abed,Ammar Jassim Abed,left_as_is,no_review_needed,No related sponsor/parent mapping identified; kept as original sponsor name.,Ammar Jassim Abed,Ammar Jassim Abed,Use dashboard_sponsor_name
"Amnio Technology, LLC","Amnio Technology, LLC","Amnio Technology, LLC",left_as_is,no_review_needed,No related sponsor/parent mapping identified; kept as original sponsor name.,"Amnio Technology, LLC","Amnio Technology, LLC",Use dashboard_sponsor_name
Amorphical Ltd.,Amorphical Ltd.,Amorphical Ltd.,left_as_is,no_review_needed,No related sponsor/parent mapping identified; kept as original sponsor name.,Amorphical Ltd.,Amorphical Ltd.,Use dashboard_sponsor_name
"Amplitude Vascular Systems, Inc.","Amplitude Vascular Systems, Inc.","Amplitude Vascular Systems, Inc.",left_as_is,no_review_needed,No related sponsor/parent mapping identified; kept as original sponsor name.,"Amplitude Vascular Systems, Inc.","Amplitude Vascular Systems, Inc.",Use dashboard_sponsor_name
Amryt Pharma,Amryt Pharma,Amryt Pharma,left_as_is,no_review_needed,No related sponsor/parent mapping identified; kept as original sponsor name.,Amryt Pharma,Amryt Pharma,Use dashboard_sponsor_name
Amydis Inc.,Amydis Inc.,Amydis Inc.,left_as_is,no_review_needed,No related sponsor/parent mapping identified; kept as original sponsor name.,Amydis Inc.,Amydis Inc.,Use dashboard_sponsor_name
Amyndas Pharmaceuticals S.A.,Amyndas Pharmaceuticals S.A.,Amyndas Pharmaceuticals S.A.,left_as_is,no_review_needed,No related sponsor/parent mapping identified; kept as original sponsor name.,Amyndas Pharmaceuticals S.A.,Amyndas Pharmaceuticals S.A.,Use dashboard_sponsor_name
"AnGes USA, Inc.","AnGes USA, Inc.","AnGes USA, Inc.",left_as_is,no_review_needed,No related sponsor/parent mapping identified; kept as original sponsor name.,"AnGes USA, Inc.","AnGes USA, Inc.",Use dashboard_sponsor_name
AnaCardio AB,AnaCardio AB,AnaCardio AB,left_as_is,no_review_needed,No related sponsor/parent mapping identified; kept as original sponsor name.,AnaCardio AB,AnaCardio AB,Use dashboard_sponsor_name
"Analog Device, Inc.","Analog Device, Inc.","Analog Device, Inc.",left_as_is,no_review_needed,No related sponsor/parent mapping identified; kept as original sponsor name.,"Analog Device, Inc.","Analog Device, Inc.",Use dashboard_sponsor_name
Anaveon AG,Anaveon AG,Anaveon AG,left_as_is,no_review_needed,No related sponsor/parent mapping identified; kept as original sponsor name.,Anaveon AG,Anaveon AG,Use dashboard_sponsor_name
"Ancora Heart, Inc.","Ancora Heart, Inc.","Ancora Heart, Inc.",left_as_is,no_review_needed,No related sponsor/parent mapping identified; kept as original sponsor name.,"Ancora Heart, Inc.","Ancora Heart, Inc.",Use dashboard_sponsor_name
"Andon Health Co., Ltd","Andon Health Co., Ltd","Andon Health Co., Ltd",left_as_is,no_review_needed,No related sponsor/parent mapping identified; kept as original sponsor name.,"Andon Health Co., Ltd","Andon Health Co., Ltd",Use dashboard_sponsor_name
Andramed GmbH,Andramed GmbH,Andramed GmbH,left_as_is,no_review_needed,No related sponsor/parent mapping identified; kept as original sponsor name.,Andramed GmbH,Andramed GmbH,Use dashboard_sponsor_name
"Angde Biotech Pharmaceutical Co., Ltd.","Angde Biotech Pharmaceutical Co., Ltd.","Angde Biotech Pharmaceutical Co., Ltd.",left_as_is,no_review_needed,No related sponsor/parent mapping identified; kept as original sponsor name.,"Angde Biotech Pharmaceutical Co., Ltd.","Angde Biotech Pharmaceutical Co., Ltd.",Use dashboard_sponsor_name
"AngioSafe, Inc.","AngioSafe, Inc.","AngioSafe, Inc.",left_as_is,no_review_needed,No related sponsor/parent mapping identified; kept as original sponsor name.,"AngioSafe, Inc.","AngioSafe, Inc.",Use dashboard_sponsor_name
"Angiodynamics, Inc.","Angiodynamics, Inc.","Angiodynamics, Inc.",left_as_is,no_review_needed,No related sponsor/parent mapping identified; kept as original sponsor name.,"Angiodynamics, Inc.","Angiodynamics, Inc.",Use dashboard_sponsor_name
Angiolutions GmbH,Angiolutions GmbH,Angiolutions GmbH,left_as_is,no_review_needed,No related sponsor/parent mapping identified; kept as original sponsor name.,Angiolutions GmbH,Angiolutions GmbH,Use dashboard_sponsor_name
Angiowave Imaging,Angiowave Imaging,Angiowave Imaging,left_as_is,no_review_needed,No related sponsor/parent mapping identified; kept as original sponsor name.,Angiowave Imaging,Angiowave Imaging,Use dashboard_sponsor_name
"Anhui HygeianCells BioMedical Co., Ltd.","Anhui HygeianCells BioMedical Co., Ltd.","Anhui HygeianCells BioMedical Co., Ltd.",left_as_is,no_review_needed,No related sponsor/parent mapping identified; kept as original sponsor name.,"Anhui HygeianCells BioMedical Co., Ltd.","Anhui HygeianCells BioMedical Co., Ltd.",Use dashboard_sponsor_name
Anne Gallagher,Anne Gallagher,Anne Gallagher,left_as_is,no_review_needed,No related sponsor/parent mapping identified; kept as original sponsor name.,Anne Gallagher,Anne Gallagher,Use dashboard_sponsor_name
Annexin Pharmaceuticals AB,Annexin Pharmaceuticals AB,Annexin Pharmaceuticals AB,left_as_is,no_review_needed,No related sponsor/parent mapping identified; kept as original sponsor name.,Annexin Pharmaceuticals AB,Annexin Pharmaceuticals AB,Use dashboard_sponsor_name
"Anova Enterprises, Inc","Anova Enterprises, Inc","Anova Enterprises, Inc",left_as_is,no_review_needed,No related sponsor/parent mapping identified; kept as original sponsor name.,"Anova Enterprises, Inc","Anova Enterprises, Inc",Use dashboard_sponsor_name
Antengene Corporation,Antengene Corporation,Antengene Corporation,left_as_is,no_review_needed,No related sponsor/parent mapping identified; kept as original sponsor name.,Antengene Corporation,Antengene Corporation,Use dashboard_sponsor_name
Anteris Technologies Ltd.,Anteris Technologies Ltd.,Anteris Technologies Ltd.,left_as_is,no_review_needed,No related sponsor/parent mapping identified; kept as original sponsor name.,Anteris Technologies Ltd.,Anteris Technologies Ltd.,Use dashboard_sponsor_name
"Anterogen Co., Ltd.","Anterogen Co., Ltd.","Anterogen Co., Ltd.",left_as_is,no_review_needed,No related sponsor/parent mapping identified; kept as original sponsor name.,"Anterogen Co., Ltd.","Anterogen Co., Ltd.",Use dashboard_sponsor_name
Antev Ltd.,Antev Ltd.,Antev Ltd.,left_as_is,no_review_needed,No related sponsor/parent mapping identified; kept as original sponsor name.,Antev Ltd.,Antev Ltd.,Use dashboard_sponsor_name
"Anthos Therapeutics, Inc.","Anthos Therapeutics, Inc.","Anthos Therapeutics, Inc.",left_as_is,no_review_needed,No related sponsor/parent mapping identified; kept as original sponsor name.,"Anthos Therapeutics, Inc.","Anthos Therapeutics, Inc.",Use dashboard_sponsor_name
"Antidote Therapeutics, Inc","Antidote Therapeutics, Inc","Antidote Therapeutics, Inc",left_as_is,no_review_needed,No related sponsor/parent mapping identified; kept as original sponsor name.,"Antidote Therapeutics, Inc","Antidote Therapeutics, Inc",Use dashboard_sponsor_name
"Anumana, Inc.","Anumana, Inc.","Anumana, Inc.",left_as_is,no_review_needed,No related sponsor/parent mapping identified; kept as original sponsor name.,"Anumana, Inc.","Anumana, Inc.",Use dashboard_sponsor_name
AorticLab Srl,AorticLab Srl,AorticLab Srl,left_as_is,no_review_needed,No related sponsor/parent mapping identified; kept as original sponsor name.,AorticLab Srl,AorticLab Srl,Use dashboard_sponsor_name
"Apellis Pharmaceuticals, Inc.","Apellis Pharmaceuticals, Inc.","Apellis Pharmaceuticals, Inc.",left_as_is,no_review_needed,No related sponsor/parent mapping identified; kept as original sponsor name.,"Apellis Pharmaceuticals, Inc.","Apellis Pharmaceuticals, Inc.",Use dashboard_sponsor_name
ApexCPG LLC,ApexCPG LLC,ApexCPG LLC,left_as_is,no_review_needed,No related sponsor/parent mapping identified; kept as original sponsor name.,ApexCPG LLC,ApexCPG LLC,Use dashboard_sponsor_name
Aphaia Pharma US LLC,Aphaia Pharma US LLC,Aphaia Pharma US LLC,left_as_is,no_review_needed,No related sponsor/parent mapping identified; kept as original sponsor name.,Aphaia Pharma US LLC,Aphaia Pharma US LLC,Use dashboard_sponsor_name
Aplagon Oy,Aplagon Oy,Aplagon Oy,left_as_is,no_review_needed,No related sponsor/parent mapping identified; kept as original sponsor name.,Aplagon Oy,Aplagon Oy,Use dashboard_sponsor_name
Apogenix AG,Apogenix AG,Apogenix AG,left_as_is,no_review_needed,No related sponsor/parent mapping identified; kept as original sponsor name.,Apogenix AG,Apogenix AG,Use dashboard_sponsor_name
"Apollo Neuroscience, Inc.","Apollo Neuroscience, Inc.","Apollo Neuroscience, Inc.",left_as_is,no_review_needed,No related sponsor/parent mapping identified; kept as original sponsor name.,"Apollo Neuroscience, Inc.","Apollo Neuroscience, Inc.",Use dashboard_sponsor_name
Apollo Therapeutics Ltd,Apollo Therapeutics Ltd,Apollo Therapeutics Ltd,left_as_is,no_review_needed,No related sponsor/parent mapping identified; kept as original sponsor name.,Apollo Therapeutics Ltd,Apollo Therapeutics Ltd,Use dashboard_sponsor_name
Aposcience AG,Aposcience AG,Aposcience AG,left_as_is,no_review_needed,No related sponsor/parent mapping identified; kept as original sponsor name.,Aposcience AG,Aposcience AG,Use dashboard_sponsor_name
Apple Inc.,Apple Inc.,Apple Inc.,left_as_is,no_review_needed,No related sponsor/parent mapping identified; kept as original sponsor name.,Apple Inc.,Apple Inc.,Use dashboard_sponsor_name
"Applied Biologics, LLC","Applied Biologics, LLC","Applied Biologics, LLC",left_as_is,no_review_needed,No related sponsor/parent mapping identified; kept as original sponsor name.,"Applied Biologics, LLC","Applied Biologics, LLC",Use dashboard_sponsor_name
Apurano Pharmaceuticals GmbH,Apurano Pharmaceuticals GmbH,Apurano Pharmaceuticals GmbH,left_as_is,no_review_needed,No related sponsor/parent mapping identified; kept as original sponsor name.,Apurano Pharmaceuticals GmbH,Apurano Pharmaceuticals GmbH,Use dashboard_sponsor_name
Aqua Medical Services (Pvt) Ltd,Aqua Medical Services  Ltd,Aqua Medical Services  Ltd,left_as_is,no_review_needed,No related sponsor/parent mapping identified; kept as original sponsor name.,Aqua Medical Services  Ltd,Aqua Medical Services  Ltd,Use dashboard_sponsor_name
Aqualung Therapeutics Corp.,Aqualung Therapeutics Corp.,Aqualung Therapeutics Corp.,left_as_is,no_review_needed,No related sponsor/parent mapping identified; kept as original sponsor name.,Aqualung Therapeutics Corp.,Aqualung Therapeutics Corp.,Use dashboard_sponsor_name
Aquilon Pharmaceuticals S.A.,Aquilon Pharmaceuticals S.A.,Aquilon Pharmaceuticals S.A.,left_as_is,no_review_needed,No related sponsor/parent mapping identified; kept as original sponsor name.,Aquilon Pharmaceuticals S.A.,Aquilon Pharmaceuticals S.A.,Use dashboard_sponsor_name
Arab Contractors Medical Centre,Arab Contractors Medical Centre,Arab Contractors Medical Centre,left_as_is,no_review_needed,No related sponsor/parent mapping identified; kept as original sponsor name.,Arab Contractors Medical Centre,Arab Contractors Medical Centre,Use dashboard_sponsor_name
Arch Biopartners Inc.,Arch Biopartners Inc.,Arch Biopartners Inc.,left_as_is,no_review_needed,No related sponsor/parent mapping identified; kept as original sponsor name.,Arch Biopartners Inc.,Arch Biopartners Inc.,Use dashboard_sponsor_name
Arch Therapeutics,Arch Therapeutics,Arch Therapeutics,left_as_is,no_review_needed,No related sponsor/parent mapping identified; kept as original sponsor name.,Arch Therapeutics,Arch Therapeutics,Use dashboard_sponsor_name
"Arcus Biosciences, Inc.","Arcus Biosciences, Inc.","Arcus Biosciences, Inc.",left_as_is,no_review_needed,No related sponsor/parent mapping identified; kept as original sponsor name.,"Arcus Biosciences, Inc.","Arcus Biosciences, Inc.",Use dashboard_sponsor_name
"Aria CV, Inc","Aria CV, Inc","Aria CV, Inc",left_as_is,no_review_needed,No related sponsor/parent mapping identified; kept as original sponsor name.,"Aria CV, Inc","Aria CV, Inc",Use dashboard_sponsor_name
Arma Ltd.,Arma Ltd.,Arma Ltd.,left_as_is,no_review_needed,No related sponsor/parent mapping identified; kept as original sponsor name.,Arma Ltd.,Arma Ltd.,Use dashboard_sponsor_name
"Arnatar Therapeutics, Inc.","Arnatar Therapeutics, Inc.","Arnatar Therapeutics, Inc.",left_as_is,no_review_needed,No related sponsor/parent mapping identified; kept as original sponsor name.,"Arnatar Therapeutics, Inc.","Arnatar Therapeutics, Inc.",Use dashboard_sponsor_name
Aroa Biosurgery Limited,Aroa Biosurgery Limited,Aroa Biosurgery Limited,left_as_is,no_review_needed,No related sponsor/parent mapping identified; kept as original sponsor name.,Aroa Biosurgery Limited,Aroa Biosurgery Limited,Use dashboard_sponsor_name
AronPharma Sp. z o. o.,AronPharma Sp. z o. o.,AronPharma Sp. z o. o.,left_as_is,no_review_needed,No related sponsor/parent mapping identified; kept as original sponsor name.,AronPharma Sp. z o. o.,AronPharma Sp. z o. o.,Use dashboard_sponsor_name
Arrowhead Pharmaceuticals,Arrowhead Pharmaceuticals,Arrowhead Pharmaceuticals,left_as_is,no_review_needed,No related sponsor/parent mapping identified; kept as original sponsor name.,Arrowhead Pharmaceuticals,Arrowhead Pharmaceuticals,Use dashboard_sponsor_name
"Arsenal Medical, Inc.","Arsenal Medical, Inc.","Arsenal Medical, Inc.",left_as_is,no_review_needed,No related sponsor/parent mapping identified; kept as original sponsor name.,"Arsenal Medical, Inc.","Arsenal Medical, Inc.",Use dashboard_sponsor_name
Artemis AI Labs,Artemis AI Labs,Artemis AI Labs,left_as_is,no_review_needed,No related sponsor/parent mapping identified; kept as original sponsor name.,Artemis AI Labs,Artemis AI Labs,Use dashboard_sponsor_name
Artivion Inc.,Artivion Inc.,Artivion Inc.,left_as_is,no_review_needed,No related sponsor/parent mapping identified; kept as original sponsor name.,Artivion Inc.,Artivion Inc.,Use dashboard_sponsor_name
Ascendis Pharma A/S,Ascendis Pharma A/S,Ascendis Pharma A/S,left_as_is,no_review_needed,No related sponsor/parent mapping identified; kept as original sponsor name.,Ascendis Pharma A/S,Ascendis Pharma A/S,Use dashboard_sponsor_name
Ascendis Pharma Endocrinology Division A/S,Ascendis Pharma Endocrinology Division A/S,Ascendis Pharma Endocrinology Division A/S,left_as_is,no_review_needed,No related sponsor/parent mapping identified; kept as original sponsor name.,Ascendis Pharma Endocrinology Division A/S,Ascendis Pharma Endocrinology Division A/S,Use dashboard_sponsor_name
Asceneuron S.A.,Asceneuron S.A.,Asceneuron S.A.,left_as_is,no_review_needed,No related sponsor/parent mapping identified; kept as original sponsor name.,Asceneuron S.A.,Asceneuron S.A.,Use dashboard_sponsor_name
Ascentage Pharma Group Inc.,Ascentage Pharma Group Inc.,Ascentage Pharma Group Inc.,left_as_is,no_review_needed,No related sponsor/parent mapping identified; kept as original sponsor name.,Ascentage Pharma Group Inc.,Ascentage Pharma Group Inc.,Use dashboard_sponsor_name
Ascilion AB,Ascilion AB,Ascilion AB,left_as_is,no_review_needed,No related sponsor/parent mapping identified; kept as original sponsor name.,Ascilion AB,Ascilion AB,Use dashboard_sponsor_name
"AsclepiX Therapeutics, Inc.","AsclepiX Therapeutics, Inc.","AsclepiX Therapeutics, Inc.",left_as_is,no_review_needed,No related sponsor/parent mapping identified; kept as original sponsor name.,"AsclepiX Therapeutics, Inc.","AsclepiX Therapeutics, Inc.",Use dashboard_sponsor_name
AskBio Inc,AskBio Inc,AskBio Inc,left_as_is,no_review_needed,No related sponsor/parent mapping identified; kept as original sponsor name.,AskBio Inc,AskBio Inc,Use dashboard_sponsor_name
"Asklepion Pharmaceuticals, LLC","Asklepion Pharmaceuticals, LLC","Asklepion Pharmaceuticals, LLC",left_as_is,no_review_needed,No related sponsor/parent mapping identified; kept as original sponsor name.,"Asklepion Pharmaceuticals, LLC","Asklepion Pharmaceuticals, LLC",Use dashboard_sponsor_name
"Aspargo Labs, Inc","Aspargo Labs, Inc","Aspargo Labs, Inc",left_as_is,no_review_needed,No related sponsor/parent mapping identified; kept as original sponsor name.,"Aspargo Labs, Inc","Aspargo Labs, Inc",Use dashboard_sponsor_name
Association APPROCHE,Association APPROCHE,Association APPROCHE,left_as_is,no_review_needed,No related sponsor/parent mapping identified; kept as original sponsor name.,Association APPROCHE,Association APPROCHE,Use dashboard_sponsor_name
Association for Innovation and Biomedical Research on Light and Image,Association for Innovation and Biomedical Research on Light and Image,Association for Innovation and Biomedical Research on Light and Image,left_as_is,no_review_needed,No related sponsor/parent mapping identified; kept as original sponsor name.,Association for Innovation and Biomedical Research on Light and Image,Association for Innovation and Biomedical Research on Light and Image,Use dashboard_sponsor_name
Associação Centro de Apoio Tecnológico Agro Alimentar,Associação Centro de Apoio Tecnológico Agro Alimentar,Associação Centro de Apoio Tecnológico Agro Alimentar,left_as_is,no_review_needed,No related sponsor/parent mapping identified; kept as original sponsor name.,Associação Centro de Apoio Tecnológico Agro Alimentar,Associação Centro de Apoio Tecnológico Agro Alimentar,Use dashboard_sponsor_name
Associação Fundo de Incentivo à Pesquisa,Associação Fundo de Incentivo à Pesquisa,Associação Fundo de Incentivo à Pesquisa,left_as_is,no_review_needed,No related sponsor/parent mapping identified; kept as original sponsor name.,Associação Fundo de Incentivo à Pesquisa,Associação Fundo de Incentivo à Pesquisa,Use dashboard_sponsor_name
Astellas Pharma Europe Ltd.,Astellas Pharma Europe Ltd.,Astellas Pharma Europe Ltd.,left_as_is,no_review_needed,No related sponsor/parent mapping identified; kept as original sponsor name.,Astellas Pharma Europe Ltd.,Astellas Pharma Europe Ltd.,Use dashboard_sponsor_name
"Astellas Pharma Global Development, Inc.","Astellas Pharma Global Development, Inc.","Astellas Pharma Global Development, Inc.",left_as_is,no_review_needed,No related sponsor/parent mapping identified; kept as original sponsor name.,"Astellas Pharma Global Development, Inc.","Astellas Pharma Global Development, Inc.",Use dashboard_sponsor_name
"Astria Therapeutics, Inc.","Astria Therapeutics, Inc.","Astria Therapeutics, Inc.",left_as_is,no_review_needed,No related sponsor/parent mapping identified; kept as original sponsor name.,"Astria Therapeutics, Inc.","Astria Therapeutics, Inc.",Use dashboard_sponsor_name
"AtaCor Medical, Inc.","AtaCor Medical, Inc.","AtaCor Medical, Inc.",left_as_is,no_review_needed,No related sponsor/parent mapping identified; kept as original sponsor name.,"AtaCor Medical, Inc.","AtaCor Medical, Inc.",Use dashboard_sponsor_name
"Atavistik Bio, Inc","Atavistik Bio, Inc","Atavistik Bio, Inc",left_as_is,no_review_needed,No related sponsor/parent mapping identified; kept as original sponsor name.,"Atavistik Bio, Inc","Atavistik Bio, Inc",Use dashboard_sponsor_name
"Atman Health, Inc","Atman Health, Inc","Atman Health, Inc",left_as_is,no_review_needed,No related sponsor/parent mapping identified; kept as original sponsor name.,"Atman Health, Inc","Atman Health, Inc",Use dashboard_sponsor_name
"Atom Therapeutics Co., Ltd","Atom Therapeutics Co., Ltd","Atom Therapeutics Co., Ltd",left_as_is,no_review_needed,No related sponsor/parent mapping identified; kept as original sponsor name.,"Atom Therapeutics Co., Ltd","Atom Therapeutics Co., Ltd",Use dashboard_sponsor_name
"AtriCure, Inc.","AtriCure, Inc.","AtriCure, Inc.",left_as_is,no_review_needed,No related sponsor/parent mapping identified; kept as original sponsor name.,"AtriCure, Inc.","AtriCure, Inc.",Use dashboard_sponsor_name
Atrian Medical Ltd.,Atrian Medical Ltd.,Atrian Medical Ltd.,left_as_is,no_review_needed,No related sponsor/parent mapping identified; kept as original sponsor name.,Atrian Medical Ltd.,Atrian Medical Ltd.,Use dashboard_sponsor_name
Atridia Pty Ltd.,Atridia Pty Ltd.,Atridia Pty Ltd.,left_as_is,no_review_needed,No related sponsor/parent mapping identified; kept as original sponsor name.,Atridia Pty Ltd.,Atridia Pty Ltd.,Use dashboard_sponsor_name
Atrium Medical Corporation,Atrium Medical Corporation,Atrium Medical Corporation,left_as_is,no_review_needed,No related sponsor/parent mapping identified; kept as original sponsor name.,Atrium Medical Corporation,Atrium Medical Corporation,Use dashboard_sponsor_name
Attgeno AB,Attgeno AB,Attgeno AB,left_as_is,no_review_needed,No related sponsor/parent mapping identified; kept as original sponsor name.,Attgeno AB,Attgeno AB,Use dashboard_sponsor_name
Audubon Bioscience,Audubon Bioscience,Audubon Bioscience,left_as_is,no_review_needed,No related sponsor/parent mapping identified; kept as original sponsor name.,Audubon Bioscience,Audubon Bioscience,Use dashboard_sponsor_name
Aurealis Oy,Aurealis Oy,Aurealis Oy,left_as_is,no_review_needed,No related sponsor/parent mapping identified; kept as original sponsor name.,Aurealis Oy,Aurealis Oy,Use dashboard_sponsor_name
AuriGen Medical Ltd,AuriGen Medical Ltd,AuriGen Medical Ltd,left_as_is,no_review_needed,No related sponsor/parent mapping identified; kept as original sponsor name.,AuriGen Medical Ltd,AuriGen Medical Ltd,Use dashboard_sponsor_name
Aurimas Macionis,Aurimas Macionis,Aurimas Macionis,left_as_is,no_review_needed,No related sponsor/parent mapping identified; kept as original sponsor name.,Aurimas Macionis,Aurimas Macionis,Use dashboard_sponsor_name
AusculSciences Canada Inc.,AusculSciences Canada Inc.,AusculSciences Canada Inc.,left_as_is,no_review_needed,No related sponsor/parent mapping identified; kept as original sponsor name.,AusculSciences Canada Inc.,AusculSciences Canada Inc.,Use dashboard_sponsor_name
Austral Diagnostics,Austral Diagnostics,Austral Diagnostics,left_as_is,no_review_needed,No related sponsor/parent mapping identified; kept as original sponsor name.,Austral Diagnostics,Austral Diagnostics,Use dashboard_sponsor_name
Auxilius Pharma sp.z.o.o.,Auxilius Pharma sp.z.o.o.,Auxilius Pharma sp.z.o.o.,left_as_is,no_review_needed,No related sponsor/parent mapping identified; kept as original sponsor name.,Auxilius Pharma sp.z.o.o.,Auxilius Pharma sp.z.o.o.,Use dashboard_sponsor_name
"Avalo Therapeutics, Inc.","Avalo Therapeutics, Inc.","Avalo Therapeutics, Inc.",left_as_is,no_review_needed,No related sponsor/parent mapping identified; kept as original sponsor name.,"Avalo Therapeutics, Inc.","Avalo Therapeutics, Inc.",Use dashboard_sponsor_name
"Aveera Medical, Inc.","Aveera Medical, Inc.","Aveera Medical, Inc.",left_as_is,no_review_needed,No related sponsor/parent mapping identified; kept as original sponsor name.,"Aveera Medical, Inc.","Aveera Medical, Inc.",Use dashboard_sponsor_name
"Aventusoft, LLC.","Aventusoft, LLC.","Aventusoft, LLC.",left_as_is,no_review_needed,No related sponsor/parent mapping identified; kept as original sponsor name.,"Aventusoft, LLC.","Aventusoft, LLC.",Use dashboard_sponsor_name
"Aventyn, Inc.","Aventyn, Inc.","Aventyn, Inc.",left_as_is,no_review_needed,No related sponsor/parent mapping identified; kept as original sponsor name.,"Aventyn, Inc.","Aventyn, Inc.",Use dashboard_sponsor_name
Avexima Diol LLC,Avexima Diol LLC,Avexima Diol LLC,left_as_is,no_review_needed,No related sponsor/parent mapping identified; kept as original sponsor name.,Avexima Diol LLC,Avexima Diol LLC,Use dashboard_sponsor_name
"Aviceda Therapeutics, Inc.","Aviceda Therapeutics, Inc.","Aviceda Therapeutics, Inc.",left_as_is,no_review_needed,No related sponsor/parent mapping identified; kept as original sponsor name.,"Aviceda Therapeutics, Inc.","Aviceda Therapeutics, Inc.",Use dashboard_sponsor_name
Avicena LLC,Avicena LLC,Avicena LLC,left_as_is,no_review_needed,No related sponsor/parent mapping identified; kept as original sponsor name.,Avicena LLC,Avicena LLC,Use dashboard_sponsor_name
"Avinger, Inc.","Avinger, Inc.","Avinger, Inc.",left_as_is,no_review_needed,No related sponsor/parent mapping identified; kept as original sponsor name.,"Avinger, Inc.","Avinger, Inc.",Use dashboard_sponsor_name
Avtandil M. Babunashvili,Avtandil M. Babunashvili,Avtandil M. Babunashvili,left_as_is,no_review_needed,No related sponsor/parent mapping identified; kept as original sponsor name.,Avtandil M. Babunashvili,Avtandil M. Babunashvili,Use dashboard_sponsor_name
"Axon Therapies, Inc.","Axon Therapies, Inc.","Axon Therapies, Inc.",left_as_is,no_review_needed,No related sponsor/parent mapping identified; kept as original sponsor name.,"Axon Therapies, Inc.","Axon Therapies, Inc.",Use dashboard_sponsor_name
"Aytu BioPharma, Inc.","Aytu BioPharma, Inc.","Aytu BioPharma, Inc.",left_as_is,no_review_needed,No related sponsor/parent mapping identified; kept as original sponsor name.,"Aytu BioPharma, Inc.","Aytu BioPharma, Inc.",Use dashboard_sponsor_name
"Ayu, Inc.","Ayu, Inc.","Ayu, Inc.",left_as_is,no_review_needed,No related sponsor/parent mapping identified; kept as original sponsor name.,"Ayu, Inc.","Ayu, Inc.",Use dashboard_sponsor_name
Azienda Ospedaliera SS. Antonio e Biagio e Cesare Arrigo di Alessandria,Azienda Ospedaliera SS. Antonio e Biagio e Cesare Arrigo di Alessandria,Azienda Ospedaliera SS. Antonio e Biagio e Cesare Arrigo di Alessandria,left_as_is,no_review_needed,No related sponsor/parent mapping identified; kept as original sponsor name.,Azienda Ospedaliera SS. Antonio e Biagio e Cesare Arrigo di Alessandria,Azienda Ospedaliera SS. Antonio e Biagio e Cesare Arrigo di Alessandria,Use dashboard_sponsor_name
Azienda Unità Sanitaria Locale della Romagna,Azienda Unità Sanitaria Locale della Romagna,Azienda Unità Sanitaria Locale della Romagna,left_as_is,no_review_needed,No related sponsor/parent mapping identified; kept as original sponsor name.,Azienda Unità Sanitaria Locale della Romagna,Azienda Unità Sanitaria Locale della Romagna,Use dashboard_sponsor_name
B. Braun Ltd. Centre of Excellence Infection Control,B. Braun Ltd. Centre of Excellence Infection Control,B. Braun Ltd.,left_as_is,no_review_needed,No related sponsor/parent mapping identified; kept as original sponsor name.,B. Braun Ltd. Centre of Excellence Infection Control,B. Braun Ltd.,Use dashboard_sponsor_name
B. Braun Medical Inc.,B. Braun Medical Inc.,B. Braun Ltd.,left_as_is,no_review_needed,No related sponsor/parent mapping identified; kept as original sponsor name.,B. Braun Medical Inc.,B. Braun Ltd.,Use dashboard_sponsor_name
B. Braun Melsungen AG,B. Braun Melsungen AG,B. Braun Ltd.,left_as_is,no_review_needed,No related sponsor/parent mapping identified; kept as original sponsor name.,B. Braun Melsungen AG,B. Braun Ltd.,Use dashboard_sponsor_name
B.Well Swiss AG,B.Well Swiss AG,B.Well Swiss AG,left_as_is,no_review_needed,No related sponsor/parent mapping identified; kept as original sponsor name.,B.Well Swiss AG,B.Well Swiss AG,Use dashboard_sponsor_name
BIT Pharma GmbH,BIT Pharma GmbH,BIT Pharma GmbH,left_as_is,no_review_needed,No related sponsor/parent mapping identified; kept as original sponsor name.,BIT Pharma GmbH,BIT Pharma GmbH,Use dashboard_sponsor_name
"BOE Technology Group Co., Ltd.","BOE Technology Group Co., Ltd.","BOE Technology Group Co., Ltd.",left_as_is,no_review_needed,No related sponsor/parent mapping identified; kept as original sponsor name.,"BOE Technology Group Co., Ltd.","BOE Technology Group Co., Ltd.",Use dashboard_sponsor_name
BSN Medical GmbH,BSN Medical GmbH,BSN Medical GmbH,left_as_is,no_review_needed,No related sponsor/parent mapping identified; kept as original sponsor name.,BSN Medical GmbH,BSN Medical GmbH,Use dashboard_sponsor_name
BackBeat Medical Inc,BackBeat Medical Inc,BackBeat Medical Inc,left_as_is,no_review_needed,No related sponsor/parent mapping identified; kept as original sponsor name.,BackBeat Medical Inc,BackBeat Medical Inc,Use dashboard_sponsor_name
Balnear and Rehabilitation Sanatorium Techirghiol,Balnear and Rehabilitation Sanatorium Techirghiol,Balnear and Rehabilitation Sanatorium Techirghiol,left_as_is,no_review_needed,No related sponsor/parent mapping identified; kept as original sponsor name.,Balnear and Rehabilitation Sanatorium Techirghiol,Balnear and Rehabilitation Sanatorium Techirghiol,Use dashboard_sponsor_name
Bangladesh Bioscience Research Group,Bangladesh Bioscience Research Group,Bangladesh Bioscience Research Group,left_as_is,no_review_needed,No related sponsor/parent mapping identified; kept as original sponsor name.,Bangladesh Bioscience Research Group,Bangladesh Bioscience Research Group,Use dashboard_sponsor_name
BaroPace Inc.,BaroPace Inc.,BaroPace Inc.,left_as_is,no_review_needed,No related sponsor/parent mapping identified; kept as original sponsor name.,BaroPace Inc.,BaroPace Inc.,Use dashboard_sponsor_name
"Barron Associates, Inc.","Barron Associates, Inc.","Barron Associates, Inc.",left_as_is,no_review_needed,No related sponsor/parent mapping identified; kept as original sponsor name.,"Barron Associates, Inc.","Barron Associates, Inc.",Use dashboard_sponsor_name
"Basking Biosciences, Inc.","Basking Biosciences, Inc.","Basking Biosciences, Inc.",left_as_is,no_review_needed,No related sponsor/parent mapping identified; kept as original sponsor name.,"Basking Biosciences, Inc.","Basking Biosciences, Inc.",Use dashboard_sponsor_name
Basma Mosaad Abd-elrahman Abushady,Basma Mosaad Abd-elrahman Abushady,Basma Mosaad Abd-elrahman Abushady,left_as_is,no_review_needed,No related sponsor/parent mapping identified; kept as original sponsor name.,Basma Mosaad Abd-elrahman Abushady,Basma Mosaad Abd-elrahman Abushady,Use dashboard_sponsor_name
Baxter Healthcare Corporation,Baxter Healthcare Corporation,Baxter Healthcare Corporation,left_as_is,no_review_needed,No related sponsor/parent mapping identified; kept as original sponsor name.,Baxter Healthcare Corporation,Baxter Healthcare Corporation,Use dashboard_sponsor_name
"Bayero University Kano, Nigeria","Bayero University Kano, Nigeria","Bayero University Kano, Nigeria",left_as_is,no_review_needed,No related sponsor/parent mapping identified; kept as original sponsor name.,"Bayero University Kano, Nigeria","Bayero University Kano, Nigeria",Use dashboard_sponsor_name
BeBetter Med Inc,BeBetter Med Inc,BeBetter Med Inc,left_as_is,no_review_needed,No related sponsor/parent mapping identified; kept as original sponsor name.,BeBetter Med Inc,BeBetter Med Inc,Use dashboard_sponsor_name
BeOne Medicines,BeOne Medicines,BeOne Medicines,left_as_is,no_review_needed,No related sponsor/parent mapping identified; kept as original sponsor name.,BeOne Medicines,BeOne Medicines,Use dashboard_sponsor_name
"Beckman Coulter, Inc.","Beckman Coulter, Inc.","Beckman Coulter, Inc.",left_as_is,no_review_needed,No related sponsor/parent mapping identified; kept as original sponsor name.,"Beckman Coulter, Inc.","Beckman Coulter, Inc.",Use dashboard_sponsor_name
Behnood Abbasi,Behnood Abbasi,Behnood Abbasi,left_as_is,no_review_needed,No related sponsor/parent mapping identified; kept as original sponsor name.,Behnood Abbasi,Behnood Abbasi,Use dashboard_sponsor_name
BeiGene,BeiGene,BeiGene,left_as_is,no_review_needed,No related sponsor/parent mapping identified; kept as original sponsor name.,BeiGene,BeiGene,Use dashboard_sponsor_name
"Beijing Balance Medical Technology Co., Ltd","Beijing Balance Medical Technology Co., Ltd","Beijing Balance Medical Technology Co., Ltd",left_as_is,no_review_needed,No related sponsor/parent mapping identified; kept as original sponsor name.,"Beijing Balance Medical Technology Co., Ltd","Beijing Balance Medical Technology Co., Ltd",Use dashboard_sponsor_name
Beijing Biotech,Beijing Biotech,Beijing Biotech,left_as_is,no_review_needed,No related sponsor/parent mapping identified; kept as original sponsor name.,Beijing Biotech,Beijing Biotech,Use dashboard_sponsor_name
"Beijing Continent Pharmaceutical Co, Ltd.","Beijing Continent Pharmaceutical Co, Ltd.","Beijing Continent Pharmaceutical Co, Ltd.",left_as_is,no_review_needed,No related sponsor/parent mapping identified; kept as original sponsor name.,"Beijing Continent Pharmaceutical Co, Ltd.","Beijing Continent Pharmaceutical Co, Ltd.",Use dashboard_sponsor_name
"Beijing Immunochina Medical Science & Technology Co., Ltd.","Beijing Immunochina Medical Science & Technology Co., Ltd.","Beijing Immunochina Medical Science & Technology Co., Ltd.",left_as_is,no_review_needed,No related sponsor/parent mapping identified; kept as original sponsor name.,"Beijing Immunochina Medical Science & Technology Co., Ltd.","Beijing Immunochina Medical Science & Technology Co., Ltd.",Use dashboard_sponsor_name
"Beijing Inno Medicine Co., Ltd.","Beijing Inno Medicine Co., Ltd.","Beijing Inno Medicine Co., Ltd.",left_as_is,no_review_needed,No related sponsor/parent mapping identified; kept as original sponsor name.,"Beijing Inno Medicine Co., Ltd.","Beijing Inno Medicine Co., Ltd.",Use dashboard_sponsor_name
"Beijing Mabworks Biotech Co., Ltd.","Beijing Mabworks Biotech Co., Ltd.","Beijing Mabworks Biotech Co., Ltd.",left_as_is,no_review_needed,No related sponsor/parent mapping identified; kept as original sponsor name.,"Beijing Mabworks Biotech Co., Ltd.","Beijing Mabworks Biotech Co., Ltd.",Use dashboard_sponsor_name
"Beijing Northland Biotech. Co., Ltd.","Beijing Northland Biotech. Co., Ltd.","Beijing Northland Biotech. Co., Ltd.",left_as_is,no_review_needed,No related sponsor/parent mapping identified; kept as original sponsor name.,"Beijing Northland Biotech. Co., Ltd.","Beijing Northland Biotech. Co., Ltd.",Use dashboard_sponsor_name
"Beijing Pins Medical Co., Ltd","Beijing Pins Medical Co., Ltd","Beijing Pins Medical Co., Ltd",left_as_is,no_review_needed,No related sponsor/parent mapping identified; kept as original sponsor name.,"Beijing Pins Medical Co., Ltd","Beijing Pins Medical Co., Ltd",Use dashboard_sponsor_name
"Beijing Suncadia Pharmaceuticals Co., Ltd","Beijing Suncadia Pharmaceuticals Co., Ltd","Beijing Suncadia Pharmaceuticals Co., Ltd",left_as_is,no_review_needed,No related sponsor/parent mapping identified; kept as original sponsor name.,"Beijing Suncadia Pharmaceuticals Co., Ltd","Beijing Suncadia Pharmaceuticals Co., Ltd",Use dashboard_sponsor_name
"Beijing Sungen Biomedical Technology Co., Ltd","Beijing Sungen Biomedical Technology Co., Ltd","Beijing Sungen Biomedical Technology Co., Ltd",left_as_is,no_review_needed,No related sponsor/parent mapping identified; kept as original sponsor name.,"Beijing Sungen Biomedical Technology Co., Ltd","Beijing Sungen Biomedical Technology Co., Ltd",Use dashboard_sponsor_name
"Beijing Tide Pharmaceutical Co., Ltd","Beijing Tide Pharmaceutical Co., Ltd","Beijing Tide Pharmaceutical Co., Ltd",left_as_is,no_review_needed,No related sponsor/parent mapping identified; kept as original sponsor name.,"Beijing Tide Pharmaceutical Co., Ltd","Beijing Tide Pharmaceutical Co., Ltd",Use dashboard_sponsor_name
Beker Laboratories,Beker Laboratories,Beker Laboratories,left_as_is,no_review_needed,No related sponsor/parent mapping identified; kept as original sponsor name.,Beker Laboratories,Beker Laboratories,Use dashboard_sponsor_name
Belun Technology Company Limited,Belun Technology Company Limited,Belun Technology Company Limited,left_as_is,no_review_needed,No related sponsor/parent mapping identified; kept as original sponsor name.,Belun Technology Company Limited,Belun Technology Company Limited,Use dashboard_sponsor_name
Bentley InnoMed GmbH,Bentley InnoMed GmbH,Bentley InnoMed GmbH,left_as_is,no_review_needed,No related sponsor/parent mapping identified; kept as original sponsor name.,Bentley InnoMed GmbH,Bentley InnoMed GmbH,Use dashboard_sponsor_name
Berlin Heals GmbH,Berlin Heals GmbH,Berlin Heals GmbH,left_as_is,no_review_needed,No related sponsor/parent mapping identified; kept as original sponsor name.,Berlin Heals GmbH,Berlin Heals GmbH,Use dashboard_sponsor_name
Berlin Heart GmbH,Berlin Heart GmbH,Berlin Heart GmbH,left_as_is,no_review_needed,No related sponsor/parent mapping identified; kept as original sponsor name.,Berlin Heart GmbH,Berlin Heart GmbH,Use dashboard_sponsor_name
"Berlin Heart, Inc","Berlin Heart, Inc","Berlin Heart, Inc",left_as_is,no_review_needed,No related sponsor/parent mapping identified; kept as original sponsor name.,"Berlin Heart, Inc","Berlin Heart, Inc",Use dashboard_sponsor_name
"Betta Pharmaceuticals Co., Ltd.","Betta Pharmaceuticals Co., Ltd.","Betta Pharmaceuticals Co., Ltd.",left_as_is,no_review_needed,No related sponsor/parent mapping identified; kept as original sponsor name.,"Betta Pharmaceuticals Co., Ltd.","Betta Pharmaceuticals Co., Ltd.",Use dashboard_sponsor_name
BiVACOR Inc.,BiVACOR Inc.,BiVACOR Inc.,left_as_is,no_review_needed,No related sponsor/parent mapping identified; kept as original sponsor name.,BiVACOR Inc.,BiVACOR Inc.,Use dashboard_sponsor_name
"Bichedam Co., Ltd.","Bichedam Co., Ltd.","Bichedam Co., Ltd.",left_as_is,no_review_needed,No related sponsor/parent mapping identified; kept as original sponsor name.,"Bichedam Co., Ltd.","Bichedam Co., Ltd.",Use dashboard_sponsor_name
"Bilix Co.,Ltd.","Bilix Co.,Ltd.","Bilix Co.,Ltd.",left_as_is,no_review_needed,No related sponsor/parent mapping identified; kept as original sponsor name.,"Bilix Co.,Ltd.","Bilix Co.,Ltd.",Use dashboard_sponsor_name
BillionToOne Inc.,BillionToOne Inc.,BillionToOne Inc.,left_as_is,no_review_needed,No related sponsor/parent mapping identified; kept as original sponsor name.,BillionToOne Inc.,BillionToOne Inc.,Use dashboard_sponsor_name
"BioAge Labs, Inc.","BioAge Labs, Inc.","BioAge Labs, Inc.",left_as_is,no_review_needed,No related sponsor/parent mapping identified; kept as original sponsor name.,"BioAge Labs, Inc.","BioAge Labs, Inc.",Use dashboard_sponsor_name
"BioCardia, Inc.","BioCardia, Inc.","BioCardia, Inc.",left_as_is,no_review_needed,No related sponsor/parent mapping identified; kept as original sponsor name.,"BioCardia, Inc.","BioCardia, Inc.",Use dashboard_sponsor_name
BioCryst Pharmaceuticals,BioCryst Pharmaceuticals,BioCryst Pharmaceuticals,left_as_is,no_review_needed,No related sponsor/parent mapping identified; kept as original sponsor name.,BioCryst Pharmaceuticals,BioCryst Pharmaceuticals,Use dashboard_sponsor_name
BioFactura Australia Pty Ltd.,BioFactura Australia Pty Ltd.,BioFactura Australia Pty Ltd.,left_as_is,no_review_needed,No related sponsor/parent mapping identified; kept as original sponsor name.,BioFactura Australia Pty Ltd.,BioFactura Australia Pty Ltd.,Use dashboard_sponsor_name
BioLab Holdings,BioLab Holdings,BioLab Holdings,left_as_is,no_review_needed,No related sponsor/parent mapping identified; kept as original sponsor name.,BioLab Holdings,BioLab Holdings,Use dashboard_sponsor_name
BioMarin Pharmaceutical,BioMarin Pharmaceutical,BioMarin Pharmaceutical,left_as_is,no_review_needed,No related sponsor/parent mapping identified; kept as original sponsor name.,BioMarin Pharmaceutical,BioMarin Pharmaceutical,Use dashboard_sponsor_name
"BioSpring Medical Co., Ltd","BioSpring Medical Co., Ltd","BioSpring Medical Co., Ltd",left_as_is,no_review_needed,No related sponsor/parent mapping identified; kept as original sponsor name.,"BioSpring Medical Co., Ltd","BioSpring Medical Co., Ltd",Use dashboard_sponsor_name
Biobeat Technologies Ltd.,Biobeat Technologies Ltd.,Biobeat Technologies Ltd.,left_as_is,no_review_needed,No related sponsor/parent mapping identified; kept as original sponsor name.,Biobeat Technologies Ltd.,Biobeat Technologies Ltd.,Use dashboard_sponsor_name
"Biocells (Beijing) Biotech Co.,Ltd","Biocells  Biotech Co.,Ltd","Biocells  Biotech Co.,Ltd",left_as_is,no_review_needed,No related sponsor/parent mapping identified; kept as original sponsor name.,"Biocells  Biotech Co.,Ltd","Biocells  Biotech Co.,Ltd",Use dashboard_sponsor_name
"Biodynamik, Inc","Biodynamik, Inc","Biodynamik, Inc",left_as_is,no_review_needed,No related sponsor/parent mapping identified; kept as original sponsor name.,"Biodynamik, Inc","Biodynamik, Inc",Use dashboard_sponsor_name
Biogen,Biogen,Biogen,left_as_is,no_review_needed,No related sponsor/parent mapping identified; kept as original sponsor name.,Biogen,Biogen,Use dashboard_sponsor_name
"Biohaven Pharmaceuticals, Inc.","Biohaven Pharmaceuticals, Inc.","Biohaven Pharmaceuticals, Inc.",left_as_is,no_review_needed,No related sponsor/parent mapping identified; kept as original sponsor name.,"Biohaven Pharmaceuticals, Inc.","Biohaven Pharmaceuticals, Inc.",Use dashboard_sponsor_name
Biohaven Therapeutics Ltd.,Biohaven Therapeutics Ltd.,Biohaven Therapeutics Ltd.,left_as_is,no_review_needed,No related sponsor/parent mapping identified; kept as original sponsor name.,Biohaven Therapeutics Ltd.,Biohaven Therapeutics Ltd.,Use dashboard_sponsor_name
Biomea Fusion Inc.,Biomea Fusion Inc.,Biomea Fusion Inc.,left_as_is,no_review_needed,No related sponsor/parent mapping identified; kept as original sponsor name.,Biomea Fusion Inc.,Biomea Fusion Inc.,Use dashboard_sponsor_name
Biomedical Solutions Inc.,Biomedical Solutions Inc.,Biomedical Solutions Inc.,left_as_is,no_review_needed,No related sponsor/parent mapping identified; kept as original sponsor name.,Biomedical Solutions Inc.,Biomedical Solutions Inc.,Use dashboard_sponsor_name
Biomind Labs Inc.,Biomind Labs Inc.,Biomind Labs Inc.,left_as_is,no_review_needed,No related sponsor/parent mapping identified; kept as original sponsor name.,Biomind Labs Inc.,Biomind Labs Inc.,Use dashboard_sponsor_name
Bioray Laboratories,Bioray Laboratories,Bioray Laboratories,left_as_is,no_review_needed,No related sponsor/parent mapping identified; kept as original sponsor name.,Bioray Laboratories,Bioray Laboratories,Use dashboard_sponsor_name
Bioscan Research Pvt. Ltd.,Bioscan Research Pvt. Ltd.,Bioscan Research Pvt. Ltd.,left_as_is,no_review_needed,No related sponsor/parent mapping identified; kept as original sponsor name.,Bioscan Research Pvt. Ltd.,Bioscan Research Pvt. Ltd.,Use dashboard_sponsor_name
"Biosense Webster, Inc.","Biosense Webster, Inc.","Biosense Webster, Inc.",left_as_is,no_review_needed,No related sponsor/parent mapping identified; kept as original sponsor name.,"Biosense Webster, Inc.","Biosense Webster, Inc.",Use dashboard_sponsor_name
Biotronik (Beijing) Medical Device Ltd.,Biotronik  Medical Device Ltd.,Biotronik  Medical Device Ltd.,left_as_is,no_review_needed,No related sponsor/parent mapping identified; kept as original sponsor name.,Biotronik  Medical Device Ltd.,Biotronik  Medical Device Ltd.,Use dashboard_sponsor_name
Biotronik AG,Biotronik AG,Biotronik AG,left_as_is,no_review_needed,No related sponsor/parent mapping identified; kept as original sponsor name.,Biotronik AG,Biotronik AG,Use dashboard_sponsor_name
Biotronik Australia Pty Ltd.,Biotronik Australia Pty Ltd.,Biotronik Australia Pty Ltd.,left_as_is,no_review_needed,No related sponsor/parent mapping identified; kept as original sponsor name.,Biotronik Australia Pty Ltd.,Biotronik Australia Pty Ltd.,Use dashboard_sponsor_name
Biotronik CRC Inc.,Biotronik CRC Inc.,Biotronik CRC Inc.,left_as_is,no_review_needed,No related sponsor/parent mapping identified; kept as original sponsor name.,Biotronik CRC Inc.,Biotronik CRC Inc.,Use dashboard_sponsor_name
"Biotronik, Inc.","Biotronik, Inc.","Biotronik, Inc.",left_as_is,no_review_needed,No related sponsor/parent mapping identified; kept as original sponsor name.,"Biotronik, Inc.","Biotronik, Inc.",Use dashboard_sponsor_name
Biotroy Therapeutics,Biotroy Therapeutics,Biotroy Therapeutics,left_as_is,no_review_needed,No related sponsor/parent mapping identified; kept as original sponsor name.,Biotroy Therapeutics,Biotroy Therapeutics,Use dashboard_sponsor_name
"Biotyx Medical (Shenzhen) Co., Ltd.","Biotyx Medical  Co., Ltd.","Biotyx Medical  Co., Ltd.",left_as_is,no_review_needed,No related sponsor/parent mapping identified; kept as original sponsor name.,"Biotyx Medical  Co., Ltd.","Biotyx Medical  Co., Ltd.",Use dashboard_sponsor_name
Bioxodes S.A.,Bioxodes S.A.,Bioxodes S.A.,left_as_is,no_review_needed,No related sponsor/parent mapping identified; kept as original sponsor name.,Bioxodes S.A.,Bioxodes S.A.,Use dashboard_sponsor_name
Blue Blood Biotech Corp.,Blue Blood Biotech Corp.,Blue Blood Biotech Corp.,left_as_is,no_review_needed,No related sponsor/parent mapping identified; kept as original sponsor name.,Blue Blood Biotech Corp.,Blue Blood Biotech Corp.,Use dashboard_sponsor_name
BlueDop Medical LTD,BlueDop Medical LTD,BlueDop Medical LTD,left_as_is,no_review_needed,No related sponsor/parent mapping identified; kept as original sponsor name.,BlueDop Medical LTD,BlueDop Medical LTD,Use dashboard_sponsor_name
Bluedrop Medical Limited,Bluedrop Medical Limited,Bluedrop Medical Limited,left_as_is,no_review_needed,No related sponsor/parent mapping identified; kept as original sponsor name.,Bluedrop Medical Limited,Bluedrop Medical Limited,Use dashboard_sponsor_name
Blueprint Medicines Corporation,Blueprint Medicines Corporation,Blueprint Medicines Corporation,left_as_is,no_review_needed,No related sponsor/parent mapping identified; kept as original sponsor name.,Blueprint Medicines Corporation,Blueprint Medicines Corporation,Use dashboard_sponsor_name
Bodyport Inc.,Bodyport Inc.,Bodyport Inc.,left_as_is,no_review_needed,No related sponsor/parent mapping identified; kept as original sponsor name.,Bodyport Inc.,Bodyport Inc.,Use dashboard_sponsor_name
"Bold Therapeutics, Inc.","Bold Therapeutics, Inc.","Bold Therapeutics, Inc.",left_as_is,no_review_needed,No related sponsor/parent mapping identified; kept as original sponsor name.,"Bold Therapeutics, Inc.","Bold Therapeutics, Inc.",Use dashboard_sponsor_name
"Boryung Pharmaceutical Co., Ltd","Boryung Pharmaceutical Co., Ltd","Boryung Pharmaceutical Co., Ltd",left_as_is,no_review_needed,No related sponsor/parent mapping identified; kept as original sponsor name.,"Boryung Pharmaceutical Co., Ltd","Boryung Pharmaceutical Co., Ltd",Use dashboard_sponsor_name
Boston Scientific Corporation,Boston Scientific Corporation,Boston Scientific Corporation,left_as_is,no_review_needed,No related sponsor/parent mapping identified; kept as original sponsor name.,Boston Scientific Corporation,Boston Scientific Corporation,Use dashboard_sponsor_name
"Bracco Diagnostics, Inc","Bracco Diagnostics, Inc","Bracco Diagnostics, Inc",left_as_is,no_review_needed,No related sponsor/parent mapping identified; kept as original sponsor name.,"Bracco Diagnostics, Inc","Bracco Diagnostics, Inc",Use dashboard_sponsor_name
Braile Biomedica Ind. Com. e Repr. Ltda.,Braile Biomedica Ind. Com. e Repr. Ltda.,Braile Biomedica Ind. Com. e Repr. Ltda.,left_as_is,no_review_needed,No related sponsor/parent mapping identified; kept as original sponsor name.,Braile Biomedica Ind. Com. e Repr. Ltda.,Braile Biomedica Ind. Com. e Repr. Ltda.,Use dashboard_sponsor_name
Brain Inflammation Collaborative,Brain Inflammation Collaborative,Brain Inflammation Collaborative,left_as_is,no_review_needed,No related sponsor/parent mapping identified; kept as original sponsor name.,Brain Inflammation Collaborative,Brain Inflammation Collaborative,Use dashboard_sponsor_name
BrainQ Technologies Ltd.,BrainQ Technologies Ltd.,BrainQ Technologies Ltd.,left_as_is,no_review_needed,No related sponsor/parent mapping identified; kept as original sponsor name.,BrainQ Technologies Ltd.,BrainQ Technologies Ltd.,Use dashboard_sponsor_name
Braincare USA Corp,Braincare USA Corp,Braincare USA Corp,left_as_is,no_review_needed,No related sponsor/parent mapping identified; kept as original sponsor name.,Braincare USA Corp,Braincare USA Corp,Use dashboard_sponsor_name
"Branch Office of ""Hadassah Medical Ltd""",Hadassah Medical Ltd.,Hadassah Medical Ltd.,left_as_is,no_review_needed,No related sponsor/parent mapping identified; kept as original sponsor name.,Hadassah Medical Ltd.,Hadassah Medical Ltd.,Use dashboard_sponsor_name
Brexogen Inc.,Brexogen Inc.,Brexogen Inc.,left_as_is,no_review_needed,No related sponsor/parent mapping identified; kept as original sponsor name.,Brexogen Inc.,Brexogen Inc.,Use dashboard_sponsor_name
"BrightPath Biotherapeutics Co., Ltd.","BrightPath Biotherapeutics Co., Ltd.","BrightPath Biotherapeutics Co., Ltd.",left_as_is,no_review_needed,No related sponsor/parent mapping identified; kept as original sponsor name.,"BrightPath Biotherapeutics Co., Ltd.","BrightPath Biotherapeutics Co., Ltd.",Use dashboard_sponsor_name
Brillian Pharma Inc.,Brillian Pharma Inc.,Brillian Pharma Inc.,left_as_is,no_review_needed,No related sponsor/parent mapping identified; kept as original sponsor name.,Brillian Pharma Inc.,Brillian Pharma Inc.,Use dashboard_sponsor_name
"BrioHealth Solutions, Inc.","BrioHealth Solutions, Inc.","BrioHealth Solutions, Inc.",left_as_is,no_review_needed,No related sponsor/parent mapping identified; kept as original sponsor name.,"BrioHealth Solutions, Inc.","BrioHealth Solutions, Inc.",Use dashboard_sponsor_name
British Columbia Cancer Agency,British Columbia Cancer Agency,British Columbia Cancer Agency,left_as_is,no_review_needed,No related sponsor/parent mapping identified; kept as original sponsor name.,British Columbia Cancer Agency,British Columbia Cancer Agency,Use dashboard_sponsor_name
Brooks Rehabilitation,Brooks Rehabilitation,Brooks Rehabilitation,left_as_is,no_review_needed,No related sponsor/parent mapping identified; kept as original sponsor name.,Brooks Rehabilitation,Brooks Rehabilitation,Use dashboard_sponsor_name
"BrosMed Medical Co., Ltd","BrosMed Medical Co., Ltd","BrosMed Medical Co., Ltd",left_as_is,no_review_needed,No related sponsor/parent mapping identified; kept as original sponsor name.,"BrosMed Medical Co., Ltd","BrosMed Medical Co., Ltd",Use dashboard_sponsor_name
C2N Diagnostics,C2N Diagnostics,C2N Diagnostics,left_as_is,no_review_needed,No related sponsor/parent mapping identified; kept as original sponsor name.,C2N Diagnostics,C2N Diagnostics,Use dashboard_sponsor_name
"C4 Therapeutics, Inc.","C4 Therapeutics, Inc.","C4 Therapeutics, Inc.",left_as_is,no_review_needed,No related sponsor/parent mapping identified; kept as original sponsor name.,"C4 Therapeutics, Inc.","C4 Therapeutics, Inc.",Use dashboard_sponsor_name
CARDIAGS,CARDIAGS,CARDIAGS,left_as_is,no_review_needed,No related sponsor/parent mapping identified; kept as original sponsor name.,CARDIAGS,CARDIAGS,Use dashboard_sponsor_name
"CARsgen Therapeutics Co., Ltd.","CARsgen Therapeutics Co., Ltd.","CARsgen Therapeutics Co., Ltd.",left_as_is,no_review_needed,No related sponsor/parent mapping identified; kept as original sponsor name.,"CARsgen Therapeutics Co., Ltd.","CARsgen Therapeutics Co., Ltd.",Use dashboard_sponsor_name
"CASI Pharmaceuticals (China) Co., Ltd.","CASI Pharmaceuticals  Co., Ltd.","CASI Pharmaceuticals  Co., Ltd.",left_as_is,no_review_needed,No related sponsor/parent mapping identified; kept as original sponsor name.,"CASI Pharmaceuticals  Co., Ltd.","CASI Pharmaceuticals  Co., Ltd.",Use dashboard_sponsor_name
"CASI pharmaceuticals, Inc.","CASI pharmaceuticals, Inc.","CASI pharmaceuticals, Inc.",left_as_is,no_review_needed,No related sponsor/parent mapping identified; kept as original sponsor name.,"CASI pharmaceuticals, Inc.","CASI pharmaceuticals, Inc.",Use dashboard_sponsor_name
"CCRF Inc., Beijing, China","CCRF Inc., Beijing, China","CCRF Inc., Beijing, China",left_as_is,no_review_needed,No related sponsor/parent mapping identified; kept as original sponsor name.,"CCRF Inc., Beijing, China","CCRF Inc., Beijing, China",Use dashboard_sponsor_name
CEN Biotech,CEN Biotech,CEN Biotech,left_as_is,no_review_needed,No related sponsor/parent mapping identified; kept as original sponsor name.,CEN Biotech,CEN Biotech,Use dashboard_sponsor_name
"CHFDX,Inc.","CHFDX,Inc.","CHFDX,Inc.",left_as_is,no_review_needed,No related sponsor/parent mapping identified; kept as original sponsor name.,"CHFDX,Inc.","CHFDX,Inc.",Use dashboard_sponsor_name
CHX Technologies Inc.,CHX Technologies Inc.,CHX Technologies Inc.,left_as_is,no_review_needed,No related sponsor/parent mapping identified; kept as original sponsor name.,CHX Technologies Inc.,CHX Technologies Inc.,Use dashboard_sponsor_name
CID S.p.A.,CID S.p.A.,CID S.p.A.,left_as_is,no_review_needed,No related sponsor/parent mapping identified; kept as original sponsor name.,CID S.p.A.,CID S.p.A.,Use dashboard_sponsor_name
CLASSYS Inc.,CLASSYS Inc.,CLASSYS Inc.,left_as_is,no_review_needed,No related sponsor/parent mapping identified; kept as original sponsor name.,CLASSYS Inc.,CLASSYS Inc.,Use dashboard_sponsor_name
CMG Pharmaceutical Co. Ltd,CMG Pharmaceutical Co. Ltd,CMG Pharmaceutical Co. Ltd,left_as_is,no_review_needed,No related sponsor/parent mapping identified; kept as original sponsor name.,CMG Pharmaceutical Co. Ltd,CMG Pharmaceutical Co. Ltd,Use dashboard_sponsor_name
CRISPR Therapeutics AG,CRISPR Therapeutics AG,CRISPR Therapeutics AG,left_as_is,no_review_needed,No related sponsor/parent mapping identified; kept as original sponsor name.,CRISPR Therapeutics AG,CRISPR Therapeutics AG,Use dashboard_sponsor_name
CSL Behring,CSL Behring,CSL Behring,left_as_is,no_review_needed,No related sponsor/parent mapping identified; kept as original sponsor name.,CSL Behring,CSL Behring,Use dashboard_sponsor_name
"CSPC Mingfule Pharmaceutical (Guangzhou) Co., Ltd.","CSPC Mingfule Pharmaceutical  Co., Ltd.","CSPC Mingfule Pharmaceutical  Co., Ltd.",left_as_is,no_review_needed,No related sponsor/parent mapping identified; kept as original sponsor name.,"CSPC Mingfule Pharmaceutical  Co., Ltd.","CSPC Mingfule Pharmaceutical  Co., Ltd.",Use dashboard_sponsor_name
"CSPC Ouyi Pharmaceutical Co., Ltd.","CSPC Ouyi Pharmaceutical Co., Ltd.","CSPC Ouyi Pharmaceutical Co., Ltd.",left_as_is,no_review_needed,No related sponsor/parent mapping identified; kept as original sponsor name.,"CSPC Ouyi Pharmaceutical Co., Ltd.","CSPC Ouyi Pharmaceutical Co., Ltd.",Use dashboard_sponsor_name
"CSPC ZhongQi Pharmaceutical Technology Co., Ltd.","CSPC ZhongQi Pharmaceutical Technology Co., Ltd.","CSPC ZhongQi Pharmaceutical Technology Co., Ltd.",left_as_is,no_review_needed,No related sponsor/parent mapping identified; kept as original sponsor name.,"CSPC ZhongQi Pharmaceutical Technology Co., Ltd.","CSPC ZhongQi Pharmaceutical Technology Co., Ltd.",Use dashboard_sponsor_name
"CSPC Zhongnuo Pharmaceutical (Shijiazhuang) Co., Ltd.","CSPC Zhongnuo Pharmaceutical  Co., Ltd.","CSPC Zhongnuo Pharmaceutical  Co., Ltd.",left_as_is,no_review_needed,No related sponsor/parent mapping identified; kept as original sponsor name.,"CSPC Zhongnuo Pharmaceutical  Co., Ltd.","CSPC Zhongnuo Pharmaceutical  Co., Ltd.",Use dashboard_sponsor_name
"CVRx, Inc.","CVRx, Inc.","CVRx, Inc.",left_as_is,no_review_needed,No related sponsor/parent mapping identified; kept as original sponsor name.,"CVRx, Inc.","CVRx, Inc.",Use dashboard_sponsor_name
Cagent Vascular LLC,Cagent Vascular LLC,Cagent Vascular LLC,left_as_is,no_review_needed,No related sponsor/parent mapping identified; kept as original sponsor name.,Cagent Vascular LLC,Cagent Vascular LLC,Use dashboard_sponsor_name
Cagla Toprak,Cagla Toprak,Cagla Toprak,left_as_is,no_review_needed,No related sponsor/parent mapping identified; kept as original sponsor name.,Cagla Toprak,Cagla Toprak,Use dashboard_sponsor_name
"Cala Health, Inc.","Cala Health, Inc.","Cala Health, Inc.",left_as_is,no_review_needed,No related sponsor/parent mapping identified; kept as original sponsor name.,"Cala Health, Inc.","Cala Health, Inc.",Use dashboard_sponsor_name
CanSino Biologics Inc.,CanSino Biologics Inc.,CanSino Biologics Inc.,left_as_is,no_review_needed,No related sponsor/parent mapping identified; kept as original sponsor name.,CanSino Biologics Inc.,CanSino Biologics Inc.,Use dashboard_sponsor_name
Candela Corporation,Candela Corporation,Candela Corporation,left_as_is,no_review_needed,No related sponsor/parent mapping identified; kept as original sponsor name.,Candela Corporation,Candela Corporation,Use dashboard_sponsor_name
Cankado GmbH,Cankado GmbH,Cankado GmbH,left_as_is,no_review_needed,No related sponsor/parent mapping identified; kept as original sponsor name.,Cankado GmbH,Cankado GmbH,Use dashboard_sponsor_name
Capricor Inc.,Capricor Inc.,Capricor Inc.,left_as_is,no_review_needed,No related sponsor/parent mapping identified; kept as original sponsor name.,Capricor Inc.,Capricor Inc.,Use dashboard_sponsor_name
"Capsicure, LLC","Capsicure, LLC","Capsicure, LLC",left_as_is,no_review_needed,No related sponsor/parent mapping identified; kept as original sponsor name.,"Capsicure, LLC","Capsicure, LLC",Use dashboard_sponsor_name
Cara Medical Ltd,Cara Medical Ltd,Cara Medical Ltd,left_as_is,no_review_needed,No related sponsor/parent mapping identified; kept as original sponsor name.,Cara Medical Ltd,Cara Medical Ltd,Use dashboard_sponsor_name
Carbiogene Therapeutics Co. Ltd.,Carbiogene Therapeutics Co. Ltd.,Carbiogene Therapeutics Co. Ltd.,left_as_is,no_review_needed,No related sponsor/parent mapping identified; kept as original sponsor name.,Carbiogene Therapeutics Co. Ltd.,Carbiogene Therapeutics Co. Ltd.,Use dashboard_sponsor_name
Cardiac Dimensions Pty Ltd,Cardiac Dimensions Pty Ltd,Cardiac Dimensions Pty Ltd,left_as_is,no_review_needed,No related sponsor/parent mapping identified; kept as original sponsor name.,Cardiac Dimensions Pty Ltd,Cardiac Dimensions Pty Ltd,Use dashboard_sponsor_name
"Cardiac Dimensions, Inc.","Cardiac Dimensions, Inc.","Cardiac Dimensions, Inc.",left_as_is,no_review_needed,No related sponsor/parent mapping identified; kept as original sponsor name.,"Cardiac Dimensions, Inc.","Cardiac Dimensions, Inc.",Use dashboard_sponsor_name
CardiacSense Ltd.,CardiacSense Ltd.,CardiacSense Ltd.,left_as_is,no_review_needed,No related sponsor/parent mapping identified; kept as original sponsor name.,CardiacSense Ltd.,CardiacSense Ltd.,Use dashboard_sponsor_name
"Cardialen, Inc.","Cardialen, Inc.","Cardialen, Inc.",left_as_is,no_review_needed,No related sponsor/parent mapping identified; kept as original sponsor name.,"Cardialen, Inc.","Cardialen, Inc.",Use dashboard_sponsor_name
"CardioNavi MedTech (Wuhan) Co., Ltd.","CardioNavi MedTech  Co., Ltd.","CardioNavi MedTech  Co., Ltd.",left_as_is,no_review_needed,No related sponsor/parent mapping identified; kept as original sponsor name.,"CardioNavi MedTech  Co., Ltd.","CardioNavi MedTech  Co., Ltd.",Use dashboard_sponsor_name
CardioStory INC,CardioStory INC,CardioStory INC,left_as_is,no_review_needed,No related sponsor/parent mapping identified; kept as original sponsor name.,CardioStory INC,CardioStory INC,Use dashboard_sponsor_name
"Cardioflow Technologies, LLC","Cardioflow Technologies, LLC","Cardioflow Technologies, LLC",left_as_is,no_review_needed,No related sponsor/parent mapping identified; kept as original sponsor name.,"Cardioflow Technologies, LLC","Cardioflow Technologies, LLC",Use dashboard_sponsor_name
Cardiokol Ltd,Cardiokol Ltd,Cardiokol Ltd,left_as_is,no_review_needed,No related sponsor/parent mapping identified; kept as original sponsor name.,Cardiokol Ltd,Cardiokol Ltd,Use dashboard_sponsor_name
Cardiol Therapeutics Inc.,Cardiol Therapeutics Inc.,Cardiol Therapeutics Inc.,left_as_is,no_review_needed,No related sponsor/parent mapping identified; kept as original sponsor name.,Cardiol Therapeutics Inc.,Cardiol Therapeutics Inc.,Use dashboard_sponsor_name
Cardiology Prague,Cardiology Prague,Cardiology Prague,left_as_is,no_review_needed,No related sponsor/parent mapping identified; kept as original sponsor name.,Cardiology Prague,Cardiology Prague,Use dashboard_sponsor_name
Cardionovum GmbH,Cardionovum GmbH,Cardionovum GmbH,left_as_is,no_review_needed,No related sponsor/parent mapping identified; kept as original sponsor name.,Cardionovum GmbH,Cardionovum GmbH,Use dashboard_sponsor_name
Cardior Pharmaceuticals GmbH,Cardior Pharmaceuticals GmbH,Cardior Pharmaceuticals GmbH,left_as_is,no_review_needed,No related sponsor/parent mapping identified; kept as original sponsor name.,Cardior Pharmaceuticals GmbH,Cardior Pharmaceuticals GmbH,Use dashboard_sponsor_name
Cardiovalve Ltd.,Cardiovalve Ltd.,Cardiovalve Ltd.,left_as_is,no_review_needed,No related sponsor/parent mapping identified; kept as original sponsor name.,Cardiovalve Ltd.,Cardiovalve Ltd.,Use dashboard_sponsor_name
Cardiovascular Imaging Technologies,Cardiovascular Imaging Technologies,Cardiovascular Imaging Technologies,left_as_is,no_review_needed,No related sponsor/parent mapping identified; kept as original sponsor name.,Cardiovascular Imaging Technologies,Cardiovascular Imaging Technologies,Use dashboard_sponsor_name
"Cardiva Medical, Inc.","Cardiva Medical, Inc.","Cardiva Medical, Inc.",left_as_is,no_review_needed,No related sponsor/parent mapping identified; kept as original sponsor name.,"Cardiva Medical, Inc.","Cardiva Medical, Inc.",Use dashboard_sponsor_name
Cardix Therapeutics LLC,Cardix Therapeutics LLC,Cardix Therapeutics LLC,left_as_is,no_review_needed,No related sponsor/parent mapping identified; kept as original sponsor name.,Cardix Therapeutics LLC,Cardix Therapeutics LLC,Use dashboard_sponsor_name
"Cardurion Pharmaceuticals, Inc.","Cardurion Pharmaceuticals, Inc.","Cardurion Pharmaceuticals, Inc.",left_as_is,no_review_needed,No related sponsor/parent mapping identified; kept as original sponsor name.,"Cardurion Pharmaceuticals, Inc.","Cardurion Pharmaceuticals, Inc.",Use dashboard_sponsor_name
CareLigo AB,CareLigo AB,CareLigo AB,left_as_is,no_review_needed,No related sponsor/parent mapping identified; kept as original sponsor name.,CareLigo AB,CareLigo AB,Use dashboard_sponsor_name
CareTaker Medical LLC,CareTaker Medical LLC,CareTaker Medical LLC,left_as_is,no_review_needed,No related sponsor/parent mapping identified; kept as original sponsor name.,CareTaker Medical LLC,CareTaker Medical LLC,Use dashboard_sponsor_name
"Carevive Systems, Inc.","Carevive Systems, Inc.","Carevive Systems, Inc.",left_as_is,no_review_needed,No related sponsor/parent mapping identified; kept as original sponsor name.,"Carevive Systems, Inc.","Carevive Systems, Inc.",Use dashboard_sponsor_name
"Caribou Biosciences, Inc.","Caribou Biosciences, Inc.","Caribou Biosciences, Inc.",left_as_is,no_review_needed,No related sponsor/parent mapping identified; kept as original sponsor name.,"Caribou Biosciences, Inc.","Caribou Biosciences, Inc.",Use dashboard_sponsor_name
Caristo Diagnostics Limited,Caristo Diagnostics Limited,Caristo Diagnostics Limited,left_as_is,no_review_needed,No related sponsor/parent mapping identified; kept as original sponsor name.,Caristo Diagnostics Limited,Caristo Diagnostics Limited,Use dashboard_sponsor_name
"Carna Biosciences, Inc.","Carna Biosciences, Inc.","Carna Biosciences, Inc.",left_as_is,no_review_needed,No related sponsor/parent mapping identified; kept as original sponsor name.,"Carna Biosciences, Inc.","Carna Biosciences, Inc.",Use dashboard_sponsor_name
Carnot Laboratories,Carnot Laboratories,Carnot Laboratories,left_as_is,no_review_needed,No related sponsor/parent mapping identified; kept as original sponsor name.,Carnot Laboratories,Carnot Laboratories,Use dashboard_sponsor_name
Carré Technologies Inc.,Carré Technologies Inc.,Carré Technologies Inc.,left_as_is,no_review_needed,No related sponsor/parent mapping identified; kept as original sponsor name.,Carré Technologies Inc.,Carré Technologies Inc.,Use dashboard_sponsor_name
Cartesian Therapeutics,Cartesian Therapeutics,Cartesian Therapeutics,left_as_is,no_review_needed,No related sponsor/parent mapping identified; kept as original sponsor name.,Cartesian Therapeutics,Cartesian Therapeutics,Use dashboard_sponsor_name
CathWorks Ltd.,CathWorks Ltd.,CathWorks Ltd.,left_as_is,no_review_needed,No related sponsor/parent mapping identified; kept as original sponsor name.,CathWorks Ltd.,CathWorks Ltd.,Use dashboard_sponsor_name
"Cathbot (Shanghai) Robot Co., Ltd","Cathbot  Robot Co., Ltd","Cathbot  Robot Co., Ltd",left_as_is,no_review_needed,No related sponsor/parent mapping identified; kept as original sponsor name.,"Cathbot  Robot Co., Ltd","Cathbot  Robot Co., Ltd",Use dashboard_sponsor_name
Catheter Precision. Inc.,Catheter Precision. Inc.,Catheter Precision. Inc.,left_as_is,no_review_needed,No related sponsor/parent mapping identified; kept as original sponsor name.,Catheter Precision. Inc.,Catheter Precision. Inc.,Use dashboard_sponsor_name
Causeway Therapeutics,Causeway Therapeutics,Causeway Therapeutics,left_as_is,no_review_needed,No related sponsor/parent mapping identified; kept as original sponsor name.,Causeway Therapeutics,Causeway Therapeutics,Use dashboard_sponsor_name
"Cayuga Biotech, Inc.","Cayuga Biotech, Inc.","Cayuga Biotech, Inc.",left_as_is,no_review_needed,No related sponsor/parent mapping identified; kept as original sponsor name.,"Cayuga Biotech, Inc.","Cayuga Biotech, Inc.",Use dashboard_sponsor_name
CeleCor Therapeutics,CeleCor Therapeutics,CeleCor Therapeutics,left_as_is,no_review_needed,No related sponsor/parent mapping identified; kept as original sponsor name.,CeleCor Therapeutics,CeleCor Therapeutics,Use dashboard_sponsor_name
"Celltrion Pharm, Inc.","Celltrion Pharm, Inc.","Celltrion Pharm, Inc.",left_as_is,no_review_needed,No related sponsor/parent mapping identified; kept as original sponsor name.,"Celltrion Pharm, Inc.","Celltrion Pharm, Inc.",Use dashboard_sponsor_name
Celon Pharma SA,Celon Pharma SA,Celon Pharma SA,left_as_is,no_review_needed,No related sponsor/parent mapping identified; kept as original sponsor name.,Celon Pharma SA,Celon Pharma SA,Use dashboard_sponsor_name
Celularity Incorporated,Celularity Incorporated,Celularity Incorporated,left_as_is,no_review_needed,No related sponsor/parent mapping identified; kept as original sponsor name.,Celularity Incorporated,Celularity Incorporated,Use dashboard_sponsor_name
"Center for Strategic Planning, of the Federal Medical and Biological Agency","Center for Strategic Planning, of the Federal Medical and Biological Agency","Center for Strategic Planning, of the Federal Medical and Biological Agency",left_as_is,no_review_needed,No related sponsor/parent mapping identified; kept as original sponsor name.,"Center for Strategic Planning, of the Federal Medical and Biological Agency","Center for Strategic Planning, of the Federal Medical and Biological Agency",Use dashboard_sponsor_name
Centre Antoine Lacassagne,Centre Antoine Lacassagne,Centre Antoine Lacassagne,left_as_is,no_review_needed,No related sponsor/parent mapping identified; kept as original sponsor name.,Centre Antoine Lacassagne,Centre Antoine Lacassagne,Use dashboard_sponsor_name
Centre d'Etudes et de Recherche pour l'Intensification du Traitement du Diabète,Centre d'Etudes et de Recherche pour l'Intensification du Traitement du Diabète,Centre d'Etudes et de Recherche pour l'Intensification du Traitement du Diabète,left_as_is,no_review_needed,No related sponsor/parent mapping identified; kept as original sponsor name.,Centre d'Etudes et de Recherche pour l'Intensification du Traitement du Diabète,Centre d'Etudes et de Recherche pour l'Intensification du Traitement du Diabète,Use dashboard_sponsor_name
Centre for Interdisciplinary Research in Rehabilitation of Greater Montreal,Centre for Interdisciplinary Research in Rehabilitation of Greater Montreal,Centre for Interdisciplinary Research in Rehabilitation of Greater Montreal,left_as_is,no_review_needed,No related sponsor/parent mapping identified; kept as original sponsor name.,Centre for Interdisciplinary Research in Rehabilitation of Greater Montreal,Centre for Interdisciplinary Research in Rehabilitation of Greater Montreal,Use dashboard_sponsor_name
"Centre for the Rehabilitation of the Paralysed, Bangladesh","Centre for the Rehabilitation of the Paralysed, Bangladesh","Centre for the Rehabilitation of the Paralysed, Bangladesh",left_as_is,no_review_needed,No related sponsor/parent mapping identified; kept as original sponsor name.,"Centre for the Rehabilitation of the Paralysed, Bangladesh","Centre for the Rehabilitation of the Paralysed, Bangladesh",Use dashboard_sponsor_name
Centro De Salud La Comunidad De San Ysidro Inc DBA: San Ysidro Health,Centro De Salud La Comunidad De San Ysidro Inc DBA: San Ysidro Health,Centro De Salud La Comunidad De San Ysidro Inc DBA: San Ysidro Health,left_as_is,no_review_needed,No related sponsor/parent mapping identified; kept as original sponsor name.,Centro De Salud La Comunidad De San Ysidro Inc DBA: San Ysidro Health,Centro De Salud La Comunidad De San Ysidro Inc DBA: San Ysidro Health,Use dashboard_sponsor_name
Centro Integral de Rehabilitación,Centro Integral de Rehabilitación,Centro Integral de Rehabilitación,left_as_is,no_review_needed,No related sponsor/parent mapping identified; kept as original sponsor name.,Centro Integral de Rehabilitación,Centro Integral de Rehabilitación,Use dashboard_sponsor_name
Centro de estudios en Cardiologia Intervencionista,Centro de estudios en Cardiologia Intervencionista,Centro de estudios en Cardiologia Intervencionista,left_as_is,no_review_needed,No related sponsor/parent mapping identified; kept as original sponsor name.,Centro de estudios en Cardiologia Intervencionista,Centro de estudios en Cardiologia Intervencionista,Use dashboard_sponsor_name
Cereneo AG,Cereneo AG,Cereneo AG,left_as_is,no_review_needed,No related sponsor/parent mapping identified; kept as original sponsor name.,Cereneo AG,Cereneo AG,Use dashboard_sponsor_name
"Cerenovus, Part of DePuy Synthes Products, Inc.","Cerenovus, Part of DePuy Synthes Products, Inc.",Johnson & Johnson,left_as_is,no_review_needed,No related sponsor/parent mapping identified; kept as original sponsor name.,"Cerenovus, Part of DePuy Synthes Products, Inc.",Johnson & Johnson,Use dashboard_sponsor_name
Ceretrieve Ltd.,Ceretrieve Ltd.,Ceretrieve Ltd.,left_as_is,no_review_needed,No related sponsor/parent mapping identified; kept as original sponsor name.,Ceretrieve Ltd.,Ceretrieve Ltd.,Use dashboard_sponsor_name
"Cerevance Beta, Inc.","Cerevance Beta, Inc.","Cerevance Beta, Inc.",left_as_is,no_review_needed,No related sponsor/parent mapping identified; kept as original sponsor name.,"Cerevance Beta, Inc.","Cerevance Beta, Inc.",Use dashboard_sponsor_name
Ceribell Inc.,Ceribell Inc.,Ceribell Inc.,left_as_is,no_review_needed,No related sponsor/parent mapping identified; kept as original sponsor name.,Ceribell Inc.,Ceribell Inc.,Use dashboard_sponsor_name
Cerus Corporation,Cerus Corporation,Cerus Corporation,left_as_is,no_review_needed,No related sponsor/parent mapping identified; kept as original sponsor name.,Cerus Corporation,Cerus Corporation,Use dashboard_sponsor_name
"Cerus Endovascular, Inc.","Cerus Endovascular, Inc.","Cerus Endovascular, Inc.",left_as_is,no_review_needed,No related sponsor/parent mapping identified; kept as original sponsor name.,"Cerus Endovascular, Inc.","Cerus Endovascular, Inc.",Use dashboard_sponsor_name
Ceryx Medical Ltd,Ceryx Medical Ltd,Ceryx Medical Ltd,left_as_is,no_review_needed,No related sponsor/parent mapping identified; kept as original sponsor name.,Ceryx Medical Ltd,Ceryx Medical Ltd,Use dashboard_sponsor_name
Changping Laboratory,Changping Laboratory,Changping Laboratory,left_as_is,no_review_needed,No related sponsor/parent mapping identified; kept as original sponsor name.,Changping Laboratory,Changping Laboratory,Use dashboard_sponsor_name
"Changzhou Qianhong Bio-pharma Co., Ltd.","Changzhou Qianhong Bio-pharma Co., Ltd.","Changzhou Qianhong Bio-pharma Co., Ltd.",left_as_is,no_review_needed,No related sponsor/parent mapping identified; kept as original sponsor name.,"Changzhou Qianhong Bio-pharma Co., Ltd.","Changzhou Qianhong Bio-pharma Co., Ltd.",Use dashboard_sponsor_name
Charitable Organisation Charitable Fund Superhumans (Co Cf Superhumans),Charitable Organisation Charitable Fund Superhumans ,Charitable Organisation Charitable Fund Superhumans ,left_as_is,no_review_needed,No related sponsor/parent mapping identified; kept as original sponsor name.,Charitable Organisation Charitable Fund Superhumans ,Charitable Organisation Charitable Fund Superhumans ,Use dashboard_sponsor_name
Chendu DIAO Nine Hong Pharmaceutical Factory,Chendu DIAO Nine Hong Pharmaceutical Factory,Chendu DIAO Nine Hong Pharmaceutical Factory,left_as_is,no_review_needed,No related sponsor/parent mapping identified; kept as original sponsor name.,Chendu DIAO Nine Hong Pharmaceutical Factory,Chendu DIAO Nine Hong Pharmaceutical Factory,Use dashboard_sponsor_name
Chengdu Silara Meditech Inc.,Chengdu Silara Meditech Inc.,Chengdu Silara Meditech Inc.,left_as_is,no_review_needed,No related sponsor/parent mapping identified; kept as original sponsor name.,Chengdu Silara Meditech Inc.,Chengdu Silara Meditech Inc.,Use dashboard_sponsor_name
"Chengdu Suncadia Medicine Co., Ltd.","Chengdu Suncadia Medicine Co., Ltd.","Chengdu Suncadia Medicine Co., Ltd.",left_as_is,no_review_needed,No related sponsor/parent mapping identified; kept as original sponsor name.,"Chengdu Suncadia Medicine Co., Ltd.","Chengdu Suncadia Medicine Co., Ltd.",Use dashboard_sponsor_name
"Chengdu Ucello Biotechnology Co., Ltd.","Chengdu Ucello Biotechnology Co., Ltd.","Chengdu Ucello Biotechnology Co., Ltd.",left_as_is,no_review_needed,No related sponsor/parent mapping identified; kept as original sponsor name.,"Chengdu Ucello Biotechnology Co., Ltd.","Chengdu Ucello Biotechnology Co., Ltd.",Use dashboard_sponsor_name
"Chengdu Zenitar Biomedical Technology Co., Ltd","Chengdu Zenitar Biomedical Technology Co., Ltd","Chengdu Zenitar Biomedical Technology Co., Ltd",left_as_is,no_review_needed,No related sponsor/parent mapping identified; kept as original sponsor name.,"Chengdu Zenitar Biomedical Technology Co., Ltd","Chengdu Zenitar Biomedical Technology Co., Ltd",Use dashboard_sponsor_name
"Chia Tai Tianqing Pharmaceutical (Guangzhou) Co., Ltd.","Chia Tai Tianqing Pharmaceutical  Co., Ltd.","Chia Tai Tianqing Pharmaceutical  Co., Ltd.",left_as_is,no_review_needed,No related sponsor/parent mapping identified; kept as original sponsor name.,"Chia Tai Tianqing Pharmaceutical  Co., Ltd.","Chia Tai Tianqing Pharmaceutical  Co., Ltd.",Use dashboard_sponsor_name
"Chia Tai Tianqing Pharmaceutical Group Co., Ltd.","Chia Tai Tianqing Pharmaceutical Group Co., Ltd.","Chia Tai Tianqing Pharmaceutical Group Co., Ltd.",left_as_is,no_review_needed,No related sponsor/parent mapping identified; kept as original sponsor name.,"Chia Tai Tianqing Pharmaceutical Group Co., Ltd.","Chia Tai Tianqing Pharmaceutical Group Co., Ltd.",Use dashboard_sponsor_name
"Chia Tai Tianqing Pharmaceutical Group Nanjing Shunxin Pharmaceutical Co., Ltd.","Chia Tai Tianqing Pharmaceutical Group Nanjing Shunxin Pharmaceutical Co., Ltd.","Chia Tai Tianqing Pharmaceutical Group Nanjing Shunxin Pharmaceutical Co., Ltd.",left_as_is,no_review_needed,No related sponsor/parent mapping identified; kept as original sponsor name.,"Chia Tai Tianqing Pharmaceutical Group Nanjing Shunxin Pharmaceutical Co., Ltd.","Chia Tai Tianqing Pharmaceutical Group Nanjing Shunxin Pharmaceutical Co., Ltd.",Use dashboard_sponsor_name
Chiesi Farmaceutici S.p.A.,Chiesi Farmaceutici S.p.A.,Chiesi Farmaceutici S.p.A.,left_as_is,no_review_needed,No related sponsor/parent mapping identified; kept as original sponsor name.,Chiesi Farmaceutici S.p.A.,Chiesi Farmaceutici S.p.A.,Use dashboard_sponsor_name
Chiesi Italia,Chiesi Italia,Chiesi Italia,left_as_is,no_review_needed,No related sponsor/parent mapping identified; kept as original sponsor name.,Chiesi Italia,Chiesi Italia,Use dashboard_sponsor_name
Chimivac INC,Chimivac INC,Chimivac INC,left_as_is,no_review_needed,No related sponsor/parent mapping identified; kept as original sponsor name.,Chimivac INC,Chimivac INC,Use dashboard_sponsor_name
"China Immunotech (Beijing) Biotechnology Co., Ltd.","China Immunotech  Biotechnology Co., Ltd.","China Immunotech  Biotechnology Co., Ltd.",left_as_is,no_review_needed,No related sponsor/parent mapping identified; kept as original sponsor name.,"China Immunotech  Biotechnology Co., Ltd.","China Immunotech  Biotechnology Co., Ltd.",Use dashboard_sponsor_name
China Rehabilitation Research Center,China Rehabilitation Research Center,China Rehabilitation Research Center,left_as_is,no_review_needed,No related sponsor/parent mapping identified; kept as original sponsor name.,China Rehabilitation Research Center,China Rehabilitation Research Center,Use dashboard_sponsor_name
"Chipscreen Biosciences, Ltd.","Chipscreen Biosciences, Ltd.","Chipscreen Biosciences, Ltd.",left_as_is,no_review_needed,No related sponsor/parent mapping identified; kept as original sponsor name.,"Chipscreen Biosciences, Ltd.","Chipscreen Biosciences, Ltd.",Use dashboard_sponsor_name
Chong Kun Dang Pharmaceutical,Chong Kun Dang Pharmaceutical,Chong Kun Dang Pharmaceutical,left_as_is,no_review_needed,No related sponsor/parent mapping identified; kept as original sponsor name.,Chong Kun Dang Pharmaceutical,Chong Kun Dang Pharmaceutical,Use dashboard_sponsor_name
"Chongqing Precision Biotech Co., Ltd","Chongqing Precision Biotech Co., Ltd","Chongqing Precision Biotech Co., Ltd",left_as_is,no_review_needed,No related sponsor/parent mapping identified; kept as original sponsor name.,"Chongqing Precision Biotech Co., Ltd","Chongqing Precision Biotech Co., Ltd",Use dashboard_sponsor_name
Christian Hassager,Christian Hassager,Christian Hassager,left_as_is,no_review_needed,No related sponsor/parent mapping identified; kept as original sponsor name.,Christian Hassager,Christian Hassager,Use dashboard_sponsor_name
Christian Pagnoux,Christian Pagnoux,Christian Pagnoux,left_as_is,no_review_needed,No related sponsor/parent mapping identified; kept as original sponsor name.,Christian Pagnoux,Christian Pagnoux,Use dashboard_sponsor_name
"Cipherome, Inc.","Cipherome, Inc.","Cipherome, Inc.",left_as_is,no_review_needed,No related sponsor/parent mapping identified; kept as original sponsor name.,"Cipherome, Inc.","Cipherome, Inc.",Use dashboard_sponsor_name
"Circa Scientific, Inc.","Circa Scientific, Inc.","Circa Scientific, Inc.",left_as_is,no_review_needed,No related sponsor/parent mapping identified; kept as original sponsor name.,"Circa Scientific, Inc.","Circa Scientific, Inc.",Use dashboard_sponsor_name
"Citius Pharmaceuticals, Inc.","Citius Pharmaceuticals, Inc.","Citius Pharmaceuticals, Inc.",left_as_is,no_review_needed,No related sponsor/parent mapping identified; kept as original sponsor name.,"Citius Pharmaceuticals, Inc.","Citius Pharmaceuticals, Inc.",Use dashboard_sponsor_name
Clearmind Biomedical Inc.,Clearmind Biomedical Inc.,Clearmind Biomedical Inc.,left_as_is,no_review_needed,No related sponsor/parent mapping identified; kept as original sponsor name.,Clearmind Biomedical Inc.,Clearmind Biomedical Inc.,Use dashboard_sponsor_name
"Cleerly, Inc.","Cleerly, Inc.","Cleerly, Inc.",left_as_is,no_review_needed,No related sponsor/parent mapping identified; kept as original sponsor name.,"Cleerly, Inc.","Cleerly, Inc.",Use dashboard_sponsor_name
Clindove Research LLC,Clindove Research LLC,Clindove Research LLC,left_as_is,no_review_needed,No related sponsor/parent mapping identified; kept as original sponsor name.,Clindove Research LLC,Clindove Research LLC,Use dashboard_sponsor_name
Clinique Saint-Vincent,Clinique Saint-Vincent,Clinique Saint-Vincent,left_as_is,no_review_needed,No related sponsor/parent mapping identified; kept as original sponsor name.,Clinique Saint-Vincent,Clinique Saint-Vincent,Use dashboard_sponsor_name
Clinuvel Pharmaceuticals Limited,Clinuvel Pharmaceuticals Limited,Clinuvel Pharmaceuticals Limited,left_as_is,no_review_needed,No related sponsor/parent mapping identified; kept as original sponsor name.,Clinuvel Pharmaceuticals Limited,Clinuvel Pharmaceuticals Limited,Use dashboard_sponsor_name
Closed Joint-Stock Company NeoCor,Closed Joint-Stock Company NeoCor,Closed Joint-Stock Company NeoCor,left_as_is,no_review_needed,No related sponsor/parent mapping identified; kept as original sponsor name.,Closed Joint-Stock Company NeoCor,Closed Joint-Stock Company NeoCor,Use dashboard_sponsor_name
Clínica de Neurorehabilitación,Clínica de Neurorehabilitación,Clínica de Neurorehabilitación,left_as_is,no_review_needed,No related sponsor/parent mapping identified; kept as original sponsor name.,Clínica de Neurorehabilitación,Clínica de Neurorehabilitación,Use dashboard_sponsor_name
CoLabs Medical,CoLabs Medical,CoLabs Medical,left_as_is,no_review_needed,No related sponsor/parent mapping identified; kept as original sponsor name.,CoLabs Medical,CoLabs Medical,Use dashboard_sponsor_name
CoMind Technologies Limited,CoMind Technologies Limited,CoMind Technologies Limited,left_as_is,no_review_needed,No related sponsor/parent mapping identified; kept as original sponsor name.,CoMind Technologies Limited,CoMind Technologies Limited,Use dashboard_sponsor_name
"Coala Life, Inc","Coala Life, Inc","Coala Life, Inc",left_as_is,no_review_needed,No related sponsor/parent mapping identified; kept as original sponsor name.,"Coala Life, Inc","Coala Life, Inc",Use dashboard_sponsor_name
Code Pharma,Code Pharma,Code Pharma,left_as_is,no_review_needed,No related sponsor/parent mapping identified; kept as original sponsor name.,Code Pharma,Code Pharma,Use dashboard_sponsor_name
Collabree AG,Collabree AG,Collabree AG,left_as_is,no_review_needed,No related sponsor/parent mapping identified; kept as original sponsor name.,Collabree AG,Collabree AG,Use dashboard_sponsor_name
Community Pharmacology Services Ltd,Community Pharmacology Services Ltd,Community Pharmacology Services Ltd,left_as_is,no_review_needed,No related sponsor/parent mapping identified; kept as original sponsor name.,Community Pharmacology Services Ltd,Community Pharmacology Services Ltd,Use dashboard_sponsor_name
Compedica Inc,Compedica Inc,Compedica Inc,left_as_is,no_review_needed,No related sponsor/parent mapping identified; kept as original sponsor name.,Compedica Inc,Compedica Inc,Use dashboard_sponsor_name
Compremium AG,Compremium AG,Compremium AG,left_as_is,no_review_needed,No related sponsor/parent mapping identified; kept as original sponsor name.,Compremium AG,Compremium AG,Use dashboard_sponsor_name
Compugen Ltd,Compugen Ltd,Compugen Ltd,left_as_is,no_review_needed,No related sponsor/parent mapping identified; kept as original sponsor name.,Compugen Ltd,Compugen Ltd,Use dashboard_sponsor_name
Concept Medical Inc.,Concept Medical Inc.,Concept Medical Inc.,left_as_is,no_review_needed,No related sponsor/parent mapping identified; kept as original sponsor name.,Concept Medical Inc.,Concept Medical Inc.,Use dashboard_sponsor_name
"Conformal Medical, Inc","Conformal Medical, Inc","Conformal Medical, Inc",left_as_is,no_review_needed,No related sponsor/parent mapping identified; kept as original sponsor name.,"Conformal Medical, Inc","Conformal Medical, Inc",Use dashboard_sponsor_name
Connect Biopharm LLC,Connect Biopharm LLC,Connect Biopharm LLC,left_as_is,no_review_needed,No related sponsor/parent mapping identified; kept as original sponsor name.,Connect Biopharm LLC,Connect Biopharm LLC,Use dashboard_sponsor_name
Constant Therapeutics LLC,Constant Therapeutics LLC,Constant Therapeutics LLC,left_as_is,no_review_needed,No related sponsor/parent mapping identified; kept as original sponsor name.,Constant Therapeutics LLC,Constant Therapeutics LLC,Use dashboard_sponsor_name
"Contego Medical, Inc.","Contego Medical, Inc.","Contego Medical, Inc.",left_as_is,no_review_needed,No related sponsor/parent mapping identified; kept as original sponsor name.,"Contego Medical, Inc.","Contego Medical, Inc.",Use dashboard_sponsor_name
Contera Pharma A/S,Contera Pharma A/S,Contera Pharma A/S,left_as_is,no_review_needed,No related sponsor/parent mapping identified; kept as original sponsor name.,Contera Pharma A/S,Contera Pharma A/S,Use dashboard_sponsor_name
ConvaTec Inc.,ConvaTec Inc.,ConvaTec Inc.,left_as_is,no_review_needed,No related sponsor/parent mapping identified; kept as original sponsor name.,ConvaTec Inc.,ConvaTec Inc.,Use dashboard_sponsor_name
Cook Research Incorporated,Cook Research Incorporated,Cook Research Incorporated,left_as_is,no_review_needed,No related sponsor/parent mapping identified; kept as original sponsor name.,Cook Research Incorporated,Cook Research Incorporated,Use dashboard_sponsor_name
CoolTech LLC,CoolTech LLC,CoolTech LLC,left_as_is,no_review_needed,No related sponsor/parent mapping identified; kept as original sponsor name.,CoolTech LLC,CoolTech LLC,Use dashboard_sponsor_name
CorFlow Therapeutics AG,CorFlow Therapeutics AG,CorFlow Therapeutics AG,left_as_is,no_review_needed,No related sponsor/parent mapping identified; kept as original sponsor name.,CorFlow Therapeutics AG,CorFlow Therapeutics AG,Use dashboard_sponsor_name
Corcept Therapeutics,Corcept Therapeutics,Corcept Therapeutics,left_as_is,no_review_needed,No related sponsor/parent mapping identified; kept as original sponsor name.,Corcept Therapeutics,Corcept Therapeutics,Use dashboard_sponsor_name
Cordis US Corp.,Cordis US Corp.,Cordis US Corp.,left_as_is,no_review_needed,No related sponsor/parent mapping identified; kept as original sponsor name.,Cordis US Corp.,Cordis US Corp.,Use dashboard_sponsor_name
CoreMap Inc.,CoreMap Inc.,CoreMap Inc.,left_as_is,no_review_needed,No related sponsor/parent mapping identified; kept as original sponsor name.,CoreMap Inc.,CoreMap Inc.,Use dashboard_sponsor_name
Corporacion Parc Tauli,Corporacion Parc Tauli,Corporacion Parc Tauli,left_as_is,no_review_needed,No related sponsor/parent mapping identified; kept as original sponsor name.,Corporacion Parc Tauli,Corporacion Parc Tauli,Use dashboard_sponsor_name
Corporació de Salut del Maresme i la Selva,Corporació de Salut del Maresme i la Selva,Corporació de Salut del Maresme i la Selva,left_as_is,no_review_needed,No related sponsor/parent mapping identified; kept as original sponsor name.,Corporació de Salut del Maresme i la Selva,Corporació de Salut del Maresme i la Selva,Use dashboard_sponsor_name
Corporación de Rehabilitación Club de Leones Cruz del Sur,Corporación de Rehabilitación Club de Leones Cruz del Sur,Corporación de Rehabilitación Club de Leones Cruz del Sur,left_as_is,no_review_needed,No related sponsor/parent mapping identified; kept as original sponsor name.,Corporación de Rehabilitación Club de Leones Cruz del Sur,Corporación de Rehabilitación Club de Leones Cruz del Sur,Use dashboard_sponsor_name
Corsano Health B.V.,Corsano Health B.V.,Corsano Health B.V.,left_as_is,no_review_needed,No related sponsor/parent mapping identified; kept as original sponsor name.,Corsano Health B.V.,Corsano Health B.V.,Use dashboard_sponsor_name
Corteria Pharmaceuticals,Corteria Pharmaceuticals,Corteria Pharmaceuticals,left_as_is,no_review_needed,No related sponsor/parent mapping identified; kept as original sponsor name.,Corteria Pharmaceuticals,Corteria Pharmaceuticals,Use dashboard_sponsor_name
"Corvivo Cardiovascular, Inc.","Corvivo Cardiovascular, Inc.","Corvivo Cardiovascular, Inc.",left_as_is,no_review_needed,No related sponsor/parent mapping identified; kept as original sponsor name.,"Corvivo Cardiovascular, Inc.","Corvivo Cardiovascular, Inc.",Use dashboard_sponsor_name
"Corvus Pharmaceuticals, Inc.","Corvus Pharmaceuticals, Inc.","Corvus Pharmaceuticals, Inc.",left_as_is,no_review_needed,No related sponsor/parent mapping identified; kept as original sponsor name.,"Corvus Pharmaceuticals, Inc.","Corvus Pharmaceuticals, Inc.",Use dashboard_sponsor_name
Corxel Pharmaceuticals,Corxel Pharmaceuticals,Corxel Pharmaceuticals,left_as_is,no_review_needed,No related sponsor/parent mapping identified; kept as original sponsor name.,Corxel Pharmaceuticals,Corxel Pharmaceuticals,Use dashboard_sponsor_name
"Cosmos Rx, Inc","Cosmos Rx, Inc","Cosmos Rx, Inc",left_as_is,no_review_needed,No related sponsor/parent mapping identified; kept as original sponsor name.,"Cosmos Rx, Inc","Cosmos Rx, Inc",Use dashboard_sponsor_name
Crinetics Pharmaceuticals Inc.,Crinetics Pharmaceuticals Inc.,Crinetics Pharmaceuticals Inc.,left_as_is,no_review_needed,No related sponsor/parent mapping identified; kept as original sponsor name.,Crinetics Pharmaceuticals Inc.,Crinetics Pharmaceuticals Inc.,Use dashboard_sponsor_name
Cristália Produtos Químicos Farmacêuticos Ltda.,Cristália Produtos Químicos Farmacêuticos Ltda.,Cristália Produtos Químicos Farmacêuticos Ltda.,left_as_is,no_review_needed,No related sponsor/parent mapping identified; kept as original sponsor name.,Cristália Produtos Químicos Farmacêuticos Ltda.,Cristália Produtos Químicos Farmacêuticos Ltda.,Use dashboard_sponsor_name
CroiValve Limited,CroiValve Limited,CroiValve Limited,left_as_is,no_review_needed,No related sponsor/parent mapping identified; kept as original sponsor name.,CroiValve Limited,CroiValve Limited,Use dashboard_sponsor_name
Cryotherapeutics SA,Cryotherapeutics SA,Cryotherapeutics SA,left_as_is,no_review_needed,No related sponsor/parent mapping identified; kept as original sponsor name.,Cryotherapeutics SA,Cryotherapeutics SA,Use dashboard_sponsor_name
Cullinan Therapeutics Inc.,Cullinan Therapeutics Inc.,Cullinan Therapeutics Inc.,left_as_is,no_review_needed,No related sponsor/parent mapping identified; kept as original sponsor name.,Cullinan Therapeutics Inc.,Cullinan Therapeutics Inc.,Use dashboard_sponsor_name
Currax Pharmaceuticals,Currax Pharmaceuticals,Currax Pharmaceuticals,left_as_is,no_review_needed,No related sponsor/parent mapping identified; kept as original sponsor name.,Currax Pharmaceuticals,Currax Pharmaceuticals,Use dashboard_sponsor_name
"Cyclarity Therapeutics, Inc.","Cyclarity Therapeutics, Inc.","Cyclarity Therapeutics, Inc.",left_as_is,no_review_needed,No related sponsor/parent mapping identified; kept as original sponsor name.,"Cyclarity Therapeutics, Inc.","Cyclarity Therapeutics, Inc.",Use dashboard_sponsor_name
Cynata Therapeutics Limited,Cynata Therapeutics Limited,Cynata Therapeutics Limited,left_as_is,no_review_needed,No related sponsor/parent mapping identified; kept as original sponsor name.,Cynata Therapeutics Limited,Cynata Therapeutics Limited,Use dashboard_sponsor_name
"Cynosure, Inc.","Cynosure, Inc.","Cynosure, Inc.",left_as_is,no_review_needed,No related sponsor/parent mapping identified; kept as original sponsor name.,"Cynosure, Inc.","Cynosure, Inc.",Use dashboard_sponsor_name
"Cystetic Medicines, Inc.","Cystetic Medicines, Inc.","Cystetic Medicines, Inc.",left_as_is,no_review_needed,No related sponsor/parent mapping identified; kept as original sponsor name.,"Cystetic Medicines, Inc.","Cystetic Medicines, Inc.",Use dashboard_sponsor_name
"CytoDyn, Inc.","CytoDyn, Inc.","CytoDyn, Inc.",left_as_is,no_review_needed,No related sponsor/parent mapping identified; kept as original sponsor name.,"CytoDyn, Inc.","CytoDyn, Inc.",Use dashboard_sponsor_name
CytoSorbents Europe GmbH,CytoSorbents Europe GmbH,CytoSorbents Europe GmbH,left_as_is,no_review_needed,No related sponsor/parent mapping identified; kept as original sponsor name.,CytoSorbents Europe GmbH,CytoSorbents Europe GmbH,Use dashboard_sponsor_name
"CytoSorbents, Inc","CytoSorbents, Inc","CytoSorbents, Inc",left_as_is,no_review_needed,No related sponsor/parent mapping identified; kept as original sponsor name.,"CytoSorbents, Inc","CytoSorbents, Inc",Use dashboard_sponsor_name
"Cytocom, Inc.","Cytocom, Inc.","Cytocom, Inc.",left_as_is,no_review_needed,No related sponsor/parent mapping identified; kept as original sponsor name.,"Cytocom, Inc.","Cytocom, Inc.",Use dashboard_sponsor_name
Cytokinetics,Cytokinetics,Cytokinetics,left_as_is,no_review_needed,No related sponsor/parent mapping identified; kept as original sponsor name.,Cytokinetics,Cytokinetics,Use dashboard_sponsor_name
Cytora Ltd.,Cytora Ltd.,Cytora Ltd.,left_as_is,no_review_needed,No related sponsor/parent mapping identified; kept as original sponsor name.,Cytora Ltd.,Cytora Ltd.,Use dashboard_sponsor_name
"D3 Bio (Wuxi) Co., Ltd","D3 Bio  Co., Ltd","D3 Bio  Co., Ltd",left_as_is,no_review_needed,No related sponsor/parent mapping identified; kept as original sponsor name.,"D3 Bio  Co., Ltd","D3 Bio  Co., Ltd",Use dashboard_sponsor_name
DAPS Health LLC,DAPS Health LLC,DAPS Health LLC,left_as_is,no_review_needed,No related sponsor/parent mapping identified; kept as original sponsor name.,DAPS Health LLC,DAPS Health LLC,Use dashboard_sponsor_name
"DAS-MG, Inc","DAS-MG, Inc","DAS-MG, Inc",left_as_is,no_review_needed,No related sponsor/parent mapping identified; kept as original sponsor name.,"DAS-MG, Inc","DAS-MG, Inc",Use dashboard_sponsor_name
DEBx Medical B.V.,DEBx Medical B.V.,DEBx Medical B.V.,left_as_is,no_review_needed,No related sponsor/parent mapping identified; kept as original sponsor name.,DEBx Medical B.V.,DEBx Medical B.V.,Use dashboard_sponsor_name
"DK Medical Technology (Suzhou) Co., Ltd.","DK Medical Technology  Co., Ltd.","DK Medical Technology  Co., Ltd.",left_as_is,no_review_needed,No related sponsor/parent mapping identified; kept as original sponsor name.,"DK Medical Technology  Co., Ltd.","DK Medical Technology  Co., Ltd.",Use dashboard_sponsor_name
Daewoong Pharmaceutical Co. LTD.,Daewoong Pharmaceutical Co. LTD.,Daewoong Pharmaceutical Co. LTD.,left_as_is,no_review_needed,No related sponsor/parent mapping identified; kept as original sponsor name.,Daewoong Pharmaceutical Co. LTD.,Daewoong Pharmaceutical Co. LTD.,Use dashboard_sponsor_name
Daiichi Sankyo,Daiichi Sankyo,Daiichi Sankyo,left_as_is,no_review_needed,No related sponsor/parent mapping identified; kept as original sponsor name.,Daiichi Sankyo,Daiichi Sankyo,Use dashboard_sponsor_name
"Daiichi Sankyo Europe, GmbH, a Daiichi Sankyo Company","Daiichi Sankyo Europe, GmbH, a Daiichi Sankyo Company","Daiichi Sankyo Europe, GmbH, a Daiichi Sankyo Company",left_as_is,no_review_needed,No related sponsor/parent mapping identified; kept as original sponsor name.,"Daiichi Sankyo Europe, GmbH, a Daiichi Sankyo Company","Daiichi Sankyo Europe, GmbH, a Daiichi Sankyo Company",Use dashboard_sponsor_name
"Daiichi Sankyo Turkey, a Daiichi Sankyo Company","Daiichi Sankyo Turkey, a Daiichi Sankyo Company","Daiichi Sankyo Turkey, a Daiichi Sankyo Company",left_as_is,no_review_needed,No related sponsor/parent mapping identified; kept as original sponsor name.,"Daiichi Sankyo Turkey, a Daiichi Sankyo Company","Daiichi Sankyo Turkey, a Daiichi Sankyo Company",Use dashboard_sponsor_name
"Daiichi Sankyo UK Ltd, a Daiichi Sankyo Company","Daiichi Sankyo UK Ltd, a Daiichi Sankyo Company","Daiichi Sankyo UK Ltd, a Daiichi Sankyo Company",left_as_is,no_review_needed,No related sponsor/parent mapping identified; kept as original sponsor name.,"Daiichi Sankyo UK Ltd, a Daiichi Sankyo Company","Daiichi Sankyo UK Ltd, a Daiichi Sankyo Company",Use dashboard_sponsor_name
DalCor Pharmaceuticals,DalCor Pharmaceuticals,DalCor Pharmaceuticals,left_as_is,no_review_needed,No related sponsor/parent mapping identified; kept as original sponsor name.,DalCor Pharmaceuticals,DalCor Pharmaceuticals,Use dashboard_sponsor_name
Dalia Saad Abd-El Kader,Dalia Saad Abd-El Kader,Dalia Saad Abd-El Kader,left_as_is,no_review_needed,No related sponsor/parent mapping identified; kept as original sponsor name.,Dalia Saad Abd-El Kader,Dalia Saad Abd-El Kader,Use dashboard_sponsor_name
"Data Yakka, Inc.","Data Yakka, Inc.","Data Yakka, Inc.",left_as_is,no_review_needed,No related sponsor/parent mapping identified; kept as original sponsor name.,"Data Yakka, Inc.","Data Yakka, Inc.",Use dashboard_sponsor_name
David J. Gagnon,David J. Gagnon,David J. Gagnon,left_as_is,no_review_needed,No related sponsor/parent mapping identified; kept as original sponsor name.,David J. Gagnon,David J. Gagnon,Use dashboard_sponsor_name
Daxor Corporation,Daxor Corporation,Daxor Corporation,left_as_is,no_review_needed,No related sponsor/parent mapping identified; kept as original sponsor name.,Daxor Corporation,Daxor Corporation,Use dashboard_sponsor_name
DeCell Technologies Inc.,DeCell Technologies Inc.,DeCell Technologies Inc.,left_as_is,no_review_needed,No related sponsor/parent mapping identified; kept as original sponsor name.,DeCell Technologies Inc.,DeCell Technologies Inc.,Use dashboard_sponsor_name
"DeRoyal Industries, Inc.","DeRoyal Industries, Inc.","DeRoyal Industries, Inc.",left_as_is,no_review_needed,No related sponsor/parent mapping identified; kept as original sponsor name.,"DeRoyal Industries, Inc.","DeRoyal Industries, Inc.",Use dashboard_sponsor_name
"Defence Medical Rehabilitation Centre, UK","Defence Medical Rehabilitation Centre, UK","Defence Medical Rehabilitation Centre, UK",left_as_is,no_review_needed,No related sponsor/parent mapping identified; kept as original sponsor name.,"Defence Medical Rehabilitation Centre, UK","Defence Medical Rehabilitation Centre, UK",Use dashboard_sponsor_name
"Definium Therapeutics US, Inc.","Definium Therapeutics US, Inc.","Definium Therapeutics US, Inc.",left_as_is,no_review_needed,No related sponsor/parent mapping identified; kept as original sponsor name.,"Definium Therapeutics US, Inc.","Definium Therapeutics US, Inc.",Use dashboard_sponsor_name
Dentsply Sirona Implants and Consumables,Dentsply Sirona Implants and Consumables,Dentsply Sirona Implants and Consumables,left_as_is,no_review_needed,No related sponsor/parent mapping identified; kept as original sponsor name.,Dentsply Sirona Implants and Consumables,Dentsply Sirona Implants and Consumables,Use dashboard_sponsor_name
"Dermed Diagnostics, Inc.","Dermed Diagnostics, Inc.","Dermed Diagnostics, Inc.",left_as_is,no_review_needed,No related sponsor/parent mapping identified; kept as original sponsor name.,"Dermed Diagnostics, Inc.","Dermed Diagnostics, Inc.",Use dashboard_sponsor_name
Developeration AB,Developeration AB,Developeration AB,left_as_is,no_review_needed,No related sponsor/parent mapping identified; kept as original sponsor name.,Developeration AB,Developeration AB,Use dashboard_sponsor_name
DexTech Medical AB,DexTech Medical AB,DexTech Medical AB,left_as_is,no_review_needed,No related sponsor/parent mapping identified; kept as original sponsor name.,DexTech Medical AB,DexTech Medical AB,Use dashboard_sponsor_name
DiA Imaging Analysis Ltd,DiA Imaging Analysis Ltd,DiA Imaging Analysis Ltd,left_as_is,no_review_needed,No related sponsor/parent mapping identified; kept as original sponsor name.,DiA Imaging Analysis Ltd,DiA Imaging Analysis Ltd,Use dashboard_sponsor_name
DiaMedica Therapeutics Inc,DiaMedica Therapeutics Inc,DiaMedica Therapeutics Inc,left_as_is,no_review_needed,No related sponsor/parent mapping identified; kept as original sponsor name.,DiaMedica Therapeutics Inc,DiaMedica Therapeutics Inc,Use dashboard_sponsor_name
Diabetis JSC,Diabetis JSC,Diabetis JSC,left_as_is,no_review_needed,No related sponsor/parent mapping identified; kept as original sponsor name.,Diabetis JSC,Diabetis JSC,Use dashboard_sponsor_name
Diagnostica Stago R&D,Diagnostica Stago R&D,Diagnostica Stago R&D,left_as_is,no_review_needed,No related sponsor/parent mapping identified; kept as original sponsor name.,Diagnostica Stago R&D,Diagnostica Stago R&D,Use dashboard_sponsor_name
"Diagonal Therapeutics, Inc.","Diagonal Therapeutics, Inc.","Diagonal Therapeutics, Inc.",left_as_is,no_review_needed,No related sponsor/parent mapping identified; kept as original sponsor name.,"Diagonal Therapeutics, Inc.","Diagonal Therapeutics, Inc.",Use dashboard_sponsor_name
Diagram B.V.,Diagram B.V.,Diagram B.V.,left_as_is,no_review_needed,No related sponsor/parent mapping identified; kept as original sponsor name.,Diagram B.V.,Diagram B.V.,Use dashboard_sponsor_name
Dialisis Madariaga,Dialisis Madariaga,Dialisis Madariaga,left_as_is,no_review_needed,No related sponsor/parent mapping identified; kept as original sponsor name.,Dialisis Madariaga,Dialisis Madariaga,Use dashboard_sponsor_name
"Digestive Care, Inc.","Digestive Care, Inc.","Digestive Care, Inc.",left_as_is,no_review_needed,No related sponsor/parent mapping identified; kept as original sponsor name.,"Digestive Care, Inc.","Digestive Care, Inc.",Use dashboard_sponsor_name
"Digital Diagnostics, Inc.","Digital Diagnostics, Inc.","Digital Diagnostics, Inc.",left_as_is,no_review_needed,No related sponsor/parent mapping identified; kept as original sponsor name.,"Digital Diagnostics, Inc.","Digital Diagnostics, Inc.",Use dashboard_sponsor_name
Directed Systems Limited,Directed Systems Limited,Directed Systems Limited,left_as_is,no_review_needed,No related sponsor/parent mapping identified; kept as original sponsor name.,Directed Systems Limited,Directed Systems Limited,Use dashboard_sponsor_name
Disruptive Pharma,Disruptive Pharma,Disruptive Pharma,left_as_is,no_review_needed,No related sponsor/parent mapping identified; kept as original sponsor name.,Disruptive Pharma,Disruptive Pharma,Use dashboard_sponsor_name
Ditte Krag-Hansen,Ditte Krag-Hansen,Ditte Krag-Hansen,left_as_is,no_review_needed,No related sponsor/parent mapping identified; kept as original sponsor name.,Ditte Krag-Hansen,Ditte Krag-Hansen,Use dashboard_sponsor_name
Doasense GmbH,Doasense GmbH,Doasense GmbH,left_as_is,no_review_needed,No related sponsor/parent mapping identified; kept as original sponsor name.,Doasense GmbH,Doasense GmbH,Use dashboard_sponsor_name
DocMe Technologies Ltd,DocMe Technologies Ltd,DocMe Technologies Ltd,left_as_is,no_review_needed,No related sponsor/parent mapping identified; kept as original sponsor name.,DocMe Technologies Ltd,DocMe Technologies Ltd,Use dashboard_sponsor_name
"Dong-A ST Co., Ltd.","Dong-A ST Co., Ltd.","Dong-A ST Co., Ltd.",left_as_is,no_review_needed,No related sponsor/parent mapping identified; kept as original sponsor name.,"Dong-A ST Co., Ltd.","Dong-A ST Co., Ltd.",Use dashboard_sponsor_name
Dotspace Inc.,Dotspace Inc.,Dotspace Inc.,left_as_is,no_review_needed,No related sponsor/parent mapping identified; kept as original sponsor name.,Dotspace Inc.,Dotspace Inc.,Use dashboard_sponsor_name
Dr Adnan Agha,Dr Adnan Agha,Dr Adnan Agha,left_as_is,no_review_needed,No related sponsor/parent mapping identified; kept as original sponsor name.,Dr Adnan Agha,Dr Adnan Agha,Use dashboard_sponsor_name
Dr Brent McMonagle,Dr Brent McMonagle,Dr Brent McMonagle,left_as_is,no_review_needed,No related sponsor/parent mapping identified; kept as original sponsor name.,Dr Brent McMonagle,Dr Brent McMonagle,Use dashboard_sponsor_name
Dr. Noah Biotech Inc.,Dr. Noah Biotech Inc.,Dr. Noah Biotech Inc.,left_as_is,no_review_needed,No related sponsor/parent mapping identified; kept as original sponsor name.,Dr. Noah Biotech Inc.,Dr. Noah Biotech Inc.,Use dashboard_sponsor_name
Dr. Sabrina Overhagen,Dr. Sabrina Overhagen,Dr. Sabrina Overhagen,left_as_is,no_review_needed,No related sponsor/parent mapping identified; kept as original sponsor name.,Dr. Sabrina Overhagen,Dr. Sabrina Overhagen,Use dashboard_sponsor_name
Dr. Willmar Schwabe GmbH & Co. KG,Dr. Willmar Schwabe GmbH & Co. KG,Dr. Willmar Schwabe GmbH & Co. KG,left_as_is,no_review_needed,No related sponsor/parent mapping identified; kept as original sponsor name.,Dr. Willmar Schwabe GmbH & Co. KG,Dr. Willmar Schwabe GmbH & Co. KG,Use dashboard_sponsor_name
"DuKang Pharmaceuticals, Inc.","DuKang Pharmaceuticals, Inc.","DuKang Pharmaceuticals, Inc.",left_as_is,no_review_needed,No related sponsor/parent mapping identified; kept as original sponsor name.,"DuKang Pharmaceuticals, Inc.","DuKang Pharmaceuticals, Inc.",Use dashboard_sponsor_name
"DurVena, Inc.","DurVena, Inc.","DurVena, Inc.",left_as_is,no_review_needed,No related sponsor/parent mapping identified; kept as original sponsor name.,"DurVena, Inc.","DurVena, Inc.",Use dashboard_sponsor_name
"Dynocardia, Inc","Dynocardia, Inc","Dynocardia, Inc",left_as_is,no_review_needed,No related sponsor/parent mapping identified; kept as original sponsor name.,"Dynocardia, Inc","Dynocardia, Inc",Use dashboard_sponsor_name
"EBR Systems, Inc.","EBR Systems, Inc.","EBR Systems, Inc.",left_as_is,no_review_needed,No related sponsor/parent mapping identified; kept as original sponsor name.,"EBR Systems, Inc.","EBR Systems, Inc.",Use dashboard_sponsor_name
EIP Pharma Inc,EIP Pharma Inc,EIP Pharma Inc,left_as_is,no_review_needed,No related sponsor/parent mapping identified; kept as original sponsor name.,EIP Pharma Inc,EIP Pharma Inc,Use dashboard_sponsor_name
EMVision Medical Devices Ltd,EMVision Medical Devices Ltd,EMVision Medical Devices Ltd,left_as_is,no_review_needed,No related sponsor/parent mapping identified; kept as original sponsor name.,EMVision Medical Devices Ltd,EMVision Medical Devices Ltd,Use dashboard_sponsor_name
ENCell,ENCell,ENCell,left_as_is,no_review_needed,No related sponsor/parent mapping identified; kept as original sponsor name.,ENCell,ENCell,Use dashboard_sponsor_name
"EPD Solutions, A Philips Company","EPD Solutions, A Philips Company","EPD Solutions, A Philips Company",left_as_is,no_review_needed,No related sponsor/parent mapping identified; kept as original sponsor name.,"EPD Solutions, A Philips Company","EPD Solutions, A Philips Company",Use dashboard_sponsor_name
ES Therapeutics Australia Pty Ltd,ES Therapeutics Australia Pty Ltd,ES Therapeutics Australia Pty Ltd,left_as_is,no_review_needed,No related sponsor/parent mapping identified; kept as original sponsor name.,ES Therapeutics Australia Pty Ltd,ES Therapeutics Australia Pty Ltd,Use dashboard_sponsor_name
"ETS Wound Care, LLC","ETS Wound Care, LLC","ETS Wound Care, LLC",left_as_is,no_review_needed,No related sponsor/parent mapping identified; kept as original sponsor name.,"ETS Wound Care, LLC","ETS Wound Care, LLC",Use dashboard_sponsor_name
Ebru Girgin Dinc,Ebru Girgin Dinc,Ebru Girgin Dinc,left_as_is,no_review_needed,No related sponsor/parent mapping identified; kept as original sponsor name.,Ebru Girgin Dinc,Ebru Girgin Dinc,Use dashboard_sponsor_name
EchoNous Inc.,EchoNous Inc.,EchoNous Inc.,left_as_is,no_review_needed,No related sponsor/parent mapping identified; kept as original sponsor name.,EchoNous Inc.,EchoNous Inc.,Use dashboard_sponsor_name
"Edgewise Therapeutics, Inc.","Edgewise Therapeutics, Inc.","Edgewise Therapeutics, Inc.",left_as_is,no_review_needed,No related sponsor/parent mapping identified; kept as original sponsor name.,"Edgewise Therapeutics, Inc.","Edgewise Therapeutics, Inc.",Use dashboard_sponsor_name
"Eetho Brands, Inc","Eetho Brands, Inc","Eetho Brands, Inc",left_as_is,no_review_needed,No related sponsor/parent mapping identified; kept as original sponsor name.,"Eetho Brands, Inc","Eetho Brands, Inc",Use dashboard_sponsor_name
"Efemoral Medical, Inc.","Efemoral Medical, Inc.","Efemoral Medical, Inc.",left_as_is,no_review_needed,No related sponsor/parent mapping identified; kept as original sponsor name.,"Efemoral Medical, Inc.","Efemoral Medical, Inc.",Use dashboard_sponsor_name
"Eidos Therapeutics, a BridgeBio company","Eidos Therapeutics, a BridgeBio company","Eidos Therapeutics, a BridgeBio company",left_as_is,no_review_needed,No related sponsor/parent mapping identified; kept as original sponsor name.,"Eidos Therapeutics, a BridgeBio company","Eidos Therapeutics, a BridgeBio company",Use dashboard_sponsor_name
"Eisai Co., Ltd.","Eisai Co., Ltd.","Eisai Co., Ltd.",left_as_is,no_review_needed,No related sponsor/parent mapping identified; kept as original sponsor name.,"Eisai Co., Ltd.","Eisai Co., Ltd.",Use dashboard_sponsor_name
Eisai Inc.,Eisai Inc.,Eisai Inc.,left_as_is,no_review_needed,No related sponsor/parent mapping identified; kept as original sponsor name.,Eisai Inc.,Eisai Inc.,Use dashboard_sponsor_name
"Eko Devices, Inc.","Eko Devices, Inc.","Eko Devices, Inc.",left_as_is,no_review_needed,No related sponsor/parent mapping identified; kept as original sponsor name.,"Eko Devices, Inc.","Eko Devices, Inc.",Use dashboard_sponsor_name
"Element Science, Inc.","Element Science, Inc.","Element Science, Inc.",left_as_is,no_review_needed,No related sponsor/parent mapping identified; kept as original sponsor name.,"Element Science, Inc.","Element Science, Inc.",Use dashboard_sponsor_name
Elixir Medical Corporation,Elixir Medical Corporation,Elixir Medical Corporation,left_as_is,no_review_needed,No related sponsor/parent mapping identified; kept as original sponsor name.,Elixir Medical Corporation,Elixir Medical Corporation,Use dashboard_sponsor_name
"Elixirgen Therapeutics, Inc.","Elixirgen Therapeutics, Inc.","Elixirgen Therapeutics, Inc.",left_as_is,no_review_needed,No related sponsor/parent mapping identified; kept as original sponsor name.,"Elixirgen Therapeutics, Inc.","Elixirgen Therapeutics, Inc.",Use dashboard_sponsor_name
Elizabeth Pfoh,Elizabeth Pfoh,Elizabeth Pfoh,left_as_is,no_review_needed,No related sponsor/parent mapping identified; kept as original sponsor name.,Elizabeth Pfoh,Elizabeth Pfoh,Use dashboard_sponsor_name
Elpen Pharmaceutical Co. Inc.,Elpen Pharmaceutical Co. Inc.,Elpen Pharmaceutical Co. Inc.,left_as_is,no_review_needed,No related sponsor/parent mapping identified; kept as original sponsor name.,Elpen Pharmaceutical Co. Inc.,Elpen Pharmaceutical Co. Inc.,Use dashboard_sponsor_name
Elucid Bioimaging Inc.,Elucid Bioimaging Inc.,Elucid Bioimaging Inc.,left_as_is,no_review_needed,No related sponsor/parent mapping identified; kept as original sponsor name.,Elucid Bioimaging Inc.,Elucid Bioimaging Inc.,Use dashboard_sponsor_name
Eluciderm Inc,Eluciderm Inc,Eluciderm Inc,left_as_is,no_review_needed,No related sponsor/parent mapping identified; kept as original sponsor name.,Eluciderm Inc,Eluciderm Inc,Use dashboard_sponsor_name
Elutia Inc.,Elutia Inc.,Elutia Inc.,left_as_is,no_review_needed,No related sponsor/parent mapping identified; kept as original sponsor name.,Elutia Inc.,Elutia Inc.,Use dashboard_sponsor_name
EmStop Inc,EmStop Inc,EmStop Inc,left_as_is,no_review_needed,No related sponsor/parent mapping identified; kept as original sponsor name.,EmStop Inc,EmStop Inc,Use dashboard_sponsor_name
"Emblok, Inc.","Emblok, Inc.","Emblok, Inc.",left_as_is,no_review_needed,No related sponsor/parent mapping identified; kept as original sponsor name.,"Emblok, Inc.","Emblok, Inc.",Use dashboard_sponsor_name
"Emergency Medical Service, Prague","Emergency Medical Service, Prague","Emergency Medical Service, Prague",left_as_is,no_review_needed,No related sponsor/parent mapping identified; kept as original sponsor name.,"Emergency Medical Service, Prague","Emergency Medical Service, Prague",Use dashboard_sponsor_name
"EnCompass Technologies, Inc.","EnCompass Technologies, Inc.","EnCompass Technologies, Inc.",left_as_is,no_review_needed,No related sponsor/parent mapping identified; kept as original sponsor name.,"EnCompass Technologies, Inc.","EnCompass Technologies, Inc.",Use dashboard_sponsor_name
"Enanta Pharmaceuticals, Inc","Enanta Pharmaceuticals, Inc","Enanta Pharmaceuticals, Inc",left_as_is,no_review_needed,No related sponsor/parent mapping identified; kept as original sponsor name.,"Enanta Pharmaceuticals, Inc","Enanta Pharmaceuticals, Inc",Use dashboard_sponsor_name
Encoll Corp,Encoll Corp,Encoll Corp,left_as_is,no_review_needed,No related sponsor/parent mapping identified; kept as original sponsor name.,Encoll Corp,Encoll Corp,Use dashboard_sponsor_name
Encore Medical Inc.,Encore Medical Inc.,Encore Medical Inc.,left_as_is,no_review_needed,No related sponsor/parent mapping identified; kept as original sponsor name.,Encore Medical Inc.,Encore Medical Inc.,Use dashboard_sponsor_name
EndoCore Lab s.r.l.,EndoCore Lab s.r.l.,EndoCore Lab s.r.l.,left_as_is,no_review_needed,No related sponsor/parent mapping identified; kept as original sponsor name.,EndoCore Lab s.r.l.,EndoCore Lab s.r.l.,Use dashboard_sponsor_name
Endomatic Ltd.,Endomatic Ltd.,Endomatic Ltd.,left_as_is,no_review_needed,No related sponsor/parent mapping identified; kept as original sponsor name.,Endomatic Ltd.,Endomatic Ltd.,Use dashboard_sponsor_name
Endospan Ltd.,Endospan Ltd.,Endospan Ltd.,left_as_is,no_review_needed,No related sponsor/parent mapping identified; kept as original sponsor name.,Endospan Ltd.,Endospan Ltd.,Use dashboard_sponsor_name
"Endotronix, Inc.","Endotronix, Inc.","Endotronix, Inc.",left_as_is,no_review_needed,No related sponsor/parent mapping identified; kept as original sponsor name.,"Endotronix, Inc.","Endotronix, Inc.",Use dashboard_sponsor_name
"Energenesis Biomedical Co., Ltd.","Energenesis Biomedical Co., Ltd.","Energenesis Biomedical Co., Ltd.",left_as_is,no_review_needed,No related sponsor/parent mapping identified; kept as original sponsor name.,"Energenesis Biomedical Co., Ltd.","Energenesis Biomedical Co., Ltd.",Use dashboard_sponsor_name
Engelhard Arzneimittel GmbH & Co.KG,Engelhard Arzneimittel GmbH & Co.KG,Engelhard Arzneimittel GmbH & Co.KG,left_as_is,no_review_needed,No related sponsor/parent mapping identified; kept as original sponsor name.,Engelhard Arzneimittel GmbH & Co.KG,Engelhard Arzneimittel GmbH & Co.KG,Use dashboard_sponsor_name
Enhanced Emirates Limited,Enhanced Emirates Limited,Enhanced Emirates Limited,left_as_is,no_review_needed,No related sponsor/parent mapping identified; kept as original sponsor name.,Enhanced Emirates Limited,Enhanced Emirates Limited,Use dashboard_sponsor_name
"Enlight Medical Technologies (Shanghai) Co., Ltd","Enlight Medical Technologies  Co., Ltd","Enlight Medical Technologies  Co., Ltd",left_as_is,no_review_needed,No related sponsor/parent mapping identified; kept as original sponsor name.,"Enlight Medical Technologies  Co., Ltd","Enlight Medical Technologies  Co., Ltd",Use dashboard_sponsor_name
Enliven Therapeutics,Enliven Therapeutics,Enliven Therapeutics,left_as_is,no_review_needed,No related sponsor/parent mapping identified; kept as original sponsor name.,Enliven Therapeutics,Enliven Therapeutics,Use dashboard_sponsor_name
EnnovaBio Australia Pharmaceuticals Pty Ltd,EnnovaBio Australia Pharmaceuticals Pty Ltd,EnnovaBio Australia Pharmaceuticals Pty Ltd,left_as_is,no_review_needed,No related sponsor/parent mapping identified; kept as original sponsor name.,EnnovaBio Australia Pharmaceuticals Pty Ltd,EnnovaBio Australia Pharmaceuticals Pty Ltd,Use dashboard_sponsor_name
"Enrollme.ru, LLC","Enrollme.ru, LLC","Enrollme.ru, LLC",left_as_is,no_review_needed,No related sponsor/parent mapping identified; kept as original sponsor name.,"Enrollme.ru, LLC","Enrollme.ru, LLC",Use dashboard_sponsor_name
Ensho Health Intelligent Systems Inc.,Ensho Health Intelligent Systems Inc.,Ensho Health Intelligent Systems Inc.,left_as_is,no_review_needed,No related sponsor/parent mapping identified; kept as original sponsor name.,Ensho Health Intelligent Systems Inc.,Ensho Health Intelligent Systems Inc.,Use dashboard_sponsor_name
"Enspire DBS Therapy, Inc.","Enspire DBS Therapy, Inc.","Enspire DBS Therapy, Inc.",left_as_is,no_review_needed,No related sponsor/parent mapping identified; kept as original sponsor name.,"Enspire DBS Therapy, Inc.","Enspire DBS Therapy, Inc.",Use dashboard_sponsor_name
"Environment and Health Group, Inc.","Environment and Health Group, Inc.","Environment and Health Group, Inc.",left_as_is,no_review_needed,No related sponsor/parent mapping identified; kept as original sponsor name.,"Environment and Health Group, Inc.","Environment and Health Group, Inc.",Use dashboard_sponsor_name
Environmental Protection Agency (EPA),Environmental Protection Agency ,Environmental Protection Agency ,left_as_is,no_review_needed,No related sponsor/parent mapping identified; kept as original sponsor name.,Environmental Protection Agency ,Environmental Protection Agency ,Use dashboard_sponsor_name
"Epizon Pharma, Inc.","Epizon Pharma, Inc.","Epizon Pharma, Inc.",left_as_is,no_review_needed,No related sponsor/parent mapping identified; kept as original sponsor name.,"Epizon Pharma, Inc.","Epizon Pharma, Inc.",Use dashboard_sponsor_name
"Epizyme, Inc.","Epizyme, Inc.","Epizyme, Inc.",left_as_is,no_review_needed,No related sponsor/parent mapping identified; kept as original sponsor name.,"Epizyme, Inc.","Epizyme, Inc.",Use dashboard_sponsor_name
"Erasca, Inc.","Erasca, Inc.","Erasca, Inc.",left_as_is,no_review_needed,No related sponsor/parent mapping identified; kept as original sponsor name.,"Erasca, Inc.","Erasca, Inc.",Use dashboard_sponsor_name
Erika Carmel ltd,Erika Carmel ltd,Erika Carmel ltd,left_as_is,no_review_needed,No related sponsor/parent mapping identified; kept as original sponsor name.,Erika Carmel ltd,Erika Carmel ltd,Use dashboard_sponsor_name
Escola Superior de Enfermagem de Coimbra,Escola Superior de Enfermagem de Coimbra,Escola Superior de Enfermagem de Coimbra,left_as_is,no_review_needed,No related sponsor/parent mapping identified; kept as original sponsor name.,Escola Superior de Enfermagem de Coimbra,Escola Superior de Enfermagem de Coimbra,Use dashboard_sponsor_name
Essen Biotech,Essen Biotech,Essen Biotech,left_as_is,no_review_needed,No related sponsor/parent mapping identified; kept as original sponsor name.,Essen Biotech,Essen Biotech,Use dashboard_sponsor_name
"Estar Medical dba Medical Technologies, LTD","Estar Medical dba Medical Technologies, LTD","Estar Medical dba Medical Technologies, LTD",left_as_is,no_review_needed,No related sponsor/parent mapping identified; kept as original sponsor name.,"Estar Medical dba Medical Technologies, LTD","Estar Medical dba Medical Technologies, LTD",Use dashboard_sponsor_name
"Euphrates Vascular, Inc.","Euphrates Vascular, Inc.","Euphrates Vascular, Inc.",left_as_is,no_review_needed,No related sponsor/parent mapping identified; kept as original sponsor name.,"Euphrates Vascular, Inc.","Euphrates Vascular, Inc.",Use dashboard_sponsor_name
Eurofarma Laboratorios S.A.,Eurofarma Laboratorios S.A.,Eurofarma Laboratorios S.A.,left_as_is,no_review_needed,No related sponsor/parent mapping identified; kept as original sponsor name.,Eurofarma Laboratorios S.A.,Eurofarma Laboratorios S.A.,Use dashboard_sponsor_name
European Myeloma Network B.V.,European Myeloma Network B.V.,European Myeloma Network B.V.,left_as_is,no_review_needed,No related sponsor/parent mapping identified; kept as original sponsor name.,European Myeloma Network B.V.,European Myeloma Network B.V.,Use dashboard_sponsor_name
Eva Intagliata,Eva Intagliata,Eva Intagliata,left_as_is,no_review_needed,No related sponsor/parent mapping identified; kept as original sponsor name.,Eva Intagliata,Eva Intagliata,Use dashboard_sponsor_name
Evasc Medical Systems Corp.,Evasc Medical Systems Corp.,Evasc Medical Systems Corp.,left_as_is,no_review_needed,No related sponsor/parent mapping identified; kept as original sponsor name.,Evasc Medical Systems Corp.,Evasc Medical Systems Corp.,Use dashboard_sponsor_name
"Evelo Biosciences, Inc.","Evelo Biosciences, Inc.","Evelo Biosciences, Inc.",left_as_is,no_review_needed,No related sponsor/parent mapping identified; kept as original sponsor name.,"Evelo Biosciences, Inc.","Evelo Biosciences, Inc.",Use dashboard_sponsor_name
Ever Neuro Pharma GmbH,Ever Neuro Pharma GmbH,Ever Neuro Pharma GmbH,left_as_is,no_review_needed,No related sponsor/parent mapping identified; kept as original sponsor name.,Ever Neuro Pharma GmbH,Ever Neuro Pharma GmbH,Use dashboard_sponsor_name
"Ever Supreme Bio Technology Co., Ltd.","Ever Supreme Bio Technology Co., Ltd.","Ever Supreme Bio Technology Co., Ltd.",left_as_is,no_review_needed,No related sponsor/parent mapping identified; kept as original sponsor name.,"Ever Supreme Bio Technology Co., Ltd.","Ever Supreme Bio Technology Co., Ltd.",Use dashboard_sponsor_name
"Evergreen Therapeutics, Inc.","Evergreen Therapeutics, Inc.","Evergreen Therapeutics, Inc.",left_as_is,no_review_needed,No related sponsor/parent mapping identified; kept as original sponsor name.,"Evergreen Therapeutics, Inc.","Evergreen Therapeutics, Inc.",Use dashboard_sponsor_name
Exciton Technologies Inc.,Exciton Technologies Inc.,Exciton Technologies Inc.,left_as_is,no_review_needed,No related sponsor/parent mapping identified; kept as original sponsor name.,Exciton Technologies Inc.,Exciton Technologies Inc.,Use dashboard_sponsor_name
Excyte Biopharma Ltd,Excyte Biopharma Ltd,Excyte Biopharma Ltd,left_as_is,no_review_needed,No related sponsor/parent mapping identified; kept as original sponsor name.,Excyte Biopharma Ltd,Excyte Biopharma Ltd,Use dashboard_sponsor_name
Exerkine Corporation,Exerkine Corporation,Exerkine Corporation,left_as_is,no_review_needed,No related sponsor/parent mapping identified; kept as original sponsor name.,Exerkine Corporation,Exerkine Corporation,Use dashboard_sponsor_name
Exoneural Network AB,Exoneural Network AB,Exoneural Network AB,left_as_is,no_review_needed,No related sponsor/parent mapping identified; kept as original sponsor name.,Exoneural Network AB,Exoneural Network AB,Use dashboard_sponsor_name
"Expedition Therapeutics, Inc","Expedition Therapeutics, Inc","Expedition Therapeutics, Inc",left_as_is,no_review_needed,No related sponsor/parent mapping identified; kept as original sponsor name.,"Expedition Therapeutics, Inc","Expedition Therapeutics, Inc",Use dashboard_sponsor_name
"Exscientia AI Ltd., a wholly owned subsidiary of Recursion Pharmaceuticals, Inc.",Exscientia AI Ltd.,"Recursion Pharmaceuticals, Inc.",left_as_is,no_review_needed,No related sponsor/parent mapping identified; kept as original sponsor name.,Exscientia AI Ltd.,"Recursion Pharmaceuticals, Inc.",Use dashboard_sponsor_name
EyeBiotech Ltd.,EyeBiotech Ltd.,EyeBiotech Ltd.,left_as_is,no_review_needed,No related sponsor/parent mapping identified; kept as original sponsor name.,EyeBiotech Ltd.,EyeBiotech Ltd.,Use dashboard_sponsor_name
"Eyenuk, Inc.","Eyenuk, Inc.","Eyenuk, Inc.",left_as_is,no_review_needed,No related sponsor/parent mapping identified; kept as original sponsor name.,"Eyenuk, Inc.","Eyenuk, Inc.",Use dashboard_sponsor_name
FIZE Medical ltd,FIZE Medical ltd,FIZE Medical ltd,left_as_is,no_review_needed,No related sponsor/parent mapping identified; kept as original sponsor name.,FIZE Medical ltd,FIZE Medical ltd,Use dashboard_sponsor_name
"Faes Farma, S.A.","Faes Farma, S.A.","Faes Farma, S.A.",left_as_is,no_review_needed,No related sponsor/parent mapping identified; kept as original sponsor name.,"Faes Farma, S.A.","Faes Farma, S.A.",Use dashboard_sponsor_name
"Faraday Pharmaceuticals, Inc.","Faraday Pharmaceuticals, Inc.","Faraday Pharmaceuticals, Inc.",left_as_is,no_review_needed,No related sponsor/parent mapping identified; kept as original sponsor name.,"Faraday Pharmaceuticals, Inc.","Faraday Pharmaceuticals, Inc.",Use dashboard_sponsor_name
Fate Therapeutics,Fate Therapeutics,Fate Therapeutics,left_as_is,no_review_needed,No related sponsor/parent mapping identified; kept as original sponsor name.,Fate Therapeutics,Fate Therapeutics,Use dashboard_sponsor_name
Feeltect Limited,Feeltect Limited,Feeltect Limited,left_as_is,no_review_needed,No related sponsor/parent mapping identified; kept as original sponsor name.,Feeltect Limited,Feeltect Limited,Use dashboard_sponsor_name
"Feldman Cardiology, PLLC","Feldman Cardiology, PLLC","Feldman Cardiology, PLLC",left_as_is,no_review_needed,No related sponsor/parent mapping identified; kept as original sponsor name.,"Feldman Cardiology, PLLC","Feldman Cardiology, PLLC",Use dashboard_sponsor_name
Ferrer Internacional S.A.,Ferrer Internacional S.A.,Ferrer Internacional S.A.,left_as_is,no_review_needed,No related sponsor/parent mapping identified; kept as original sponsor name.,Ferrer Internacional S.A.,Ferrer Internacional S.A.,Use dashboard_sponsor_name
Ferring Pharmaceuticals,Ferring Pharmaceuticals,Ferring Pharmaceuticals,left_as_is,no_review_needed,No related sponsor/parent mapping identified; kept as original sponsor name.,Ferring Pharmaceuticals,Ferring Pharmaceuticals,Use dashboard_sponsor_name
FibroBiologics,FibroBiologics,FibroBiologics,left_as_is,no_review_needed,No related sponsor/parent mapping identified; kept as original sponsor name.,FibroBiologics,FibroBiologics,Use dashboard_sponsor_name
Firstkind Ltd,Firstkind Ltd,Firstkind Ltd,left_as_is,no_review_needed,No related sponsor/parent mapping identified; kept as original sponsor name.,Firstkind Ltd,Firstkind Ltd,Use dashboard_sponsor_name
Fitbit LLC,Fitbit LLC,Fitbit LLC,left_as_is,no_review_needed,No related sponsor/parent mapping identified; kept as original sponsor name.,Fitbit LLC,Fitbit LLC,Use dashboard_sponsor_name
"Flint Rehabilitation Devices, LLC","Flint Rehabilitation Devices, LLC","Flint Rehabilitation Devices, LLC",left_as_is,no_review_needed,No related sponsor/parent mapping identified; kept as original sponsor name.,"Flint Rehabilitation Devices, LLC","Flint Rehabilitation Devices, LLC",Use dashboard_sponsor_name
"Flow Medical Solutions, Inc.","Flow Medical Solutions, Inc.","Flow Medical Solutions, Inc.",left_as_is,no_review_needed,No related sponsor/parent mapping identified; kept as original sponsor name.,"Flow Medical Solutions, Inc.","Flow Medical Solutions, Inc.",Use dashboard_sponsor_name
"Fluidx Medical Technology, Inc.","Fluidx Medical Technology, Inc.","Fluidx Medical Technology, Inc.",left_as_is,no_review_needed,No related sponsor/parent mapping identified; kept as original sponsor name.,"Fluidx Medical Technology, Inc.","Fluidx Medical Technology, Inc.",Use dashboard_sponsor_name
"Foldax, Inc","Foldax, Inc","Foldax, Inc",left_as_is,no_review_needed,No related sponsor/parent mapping identified; kept as original sponsor name.,"Foldax, Inc","Foldax, Inc",Use dashboard_sponsor_name
Fondation Francophone pour la Recherche sur le Diabete,Fondation Francophone pour la Recherche sur le Diabete,Fondation Francophone pour la Recherche sur le Diabete,left_as_is,no_review_needed,No related sponsor/parent mapping identified; kept as original sponsor name.,Fondation Francophone pour la Recherche sur le Diabete,Fondation Francophone pour la Recherche sur le Diabete,Use dashboard_sponsor_name
Fondazione Toscana Gabriele Monasterio,Fondazione Toscana Gabriele Monasterio,Fondazione Toscana Gabriele Monasterio,left_as_is,no_review_needed,No related sponsor/parent mapping identified; kept as original sponsor name.,Fondazione Toscana Gabriele Monasterio,Fondazione Toscana Gabriele Monasterio,Use dashboard_sponsor_name
"ForQaly Medical (Shanghai) Co., Ltd","ForQaly Medical  Co., Ltd","ForQaly Medical  Co., Ltd",left_as_is,no_review_needed,No related sponsor/parent mapping identified; kept as original sponsor name.,"ForQaly Medical  Co., Ltd","ForQaly Medical  Co., Ltd",Use dashboard_sponsor_name
Formycon AG,Formycon AG,Formycon AG,left_as_is,no_review_needed,No related sponsor/parent mapping identified; kept as original sponsor name.,Formycon AG,Formycon AG,Use dashboard_sponsor_name
Fortvita Biologics (USA)Inc.,Fortvita Biologics Inc.,Fortvita Biologics Inc.,left_as_is,no_review_needed,No related sponsor/parent mapping identified; kept as original sponsor name.,Fortvita Biologics Inc.,Fortvita Biologics Inc.,Use dashboard_sponsor_name
"Foundry Innovation & Research 1, Limited (FIRE1)","Foundry Innovation & Research 1, Limited ","Foundry Innovation & Research 1, Limited ",left_as_is,no_review_needed,No related sponsor/parent mapping identified; kept as original sponsor name.,"Foundry Innovation & Research 1, Limited ","Foundry Innovation & Research 1, Limited ",Use dashboard_sponsor_name
Fourth Frontier Technologies Pvt Ltd.,Fourth Frontier Technologies Pvt Ltd.,Fourth Frontier Technologies Pvt Ltd.,left_as_is,no_review_needed,No related sponsor/parent mapping identified; kept as original sponsor name.,Fourth Frontier Technologies Pvt Ltd.,Fourth Frontier Technologies Pvt Ltd.,Use dashboard_sponsor_name
Fractyl Health Inc.,Fractyl Health Inc.,Fractyl Health Inc.,left_as_is,no_review_needed,No related sponsor/parent mapping identified; kept as original sponsor name.,Fractyl Health Inc.,Fractyl Health Inc.,Use dashboard_sponsor_name
Fresenius Medical Care Deutschland GmbH,Fresenius Medical Care Deutschland GmbH,Fresenius Medical Care Deutschland GmbH,left_as_is,no_review_needed,No related sponsor/parent mapping identified; kept as original sponsor name.,Fresenius Medical Care Deutschland GmbH,Fresenius Medical Care Deutschland GmbH,Use dashboard_sponsor_name
Frisch Medical Device Private Limited,Frisch Medical Device Private Limited,Frisch Medical Device Private Limited,left_as_is,no_review_needed,No related sponsor/parent mapping identified; kept as original sponsor name.,Frisch Medical Device Private Limited,Frisch Medical Device Private Limited,Use dashboard_sponsor_name
"FrontAce Scientific Co., Ltd","FrontAce Scientific Co., Ltd","FrontAce Scientific Co., Ltd",left_as_is,no_review_needed,No related sponsor/parent mapping identified; kept as original sponsor name.,"FrontAce Scientific Co., Ltd","FrontAce Scientific Co., Ltd",Use dashboard_sponsor_name
Frontier Biotechnologies Inc.,Frontier Biotechnologies Inc.,Frontier Biotechnologies Inc.,left_as_is,no_review_needed,No related sponsor/parent mapping identified; kept as original sponsor name.,Frontier Biotechnologies Inc.,Frontier Biotechnologies Inc.,Use dashboard_sponsor_name
Fuji Systems Corporation,Fuji Systems Corporation,Fuji Systems Corporation,left_as_is,no_review_needed,No related sponsor/parent mapping identified; kept as original sponsor name.,Fuji Systems Corporation,Fuji Systems Corporation,Use dashboard_sponsor_name
"Fujian Shengdi Pharmaceutical Co., Ltd.","Fujian Shengdi Pharmaceutical Co., Ltd.","Fujian Shengdi Pharmaceutical Co., Ltd.",left_as_is,no_review_needed,No related sponsor/parent mapping identified; kept as original sponsor name.,"Fujian Shengdi Pharmaceutical Co., Ltd.","Fujian Shengdi Pharmaceutical Co., Ltd.",Use dashboard_sponsor_name
Fulcrum Therapeutics,Fulcrum Therapeutics,Fulcrum Therapeutics,left_as_is,no_review_needed,No related sponsor/parent mapping identified; kept as original sponsor name.,Fulcrum Therapeutics,Fulcrum Therapeutics,Use dashboard_sponsor_name
Fundación Pública Andaluza para la Investigación de Málaga en Biomedicina y Salud,Fundación Pública Andaluza para la Investigación de Málaga en Biomedicina y Salud,Fundación Pública Andaluza para la Investigación de Málaga en Biomedicina y Salud,left_as_is,no_review_needed,No related sponsor/parent mapping identified; kept as original sponsor name.,Fundación Pública Andaluza para la Investigación de Málaga en Biomedicina y Salud,Fundación Pública Andaluza para la Investigación de Málaga en Biomedicina y Salud,Use dashboard_sponsor_name
"Future Cardia, Inc","Future Cardia, Inc","Future Cardia, Inc",left_as_is,no_review_needed,No related sponsor/parent mapping identified; kept as original sponsor name.,"Future Cardia, Inc","Future Cardia, Inc",Use dashboard_sponsor_name
"Fuzhou Neurodawn Rongkang Pharmaceutical Co., Ltd","Fuzhou Neurodawn Rongkang Pharmaceutical Co., Ltd","Fuzhou Neurodawn Rongkang Pharmaceutical Co., Ltd",left_as_is,no_review_needed,No related sponsor/parent mapping identified; kept as original sponsor name.,"Fuzhou Neurodawn Rongkang Pharmaceutical Co., Ltd","Fuzhou Neurodawn Rongkang Pharmaceutical Co., Ltd",Use dashboard_sponsor_name
"G1 Therapeutics, Inc.","G1 Therapeutics, Inc.","G1 Therapeutics, Inc.",left_as_is,no_review_needed,No related sponsor/parent mapping identified; kept as original sponsor name.,"G1 Therapeutics, Inc.","G1 Therapeutics, Inc.",Use dashboard_sponsor_name
"GB002, Inc.","GB002, Inc.","GB002, Inc.",left_as_is,no_review_needed,No related sponsor/parent mapping identified; kept as original sponsor name.,"GB002, Inc.","GB002, Inc.",Use dashboard_sponsor_name
GC Biopharma Corp,GC Biopharma Corp,GC Biopharma Corp,left_as_is,no_review_needed,No related sponsor/parent mapping identified; kept as original sponsor name.,GC Biopharma Corp,GC Biopharma Corp,Use dashboard_sponsor_name
"GI Cell, Inc.","GI Cell, Inc.","GI Cell, Inc.",left_as_is,no_review_needed,No related sponsor/parent mapping identified; kept as original sponsor name.,"GI Cell, Inc.","GI Cell, Inc.",Use dashboard_sponsor_name
GLYCAR SA (Pty) Ltd,GLYCAR SA  Ltd,GLYCAR SA  Ltd,left_as_is,no_review_needed,No related sponsor/parent mapping identified; kept as original sponsor name.,GLYCAR SA  Ltd,GLYCAR SA  Ltd,Use dashboard_sponsor_name
GNT Pharma,GNT Pharma,GNT Pharma,left_as_is,no_review_needed,No related sponsor/parent mapping identified; kept as original sponsor name.,GNT Pharma,GNT Pharma,Use dashboard_sponsor_name
GO fit Lab- Ingesport,GO fit Lab- Ingesport,GO fit Lab- Ingesport,left_as_is,no_review_needed,No related sponsor/parent mapping identified; kept as original sponsor name.,GO fit Lab- Ingesport,GO fit Lab- Ingesport,Use dashboard_sponsor_name
"GPCR Therapeutics, Inc.","GPCR Therapeutics, Inc.","GPCR Therapeutics, Inc.",left_as_is,no_review_needed,No related sponsor/parent mapping identified; kept as original sponsor name.,"GPCR Therapeutics, Inc.","GPCR Therapeutics, Inc.",Use dashboard_sponsor_name
Gabi SmartCare,Gabi SmartCare,Gabi SmartCare,left_as_is,no_review_needed,No related sponsor/parent mapping identified; kept as original sponsor name.,Gabi SmartCare,Gabi SmartCare,Use dashboard_sponsor_name
Gabriel Riva,Gabriel Riva,Gabriel Riva,left_as_is,no_review_needed,No related sponsor/parent mapping identified; kept as original sponsor name.,Gabriel Riva,Gabriel Riva,Use dashboard_sponsor_name
Gadeta B.V.,Gadeta B.V.,Gadeta B.V.,left_as_is,no_review_needed,No related sponsor/parent mapping identified; kept as original sponsor name.,Gadeta B.V.,Gadeta B.V.,Use dashboard_sponsor_name
Gaia AG,Gaia AG,Gaia AG,left_as_is,no_review_needed,No related sponsor/parent mapping identified; kept as original sponsor name.,Gaia AG,Gaia AG,Use dashboard_sponsor_name
"Galaxy Medical, Inc.","Galaxy Medical, Inc.","Galaxy Medical, Inc.",left_as_is,no_review_needed,No related sponsor/parent mapping identified; kept as original sponsor name.,"Galaxy Medical, Inc.","Galaxy Medical, Inc.",Use dashboard_sponsor_name
Galaxy Therapeutics INC,Galaxy Therapeutics INC,Galaxy Therapeutics INC,left_as_is,no_review_needed,No related sponsor/parent mapping identified; kept as original sponsor name.,Galaxy Therapeutics INC,Galaxy Therapeutics INC,Use dashboard_sponsor_name
Galectin Therapeutics Inc.,Galectin Therapeutics Inc.,Galectin Therapeutics Inc.,left_as_is,no_review_needed,No related sponsor/parent mapping identified; kept as original sponsor name.,Galectin Therapeutics Inc.,Galectin Therapeutics Inc.,Use dashboard_sponsor_name
"Gan and Lee Pharmaceuticals, USA","Gan and Lee Pharmaceuticals, USA","Gan and Lee Pharmaceuticals, USA",left_as_is,no_review_needed,No related sponsor/parent mapping identified; kept as original sponsor name.,"Gan and Lee Pharmaceuticals, USA","Gan and Lee Pharmaceuticals, USA",Use dashboard_sponsor_name
"Ganzhou Hemay Pharmaceutical Co., Ltd","Ganzhou Hemay Pharmaceutical Co., Ltd","Ganzhou Hemay Pharmaceutical Co., Ltd",left_as_is,no_review_needed,No related sponsor/parent mapping identified; kept as original sponsor name.,"Ganzhou Hemay Pharmaceutical Co., Ltd","Ganzhou Hemay Pharmaceutical Co., Ltd",Use dashboard_sponsor_name
Gedeon Richter Plc.,Gedeon Richter Plc.,Gedeon Richter Plc.,left_as_is,no_review_needed,No related sponsor/parent mapping identified; kept as original sponsor name.,Gedeon Richter Plc.,Gedeon Richter Plc.,Use dashboard_sponsor_name
Genesis Medtech Corporation,Genesis Medtech Corporation,Genesis Medtech Corporation,left_as_is,no_review_needed,No related sponsor/parent mapping identified; kept as original sponsor name.,Genesis Medtech Corporation,Genesis Medtech Corporation,Use dashboard_sponsor_name
Genetesis Inc.,Genetesis Inc.,Genetesis Inc.,left_as_is,no_review_needed,No related sponsor/parent mapping identified; kept as original sponsor name.,Genetesis Inc.,Genetesis Inc.,Use dashboard_sponsor_name
Genmab,Genmab,Genmab,left_as_is,no_review_needed,No related sponsor/parent mapping identified; kept as original sponsor name.,Genmab,Genmab,Use dashboard_sponsor_name
Genomics PLC,Genomics PLC,Genomics PLC,left_as_is,no_review_needed,No related sponsor/parent mapping identified; kept as original sponsor name.,Genomics PLC,Genomics PLC,Use dashboard_sponsor_name
"Genoss Co., Ltd.","Genoss Co., Ltd.","Genoss Co., Ltd.",left_as_is,no_review_needed,No related sponsor/parent mapping identified; kept as original sponsor name.,"Genoss Co., Ltd.","Genoss Co., Ltd.",Use dashboard_sponsor_name
Genova Inc.,Genova Inc.,Genova Inc.,left_as_is,no_review_needed,No related sponsor/parent mapping identified; kept as original sponsor name.,Genova Inc.,Genova Inc.,Use dashboard_sponsor_name
"Genovate Biotechnology Co., Ltd.,","Genovate Biotechnology Co., Ltd.,","Genovate Biotechnology Co., Ltd.,",left_as_is,no_review_needed,No related sponsor/parent mapping identified; kept as original sponsor name.,"Genovate Biotechnology Co., Ltd.,","Genovate Biotechnology Co., Ltd.,",Use dashboard_sponsor_name
"Genrix (Shanghai) Biopharmaceutical Co., Ltd.","Genrix  Biopharmaceutical Co., Ltd.","Genrix  Biopharmaceutical Co., Ltd.",left_as_is,no_review_needed,No related sponsor/parent mapping identified; kept as original sponsor name.,"Genrix  Biopharmaceutical Co., Ltd.","Genrix  Biopharmaceutical Co., Ltd.",Use dashboard_sponsor_name
"Gentuity, LLC","Gentuity, LLC","Gentuity, LLC",left_as_is,no_review_needed,No related sponsor/parent mapping identified; kept as original sponsor name.,"Gentuity, LLC","Gentuity, LLC",Use dashboard_sponsor_name
"GeoVax, Inc.","GeoVax, Inc.","GeoVax, Inc.",left_as_is,no_review_needed,No related sponsor/parent mapping identified; kept as original sponsor name.,"GeoVax, Inc.","GeoVax, Inc.",Use dashboard_sponsor_name
George Medicines PTY Limited,George Medicines PTY Limited,George Medicines PTY Limited,left_as_is,no_review_needed,No related sponsor/parent mapping identified; kept as original sponsor name.,George Medicines PTY Limited,George Medicines PTY Limited,Use dashboard_sponsor_name
German Diabetes Center,German Diabetes Center,German Diabetes Center,left_as_is,no_review_needed,No related sponsor/parent mapping identified; kept as original sponsor name.,German Diabetes Center,German Diabetes Center,Use dashboard_sponsor_name
Geroscience Center for Brain Health and Metabolism (Gero),Geroscience Center for Brain Health and Metabolism ,Geroscience Center for Brain Health and Metabolism ,left_as_is,no_review_needed,No related sponsor/parent mapping identified; kept as original sponsor name.,Geroscience Center for Brain Health and Metabolism ,Geroscience Center for Brain Health and Metabolism ,Use dashboard_sponsor_name
Gesynta Pharma AB,Gesynta Pharma AB,Gesynta Pharma AB,left_as_is,no_review_needed,No related sponsor/parent mapping identified; kept as original sponsor name.,Gesynta Pharma AB,Gesynta Pharma AB,Use dashboard_sponsor_name
Getz Pharma,Getz Pharma,Getz Pharma,left_as_is,no_review_needed,No related sponsor/parent mapping identified; kept as original sponsor name.,Getz Pharma,Getz Pharma,Use dashboard_sponsor_name
"Glycomine, Inc.","Glycomine, Inc.","Glycomine, Inc.",left_as_is,no_review_needed,No related sponsor/parent mapping identified; kept as original sponsor name.,"Glycomine, Inc.","Glycomine, Inc.",Use dashboard_sponsor_name
Grace Therapeutics Inc.,Grace Therapeutics Inc.,Grace Therapeutics Inc.,left_as_is,no_review_needed,No related sponsor/parent mapping identified; kept as original sponsor name.,Grace Therapeutics Inc.,Grace Therapeutics Inc.,Use dashboard_sponsor_name
"Gracell Biotechnologies (Shanghai) Co., Ltd.","Gracell Biotechnologies  Co., Ltd.","Gracell Biotechnologies  Co., Ltd.",left_as_is,no_review_needed,No related sponsor/parent mapping identified; kept as original sponsor name.,"Gracell Biotechnologies  Co., Ltd.","Gracell Biotechnologies  Co., Ltd.",Use dashboard_sponsor_name
"GrandPharma (China) Co., Ltd.","GrandPharma  Co., Ltd.","GrandPharma  Co., Ltd.",left_as_is,no_review_needed,No related sponsor/parent mapping identified; kept as original sponsor name.,"GrandPharma  Co., Ltd.","GrandPharma  Co., Ltd.",Use dashboard_sponsor_name
"Gravity Medical Technology, INC","Gravity Medical Technology, INC","Gravity Medical Technology, INC",left_as_is,no_review_needed,No related sponsor/parent mapping identified; kept as original sponsor name.,"Gravity Medical Technology, INC","Gravity Medical Technology, INC",Use dashboard_sponsor_name
Green Cross Corporation,Green Cross Corporation,Green Cross Corporation,left_as_is,no_review_needed,No related sponsor/parent mapping identified; kept as original sponsor name.,Green Cross Corporation,Green Cross Corporation,Use dashboard_sponsor_name
Grektek Inc.,Grektek Inc.,Grektek Inc.,left_as_is,no_review_needed,No related sponsor/parent mapping identified; kept as original sponsor name.,Grektek Inc.,Grektek Inc.,Use dashboard_sponsor_name
Grena Biomed Limited,Grena Biomed Limited,Grena Biomed Limited,left_as_is,no_review_needed,No related sponsor/parent mapping identified; kept as original sponsor name.,Grena Biomed Limited,Grena Biomed Limited,Use dashboard_sponsor_name
"Grifols Biologicals, LLC","Grifols Biologicals, LLC","Grifols Biologicals, LLC",left_as_is,no_review_needed,No related sponsor/parent mapping identified; kept as original sponsor name.,"Grifols Biologicals, LLC","Grifols Biologicals, LLC",Use dashboard_sponsor_name
Grit Biotechnology,Grit Biotechnology,Grit Biotechnology,left_as_is,no_review_needed,No related sponsor/parent mapping identified; kept as original sponsor name.,Grit Biotechnology,Grit Biotechnology,Use dashboard_sponsor_name
Groupe Hospitalier de la Rochelle Ré Aunis,Groupe Hospitalier de la Rochelle Ré Aunis,Groupe Hospitalier de la Rochelle Ré Aunis,left_as_is,no_review_needed,No related sponsor/parent mapping identified; kept as original sponsor name.,Groupe Hospitalier de la Rochelle Ré Aunis,Groupe Hospitalier de la Rochelle Ré Aunis,Use dashboard_sponsor_name
Groupe Maladies hémorragiques de Bretagne,Groupe Maladies hémorragiques de Bretagne,Groupe Maladies hémorragiques de Bretagne,left_as_is,no_review_needed,No related sponsor/parent mapping identified; kept as original sponsor name.,Groupe Maladies hémorragiques de Bretagne,Groupe Maladies hémorragiques de Bretagne,Use dashboard_sponsor_name
Groupe des jeunes de la filiale d'imagerie cardiovasculaire,Groupe des jeunes de la filiale d'imagerie cardiovasculaire,Groupe des jeunes de la filiale d'imagerie cardiovasculaire,left_as_is,no_review_needed,No related sponsor/parent mapping identified; kept as original sponsor name.,Groupe des jeunes de la filiale d'imagerie cardiovasculaire,Groupe des jeunes de la filiale d'imagerie cardiovasculaire,Use dashboard_sponsor_name
Grupo Rehabilitacion en Salud,Grupo Rehabilitacion en Salud,Grupo Rehabilitacion en Salud,left_as_is,no_review_needed,No related sponsor/parent mapping identified; kept as original sponsor name.,Grupo Rehabilitacion en Salud,Grupo Rehabilitacion en Salud,Use dashboard_sponsor_name
"Guangdong Hengrui Pharmaceutical Co., Ltd","Guangdong Hengrui Pharmaceutical Co., Ltd","Guangdong Hengrui Pharmaceutical Co., Ltd",left_as_is,no_review_needed,No related sponsor/parent mapping identified; kept as original sponsor name.,"Guangdong Hengrui Pharmaceutical Co., Ltd","Guangdong Hengrui Pharmaceutical Co., Ltd",Use dashboard_sponsor_name
"Guangzhou Bio-gene Technology Co., Ltd","Guangzhou Bio-gene Technology Co., Ltd","Guangzhou Bio-gene Technology Co., Ltd",left_as_is,no_review_needed,No related sponsor/parent mapping identified; kept as original sponsor name.,"Guangzhou Bio-gene Technology Co., Ltd","Guangzhou Bio-gene Technology Co., Ltd",Use dashboard_sponsor_name
"Guangzhou Gloria Biosciences Co., Ltd.","Guangzhou Gloria Biosciences Co., Ltd.","Guangzhou Gloria Biosciences Co., Ltd.",left_as_is,no_review_needed,No related sponsor/parent mapping identified; kept as original sponsor name.,"Guangzhou Gloria Biosciences Co., Ltd.","Guangzhou Gloria Biosciences Co., Ltd.",Use dashboard_sponsor_name
Guangzhou HuiBoRui Biological Pharmaceutical Technology Co. Ltd,Guangzhou HuiBoRui Biological Pharmaceutical Technology Co. Ltd,Guangzhou HuiBoRui Biological Pharmaceutical Technology Co. Ltd,left_as_is,no_review_needed,No related sponsor/parent mapping identified; kept as original sponsor name.,Guangzhou HuiBoRui Biological Pharmaceutical Technology Co. Ltd,Guangzhou HuiBoRui Biological Pharmaceutical Technology Co. Ltd,Use dashboard_sponsor_name
Guangzhou Jiayin Biotech Ltd,Guangzhou Jiayin Biotech Ltd,Guangzhou Jiayin Biotech Ltd,left_as_is,no_review_needed,No related sponsor/parent mapping identified; kept as original sponsor name.,Guangzhou Jiayin Biotech Ltd,Guangzhou Jiayin Biotech Ltd,Use dashboard_sponsor_name
Guangzhou Lupeng Pharmaceutical Company LTD.,Guangzhou Lupeng Pharmaceutical Company LTD.,Guangzhou Lupeng Pharmaceutical Company LTD.,left_as_is,no_review_needed,No related sponsor/parent mapping identified; kept as original sponsor name.,Guangzhou Lupeng Pharmaceutical Company LTD.,Guangzhou Lupeng Pharmaceutical Company LTD.,Use dashboard_sponsor_name
Guizhou Bailing Group Pharmaceutical Co Ltd,Guizhou Bailing Group Pharmaceutical Co Ltd,Guizhou Bailing Group Pharmaceutical Co Ltd,left_as_is,no_review_needed,No related sponsor/parent mapping identified; kept as original sponsor name.,Guizhou Bailing Group Pharmaceutical Co Ltd,Guizhou Bailing Group Pharmaceutical Co Ltd,Use dashboard_sponsor_name
Guri Hagberg,Guri Hagberg,Guri Hagberg,left_as_is,no_review_needed,No related sponsor/parent mapping identified; kept as original sponsor name.,Guri Hagberg,Guri Hagberg,Use dashboard_sponsor_name
Gözde Yagci (Gür),Gözde Yagci ,Gözde Yagci ,left_as_is,no_review_needed,No related sponsor/parent mapping identified; kept as original sponsor name.,Gözde Yagci ,Gözde Yagci ,Use dashboard_sponsor_name
H'ability,H'ability,H'ability,left_as_is,no_review_needed,No related sponsor/parent mapping identified; kept as original sponsor name.,H'ability,H'ability,Use dashboard_sponsor_name
HALO Diagnostics,HALO Diagnostics,HALO Diagnostics,left_as_is,no_review_needed,No related sponsor/parent mapping identified; kept as original sponsor name.,HALO Diagnostics,HALO Diagnostics,Use dashboard_sponsor_name
HBI Solutions Inc.,HBI Solutions Inc.,HBI Solutions Inc.,left_as_is,no_review_needed,No related sponsor/parent mapping identified; kept as original sponsor name.,HBI Solutions Inc.,HBI Solutions Inc.,Use dashboard_sponsor_name
"HELP Therapeutics Co., Ltd.","HELP Therapeutics Co., Ltd.","HELP Therapeutics Co., Ltd.",left_as_is,no_review_needed,No related sponsor/parent mapping identified; kept as original sponsor name.,"HELP Therapeutics Co., Ltd.","HELP Therapeutics Co., Ltd.",Use dashboard_sponsor_name
HJN Sverige AB/Neko Health,HJN Sverige AB/Neko Health,HJN Sverige AB/Neko Health,left_as_is,no_review_needed,No related sponsor/parent mapping identified; kept as original sponsor name.,HJN Sverige AB/Neko Health,HJN Sverige AB/Neko Health,Use dashboard_sponsor_name
HK inno.N Corporation,HK inno.N Corporation,HK inno.N Corporation,left_as_is,no_review_needed,No related sponsor/parent mapping identified; kept as original sponsor name.,HK inno.N Corporation,HK inno.N Corporation,Use dashboard_sponsor_name
HLT Inc.,HLT Inc.,HLT Inc.,left_as_is,no_review_needed,No related sponsor/parent mapping identified; kept as original sponsor name.,HLT Inc.,HLT Inc.,Use dashboard_sponsor_name
HONYA Medical Co Ltd,HONYA Medical Co Ltd,HONYA Medical Co Ltd,left_as_is,no_review_needed,No related sponsor/parent mapping identified; kept as original sponsor name.,HONYA Medical Co Ltd,HONYA Medical Co Ltd,Use dashboard_sponsor_name
"HUINNO Co., Ltd","HUINNO Co., Ltd","HUINNO Co., Ltd",left_as_is,no_review_needed,No related sponsor/parent mapping identified; kept as original sponsor name.,"HUINNO Co., Ltd","HUINNO Co., Ltd",Use dashboard_sponsor_name
Haaglanden Medical Centre,Haaglanden Medical Centre,Haaglanden Medical Centre,left_as_is,no_review_needed,No related sponsor/parent mapping identified; kept as original sponsor name.,Haaglanden Medical Centre,Haaglanden Medical Centre,Use dashboard_sponsor_name
Habib Khan,Habib Khan,Habib Khan,left_as_is,no_review_needed,No related sponsor/parent mapping identified; kept as original sponsor name.,Habib Khan,Habib Khan,Use dashboard_sponsor_name
Habitual Health Ltd,Habitual Health Ltd,Habitual Health Ltd,left_as_is,no_review_needed,No related sponsor/parent mapping identified; kept as original sponsor name.,Habitual Health Ltd,Habitual Health Ltd,Use dashboard_sponsor_name
Haemonetics Corporation,Haemonetics Corporation,Haemonetics Corporation,left_as_is,no_review_needed,No related sponsor/parent mapping identified; kept as original sponsor name.,Haemonetics Corporation,Haemonetics Corporation,Use dashboard_sponsor_name
HagaZiekenhuis,HagaZiekenhuis,HagaZiekenhuis,left_as_is,no_review_needed,No related sponsor/parent mapping identified; kept as original sponsor name.,HagaZiekenhuis,HagaZiekenhuis,Use dashboard_sponsor_name
Hagar Mahmoud Hammad,Hagar Mahmoud Hammad,Hagar Mahmoud Hammad,left_as_is,no_review_needed,No related sponsor/parent mapping identified; kept as original sponsor name.,Hagar Mahmoud Hammad,Hagar Mahmoud Hammad,Use dashboard_sponsor_name
Hager Abdo Mohamed,Hager Abdo Mohamed,Hager Abdo Mohamed,left_as_is,no_review_needed,No related sponsor/parent mapping identified; kept as original sponsor name.,Hager Abdo Mohamed,Hager Abdo Mohamed,Use dashboard_sponsor_name
"Haisco Pharmaceutical Group Co., Ltd.","Haisco Pharmaceutical Group Co., Ltd.","Haisco Pharmaceutical Group Co., Ltd.",left_as_is,no_review_needed,No related sponsor/parent mapping identified; kept as original sponsor name.,"Haisco Pharmaceutical Group Co., Ltd.","Haisco Pharmaceutical Group Co., Ltd.",Use dashboard_sponsor_name
"Haisco-USA Pharmaceuticals, Inc.","Haisco-USA Pharmaceuticals, Inc.","Haisco-USA Pharmaceuticals, Inc.",left_as_is,no_review_needed,No related sponsor/parent mapping identified; kept as original sponsor name.,"Haisco-USA Pharmaceuticals, Inc.","Haisco-USA Pharmaceuticals, Inc.",Use dashboard_sponsor_name
Hamad Medical Corporation,Hamad Medical Corporation,Hamad Medical Corporation,left_as_is,no_review_needed,No related sponsor/parent mapping identified; kept as original sponsor name.,Hamad Medical Corporation,Hamad Medical Corporation,Use dashboard_sponsor_name
Handok Inc.,Handok Inc.,Handok Inc.,left_as_is,no_review_needed,No related sponsor/parent mapping identified; kept as original sponsor name.,Handok Inc.,Handok Inc.,Use dashboard_sponsor_name
"Hangzhou Dinova EP Technology Co., Ltd","Hangzhou Dinova EP Technology Co., Ltd","Hangzhou Dinova EP Technology Co., Ltd",left_as_is,no_review_needed,No related sponsor/parent mapping identified; kept as original sponsor name.,"Hangzhou Dinova EP Technology Co., Ltd","Hangzhou Dinova EP Technology Co., Ltd",Use dashboard_sponsor_name
"Hangzhou Dinova Neuroscience Technology Co., Ltd","Hangzhou Dinova Neuroscience Technology Co., Ltd","Hangzhou Dinova Neuroscience Technology Co., Ltd",left_as_is,no_review_needed,No related sponsor/parent mapping identified; kept as original sponsor name.,"Hangzhou Dinova Neuroscience Technology Co., Ltd","Hangzhou Dinova Neuroscience Technology Co., Ltd",Use dashboard_sponsor_name
"Hangzhou Dinovate Biotech Co., Ltd","Hangzhou Dinovate Biotech Co., Ltd","Hangzhou Dinovate Biotech Co., Ltd",left_as_is,no_review_needed,No related sponsor/parent mapping identified; kept as original sponsor name.,"Hangzhou Dinovate Biotech Co., Ltd","Hangzhou Dinovate Biotech Co., Ltd",Use dashboard_sponsor_name
"Hangzhou Endonom Medtech Co., Ltd.","Hangzhou Endonom Medtech Co., Ltd.","Hangzhou Endonom Medtech Co., Ltd.",left_as_is,no_review_needed,No related sponsor/parent mapping identified; kept as original sponsor name.,"Hangzhou Endonom Medtech Co., Ltd.","Hangzhou Endonom Medtech Co., Ltd.",Use dashboard_sponsor_name
"Hangzhou Sumgen Biotech Co., Ltd.","Hangzhou Sumgen Biotech Co., Ltd.","Hangzhou Sumgen Biotech Co., Ltd.",left_as_is,no_review_needed,No related sponsor/parent mapping identified; kept as original sponsor name.,"Hangzhou Sumgen Biotech Co., Ltd.","Hangzhou Sumgen Biotech Co., Ltd.",Use dashboard_sponsor_name
"Hangzhou Valgen Medtech Co., Ltd","Hangzhou Valgen Medtech Co., Ltd","Hangzhou Valgen Medtech Co., Ltd",left_as_is,no_review_needed,No related sponsor/parent mapping identified; kept as original sponsor name.,"Hangzhou Valgen Medtech Co., Ltd","Hangzhou Valgen Medtech Co., Ltd",Use dashboard_sponsor_name
"Hangzhou Zhongmei Huadong Pharmaceutical Co., Ltd.","Hangzhou Zhongmei Huadong Pharmaceutical Co., Ltd.","Hangzhou Zhongmei Huadong Pharmaceutical Co., Ltd.",left_as_is,no_review_needed,No related sponsor/parent mapping identified; kept as original sponsor name.,"Hangzhou Zhongmei Huadong Pharmaceutical Co., Ltd.","Hangzhou Zhongmei Huadong Pharmaceutical Co., Ltd.",Use dashboard_sponsor_name
"Hanlim Pharm. Co., Ltd.","Hanlim Pharm. Co., Ltd.","Hanlim Pharm. Co., Ltd.",left_as_is,no_review_needed,No related sponsor/parent mapping identified; kept as original sponsor name.,"Hanlim Pharm. Co., Ltd.","Hanlim Pharm. Co., Ltd.",Use dashboard_sponsor_name
Hanmi Pharmaceutical Company Limited,Hanmi Pharmaceutical Company Limited,Hanmi Pharmaceutical Company Limited,left_as_is,no_review_needed,No related sponsor/parent mapping identified; kept as original sponsor name.,Hanmi Pharmaceutical Company Limited,Hanmi Pharmaceutical Company Limited,Use dashboard_sponsor_name
Hansa Biopharma AB,Hansa Biopharma AB,Hansa Biopharma AB,left_as_is,no_review_needed,No related sponsor/parent mapping identified; kept as original sponsor name.,Hansa Biopharma AB,Hansa Biopharma AB,Use dashboard_sponsor_name
"Harmony Biosciences Management, Inc.","Harmony Biosciences Management, Inc.","Harmony Biosciences Management, Inc.",left_as_is,no_review_needed,No related sponsor/parent mapping identified; kept as original sponsor name.,"Harmony Biosciences Management, Inc.","Harmony Biosciences Management, Inc.",Use dashboard_sponsor_name
Harrow Inc,Harrow Inc,Harrow Inc,left_as_is,no_review_needed,No related sponsor/parent mapping identified; kept as original sponsor name.,Harrow Inc,Harrow Inc,Use dashboard_sponsor_name
"Hasten Biopharmaceutical Co., Ltd.","Hasten Biopharmaceutical Co., Ltd.","Hasten Biopharmaceutical Co., Ltd.",left_as_is,no_review_needed,No related sponsor/parent mapping identified; kept as original sponsor name.,"Hasten Biopharmaceutical Co., Ltd.","Hasten Biopharmaceutical Co., Ltd.",Use dashboard_sponsor_name
Hatice Karabulak,Hatice Karabulak,Hatice Karabulak,left_as_is,no_review_needed,No related sponsor/parent mapping identified; kept as original sponsor name.,Hatice Karabulak,Hatice Karabulak,Use dashboard_sponsor_name
Haute Ecole Bruxelles-Brabant,Haute Ecole Bruxelles-Brabant,Haute Ecole Bruxelles-Brabant,left_as_is,no_review_needed,No related sponsor/parent mapping identified; kept as original sponsor name.,Haute Ecole Bruxelles-Brabant,Haute Ecole Bruxelles-Brabant,Use dashboard_sponsor_name
Hayatabad Medical Complex,Hayatabad Medical Complex,Hayatabad Medical Complex,left_as_is,no_review_needed,No related sponsor/parent mapping identified; kept as original sponsor name.,Hayatabad Medical Complex,Hayatabad Medical Complex,Use dashboard_sponsor_name
"Health Services Academy, Islamabad, Pakistan","Health Services Academy, Islamabad, Pakistan","Health Services Academy, Islamabad, Pakistan",left_as_is,no_review_needed,No related sponsor/parent mapping identified; kept as original sponsor name.,"Health Services Academy, Islamabad, Pakistan","Health Services Academy, Islamabad, Pakistan",Use dashboard_sponsor_name
HealthMode Inc.,HealthMode Inc.,HealthMode Inc.,left_as_is,no_review_needed,No related sponsor/parent mapping identified; kept as original sponsor name.,HealthMode Inc.,HealthMode Inc.,Use dashboard_sponsor_name
Healthy.io Ltd.,Healthy.io Ltd.,Healthy.io Ltd.,left_as_is,no_review_needed,No related sponsor/parent mapping identified; kept as original sponsor name.,Healthy.io Ltd.,Healthy.io Ltd.,Use dashboard_sponsor_name
"Heart Center Research, LLC","Heart Center Research, LLC","Heart Center Research, LLC",left_as_is,no_review_needed,No related sponsor/parent mapping identified; kept as original sponsor name.,"Heart Center Research, LLC","Heart Center Research, LLC",Use dashboard_sponsor_name
Heart Force Medical Inc.,Heart Force Medical Inc.,Heart Force Medical Inc.,left_as_is,no_review_needed,No related sponsor/parent mapping identified; kept as original sponsor name.,Heart Force Medical Inc.,Heart Force Medical Inc.,Use dashboard_sponsor_name
Heart Input Output Inc,Heart Input Output Inc,Heart Input Output Inc,left_as_is,no_review_needed,No related sponsor/parent mapping identified; kept as original sponsor name.,Heart Input Output Inc,Heart Input Output Inc,Use dashboard_sponsor_name
"Heart Test Laboratories, Inc.","Heart Test Laboratories, Inc.","Heart Test Laboratories, Inc.",left_as_is,no_review_needed,No related sponsor/parent mapping identified; kept as original sponsor name.,"Heart Test Laboratories, Inc.","Heart Test Laboratories, Inc.",Use dashboard_sponsor_name
Heart and Diabetes Center North-Rhine Westfalia,Heart and Diabetes Center North-Rhine Westfalia,Heart and Diabetes Center North-Rhine Westfalia,left_as_is,no_review_needed,No related sponsor/parent mapping identified; kept as original sponsor name.,Heart and Diabetes Center North-Rhine Westfalia,Heart and Diabetes Center North-Rhine Westfalia,Use dashboard_sponsor_name
"HeartBeam, Inc.","HeartBeam, Inc.","HeartBeam, Inc.",left_as_is,no_review_needed,No related sponsor/parent mapping identified; kept as original sponsor name.,"HeartBeam, Inc.","HeartBeam, Inc.",Use dashboard_sponsor_name
"HeartFlow, Inc.","HeartFlow, Inc.","HeartFlow, Inc.",left_as_is,no_review_needed,No related sponsor/parent mapping identified; kept as original sponsor name.,"HeartFlow, Inc.","HeartFlow, Inc.",Use dashboard_sponsor_name
"HeartWorks, Inc.","HeartWorks, Inc.","HeartWorks, Inc.",left_as_is,no_review_needed,No related sponsor/parent mapping identified; kept as original sponsor name.,"HeartWorks, Inc.","HeartWorks, Inc.",Use dashboard_sponsor_name
Heartseed Inc.,Heartseed Inc.,Heartseed Inc.,left_as_is,no_review_needed,No related sponsor/parent mapping identified; kept as original sponsor name.,Heartseed Inc.,Heartseed Inc.,Use dashboard_sponsor_name
"Hebei Senlang Biotechnology Inc., Ltd.","Hebei Senlang Biotechnology Inc., Ltd.","Hebei Senlang Biotechnology Inc., Ltd.",left_as_is,no_review_needed,No related sponsor/parent mapping identified; kept as original sponsor name.,"Hebei Senlang Biotechnology Inc., Ltd.","Hebei Senlang Biotechnology Inc., Ltd.",Use dashboard_sponsor_name
Heidelberg Engineering GmbH,Heidelberg Engineering GmbH,Heidelberg Engineering GmbH,left_as_is,no_review_needed,No related sponsor/parent mapping identified; kept as original sponsor name.,Heidelberg Engineering GmbH,Heidelberg Engineering GmbH,Use dashboard_sponsor_name
Heidelberg Pharma AG,Heidelberg Pharma AG,Heidelberg Pharma AG,left_as_is,no_review_needed,No related sponsor/parent mapping identified; kept as original sponsor name.,Heidelberg Pharma AG,Heidelberg Pharma AG,Use dashboard_sponsor_name
Helios Cardio Inc.,Helios Cardio Inc.,Helios Cardio Inc.,left_as_is,no_review_needed,No related sponsor/parent mapping identified; kept as original sponsor name.,Helios Cardio Inc.,Helios Cardio Inc.,Use dashboard_sponsor_name
HelpWear Inc.,HelpWear Inc.,HelpWear Inc.,left_as_is,no_review_needed,No related sponsor/parent mapping identified; kept as original sponsor name.,HelpWear Inc.,HelpWear Inc.,Use dashboard_sponsor_name
Helse Nord-Trøndelag HF,Helse Nord-Trøndelag HF,Helse Nord-Trøndelag HF,left_as_is,no_review_needed,No related sponsor/parent mapping identified; kept as original sponsor name.,Helse Nord-Trøndelag HF,Helse Nord-Trøndelag HF,Use dashboard_sponsor_name
HemoCept Inc.,HemoCept Inc.,HemoCept Inc.,left_as_is,no_review_needed,No related sponsor/parent mapping identified; kept as original sponsor name.,HemoCept Inc.,HemoCept Inc.,Use dashboard_sponsor_name
HemoSonics LLC,HemoSonics LLC,HemoSonics LLC,left_as_is,no_review_needed,No related sponsor/parent mapping identified; kept as original sponsor name.,HemoSonics LLC,HemoSonics LLC,Use dashboard_sponsor_name
Hemolens Diagnostics Sp. z o.o.,Hemolens Diagnostics ,Hemolens Diagnostics ,left_as_is,no_review_needed,No related sponsor/parent mapping identified; kept as original sponsor name.,Hemolens Diagnostics ,Hemolens Diagnostics ,Use dashboard_sponsor_name
"HepQuant, LLC","HepQuant, LLC","HepQuant, LLC",left_as_is,no_review_needed,No related sponsor/parent mapping identified; kept as original sponsor name.,"HepQuant, LLC","HepQuant, LLC",Use dashboard_sponsor_name
Herrick Medical LLC,Herrick Medical LLC,Herrick Medical LLC,left_as_is,no_review_needed,No related sponsor/parent mapping identified; kept as original sponsor name.,Herrick Medical LLC,Herrick Medical LLC,Use dashboard_sponsor_name
Heuron Inc.,Heuron Inc.,Heuron Inc.,left_as_is,no_review_needed,No related sponsor/parent mapping identified; kept as original sponsor name.,Heuron Inc.,Heuron Inc.,Use dashboard_sponsor_name
"Hexun Biosciences Co., LTD.","Hexun Biosciences Co., LTD.","Hexun Biosciences Co., LTD.",left_as_is,no_review_needed,No related sponsor/parent mapping identified; kept as original sponsor name.,"Hexun Biosciences Co., LTD.","Hexun Biosciences Co., LTD.",Use dashboard_sponsor_name
"Hikari Dx, Inc.","Hikari Dx, Inc.","Hikari Dx, Inc.",left_as_is,no_review_needed,No related sponsor/parent mapping identified; kept as original sponsor name.,"Hikari Dx, Inc.","Hikari Dx, Inc.",Use dashboard_sponsor_name
Hilda Elizabeth Macías Cervantes,Hilda Elizabeth Macías Cervantes,Hilda Elizabeth Macías Cervantes,left_as_is,no_review_needed,No related sponsor/parent mapping identified; kept as original sponsor name.,Hilda Elizabeth Macías Cervantes,Hilda Elizabeth Macías Cervantes,Use dashboard_sponsor_name
Hochgebirgsklinik Davos,Hochgebirgsklinik Davos,Hochgebirgsklinik Davos,left_as_is,no_review_needed,No related sponsor/parent mapping identified; kept as original sponsor name.,Hochgebirgsklinik Davos,Hochgebirgsklinik Davos,Use dashboard_sponsor_name
Honya Medical Inc,Honya Medical Inc,Honya Medical Inc,left_as_is,no_review_needed,No related sponsor/parent mapping identified; kept as original sponsor name.,Honya Medical Inc,Honya Medical Inc,Use dashboard_sponsor_name
Hope Biosciences LLC,Hope Biosciences LLC,Hope Biosciences LLC,left_as_is,no_review_needed,No related sponsor/parent mapping identified; kept as original sponsor name.,Hope Biosciences LLC,Hope Biosciences LLC,Use dashboard_sponsor_name
Hopeful Aging,Hopeful Aging,Hopeful Aging,left_as_is,no_review_needed,No related sponsor/parent mapping identified; kept as original sponsor name.,Hopeful Aging,Hopeful Aging,Use dashboard_sponsor_name
Hopital La Rabta,Hopital La Rabta,Hopital La Rabta,left_as_is,no_review_needed,No related sponsor/parent mapping identified; kept as original sponsor name.,Hopital La Rabta,Hopital La Rabta,Use dashboard_sponsor_name
Hossam Eldin Mohammed Essam Abdelhafez,Hossam Eldin Mohammed Essam Abdelhafez,Hossam Eldin Mohammed Essam Abdelhafez,left_as_is,no_review_needed,No related sponsor/parent mapping identified; kept as original sponsor name.,Hossam Eldin Mohammed Essam Abdelhafez,Hossam Eldin Mohammed Essam Abdelhafez,Use dashboard_sponsor_name
"Hrain Biotechnology Co., Ltd.","Hrain Biotechnology Co., Ltd.","Hrain Biotechnology Co., Ltd.",left_as_is,no_review_needed,No related sponsor/parent mapping identified; kept as original sponsor name.,"Hrain Biotechnology Co., Ltd.","Hrain Biotechnology Co., Ltd.",Use dashboard_sponsor_name
Huami Corporation,Huami Corporation,Huami Corporation,left_as_is,no_review_needed,No related sponsor/parent mapping identified; kept as original sponsor name.,Huami Corporation,Huami Corporation,Use dashboard_sponsor_name
"Huawei Device Co., Ltd","Huawei Device Co., Ltd","Huawei Device Co., Ltd",left_as_is,no_review_needed,No related sponsor/parent mapping identified; kept as original sponsor name.,"Huawei Device Co., Ltd","Huawei Device Co., Ltd",Use dashboard_sponsor_name
Hudson Biotech,Hudson Biotech,Hudson Biotech,left_as_is,no_review_needed,No related sponsor/parent mapping identified; kept as original sponsor name.,Hudson Biotech,Hudson Biotech,Use dashboard_sponsor_name
"Humacyte, Inc.","Humacyte, Inc.","Humacyte, Inc.",left_as_is,no_review_needed,No related sponsor/parent mapping identified; kept as original sponsor name.,"Humacyte, Inc.","Humacyte, Inc.",Use dashboard_sponsor_name
Humana Inc.,Humana Inc.,Humana Inc.,left_as_is,no_review_needed,No related sponsor/parent mapping identified; kept as original sponsor name.,Humana Inc.,Humana Inc.,Use dashboard_sponsor_name
Humanis Sagl?k Anonim Sirketi,Humanis Saglık Anonim Sirketi,Humanis Saglık Anonim Sirketi,left_as_is,no_review_needed,No related sponsor/parent mapping identified; kept as original sponsor name.,Humanis Saglık Anonim Sirketi,Humanis Saglık Anonim Sirketi,Use dashboard_sponsor_name
"HuniLife Biotechnology, Inc.","HuniLife Biotechnology, Inc.","HuniLife Biotechnology, Inc.",left_as_is,no_review_needed,No related sponsor/parent mapping identified; kept as original sponsor name.,"HuniLife Biotechnology, Inc.","HuniLife Biotechnology, Inc.",Use dashboard_sponsor_name
Huntleigh Healthcare Ltd,Huntleigh Healthcare Ltd,Huntleigh Healthcare Ltd,left_as_is,no_review_needed,No related sponsor/parent mapping identified; kept as original sponsor name.,Huntleigh Healthcare Ltd,Huntleigh Healthcare Ltd,Use dashboard_sponsor_name
"Huons Co., Ltd.","Huons Co., Ltd.","Huons Co., Ltd.",left_as_is,no_review_needed,No related sponsor/parent mapping identified; kept as original sponsor name.,"Huons Co., Ltd.","Huons Co., Ltd.",Use dashboard_sponsor_name
"Huxley Medical, Inc.","Huxley Medical, Inc.","Huxley Medical, Inc.",left_as_is,no_review_needed,No related sponsor/parent mapping identified; kept as original sponsor name.,"Huxley Medical, Inc.","Huxley Medical, Inc.",Use dashboard_sponsor_name
Hyundai Pharm,Hyundai Pharm,Hyundai Pharm,left_as_is,no_review_needed,No related sponsor/parent mapping identified; kept as original sponsor name.,Hyundai Pharm,Hyundai Pharm,Use dashboard_sponsor_name
"ICE Intelligent Healthcare Co., Ltd","ICE Intelligent Healthcare Co., Ltd","ICE Intelligent Healthcare Co., Ltd",left_as_is,no_review_needed,No related sponsor/parent mapping identified; kept as original sponsor name.,"ICE Intelligent Healthcare Co., Ltd","ICE Intelligent Healthcare Co., Ltd",Use dashboard_sponsor_name
ICE S.p.A.,ICE S.p.A.,ICE S.p.A.,left_as_is,no_review_needed,No related sponsor/parent mapping identified; kept as original sponsor name.,ICE S.p.A.,ICE S.p.A.,Use dashboard_sponsor_name
IDP Discovery Pharma S.L.,IDP Discovery Pharma S.L.,IDP Discovery Pharma S.L.,left_as_is,no_review_needed,No related sponsor/parent mapping identified; kept as original sponsor name.,IDP Discovery Pharma S.L.,IDP Discovery Pharma S.L.,Use dashboard_sponsor_name
"IGM Biosciences, Inc.","IGM Biosciences, Inc.","IGM Biosciences, Inc.",left_as_is,no_review_needed,No related sponsor/parent mapping identified; kept as original sponsor name.,"IGM Biosciences, Inc.","IGM Biosciences, Inc.",Use dashboard_sponsor_name
IRCCS SYNLAB SDN,IRCCS SYNLAB SDN,IRCCS SYNLAB SDN,left_as_is,no_review_needed,No related sponsor/parent mapping identified; kept as original sponsor name.,IRCCS SYNLAB SDN,IRCCS SYNLAB SDN,Use dashboard_sponsor_name
"IRIS Research and Development, LLC","IRIS Research and Development, LLC","IRIS Research and Development, LLC",left_as_is,no_review_needed,No related sponsor/parent mapping identified; kept as original sponsor name.,"IRIS Research and Development, LLC","IRIS Research and Development, LLC",Use dashboard_sponsor_name
IRegained Inc.,IRegained Inc.,IRegained Inc.,left_as_is,no_review_needed,No related sponsor/parent mapping identified; kept as original sponsor name.,IRegained Inc.,IRegained Inc.,Use dashboard_sponsor_name
"ISA Associates, Inc.","ISA Associates, Inc.","ISA Associates, Inc.",left_as_is,no_review_needed,No related sponsor/parent mapping identified; kept as original sponsor name.,"ISA Associates, Inc.","ISA Associates, Inc.",Use dashboard_sponsor_name
ISBRG Corp,ISBRG Corp,ISBRG Corp,left_as_is,no_review_needed,No related sponsor/parent mapping identified; kept as original sponsor name.,ISBRG Corp,ISBRG Corp,Use dashboard_sponsor_name
ISISPHARMA,ISISPHARMA,ISISPHARMA,left_as_is,no_review_needed,No related sponsor/parent mapping identified; kept as original sponsor name.,ISISPHARMA,ISISPHARMA,Use dashboard_sponsor_name
"ISU Abxis Co., Ltd.","ISU Abxis Co., Ltd.","ISU Abxis Co., Ltd.",left_as_is,no_review_needed,No related sponsor/parent mapping identified; kept as original sponsor name.,"ISU Abxis Co., Ltd.","ISU Abxis Co., Ltd.",Use dashboard_sponsor_name
ITALO EUGENIO SOUZA GADELHA DE ABREU,ITALO EUGENIO SOUZA GADELHA DE ABREU,ITALO EUGENIO SOUZA GADELHA DE ABREU,left_as_is,no_review_needed,No related sponsor/parent mapping identified; kept as original sponsor name.,ITALO EUGENIO SOUZA GADELHA DE ABREU,ITALO EUGENIO SOUZA GADELHA DE ABREU,Use dashboard_sponsor_name
Ichnos Sciences SA,Ichnos Sciences SA,Ichnos Sciences SA,left_as_is,no_review_needed,No related sponsor/parent mapping identified; kept as original sponsor name.,Ichnos Sciences SA,Ichnos Sciences SA,Use dashboard_sponsor_name
IlDong Pharmaceutical Co Ltd,IlDong Pharmaceutical Co Ltd,IlDong Pharmaceutical Co Ltd,left_as_is,no_review_needed,No related sponsor/parent mapping identified; kept as original sponsor name.,IlDong Pharmaceutical Co Ltd,IlDong Pharmaceutical Co Ltd,Use dashboard_sponsor_name
Illumacell Inc.,Illumacell Inc.,Illumacell Inc.,left_as_is,no_review_needed,No related sponsor/parent mapping identified; kept as original sponsor name.,Illumacell Inc.,Illumacell Inc.,Use dashboard_sponsor_name
"Illumina, Inc.","Illumina, Inc.","Illumina, Inc.",left_as_is,no_review_needed,No related sponsor/parent mapping identified; kept as original sponsor name.,"Illumina, Inc.","Illumina, Inc.",Use dashboard_sponsor_name
Ilya Pharma,Ilya Pharma,Ilya Pharma,left_as_is,no_review_needed,No related sponsor/parent mapping identified; kept as original sponsor name.,Ilya Pharma,Ilya Pharma,Use dashboard_sponsor_name
"Imago BioSciences, Inc., a subsidiary of Merck & Co., Inc., (Rahway, New Jersey USA)","Imago BioSciences, Inc.",Merck & Co.,left_as_is,no_review_needed,No related sponsor/parent mapping identified; kept as original sponsor name.,"Imago BioSciences, Inc.",Merck & Co.,Use dashboard_sponsor_name
"Imbria Pharmaceuticals, Inc.","Imbria Pharmaceuticals, Inc.","Imbria Pharmaceuticals, Inc.",left_as_is,no_review_needed,No related sponsor/parent mapping identified; kept as original sponsor name.,"Imbria Pharmaceuticals, Inc.","Imbria Pharmaceuticals, Inc.",Use dashboard_sponsor_name
ImmuneOnco Biopharmaceuticals (Shanghai) Inc.,ImmuneOnco Biopharmaceuticals  Inc.,ImmuneOnco Biopharmaceuticals  Inc.,left_as_is,no_review_needed,No related sponsor/parent mapping identified; kept as original sponsor name.,ImmuneOnco Biopharmaceuticals  Inc.,ImmuneOnco Biopharmaceuticals  Inc.,Use dashboard_sponsor_name
"Immunwork, Inc.","Immunwork, Inc.","Immunwork, Inc.",left_as_is,no_review_needed,No related sponsor/parent mapping identified; kept as original sponsor name.,"Immunwork, Inc.","Immunwork, Inc.",Use dashboard_sponsor_name
"Imperative Care, Inc.","Imperative Care, Inc.","Imperative Care, Inc.",left_as_is,no_review_needed,No related sponsor/parent mapping identified; kept as original sponsor name.,"Imperative Care, Inc.","Imperative Care, Inc.",Use dashboard_sponsor_name
Implicit Bioscience,Implicit Bioscience,Implicit Bioscience,left_as_is,no_review_needed,No related sponsor/parent mapping identified; kept as original sponsor name.,Implicit Bioscience,Implicit Bioscience,Use dashboard_sponsor_name
"InCarda Therapeutics, Inc.","InCarda Therapeutics, Inc.","InCarda Therapeutics, Inc.",left_as_is,no_review_needed,No related sponsor/parent mapping identified; kept as original sponsor name.,"InCarda Therapeutics, Inc.","InCarda Therapeutics, Inc.",Use dashboard_sponsor_name
InCardia Inc.,InCardia Inc.,InCardia Inc.,left_as_is,no_review_needed,No related sponsor/parent mapping identified; kept as original sponsor name.,InCardia Inc.,InCardia Inc.,Use dashboard_sponsor_name
InSilico Medicine Hong Kong Limited,InSilico Medicine Hong Kong Limited,InSilico Medicine Hong Kong Limited,left_as_is,no_review_needed,No related sponsor/parent mapping identified; kept as original sponsor name.,InSilico Medicine Hong Kong Limited,InSilico Medicine Hong Kong Limited,Use dashboard_sponsor_name
Incepta Pharmaceuticals Ltd,Incepta Pharmaceuticals Ltd,Incepta Pharmaceuticals Ltd,left_as_is,no_review_needed,No related sponsor/parent mapping identified; kept as original sponsor name.,Incepta Pharmaceuticals Ltd,Incepta Pharmaceuticals Ltd,Use dashboard_sponsor_name
Incyte Corporation,Incyte Corporation,Incyte Corporation,left_as_is,no_review_needed,No related sponsor/parent mapping identified; kept as original sponsor name.,Incyte Corporation,Incyte Corporation,Use dashboard_sponsor_name
"Indapta Therapeutics, INC.","Indapta Therapeutics, INC.","Indapta Therapeutics, INC.",left_as_is,no_review_needed,No related sponsor/parent mapping identified; kept as original sponsor name.,"Indapta Therapeutics, INC.","Indapta Therapeutics, INC.",Use dashboard_sponsor_name
Indication Bioscience LLC,Indication Bioscience LLC,Indication Bioscience LLC,left_as_is,no_review_needed,No related sponsor/parent mapping identified; kept as original sponsor name.,Indication Bioscience LLC,Indication Bioscience LLC,Use dashboard_sponsor_name
InfanDx AG,InfanDx AG,InfanDx AG,left_as_is,no_review_needed,No related sponsor/parent mapping identified; kept as original sponsor name.,InfanDx AG,InfanDx AG,Use dashboard_sponsor_name
"Infectious Diseases Research Collaboration, Uganda","Infectious Diseases Research Collaboration, Uganda","Infectious Diseases Research Collaboration, Uganda",left_as_is,no_review_needed,No related sponsor/parent mapping identified; kept as original sponsor name.,"Infectious Diseases Research Collaboration, Uganda","Infectious Diseases Research Collaboration, Uganda",Use dashboard_sponsor_name
Inflammx Therapeutics Inc,Inflammx Therapeutics Inc,Inflammx Therapeutics Inc,left_as_is,no_review_needed,No related sponsor/parent mapping identified; kept as original sponsor name.,Inflammx Therapeutics Inc,Inflammx Therapeutics Inc,Use dashboard_sponsor_name
"InfraScan, Inc.","InfraScan, Inc.","InfraScan, Inc.",left_as_is,no_review_needed,No related sponsor/parent mapping identified; kept as original sponsor name.,"InfraScan, Inc.","InfraScan, Inc.",Use dashboard_sponsor_name
Inhatarget Therapeutics,Inhatarget Therapeutics,Inhatarget Therapeutics,left_as_is,no_review_needed,No related sponsor/parent mapping identified; kept as original sponsor name.,Inhatarget Therapeutics,Inhatarget Therapeutics,Use dashboard_sponsor_name
Inmunova S.A.,Inmunova S.A.,Inmunova S.A.,left_as_is,no_review_needed,No related sponsor/parent mapping identified; kept as original sponsor name.,Inmunova S.A.,Inmunova S.A.,Use dashboard_sponsor_name
Innervate Radiopharmaceuticals LLC (Formerly: Illumina Radiopharmaceuticals LLC),Innervate Radiopharmaceuticals LLC ,Innervate Radiopharmaceuticals LLC ,left_as_is,no_review_needed,No related sponsor/parent mapping identified; kept as original sponsor name.,Innervate Radiopharmaceuticals LLC ,Innervate Radiopharmaceuticals LLC ,Use dashboard_sponsor_name
"Innova Vascular, Inc.","Innova Vascular, Inc.","Innova Vascular, Inc.",left_as_is,no_review_needed,No related sponsor/parent mapping identified; kept as original sponsor name.,"Innova Vascular, Inc.","Innova Vascular, Inc.",Use dashboard_sponsor_name
Innovalve Bio Medical Ltd.,Innovalve Bio Medical Ltd.,Innovalve Bio Medical Ltd.,left_as_is,no_review_needed,No related sponsor/parent mapping identified; kept as original sponsor name.,Innovalve Bio Medical Ltd.,Innovalve Bio Medical Ltd.,Use dashboard_sponsor_name
Innovent Biologics (Suzhou) Co. Ltd.,Innovent Biologics  Co. Ltd.,Innovent Biologics  Co. Ltd.,left_as_is,no_review_needed,No related sponsor/parent mapping identified; kept as original sponsor name.,Innovent Biologics  Co. Ltd.,Innovent Biologics  Co. Ltd.,Use dashboard_sponsor_name
Innoventric LTD,Innoventric LTD,Innoventric LTD,left_as_is,no_review_needed,No related sponsor/parent mapping identified; kept as original sponsor name.,Innoventric LTD,Innoventric LTD,Use dashboard_sponsor_name
Inogen Inc.,Inogen Inc.,Inogen Inc.,left_as_is,no_review_needed,No related sponsor/parent mapping identified; kept as original sponsor name.,Inogen Inc.,Inogen Inc.,Use dashboard_sponsor_name
Inotec AMD Limited,Inotec AMD Limited,Inotec AMD Limited,left_as_is,no_review_needed,No related sponsor/parent mapping identified; kept as original sponsor name.,Inotec AMD Limited,Inotec AMD Limited,Use dashboard_sponsor_name
Inozyme Pharma,Inozyme Pharma,Inozyme Pharma,left_as_is,no_review_needed,No related sponsor/parent mapping identified; kept as original sponsor name.,Inozyme Pharma,Inozyme Pharma,Use dashboard_sponsor_name
"Inquis Medical, Inc.","Inquis Medical, Inc.","Inquis Medical, Inc.",left_as_is,no_review_needed,No related sponsor/parent mapping identified; kept as original sponsor name.,"Inquis Medical, Inc.","Inquis Medical, Inc.",Use dashboard_sponsor_name
"Insight Eyecare Specialties, Inc. dba Vision Source Eyecare,","Insight Eyecare Specialties, Inc. dba Vision Source Eyecare,","Insight Eyecare Specialties, Inc. dba Vision Source Eyecare,",left_as_is,no_review_needed,No related sponsor/parent mapping identified; kept as original sponsor name.,"Insight Eyecare Specialties, Inc. dba Vision Source Eyecare,","Insight Eyecare Specialties, Inc. dba Vision Source Eyecare,",Use dashboard_sponsor_name
"Insight Lifetech Co., Ltd.","Insight Lifetech Co., Ltd.","Insight Lifetech Co., Ltd.",left_as_is,no_review_needed,No related sponsor/parent mapping identified; kept as original sponsor name.,"Insight Lifetech Co., Ltd.","Insight Lifetech Co., Ltd.",Use dashboard_sponsor_name
"Insight Medtech Co., Ltd.","Insight Medtech Co., Ltd.","Insight Medtech Co., Ltd.",left_as_is,no_review_needed,No related sponsor/parent mapping identified; kept as original sponsor name.,"Insight Medtech Co., Ltd.","Insight Medtech Co., Ltd.",Use dashboard_sponsor_name
Insmed Incorporated,Insmed Incorporated,Insmed Incorporated,left_as_is,no_review_needed,No related sponsor/parent mapping identified; kept as original sponsor name.,Insmed Incorporated,Insmed Incorporated,Use dashboard_sponsor_name
Institut de Recherches Internationales Servier,Institut de Recherches Internationales Servier,Institut de Recherches Internationales Servier,left_as_is,no_review_needed,No related sponsor/parent mapping identified; kept as original sponsor name.,Institut de Recherches Internationales Servier,Institut de Recherches Internationales Servier,Use dashboard_sponsor_name
Institut für Pharmakologie und Präventive Medizin,Institut für Pharmakologie und Präventive Medizin,Institut für Pharmakologie und Präventive Medizin,left_as_is,no_review_needed,No related sponsor/parent mapping identified; kept as original sponsor name.,Institut für Pharmakologie und Präventive Medizin,Institut für Pharmakologie und Präventive Medizin,Use dashboard_sponsor_name
Institut za Rehabilitaciju Sokobanjska Beograd,Institut za Rehabilitaciju Sokobanjska Beograd,Institut za Rehabilitaciju Sokobanjska Beograd,left_as_is,no_review_needed,No related sponsor/parent mapping identified; kept as original sponsor name.,Institut za Rehabilitaciju Sokobanjska Beograd,Institut za Rehabilitaciju Sokobanjska Beograd,Use dashboard_sponsor_name
Instituto de Investigación Sanitaria Aragón,Instituto de Investigación Sanitaria Aragón,Instituto de Investigación Sanitaria Aragón,left_as_is,no_review_needed,No related sponsor/parent mapping identified; kept as original sponsor name.,Instituto de Investigación Sanitaria Aragón,Instituto de Investigación Sanitaria Aragón,Use dashboard_sponsor_name
Instituto de Seguridad y Servicios Sociales de los Trabajadores del Estado,Instituto de Seguridad y Servicios Sociales de los Trabajadores del Estado,Instituto de Seguridad y Servicios Sociales de los Trabajadores del Estado,left_as_is,no_review_needed,No related sponsor/parent mapping identified; kept as original sponsor name.,Instituto de Seguridad y Servicios Sociales de los Trabajadores del Estado,Instituto de Seguridad y Servicios Sociales de los Trabajadores del Estado,Use dashboard_sponsor_name
Intech Biopharm Ltd.,Intech Biopharm Ltd.,Intech Biopharm Ltd.,left_as_is,no_review_needed,No related sponsor/parent mapping identified; kept as original sponsor name.,Intech Biopharm Ltd.,Intech Biopharm Ltd.,Use dashboard_sponsor_name
Integra LifeSciences Corporation,Integra LifeSciences Corporation,Integra LifeSciences Corporation,left_as_is,no_review_needed,No related sponsor/parent mapping identified; kept as original sponsor name.,Integra LifeSciences Corporation,Integra LifeSciences Corporation,Use dashboard_sponsor_name
Integrative Research Laboratories AB,Integrative Research Laboratories AB,Integrative Research Laboratories AB,left_as_is,no_review_needed,No related sponsor/parent mapping identified; kept as original sponsor name.,Integrative Research Laboratories AB,Integrative Research Laboratories AB,Use dashboard_sponsor_name
Intellia Therapeutics,Intellia Therapeutics,Intellia Therapeutics,left_as_is,no_review_needed,No related sponsor/parent mapping identified; kept as original sponsor name.,Intellia Therapeutics,Intellia Therapeutics,Use dashboard_sponsor_name
"InterShunt Technologies, Inc.","InterShunt Technologies, Inc.","InterShunt Technologies, Inc.",left_as_is,no_review_needed,No related sponsor/parent mapping identified; kept as original sponsor name.,"InterShunt Technologies, Inc.","InterShunt Technologies, Inc.",Use dashboard_sponsor_name
"Intermountain Health Care, Inc.","Intermountain Health Care, Inc.","Intermountain Health Care, Inc.",left_as_is,no_review_needed,No related sponsor/parent mapping identified; kept as original sponsor name.,"Intermountain Health Care, Inc.","Intermountain Health Care, Inc.",Use dashboard_sponsor_name
Interstat LLC,Interstat LLC,Interstat LLC,left_as_is,no_review_needed,No related sponsor/parent mapping identified; kept as original sponsor name.,Interstat LLC,Interstat LLC,Use dashboard_sponsor_name
"InterveXion Therapeutics, LLC","InterveXion Therapeutics, LLC","InterveXion Therapeutics, LLC",left_as_is,no_review_needed,No related sponsor/parent mapping identified; kept as original sponsor name.,"InterveXion Therapeutics, LLC","InterveXion Therapeutics, LLC",Use dashboard_sponsor_name
"Intervene Immune, Inc.","Intervene Immune, Inc.","Intervene Immune, Inc.",left_as_is,no_review_needed,No related sponsor/parent mapping identified; kept as original sponsor name.,"Intervene Immune, Inc.","Intervene Immune, Inc.",Use dashboard_sponsor_name
"Intervene, Inc.","Intervene, Inc.","Intervene, Inc.",left_as_is,no_review_needed,No related sponsor/parent mapping identified; kept as original sponsor name.,"Intervene, Inc.","Intervene, Inc.",Use dashboard_sponsor_name
IntraBio Inc,IntraBio Inc,IntraBio Inc,left_as_is,no_review_needed,No related sponsor/parent mapping identified; kept as original sponsor name.,IntraBio Inc,IntraBio Inc,Use dashboard_sponsor_name
Intratech Medical Ltd.,Intratech Medical Ltd.,Intratech Medical Ltd.,left_as_is,no_review_needed,No related sponsor/parent mapping identified; kept as original sponsor name.,Intratech Medical Ltd.,Intratech Medical Ltd.,Use dashboard_sponsor_name
"Invirsa, Inc.","Invirsa, Inc.","Invirsa, Inc.",left_as_is,no_review_needed,No related sponsor/parent mapping identified; kept as original sponsor name.,"Invirsa, Inc.","Invirsa, Inc.",Use dashboard_sponsor_name
Ionetix Corporation,Ionetix Corporation,Ionetix Corporation,left_as_is,no_review_needed,No related sponsor/parent mapping identified; kept as original sponsor name.,Ionetix Corporation,Ionetix Corporation,Use dashboard_sponsor_name
Ipsen,Ipsen,Ipsen,left_as_is,no_review_needed,No related sponsor/parent mapping identified; kept as original sponsor name.,Ipsen,Ipsen,Use dashboard_sponsor_name
Isabel Hostettler,Isabel Hostettler,Isabel Hostettler,left_as_is,no_review_needed,No related sponsor/parent mapping identified; kept as original sponsor name.,Isabel Hostettler,Isabel Hostettler,Use dashboard_sponsor_name
Isotech Ltd,Isotech Ltd,Isotech Ltd,left_as_is,no_review_needed,No related sponsor/parent mapping identified; kept as original sponsor name.,Isotech Ltd,Isotech Ltd,Use dashboard_sponsor_name
Istituto Romagnolo per lo Studio dei Tumori Dino Amadori IRST S.r.l. IRCCS,Istituto Romagnolo per lo Studio dei Tumori Dino Amadori IRST S.r.l. IRCCS,Istituto Romagnolo per lo Studio dei Tumori Dino Amadori IRST S.r.l. IRCCS,left_as_is,no_review_needed,No related sponsor/parent mapping identified; kept as original sponsor name.,Istituto Romagnolo per lo Studio dei Tumori Dino Amadori IRST S.r.l. IRCCS,Istituto Romagnolo per lo Studio dei Tumori Dino Amadori IRST S.r.l. IRCCS,Use dashboard_sponsor_name
"JC Medical, Inc., an affiliate of Edwards Lifesciences LLC","JC Medical, Inc., an affiliate of Edwards Lifesciences LLC","JC Medical, Inc., an affiliate of Edwards Lifesciences LLC",left_as_is,no_review_needed,No related sponsor/parent mapping identified; kept as original sponsor name.,"JC Medical, Inc., an affiliate of Edwards Lifesciences LLC","JC Medical, Inc., an affiliate of Edwards Lifesciences LLC",Use dashboard_sponsor_name
JOTEC GmbH,JOTEC GmbH,JOTEC GmbH,left_as_is,no_review_needed,No related sponsor/parent mapping identified; kept as original sponsor name.,JOTEC GmbH,JOTEC GmbH,Use dashboard_sponsor_name
JW Medical Systems Ltd,JW Medical Systems Ltd,JW Medical Systems Ltd,left_as_is,no_review_needed,No related sponsor/parent mapping identified; kept as original sponsor name.,JW Medical Systems Ltd,JW Medical Systems Ltd,Use dashboard_sponsor_name
JW Pharmaceutical,JW Pharmaceutical,JW Pharmaceutical,left_as_is,no_review_needed,No related sponsor/parent mapping identified; kept as original sponsor name.,JW Pharmaceutical,JW Pharmaceutical,Use dashboard_sponsor_name
Jaime Daniel Mondragon,Jaime Daniel Mondragon,Jaime Daniel Mondragon,left_as_is,no_review_needed,No related sponsor/parent mapping identified; kept as original sponsor name.,Jaime Daniel Mondragon,Jaime Daniel Mondragon,Use dashboard_sponsor_name
JaxBio Ltd,JaxBio Ltd,JaxBio Ltd,left_as_is,no_review_needed,No related sponsor/parent mapping identified; kept as original sponsor name.,JaxBio Ltd,JaxBio Ltd,Use dashboard_sponsor_name
Jazz Pharmaceuticals,Jazz Pharmaceuticals,Jazz Pharmaceuticals,left_as_is,no_review_needed,No related sponsor/parent mapping identified; kept as original sponsor name.,Jazz Pharmaceuticals,Jazz Pharmaceuticals,Use dashboard_sponsor_name
"Jecho Biopharmaceuticals Co., Ltd.","Jecho Biopharmaceuticals Co., Ltd.","Jecho Biopharmaceuticals Co., Ltd.",left_as_is,no_review_needed,No related sponsor/parent mapping identified; kept as original sponsor name.,"Jecho Biopharmaceuticals Co., Ltd.","Jecho Biopharmaceuticals Co., Ltd.",Use dashboard_sponsor_name
Jemincare,Jemincare,Jemincare,left_as_is,no_review_needed,No related sponsor/parent mapping identified; kept as original sponsor name.,Jemincare,Jemincare,Use dashboard_sponsor_name
"JenaValve Technology, Inc.","JenaValve Technology, Inc.","JenaValve Technology, Inc.",left_as_is,no_review_needed,No related sponsor/parent mapping identified; kept as original sponsor name.,"JenaValve Technology, Inc.","JenaValve Technology, Inc.",Use dashboard_sponsor_name
Jenscare Innovation Inc.,Jenscare Innovation Inc.,Jenscare Innovation Inc.,left_as_is,no_review_needed,No related sponsor/parent mapping identified; kept as original sponsor name.,Jenscare Innovation Inc.,Jenscare Innovation Inc.,Use dashboard_sponsor_name
Ji Xing Pharmaceuticals Australia Pty Ltd,Ji Xing Pharmaceuticals Australia Pty Ltd,Ji Xing Pharmaceuticals Australia Pty Ltd,left_as_is,no_review_needed,No related sponsor/parent mapping identified; kept as original sponsor name.,Ji Xing Pharmaceuticals Australia Pty Ltd,Ji Xing Pharmaceuticals Australia Pty Ltd,Use dashboard_sponsor_name
"Jiangsu CED Medtech Co., Ltd","Jiangsu CED Medtech Co., Ltd","Jiangsu CED Medtech Co., Ltd",left_as_is,no_review_needed,No related sponsor/parent mapping identified; kept as original sponsor name.,"Jiangsu CED Medtech Co., Ltd","Jiangsu CED Medtech Co., Ltd",Use dashboard_sponsor_name
"Jiangsu Chia Tai Fenghai Pharmaceutical Co., Ltd.","Jiangsu Chia Tai Fenghai Pharmaceutical Co., Ltd.","Jiangsu Chia Tai Fenghai Pharmaceutical Co., Ltd.",left_as_is,no_review_needed,No related sponsor/parent mapping identified; kept as original sponsor name.,"Jiangsu Chia Tai Fenghai Pharmaceutical Co., Ltd.","Jiangsu Chia Tai Fenghai Pharmaceutical Co., Ltd.",Use dashboard_sponsor_name
"Jiangsu Famous Medical Technology Co., Ltd.","Jiangsu Famous Medical Technology Co., Ltd.","Jiangsu Famous Medical Technology Co., Ltd.",left_as_is,no_review_needed,No related sponsor/parent mapping identified; kept as original sponsor name.,"Jiangsu Famous Medical Technology Co., Ltd.","Jiangsu Famous Medical Technology Co., Ltd.",Use dashboard_sponsor_name
"Jiangsu Hansoh Pharmaceutical Co., Ltd.","Jiangsu Hansoh Pharmaceutical Co., Ltd.","Jiangsu Hansoh Pharmaceutical Co., Ltd.",left_as_is,no_review_needed,No related sponsor/parent mapping identified; kept as original sponsor name.,"Jiangsu Hansoh Pharmaceutical Co., Ltd.","Jiangsu Hansoh Pharmaceutical Co., Ltd.",Use dashboard_sponsor_name
"Jiangsu HengRui Medicine Co., Ltd.","Jiangsu HengRui Medicine Co., Ltd.","Jiangsu HengRui Medicine Co., Ltd.",left_as_is,no_review_needed,No related sponsor/parent mapping identified; kept as original sponsor name.,"Jiangsu HengRui Medicine Co., Ltd.","Jiangsu HengRui Medicine Co., Ltd.",Use dashboard_sponsor_name
"Jiangsu Kanion Pharmaceutical Co., Ltd","Jiangsu Kanion Pharmaceutical Co., Ltd","Jiangsu Kanion Pharmaceutical Co., Ltd",left_as_is,no_review_needed,No related sponsor/parent mapping identified; kept as original sponsor name.,"Jiangsu Kanion Pharmaceutical Co., Ltd","Jiangsu Kanion Pharmaceutical Co., Ltd",Use dashboard_sponsor_name
Jiangsu Pacific Meinuoke Bio Pharmaceutical Co Ltd,Jiangsu Pacific Meinuoke Bio Pharmaceutical Co Ltd,Jiangsu Pacific Meinuoke Bio Pharmaceutical Co Ltd,left_as_is,no_review_needed,No related sponsor/parent mapping identified; kept as original sponsor name.,Jiangsu Pacific Meinuoke Bio Pharmaceutical Co Ltd,Jiangsu Pacific Meinuoke Bio Pharmaceutical Co Ltd,Use dashboard_sponsor_name
"Jiangsu ProteLight Pharmaceutical & Biotechnology Co., Ltd.","Jiangsu ProteLight Pharmaceutical & Biotechnology Co., Ltd.","Jiangsu ProteLight Pharmaceutical & Biotechnology Co., Ltd.",left_as_is,no_review_needed,No related sponsor/parent mapping identified; kept as original sponsor name.,"Jiangsu ProteLight Pharmaceutical & Biotechnology Co., Ltd.","Jiangsu ProteLight Pharmaceutical & Biotechnology Co., Ltd.",Use dashboard_sponsor_name
"Jiangsu Simcere Pharmaceutical Co., Ltd.","Jiangsu Simcere Pharmaceutical Co., Ltd.","Jiangsu Simcere Pharmaceutical Co., Ltd.",left_as_is,no_review_needed,No related sponsor/parent mapping identified; kept as original sponsor name.,"Jiangsu Simcere Pharmaceutical Co., Ltd.","Jiangsu Simcere Pharmaceutical Co., Ltd.",Use dashboard_sponsor_name
"Jiangsu vcare pharmaceutical technology co., LTD","Jiangsu vcare pharmaceutical technology co., LTD","Jiangsu vcare pharmaceutical technology co., LTD",left_as_is,no_review_needed,No related sponsor/parent mapping identified; kept as original sponsor name.,"Jiangsu vcare pharmaceutical technology co., LTD","Jiangsu vcare pharmaceutical technology co., LTD",Use dashboard_sponsor_name
"Jianmin Pharmaceutical Group Co., LTD.","Jianmin Pharmaceutical Group Co., LTD.","Jianmin Pharmaceutical Group Co., LTD.",left_as_is,no_review_needed,No related sponsor/parent mapping identified; kept as original sponsor name.,"Jianmin Pharmaceutical Group Co., LTD.","Jianmin Pharmaceutical Group Co., LTD.",Use dashboard_sponsor_name
Jilin Venus Haoyue Medtech Limited,Jilin Venus Haoyue Medtech Limited,Jilin Venus Haoyue Medtech Limited,left_as_is,no_review_needed,No related sponsor/parent mapping identified; kept as original sponsor name.,Jilin Venus Haoyue Medtech Limited,Jilin Venus Haoyue Medtech Limited,Use dashboard_sponsor_name
"Jiuzhitang Maker (Beijing) Cell Technology Co.,Ltd.","Jiuzhitang Maker  Cell Technology Co.,Ltd.","Jiuzhitang Maker  Cell Technology Co.,Ltd.",left_as_is,no_review_needed,No related sponsor/parent mapping identified; kept as original sponsor name.,"Jiuzhitang Maker  Cell Technology Co.,Ltd.","Jiuzhitang Maker  Cell Technology Co.,Ltd.",Use dashboard_sponsor_name
Jonathan Sinclair,Jonathan Sinclair,Jonathan Sinclair,left_as_is,no_review_needed,No related sponsor/parent mapping identified; kept as original sponsor name.,Jonathan Sinclair,Jonathan Sinclair,Use dashboard_sponsor_name
Jordan Collaborating Cardiology Group,Jordan Collaborating Cardiology Group,Jordan Collaborating Cardiology Group,left_as_is,no_review_needed,No related sponsor/parent mapping identified; kept as original sponsor name.,Jordan Collaborating Cardiology Group,Jordan Collaborating Cardiology Group,Use dashboard_sponsor_name
Josep Rodes-Cabau,Josep Rodes-Cabau,Josep Rodes-Cabau,left_as_is,no_review_needed,No related sponsor/parent mapping identified; kept as original sponsor name.,Josep Rodes-Cabau,Josep Rodes-Cabau,Use dashboard_sponsor_name
Joslin Diabetes Center,Joslin Diabetes Center,Joslin Diabetes Center,left_as_is,no_review_needed,No related sponsor/parent mapping identified; kept as original sponsor name.,Joslin Diabetes Center,Joslin Diabetes Center,Use dashboard_sponsor_name
"K36 Therapeutics, Inc.","K36 Therapeutics, Inc.","K36 Therapeutics, Inc.",left_as_is,no_review_needed,No related sponsor/parent mapping identified; kept as original sponsor name.,"K36 Therapeutics, Inc.","K36 Therapeutics, Inc.",Use dashboard_sponsor_name
KBP Biosciences,KBP Biosciences,KBP Biosciences,left_as_is,no_review_needed,No related sponsor/parent mapping identified; kept as original sponsor name.,KBP Biosciences,KBP Biosciences,Use dashboard_sponsor_name
Kaken Pharmaceutical,Kaken Pharmaceutical,Kaken Pharmaceutical,left_as_is,no_review_needed,No related sponsor/parent mapping identified; kept as original sponsor name.,Kaken Pharmaceutical,Kaken Pharmaceutical,Use dashboard_sponsor_name
"KalVista Pharmaceuticals, Ltd.","KalVista Pharmaceuticals, Ltd.","KalVista Pharmaceuticals, Ltd.",left_as_is,no_review_needed,No related sponsor/parent mapping identified; kept as original sponsor name.,"KalVista Pharmaceuticals, Ltd.","KalVista Pharmaceuticals, Ltd.",Use dashboard_sponsor_name
"Kalin Health, LLC","Kalin Health, LLC","Kalin Health, LLC",left_as_is,no_review_needed,No related sponsor/parent mapping identified; kept as original sponsor name.,"Kalin Health, LLC","Kalin Health, LLC",Use dashboard_sponsor_name
Kaneka Corporation,Kaneka Corporation,Kaneka Corporation,left_as_is,no_review_needed,No related sponsor/parent mapping identified; kept as original sponsor name.,Kaneka Corporation,Kaneka Corporation,Use dashboard_sponsor_name
Kaneka Medical America LLC,Kaneka Medical America LLC,Kaneka Medical America LLC,left_as_is,no_review_needed,No related sponsor/parent mapping identified; kept as original sponsor name.,Kaneka Medical America LLC,Kaneka Medical America LLC,Use dashboard_sponsor_name
"Kardigan, Inc.","Kardigan, Inc.","Kardigan, Inc.",left_as_is,no_review_needed,No related sponsor/parent mapping identified; kept as original sponsor name.,"Kardigan, Inc.","Kardigan, Inc.",Use dashboard_sponsor_name
Kardion Inc,Kardion Inc,Kardion Inc,left_as_is,no_review_needed,No related sponsor/parent mapping identified; kept as original sponsor name.,Kardion Inc,Kardion Inc,Use dashboard_sponsor_name
Kardium Inc.,Kardium Inc.,Kardium Inc.,left_as_is,no_review_needed,No related sponsor/parent mapping identified; kept as original sponsor name.,Kardium Inc.,Kardium Inc.,Use dashboard_sponsor_name
Kariya Pharmaceuticals,Kariya Pharmaceuticals,Kariya Pharmaceuticals,left_as_is,no_review_needed,No related sponsor/parent mapping identified; kept as original sponsor name.,Kariya Pharmaceuticals,Kariya Pharmaceuticals,Use dashboard_sponsor_name
Karyopharm Therapeutics Inc,Karyopharm Therapeutics Inc,Karyopharm Therapeutics Inc,left_as_is,no_review_needed,No related sponsor/parent mapping identified; kept as original sponsor name.,Karyopharm Therapeutics Inc,Karyopharm Therapeutics Inc,Use dashboard_sponsor_name
Kaydiar Ltd,Kaydiar Ltd,Kaydiar Ltd,left_as_is,no_review_needed,No related sponsor/parent mapping identified; kept as original sponsor name.,Kaydiar Ltd,Kaydiar Ltd,Use dashboard_sponsor_name
"Kelonia Therapeutics, Inc.","Kelonia Therapeutics, Inc.","Kelonia Therapeutics, Inc.",left_as_is,no_review_needed,No related sponsor/parent mapping identified; kept as original sponsor name.,"Kelonia Therapeutics, Inc.","Kelonia Therapeutics, Inc.",Use dashboard_sponsor_name
Kent Imaging Inc,Kent Imaging Inc,Kent Imaging Inc,left_as_is,no_review_needed,No related sponsor/parent mapping identified; kept as original sponsor name.,Kent Imaging Inc,Kent Imaging Inc,Use dashboard_sponsor_name
Kerecis Ltd.,Kerecis Ltd.,Kerecis Ltd.,left_as_is,no_review_needed,No related sponsor/parent mapping identified; kept as original sponsor name.,Kerecis Ltd.,Kerecis Ltd.,Use dashboard_sponsor_name
"Kestra Medical Technologies, Inc.","Kestra Medical Technologies, Inc.","Kestra Medical Technologies, Inc.",left_as_is,no_review_needed,No related sponsor/parent mapping identified; kept as original sponsor name.,"Kestra Medical Technologies, Inc.","Kestra Medical Technologies, Inc.",Use dashboard_sponsor_name
Keymed Biosciences Co.Ltd,Keymed Biosciences Co.Ltd,Keymed Biosciences Co.Ltd,left_as_is,no_review_needed,No related sponsor/parent mapping identified; kept as original sponsor name.,Keymed Biosciences Co.Ltd,Keymed Biosciences Co.Ltd,Use dashboard_sponsor_name
Khalid F Alhabib,Khalid F Alhabib,Khalid F Alhabib,left_as_is,no_review_needed,No related sponsor/parent mapping identified; kept as original sponsor name.,Khalid F Alhabib,Khalid F Alhabib,Use dashboard_sponsor_name
Kinepict Health Ltd.,Kinepict Health Ltd.,Kinepict Health Ltd.,left_as_is,no_review_needed,No related sponsor/parent mapping identified; kept as original sponsor name.,Kinepict Health Ltd.,Kinepict Health Ltd.,Use dashboard_sponsor_name
"Kissei Pharmaceutical Co., Ltd.","Kissei Pharmaceutical Co., Ltd.","Kissei Pharmaceutical Co., Ltd.",left_as_is,no_review_needed,No related sponsor/parent mapping identified; kept as original sponsor name.,"Kissei Pharmaceutical Co., Ltd.","Kissei Pharmaceutical Co., Ltd.",Use dashboard_sponsor_name
Klinikum Klagenfurt am Wörthersee,Klinikum Klagenfurt am Wörthersee,Klinikum Klagenfurt am Wörthersee,left_as_is,no_review_needed,No related sponsor/parent mapping identified; kept as original sponsor name.,Klinikum Klagenfurt am Wörthersee,Klinikum Klagenfurt am Wörthersee,Use dashboard_sponsor_name
Klini?ki Bolni?ki Centar Zagreb,Klini?ki Bolni?ki Centar Zagreb,Klini?ki Bolni?ki Centar Zagreb,left_as_is,no_review_needed,No related sponsor/parent mapping identified; kept as original sponsor name.,Klini?ki Bolni?ki Centar Zagreb,Klini?ki Bolni?ki Centar Zagreb,Use dashboard_sponsor_name
Kodiak Sciences Inc,Kodiak Sciences Inc,Kodiak Sciences Inc,left_as_is,no_review_needed,No related sponsor/parent mapping identified; kept as original sponsor name.,Kodiak Sciences Inc,Kodiak Sciences Inc,Use dashboard_sponsor_name
Korea Ginseng Corporation,Korea Ginseng Corporation,Korea Ginseng Corporation,left_as_is,no_review_needed,No related sponsor/parent mapping identified; kept as original sponsor name.,Korea Ginseng Corporation,Korea Ginseng Corporation,Use dashboard_sponsor_name
Korea United Pharm. Inc.,Korea United Pharm. Inc.,Korea United Pharm. Inc.,left_as_is,no_review_needed,No related sponsor/parent mapping identified; kept as original sponsor name.,Korea United Pharm. Inc.,Korea United Pharm. Inc.,Use dashboard_sponsor_name
"Kortuc, Inc.","Kortuc, Inc.","Kortuc, Inc.",left_as_is,no_review_needed,No related sponsor/parent mapping identified; kept as original sponsor name.,"Kortuc, Inc.","Kortuc, Inc.",Use dashboard_sponsor_name
Kotyora Family Medicine Health Management and Education Association,Kotyora Family Medicine Health Management and Education Association,Kotyora Family Medicine Health Management and Education Association,left_as_is,no_review_needed,No related sponsor/parent mapping identified; kept as original sponsor name.,Kotyora Family Medicine Health Management and Education Association,Kotyora Family Medicine Health Management and Education Association,Use dashboard_sponsor_name
"Kowa Company, Ltd.","Kowa Company, Ltd.","Kowa Company, Ltd.",left_as_is,no_review_needed,No related sponsor/parent mapping identified; kept as original sponsor name.,"Kowa Company, Ltd.","Kowa Company, Ltd.",Use dashboard_sponsor_name
"Koya Medical, Inc.","Koya Medical, Inc.","Koya Medical, Inc.",left_as_is,no_review_needed,No related sponsor/parent mapping identified; kept as original sponsor name.,"Koya Medical, Inc.","Koya Medical, Inc.",Use dashboard_sponsor_name
Kranus Health GmbH,Kranus Health GmbH,Kranus Health GmbH,left_as_is,no_review_needed,No related sponsor/parent mapping identified; kept as original sponsor name.,Kranus Health GmbH,Kranus Health GmbH,Use dashboard_sponsor_name
Kubota Vision Inc.,Kubota Vision Inc.,Kubota Vision Inc.,left_as_is,no_review_needed,No related sponsor/parent mapping identified; kept as original sponsor name.,Kubota Vision Inc.,Kubota Vision Inc.,Use dashboard_sponsor_name
"Kukjeon Pharmaceutical Co.,Ltd.","Kukjeon Pharmaceutical Co.,Ltd.","Kukjeon Pharmaceutical Co.,Ltd.",left_as_is,no_review_needed,No related sponsor/parent mapping identified; kept as original sponsor name.,"Kukjeon Pharmaceutical Co.,Ltd.","Kukjeon Pharmaceutical Co.,Ltd.",Use dashboard_sponsor_name
"Kunming Pharmaceuticals, Inc.","Kunming Pharmaceuticals, Inc.","Kunming Pharmaceuticals, Inc.",left_as_is,no_review_needed,No related sponsor/parent mapping identified; kept as original sponsor name.,"Kunming Pharmaceuticals, Inc.","Kunming Pharmaceuticals, Inc.",Use dashboard_sponsor_name
"Kure Cells, INC","Kure Cells, INC","Kure Cells, INC",left_as_is,no_review_needed,No related sponsor/parent mapping identified; kept as original sponsor name.,"Kure Cells, INC","Kure Cells, INC",Use dashboard_sponsor_name
"Kylonova (Xiamen) Biopharma co., LTD.","Kylonova  Biopharma co., LTD.","Kylonova  Biopharma co., LTD.",left_as_is,no_review_needed,No related sponsor/parent mapping identified; kept as original sponsor name.,"Kylonova  Biopharma co., LTD.","Kylonova  Biopharma co., LTD.",Use dashboard_sponsor_name
"Kyoto Drug Discovery and Development Co., Ltd.","Kyoto Drug Discovery and Development Co., Ltd.","Kyoto Drug Discovery and Development Co., Ltd.",left_as_is,no_review_needed,No related sponsor/parent mapping identified; kept as original sponsor name.,"Kyoto Drug Discovery and Development Co., Ltd.","Kyoto Drug Discovery and Development Co., Ltd.",Use dashboard_sponsor_name
"Kyowa Kirin Co., Ltd.","Kyowa Kirin Co., Ltd.","Kyowa Kirin Co., Ltd.",left_as_is,no_review_needed,No related sponsor/parent mapping identified; kept as original sponsor name.,"Kyowa Kirin Co., Ltd.","Kyowa Kirin Co., Ltd.",Use dashboard_sponsor_name
"Kyungdong Pharmaceutical Co., Ltd.","Kyungdong Pharmaceutical Co., Ltd.","Kyungdong Pharmaceutical Co., Ltd.",left_as_is,no_review_needed,No related sponsor/parent mapping identified; kept as original sponsor name.,"Kyungdong Pharmaceutical Co., Ltd.","Kyungdong Pharmaceutical Co., Ltd.",Use dashboard_sponsor_name
L.Molteni & C. dei F.lli Alitti-Soc. di Esercizio S.p.A.,L.Molteni & C. dei F.lli Alitti-Soc. di Esercizio S.p.A.,L.Molteni & C. dei F.lli Alitti-Soc. di Esercizio S.p.A.,left_as_is,no_review_needed,No related sponsor/parent mapping identified; kept as original sponsor name.,L.Molteni & C. dei F.lli Alitti-Soc. di Esercizio S.p.A.,L.Molteni & C. dei F.lli Alitti-Soc. di Esercizio S.p.A.,Use dashboard_sponsor_name
"LEAF4Life, Inc.","LEAF4Life, Inc.","LEAF4Life, Inc.",left_as_is,no_review_needed,No related sponsor/parent mapping identified; kept as original sponsor name.,"LEAF4Life, Inc.","LEAF4Life, Inc.",Use dashboard_sponsor_name
LIB Therapeutics LLC,LIB Therapeutics LLC,LIB Therapeutics LLC,left_as_is,no_review_needed,No related sponsor/parent mapping identified; kept as original sponsor name.,LIB Therapeutics LLC,LIB Therapeutics LLC,Use dashboard_sponsor_name
LMC Diabetes & Endocrinology Ltd.,LMC Diabetes & Endocrinology Ltd.,LMC Diabetes & Endocrinology Ltd.,left_as_is,no_review_needed,No related sponsor/parent mapping identified; kept as original sponsor name.,LMC Diabetes & Endocrinology Ltd.,LMC Diabetes & Endocrinology Ltd.,Use dashboard_sponsor_name
LUMA Vision Ltd.,LUMA Vision Ltd.,LUMA Vision Ltd.,left_as_is,no_review_needed,No related sponsor/parent mapping identified; kept as original sponsor name.,LUMA Vision Ltd.,LUMA Vision Ltd.,Use dashboard_sponsor_name
LVD Biotech S.L,LVD Biotech S.L,LVD Biotech S.L,left_as_is,no_review_needed,No related sponsor/parent mapping identified; kept as original sponsor name.,LVD Biotech S.L,LVD Biotech S.L,Use dashboard_sponsor_name
LaNova Medicines Limited,LaNova Medicines Limited,LaNova Medicines Limited,left_as_is,no_review_needed,No related sponsor/parent mapping identified; kept as original sponsor name.,LaNova Medicines Limited,LaNova Medicines Limited,Use dashboard_sponsor_name
Labomar SPA,Labomar SPA,Labomar SPA,left_as_is,no_review_needed,No related sponsor/parent mapping identified; kept as original sponsor name.,Labomar SPA,Labomar SPA,Use dashboard_sponsor_name
Laboratoire des Adaptations Métaboliques à l'Exercice en conditions Physiologiques et Pathologiques,Laboratoire des Adaptations Métaboliques à l'Exercice en conditions Physiologiques et Pathologiques,Laboratoire des Adaptations Métaboliques à l'Exercice en conditions Physiologiques et Pathologiques,left_as_is,no_review_needed,No related sponsor/parent mapping identified; kept as original sponsor name.,Laboratoire des Adaptations Métaboliques à l'Exercice en conditions Physiologiques et Pathologiques,Laboratoire des Adaptations Métaboliques à l'Exercice en conditions Physiologiques et Pathologiques,Use dashboard_sponsor_name
Laboratoires Innothera,Laboratoires Innothera,Laboratoires Innothera,left_as_is,no_review_needed,No related sponsor/parent mapping identified; kept as original sponsor name.,Laboratoires Innothera,Laboratoires Innothera,Use dashboard_sponsor_name
Laboratoires Pronutri,Laboratoires Pronutri,Laboratoires Pronutri,left_as_is,no_review_needed,No related sponsor/parent mapping identified; kept as original sponsor name.,Laboratoires Pronutri,Laboratoires Pronutri,Use dashboard_sponsor_name
Laboratoires URGO,Laboratoires URGO,Laboratoires URGO,left_as_is,no_review_needed,No related sponsor/parent mapping identified; kept as original sponsor name.,Laboratoires URGO,Laboratoires URGO,Use dashboard_sponsor_name
"Laboratorio Avi-Mex, S.A. de C.V.","Laboratorio Avi-Mex, S.A. de C.V.","Laboratorio Avi-Mex, S.A. de C.V.",left_as_is,no_review_needed,No related sponsor/parent mapping identified; kept as original sponsor name.,"Laboratorio Avi-Mex, S.A. de C.V.","Laboratorio Avi-Mex, S.A. de C.V.",Use dashboard_sponsor_name
Laboratorio Elea Phoenix S.A.,Laboratorio Elea Phoenix S.A.,Laboratorio Elea Phoenix S.A.,left_as_is,no_review_needed,No related sponsor/parent mapping identified; kept as original sponsor name.,Laboratorio Elea Phoenix S.A.,Laboratorio Elea Phoenix S.A.,Use dashboard_sponsor_name
Laboratorio de Vibraçoes Mecanicas e Praticas Integrativas,Laboratorio de Vibraçoes Mecanicas e Praticas Integrativas,Laboratorio de Vibraçoes Mecanicas e Praticas Integrativas,left_as_is,no_review_needed,No related sponsor/parent mapping identified; kept as original sponsor name.,Laboratorio de Vibraçoes Mecanicas e Praticas Integrativas,Laboratorio de Vibraçoes Mecanicas e Praticas Integrativas,Use dashboard_sponsor_name
Laboratorios Richmond S.A.C.I.F.,Laboratorios Richmond S.A.C.I.F.,Laboratorios Richmond S.A.C.I.F.,left_as_is,no_review_needed,No related sponsor/parent mapping identified; kept as original sponsor name.,Laboratorios Richmond S.A.C.I.F.,Laboratorios Richmond S.A.C.I.F.,Use dashboard_sponsor_name
Laboratorios Silanes S.A. de C.V.,Laboratorios Silanes S.A. de C.V.,Laboratorios Silanes S.A. de C.V.,left_as_is,no_review_needed,No related sponsor/parent mapping identified; kept as original sponsor name.,Laboratorios Silanes S.A. de C.V.,Laboratorios Silanes S.A. de C.V.,Use dashboard_sponsor_name
"Laboratorios Viñas, S.A.","Laboratorios Viñas, S.A.","Laboratorios Viñas, S.A.",left_as_is,no_review_needed,No related sponsor/parent mapping identified; kept as original sponsor name.,"Laboratorios Viñas, S.A.","Laboratorios Viñas, S.A.",Use dashboard_sponsor_name
"Laguna Health, Inc","Laguna Health, Inc","Laguna Health, Inc",left_as_is,no_review_needed,No related sponsor/parent mapping identified; kept as original sponsor name.,"Laguna Health, Inc","Laguna Health, Inc",Use dashboard_sponsor_name
Lakewood-Amedex Inc,Lakewood-Amedex Inc,Lakewood-Amedex Inc,left_as_is,no_review_needed,No related sponsor/parent mapping identified; kept as original sponsor name.,Lakewood-Amedex Inc,Lakewood-Amedex Inc,Use dashboard_sponsor_name
"Laminar, Inc.","Laminar, Inc.","Laminar, Inc.",left_as_is,no_review_needed,No related sponsor/parent mapping identified; kept as original sponsor name.,"Laminar, Inc.","Laminar, Inc.",Use dashboard_sponsor_name
"Laplace Interventional, Inc","Laplace Interventional, Inc","Laplace Interventional, Inc",left_as_is,no_review_needed,No related sponsor/parent mapping identified; kept as original sponsor name.,"Laplace Interventional, Inc","Laplace Interventional, Inc",Use dashboard_sponsor_name
Lapsi Health Holding B.V.,Lapsi Health Holding B.V.,Lapsi Health Holding B.V.,left_as_is,no_review_needed,No related sponsor/parent mapping identified; kept as original sponsor name.,Lapsi Health Holding B.V.,Lapsi Health Holding B.V.,Use dashboard_sponsor_name
Latecba S.A.,Latecba S.A.,Latecba S.A.,left_as_is,no_review_needed,No related sponsor/parent mapping identified; kept as original sponsor name.,Latecba S.A.,Latecba S.A.,Use dashboard_sponsor_name
Laurent Pharmaceuticals Inc.,Laurent Pharmaceuticals Inc.,Laurent Pharmaceuticals Inc.,left_as_is,no_review_needed,No related sponsor/parent mapping identified; kept as original sponsor name.,Laurent Pharmaceuticals Inc.,Laurent Pharmaceuticals Inc.,Use dashboard_sponsor_name
Lava Therapeutics,Lava Therapeutics,Lava Therapeutics,left_as_is,no_review_needed,No related sponsor/parent mapping identified; kept as original sponsor name.,Lava Therapeutics,Lava Therapeutics,Use dashboard_sponsor_name
Lavior Pharma Inc.,Lavior Pharma Inc.,Lavior Pharma Inc.,left_as_is,no_review_needed,No related sponsor/parent mapping identified; kept as original sponsor name.,Lavior Pharma Inc.,Lavior Pharma Inc.,Use dashboard_sponsor_name
"Leal Therapeutics, Inc","Leal Therapeutics, Inc","Leal Therapeutics, Inc",left_as_is,no_review_needed,No related sponsor/parent mapping identified; kept as original sponsor name.,"Leal Therapeutics, Inc","Leal Therapeutics, Inc",Use dashboard_sponsor_name
Leberstiftungs-GmbH Deutschland,Leberstiftungs-GmbH Deutschland,Leberstiftungs-GmbH Deutschland,left_as_is,no_review_needed,No related sponsor/parent mapping identified; kept as original sponsor name.,Leberstiftungs-GmbH Deutschland,Leberstiftungs-GmbH Deutschland,Use dashboard_sponsor_name
Lee's Pharmaceutical Limited,Lee's Pharmaceutical Limited,Lee's Pharmaceutical Limited,left_as_is,no_review_needed,No related sponsor/parent mapping identified; kept as original sponsor name.,Lee's Pharmaceutical Limited,Lee's Pharmaceutical Limited,Use dashboard_sponsor_name
Leeuwenhoek Laboratories Co. Ltd.,Leeuwenhoek Laboratories Co. Ltd.,Leeuwenhoek Laboratories Co. Ltd.,left_as_is,no_review_needed,No related sponsor/parent mapping identified; kept as original sponsor name.,Leeuwenhoek Laboratories Co. Ltd.,Leeuwenhoek Laboratories Co. Ltd.,Use dashboard_sponsor_name
Leica Microsystems (Schweiz) AG,Leica Microsystems  AG,Leica Microsystems  AG,left_as_is,no_review_needed,No related sponsor/parent mapping identified; kept as original sponsor name.,Leica Microsystems  AG,Leica Microsystems  AG,Use dashboard_sponsor_name
Leipzig Heart Science gGmbH,Leipzig Heart Science gGmbH,Leipzig Heart Science gGmbH,left_as_is,no_review_needed,No related sponsor/parent mapping identified; kept as original sponsor name.,Leipzig Heart Science gGmbH,Leipzig Heart Science gGmbH,Use dashboard_sponsor_name
Leonardo Paroche de Matos,Leonardo Paroche de Matos,Leonardo Paroche de Matos,left_as_is,no_review_needed,No related sponsor/parent mapping identified; kept as original sponsor name.,Leonardo Paroche de Matos,Leonardo Paroche de Matos,Use dashboard_sponsor_name
"Lepu Medical Technology (Beijing) Co., Ltd.","Lepu Medical Technology  Co., Ltd.","Lepu Medical Technology  Co., Ltd.",left_as_is,no_review_needed,No related sponsor/parent mapping identified; kept as original sponsor name.,"Lepu Medical Technology  Co., Ltd.","Lepu Medical Technology  Co., Ltd.",Use dashboard_sponsor_name
Les Laboratoires des Médicaments Stériles,Les Laboratoires des Médicaments Stériles,Les Laboratoires des Médicaments Stériles,left_as_is,no_review_needed,No related sponsor/parent mapping identified; kept as original sponsor name.,Les Laboratoires des Médicaments Stériles,Les Laboratoires des Médicaments Stériles,Use dashboard_sponsor_name
Lescuyer Laboratory,Lescuyer Laboratory,Lescuyer Laboratory,left_as_is,no_review_needed,No related sponsor/parent mapping identified; kept as original sponsor name.,Lescuyer Laboratory,Lescuyer Laboratory,Use dashboard_sponsor_name
"Leuko Labs, Inc.","Leuko Labs, Inc.","Leuko Labs, Inc.",left_as_is,no_review_needed,No related sponsor/parent mapping identified; kept as original sponsor name.,"Leuko Labs, Inc.","Leuko Labs, Inc.",Use dashboard_sponsor_name
LeukoLifeDx Inc,LeukoLifeDx Inc,LeukoLifeDx Inc,left_as_is,no_review_needed,No related sponsor/parent mapping identified; kept as original sponsor name.,LeukoLifeDx Inc,LeukoLifeDx Inc,Use dashboard_sponsor_name
Lexeo Therapeutics,Lexeo Therapeutics,Lexeo Therapeutics,left_as_is,no_review_needed,No related sponsor/parent mapping identified; kept as original sponsor name.,Lexeo Therapeutics,Lexeo Therapeutics,Use dashboard_sponsor_name
Lexicon Pharmaceuticals,Lexicon Pharmaceuticals,Lexicon Pharmaceuticals,left_as_is,no_review_needed,No related sponsor/parent mapping identified; kept as original sponsor name.,Lexicon Pharmaceuticals,Lexicon Pharmaceuticals,Use dashboard_sponsor_name
"Li Lab,MD","Li Lab,MD","Li Lab,MD",left_as_is,no_review_needed,No related sponsor/parent mapping identified; kept as original sponsor name.,"Li Lab,MD","Li Lab,MD",Use dashboard_sponsor_name
LianBio LLC,LianBio LLC,LianBio LLC,left_as_is,no_review_needed,No related sponsor/parent mapping identified; kept as original sponsor name.,LianBio LLC,LianBio LLC,Use dashboard_sponsor_name
Libbs Farmacêutica LTDA,Libbs Farmacêutica LTDA,Libbs Farmacêutica LTDA,left_as_is,no_review_needed,No related sponsor/parent mapping identified; kept as original sponsor name.,Libbs Farmacêutica LTDA,Libbs Farmacêutica LTDA,Use dashboard_sponsor_name
Libyan Center for Biotechnology Research,Libyan Center for Biotechnology Research,Libyan Center for Biotechnology Research,left_as_is,no_review_needed,No related sponsor/parent mapping identified; kept as original sponsor name.,Libyan Center for Biotechnology Research,Libyan Center for Biotechnology Research,Use dashboard_sponsor_name
Life Seal Vascular Inc.,Life Seal Vascular Inc.,Life Seal Vascular Inc.,left_as_is,no_review_needed,No related sponsor/parent mapping identified; kept as original sponsor name.,Life Seal Vascular Inc.,Life Seal Vascular Inc.,Use dashboard_sponsor_name
"Life Shield Medical Technology Co., LTD","Life Shield Medical Technology Co., LTD","Life Shield Medical Technology Co., LTD",left_as_is,no_review_needed,No related sponsor/parent mapping identified; kept as original sponsor name.,"Life Shield Medical Technology Co., LTD","Life Shield Medical Technology Co., LTD",Use dashboard_sponsor_name
"Lifetech Scientific (Shenzhen) Co., Ltd.","Lifetech Scientific  Co., Ltd.","Lifetech Scientific  Co., Ltd.",left_as_is,no_review_needed,No related sponsor/parent mapping identified; kept as original sponsor name.,"Lifetech Scientific  Co., Ltd.","Lifetech Scientific  Co., Ltd.",Use dashboard_sponsor_name
"LimFlow, Inc.","LimFlow, Inc.","LimFlow, Inc.",left_as_is,no_review_needed,No related sponsor/parent mapping identified; kept as original sponsor name.,"LimFlow, Inc.","LimFlow, Inc.",Use dashboard_sponsor_name
"Limbix Health, Inc.","Limbix Health, Inc.","Limbix Health, Inc.",left_as_is,no_review_needed,No related sponsor/parent mapping identified; kept as original sponsor name.,"Limbix Health, Inc.","Limbix Health, Inc.",Use dashboard_sponsor_name
Limitless Research Inc.,Limitless Research Inc.,Limitless Research Inc.,left_as_is,no_review_needed,No related sponsor/parent mapping identified; kept as original sponsor name.,Limitless Research Inc.,Limitless Research Inc.,Use dashboard_sponsor_name
LinkCare GmbH,LinkCare GmbH,LinkCare GmbH,left_as_is,no_review_needed,No related sponsor/parent mapping identified; kept as original sponsor name.,LinkCare GmbH,LinkCare GmbH,Use dashboard_sponsor_name
"Linshom Medical, Inc.","Linshom Medical, Inc.","Linshom Medical, Inc.",left_as_is,no_review_needed,No related sponsor/parent mapping identified; kept as original sponsor name.,"Linshom Medical, Inc.","Linshom Medical, Inc.",Use dashboard_sponsor_name
Lipocine Inc.,Lipocine Inc.,Lipocine Inc.,left_as_is,no_review_needed,No related sponsor/parent mapping identified; kept as original sponsor name.,Lipocine Inc.,Lipocine Inc.,Use dashboard_sponsor_name
Liquet Medical Inc.,Liquet Medical Inc.,Liquet Medical Inc.,left_as_is,no_review_needed,No related sponsor/parent mapping identified; kept as original sponsor name.,Liquet Medical Inc.,Liquet Medical Inc.,Use dashboard_sponsor_name
"Liquidia Technologies, Inc.","Liquidia Technologies, Inc.","Liquidia Technologies, Inc.",left_as_is,no_review_needed,No related sponsor/parent mapping identified; kept as original sponsor name.,"Liquidia Technologies, Inc.","Liquidia Technologies, Inc.",Use dashboard_sponsor_name
"Lisata Therapeutics, Inc.","Lisata Therapeutics, Inc.","Lisata Therapeutics, Inc.",left_as_is,no_review_needed,No related sponsor/parent mapping identified; kept as original sponsor name.,"Lisata Therapeutics, Inc.","Lisata Therapeutics, Inc.",Use dashboard_sponsor_name
Livzon Pharmaceutical Group Inc.,Livzon Pharmaceutical Group Inc.,Livzon Pharmaceutical Group Inc.,left_as_is,no_review_needed,No related sponsor/parent mapping identified; kept as original sponsor name.,Livzon Pharmaceutical Group Inc.,Livzon Pharmaceutical Group Inc.,Use dashboard_sponsor_name
Lo.Li.Pharma s.r.l,Lo.Li.Pharma s.r.l,Lo.Li.Pharma s.r.l,left_as_is,no_review_needed,No related sponsor/parent mapping identified; kept as original sponsor name.,Lo.Li.Pharma s.r.l,Lo.Li.Pharma s.r.l,Use dashboard_sponsor_name
Lois Medical LTD,Lois Medical LTD,Lois Medical LTD,left_as_is,no_review_needed,No related sponsor/parent mapping identified; kept as original sponsor name.,Lois Medical LTD,Lois Medical LTD,Use dashboard_sponsor_name
Longeveron Inc.,Longeveron Inc.,Longeveron Inc.,left_as_is,no_review_needed,No related sponsor/parent mapping identified; kept as original sponsor name.,Longeveron Inc.,Longeveron Inc.,Use dashboard_sponsor_name
"Longevity Metrics, Inc.","Longevity Metrics, Inc.","Longevity Metrics, Inc.",left_as_is,no_review_needed,No related sponsor/parent mapping identified; kept as original sponsor name.,"Longevity Metrics, Inc.","Longevity Metrics, Inc.",Use dashboard_sponsor_name
"Longwood Pharmaceuticals (Hangzhou) Co., Ltd.","Longwood Pharmaceuticals  Co., Ltd.","Longwood Pharmaceuticals  Co., Ltd.",left_as_is,no_review_needed,No related sponsor/parent mapping identified; kept as original sponsor name.,"Longwood Pharmaceuticals  Co., Ltd.","Longwood Pharmaceuticals  Co., Ltd.",Use dashboard_sponsor_name
"Loxo Oncology, Inc.","Loxo Oncology, Inc.","Loxo Oncology, Inc.",left_as_is,no_review_needed,No related sponsor/parent mapping identified; kept as original sponsor name.,"Loxo Oncology, Inc.","Loxo Oncology, Inc.",Use dashboard_sponsor_name
LuSeed Vascular LTD.,LuSeed Vascular LTD.,LuSeed Vascular LTD.,left_as_is,no_review_needed,No related sponsor/parent mapping identified; kept as original sponsor name.,LuSeed Vascular LTD.,LuSeed Vascular LTD.,Use dashboard_sponsor_name
LuciLab,LuciLab,LuciLab,left_as_is,no_review_needed,No related sponsor/parent mapping identified; kept as original sponsor name.,LuciLab,LuciLab,Use dashboard_sponsor_name
Ludhmila Abrahão Hajjar,Ludhmila Abrahão Hajjar,Ludhmila Abrahão Hajjar,left_as_is,no_review_needed,No related sponsor/parent mapping identified; kept as original sponsor name.,Ludhmila Abrahão Hajjar,Ludhmila Abrahão Hajjar,Use dashboard_sponsor_name
Luminary Therapeutics,Luminary Therapeutics,Luminary Therapeutics,left_as_is,no_review_needed,No related sponsor/parent mapping identified; kept as original sponsor name.,Luminary Therapeutics,Luminary Therapeutics,Use dashboard_sponsor_name
LumiraDx UK Limited,LumiraDx UK Limited,LumiraDx UK Limited,left_as_is,no_review_needed,No related sponsor/parent mapping identified; kept as original sponsor name.,LumiraDx UK Limited,LumiraDx UK Limited,Use dashboard_sponsor_name
"Lumosa Therapeutics Co., Ltd.","Lumosa Therapeutics Co., Ltd.","Lumosa Therapeutics Co., Ltd.",left_as_is,no_review_needed,No related sponsor/parent mapping identified; kept as original sponsor name.,"Lumosa Therapeutics Co., Ltd.","Lumosa Therapeutics Co., Ltd.",Use dashboard_sponsor_name
Luye Pharma Group Ltd.,Luye Pharma Group Ltd.,Luye Pharma Group Ltd.,left_as_is,no_review_needed,No related sponsor/parent mapping identified; kept as original sponsor name.,Luye Pharma Group Ltd.,Luye Pharma Group Ltd.,Use dashboard_sponsor_name
Lynx Health Science GmbH,Lynx Health Science GmbH,Lynx Health Science GmbH,left_as_is,no_review_needed,No related sponsor/parent mapping identified; kept as original sponsor name.,Lynx Health Science GmbH,Lynx Health Science GmbH,Use dashboard_sponsor_name
"Lysosomal and Rare Disorders Research and Treatment Center, Inc.","Lysosomal and Rare Disorders Research and Treatment Center, Inc.","Lysosomal and Rare Disorders Research and Treatment Center, Inc.",left_as_is,no_review_needed,No related sponsor/parent mapping identified; kept as original sponsor name.,"Lysosomal and Rare Disorders Research and Treatment Center, Inc.","Lysosomal and Rare Disorders Research and Treatment Center, Inc.",Use dashboard_sponsor_name
M.A. Med Alliance S.A.,M.A. Med Alliance S.A.,M.A. Med Alliance S.A.,left_as_is,no_review_needed,No related sponsor/parent mapping identified; kept as original sponsor name.,M.A. Med Alliance S.A.,M.A. Med Alliance S.A.,Use dashboard_sponsor_name
M2RLAB SL,M2RLAB SL,M2RLAB SL,left_as_is,no_review_needed,No related sponsor/parent mapping identified; kept as original sponsor name.,M2RLAB SL,M2RLAB SL,Use dashboard_sponsor_name
MDCECRO LLC,MDCECRO LLC,MDCECRO LLC,left_as_is,no_review_needed,No related sponsor/parent mapping identified; kept as original sponsor name.,MDCECRO LLC,MDCECRO LLC,Use dashboard_sponsor_name
MGAM LLC,MGAM LLC,MGAM LLC,left_as_is,no_review_needed,No related sponsor/parent mapping identified; kept as original sponsor name.,MGAM LLC,MGAM LLC,Use dashboard_sponsor_name
MGC Pharmaceuticals d.o.o,MGC Pharmaceuticals d.o.o,MGC Pharmaceuticals d.o.o,left_as_is,no_review_needed,No related sponsor/parent mapping identified; kept as original sponsor name.,MGC Pharmaceuticals d.o.o,MGC Pharmaceuticals d.o.o,Use dashboard_sponsor_name
MIMOSA Diagnostics Inc.,MIMOSA Diagnostics Inc.,MIMOSA Diagnostics Inc.,left_as_is,no_review_needed,No related sponsor/parent mapping identified; kept as original sponsor name.,MIMOSA Diagnostics Inc.,MIMOSA Diagnostics Inc.,Use dashboard_sponsor_name
"MIVI Neuroscience, Inc.","MIVI Neuroscience, Inc.","MIVI Neuroscience, Inc.",left_as_is,no_review_needed,No related sponsor/parent mapping identified; kept as original sponsor name.,"MIVI Neuroscience, Inc.","MIVI Neuroscience, Inc.",Use dashboard_sponsor_name
MODAG GmbH,MODAG GmbH,MODAG GmbH,left_as_is,no_review_needed,No related sponsor/parent mapping identified; kept as original sponsor name.,MODAG GmbH,MODAG GmbH,Use dashboard_sponsor_name
MSPU des 3 Provinces,MSPU des 3 Provinces,MSPU des 3 Provinces,left_as_is,no_review_needed,No related sponsor/parent mapping identified; kept as original sponsor name.,MSPU des 3 Provinces,MSPU des 3 Provinces,Use dashboard_sponsor_name
Mabion SA,Mabion SA,Mabion SA,left_as_is,no_review_needed,No related sponsor/parent mapping identified; kept as original sponsor name.,Mabion SA,Mabion SA,Use dashboard_sponsor_name
"Mabwell (Shanghai) Bioscience Co., Ltd.","Mabwell  Bioscience Co., Ltd.","Mabwell  Bioscience Co., Ltd.",left_as_is,no_review_needed,No related sponsor/parent mapping identified; kept as original sponsor name.,"Mabwell  Bioscience Co., Ltd.","Mabwell  Bioscience Co., Ltd.",Use dashboard_sponsor_name
Madeleine Elisabeth Angelsen,Madeleine Elisabeth Angelsen,Madeleine Elisabeth Angelsen,left_as_is,no_review_needed,No related sponsor/parent mapping identified; kept as original sponsor name.,Madeleine Elisabeth Angelsen,Madeleine Elisabeth Angelsen,Use dashboard_sponsor_name
"Madrigal Pharmaceuticals, Inc.","Madrigal Pharmaceuticals, Inc.","Madrigal Pharmaceuticals, Inc.",left_as_is,no_review_needed,No related sponsor/parent mapping identified; kept as original sponsor name.,"Madrigal Pharmaceuticals, Inc.","Madrigal Pharmaceuticals, Inc.",Use dashboard_sponsor_name
Magda Bayoumi,Magda Bayoumi,Magda Bayoumi,left_as_is,no_review_needed,No related sponsor/parent mapping identified; kept as original sponsor name.,Magda Bayoumi,Magda Bayoumi,Use dashboard_sponsor_name
Magenta Medical Ltd.,Magenta Medical Ltd.,Magenta Medical Ltd.,left_as_is,no_review_needed,No related sponsor/parent mapping identified; kept as original sponsor name.,Magenta Medical Ltd.,Magenta Medical Ltd.,Use dashboard_sponsor_name
Magnetic Tides,Magnetic Tides,Magnetic Tides,left_as_is,no_review_needed,No related sponsor/parent mapping identified; kept as original sponsor name.,Magnetic Tides,Magnetic Tides,Use dashboard_sponsor_name
Magneto Thrombectomy Solutions,Magneto Thrombectomy Solutions,Magneto Thrombectomy Solutions,left_as_is,no_review_needed,No related sponsor/parent mapping identified; kept as original sponsor name.,Magneto Thrombectomy Solutions,Magneto Thrombectomy Solutions,Use dashboard_sponsor_name
Mahmoud Abdelmohsen Mostafa Osman,Mahmoud Abdelmohsen Mostafa Osman,Mahmoud Abdelmohsen Mostafa Osman,left_as_is,no_review_needed,No related sponsor/parent mapping identified; kept as original sponsor name.,Mahmoud Abdelmohsen Mostafa Osman,Mahmoud Abdelmohsen Mostafa Osman,Use dashboard_sponsor_name
"Manhattan Pain Medicine, PLLC","Manhattan Pain Medicine, PLLC","Manhattan Pain Medicine, PLLC",left_as_is,no_review_needed,No related sponsor/parent mapping identified; kept as original sponsor name.,"Manhattan Pain Medicine, PLLC","Manhattan Pain Medicine, PLLC",Use dashboard_sponsor_name
Mannkind Corporation,Mannkind Corporation,Mannkind Corporation,left_as_is,no_review_needed,No related sponsor/parent mapping identified; kept as original sponsor name.,Mannkind Corporation,Mannkind Corporation,Use dashboard_sponsor_name
Marc Abreu,Marc Abreu,Marc Abreu,left_as_is,no_review_needed,No related sponsor/parent mapping identified; kept as original sponsor name.,Marc Abreu,Marc Abreu,Use dashboard_sponsor_name
Marche Region Regional Health Agency,Marche Region Regional Health Agency,Marche Region Regional Health Agency,left_as_is,no_review_needed,No related sponsor/parent mapping identified; kept as original sponsor name.,Marche Region Regional Health Agency,Marche Region Regional Health Agency,Use dashboard_sponsor_name
Maria Elizabeth Rossi da Silva,Maria Elizabeth Rossi da Silva,Maria Elizabeth Rossi da Silva,left_as_is,no_review_needed,No related sponsor/parent mapping identified; kept as original sponsor name.,Maria Elizabeth Rossi da Silva,Maria Elizabeth Rossi da Silva,Use dashboard_sponsor_name
Marinus Pharmaceuticals,Marinus Pharmaceuticals,Marinus Pharmaceuticals,left_as_is,no_review_needed,No related sponsor/parent mapping identified; kept as original sponsor name.,Marinus Pharmaceuticals,Marinus Pharmaceuticals,Use dashboard_sponsor_name
Martini-Klinik am UKE GmbH,Martini-Klinik am UKE GmbH,Martini-Klinik am UKE GmbH,left_as_is,no_review_needed,No related sponsor/parent mapping identified; kept as original sponsor name.,Martini-Klinik am UKE GmbH,Martini-Klinik am UKE GmbH,Use dashboard_sponsor_name
Marwa Abouelela Abd Elsalam,Marwa Abouelela Abd Elsalam,Marwa Abouelela Abd Elsalam,left_as_is,no_review_needed,No related sponsor/parent mapping identified; kept as original sponsor name.,Marwa Abouelela Abd Elsalam,Marwa Abouelela Abd Elsalam,Use dashboard_sponsor_name
"Masarykova Nemocnice v Usti nad Labem, Krajska Zdravotni a.s.","Masarykova Nemocnice v Usti nad Labem, Krajska Zdravotni a.s.","Masarykova Nemocnice v Usti nad Labem, Krajska Zdravotni a.s.",left_as_is,no_review_needed,No related sponsor/parent mapping identified; kept as original sponsor name.,"Masarykova Nemocnice v Usti nad Labem, Krajska Zdravotni a.s.","Masarykova Nemocnice v Usti nad Labem, Krajska Zdravotni a.s.",Use dashboard_sponsor_name
Masimo Corporation,Masimo Corporation,Masimo Corporation,left_as_is,no_review_needed,No related sponsor/parent mapping identified; kept as original sponsor name.,Masimo Corporation,Masimo Corporation,Use dashboard_sponsor_name
Matilde Zaballos,Matilde Zaballos,Matilde Zaballos,left_as_is,no_review_needed,No related sponsor/parent mapping identified; kept as original sponsor name.,Matilde Zaballos,Matilde Zaballos,Use dashboard_sponsor_name
"Matrix Biomed, Inc.","Matrix Biomed, Inc.","Matrix Biomed, Inc.",left_as_is,no_review_needed,No related sponsor/parent mapping identified; kept as original sponsor name.,"Matrix Biomed, Inc.","Matrix Biomed, Inc.",Use dashboard_sponsor_name
Maxigen Biotech Inc.,Maxigen Biotech Inc.,Maxigen Biotech Inc.,left_as_is,no_review_needed,No related sponsor/parent mapping identified; kept as original sponsor name.,Maxigen Biotech Inc.,Maxigen Biotech Inc.,Use dashboard_sponsor_name
Maxime Zabern,Maxime Zabern,Maxime Zabern,left_as_is,no_review_needed,No related sponsor/parent mapping identified; kept as original sponsor name.,Maxime Zabern,Maxime Zabern,Use dashboard_sponsor_name
Maximo Agustin Schiavone,Maximo Agustin Schiavone,Maximo Agustin Schiavone,left_as_is,no_review_needed,No related sponsor/parent mapping identified; kept as original sponsor name.,Maximo Agustin Schiavone,Maximo Agustin Schiavone,Use dashboard_sponsor_name
"MeLSyTech, Ltd","MeLSyTech, Ltd","MeLSyTech, Ltd",left_as_is,no_review_needed,No related sponsor/parent mapping identified; kept as original sponsor name.,"MeLSyTech, Ltd","MeLSyTech, Ltd",Use dashboard_sponsor_name
MedCu Technologies Ltd.,MedCu Technologies Ltd.,MedCu Technologies Ltd.,left_as_is,no_review_needed,No related sponsor/parent mapping identified; kept as original sponsor name.,MedCu Technologies Ltd.,MedCu Technologies Ltd.,Use dashboard_sponsor_name
MedFact Engineering GmbH,MedFact Engineering GmbH,MedFact Engineering GmbH,left_as_is,no_review_needed,No related sponsor/parent mapping identified; kept as original sponsor name.,MedFact Engineering GmbH,MedFact Engineering GmbH,Use dashboard_sponsor_name
MedRegen LLC,MedRegen LLC,MedRegen LLC,left_as_is,no_review_needed,No related sponsor/parent mapping identified; kept as original sponsor name.,MedRegen LLC,MedRegen LLC,Use dashboard_sponsor_name
MedTrace Pharma A/S,MedTrace Pharma A/S,MedTrace Pharma A/S,left_as_is,no_review_needed,No related sponsor/parent mapping identified; kept as original sponsor name.,MedTrace Pharma A/S,MedTrace Pharma A/S,Use dashboard_sponsor_name
Medable Inc.,Medable Inc.,Medable Inc.,left_as_is,no_review_needed,No related sponsor/parent mapping identified; kept as original sponsor name.,Medable Inc.,Medable Inc.,Use dashboard_sponsor_name
"Medaxis, LLC","Medaxis, LLC","Medaxis, LLC",left_as_is,no_review_needed,No related sponsor/parent mapping identified; kept as original sponsor name.,"Medaxis, LLC","Medaxis, LLC",Use dashboard_sponsor_name
Medela AG,Medela AG,Medela AG,left_as_is,no_review_needed,No related sponsor/parent mapping identified; kept as original sponsor name.,Medela AG,Medela AG,Use dashboard_sponsor_name
Medhub Ltd.,Medhub Ltd.,Medhub Ltd.,left_as_is,no_review_needed,No related sponsor/parent mapping identified; kept as original sponsor name.,Medhub Ltd.,Medhub Ltd.,Use dashboard_sponsor_name
MediWound Ltd,MediWound Ltd,MediWound Ltd,left_as_is,no_review_needed,No related sponsor/parent mapping identified; kept as original sponsor name.,MediWound Ltd,MediWound Ltd,Use dashboard_sponsor_name
"Medical Care Center Prof. Mathey, Prof. Schofer, Ltd.","Medical Care Center Prof. Mathey, Prof. Schofer, Ltd.","Medical Care Center Prof. Mathey, Prof. Schofer, Ltd.",left_as_is,no_review_needed,No related sponsor/parent mapping identified; kept as original sponsor name.,"Medical Care Center Prof. Mathey, Prof. Schofer, Ltd.","Medical Care Center Prof. Mathey, Prof. Schofer, Ltd.",Use dashboard_sponsor_name
Medigene AG,Medigene AG,Medigene AG,left_as_is,no_review_needed,No related sponsor/parent mapping identified; kept as original sponsor name.,Medigene AG,Medigene AG,Use dashboard_sponsor_name
Medinice S.A.,Medinice S.A.,Medinice S.A.,left_as_is,no_review_needed,No related sponsor/parent mapping identified; kept as original sponsor name.,Medinice S.A.,Medinice S.A.,Use dashboard_sponsor_name
Medinol Ltd.,Medinol Ltd.,Medinol Ltd.,left_as_is,no_review_needed,No related sponsor/parent mapping identified; kept as original sponsor name.,Medinol Ltd.,Medinol Ltd.,Use dashboard_sponsor_name
Medira GmbH,Medira GmbH,Medira GmbH,left_as_is,no_review_needed,No related sponsor/parent mapping identified; kept as original sponsor name.,Medira GmbH,Medira GmbH,Use dashboard_sponsor_name
Medlior Health Outcomes Research Ltd,Medlior Health Outcomes Research Ltd,Medlior Health Outcomes Research Ltd,left_as_is,no_review_needed,No related sponsor/parent mapping identified; kept as original sponsor name.,Medlior Health Outcomes Research Ltd,Medlior Health Outcomes Research Ltd,Use dashboard_sponsor_name
Medtronic Cardiac Ablation Solutions,Medtronic Cardiac Ablation Solutions,Medtronic Cardiac Ablation Solutions,left_as_is,no_review_needed,No related sponsor/parent mapping identified; kept as original sponsor name.,Medtronic Cardiac Ablation Solutions,Medtronic Cardiac Ablation Solutions,Use dashboard_sponsor_name
Melt Pharmaceuticals,Melt Pharmaceuticals,Melt Pharmaceuticals,left_as_is,no_review_needed,No related sponsor/parent mapping identified; kept as original sponsor name.,Melt Pharmaceuticals,Melt Pharmaceuticals,Use dashboard_sponsor_name
Merakris Therapeutics,Merakris Therapeutics,Merakris Therapeutics,left_as_is,no_review_needed,No related sponsor/parent mapping identified; kept as original sponsor name.,Merakris Therapeutics,Merakris Therapeutics,Use dashboard_sponsor_name
"Mercator MedSystems, Inc.","Mercator MedSystems, Inc.","Mercator MedSystems, Inc.",left_as_is,no_review_needed,No related sponsor/parent mapping identified; kept as original sponsor name.,"Mercator MedSystems, Inc.","Mercator MedSystems, Inc.",Use dashboard_sponsor_name
"Merck Healthcare KGaA, Darmstadt, Germany, an affiliate of Merck KGaA, Darmstadt, Germany","Merck Healthcare KGaA, Darmstadt, Germany","Merck KGaA, Darmstadt, Germany",left_as_is,no_review_needed,No related sponsor/parent mapping identified; kept as original sponsor name.,"Merck Healthcare KGaA, Darmstadt, Germany","Merck KGaA, Darmstadt, Germany",Use dashboard_sponsor_name
Meril Life Sciences Pvt. Ltd.,Meril Life Sciences Pvt. Ltd.,Meril Life Sciences Pvt. Ltd.,left_as_is,no_review_needed,No related sponsor/parent mapping identified; kept as original sponsor name.,Meril Life Sciences Pvt. Ltd.,Meril Life Sciences Pvt. Ltd.,Use dashboard_sponsor_name
"Merit Medical Systems, Inc.","Merit Medical Systems, Inc.","Merit Medical Systems, Inc.",left_as_is,no_review_needed,No related sponsor/parent mapping identified; kept as original sponsor name.,"Merit Medical Systems, Inc.","Merit Medical Systems, Inc.",Use dashboard_sponsor_name
MetrioPharm AG,MetrioPharm AG,MetrioPharm AG,left_as_is,no_review_needed,No related sponsor/parent mapping identified; kept as original sponsor name.,MetrioPharm AG,MetrioPharm AG,Use dashboard_sponsor_name
"Mezoo Co., Ltd.","Mezoo Co., Ltd.","Mezoo Co., Ltd.",left_as_is,no_review_needed,No related sponsor/parent mapping identified; kept as original sponsor name.,"Mezoo Co., Ltd.","Mezoo Co., Ltd.",Use dashboard_sponsor_name
"MiMedx Group, Inc.","MiMedx Group, Inc.","MiMedx Group, Inc.",left_as_is,no_review_needed,No related sponsor/parent mapping identified; kept as original sponsor name.,"MiMedx Group, Inc.","MiMedx Group, Inc.",Use dashboard_sponsor_name
MiNK Therapeutics,MiNK Therapeutics,MiNK Therapeutics,left_as_is,no_review_needed,No related sponsor/parent mapping identified; kept as original sponsor name.,MiNK Therapeutics,MiNK Therapeutics,Use dashboard_sponsor_name
"MicroPort NeuroTech Co., Ltd.","MicroPort NeuroTech Co., Ltd.","MicroPort NeuroTech Co., Ltd.",left_as_is,no_review_needed,No related sponsor/parent mapping identified; kept as original sponsor name.,"MicroPort NeuroTech Co., Ltd.","MicroPort NeuroTech Co., Ltd.",Use dashboard_sponsor_name
MicroTransponder Inc.,MicroTransponder Inc.,MicroTransponder Inc.,left_as_is,no_review_needed,No related sponsor/parent mapping identified; kept as original sponsor name.,MicroTransponder Inc.,MicroTransponder Inc.,Use dashboard_sponsor_name
Microbion Corporation,Microbion Corporation,Microbion Corporation,left_as_is,no_review_needed,No related sponsor/parent mapping identified; kept as original sponsor name.,Microbion Corporation,Microbion Corporation,Use dashboard_sponsor_name
"Microtech Medical Technologies, Ltd","Microtech Medical Technologies, Ltd","Microtech Medical Technologies, Ltd",left_as_is,no_review_needed,No related sponsor/parent mapping identified; kept as original sponsor name.,"Microtech Medical Technologies, Ltd","Microtech Medical Technologies, Ltd",Use dashboard_sponsor_name
"Microvention-Terumo, Inc.","Microvention-Terumo, Inc.","Microvention-Terumo, Inc.",left_as_is,no_review_needed,No related sponsor/parent mapping identified; kept as original sponsor name.,"Microvention-Terumo, Inc.","Microvention-Terumo, Inc.",Use dashboard_sponsor_name
Microvisk Technologies Ltd,Microvisk Technologies Ltd,Microvisk Technologies Ltd,left_as_is,no_review_needed,No related sponsor/parent mapping identified; kept as original sponsor name.,Microvisk Technologies Ltd,Microvisk Technologies Ltd,Use dashboard_sponsor_name
Midwest Center for Metabolic and Cardiovascular Research,Midwest Center for Metabolic and Cardiovascular Research,Midwest Center for Metabolic and Cardiovascular Research,left_as_is,no_review_needed,No related sponsor/parent mapping identified; kept as original sponsor name.,Midwest Center for Metabolic and Cardiovascular Research,Midwest Center for Metabolic and Cardiovascular Research,Use dashboard_sponsor_name
Milagros Rocha Barajas,Milagros Rocha Barajas,Milagros Rocha Barajas,left_as_is,no_review_needed,No related sponsor/parent mapping identified; kept as original sponsor name.,Milagros Rocha Barajas,Milagros Rocha Barajas,Use dashboard_sponsor_name
Milestone Pharmaceuticals Inc.,Milestone Pharmaceuticals Inc.,Milestone Pharmaceuticals Inc.,left_as_is,no_review_needed,No related sponsor/parent mapping identified; kept as original sponsor name.,Milestone Pharmaceuticals Inc.,Milestone Pharmaceuticals Inc.,Use dashboard_sponsor_name
Miller Biosciences LLC,Miller Biosciences LLC,Miller Biosciences LLC,left_as_is,no_review_needed,No related sponsor/parent mapping identified; kept as original sponsor name.,Miller Biosciences LLC,Miller Biosciences LLC,Use dashboard_sponsor_name
"Million Marker Wellness, Inc.","Million Marker Wellness, Inc.","Million Marker Wellness, Inc.",left_as_is,no_review_needed,No related sponsor/parent mapping identified; kept as original sponsor name.,"Million Marker Wellness, Inc.","Million Marker Wellness, Inc.",Use dashboard_sponsor_name
MindMics Inc,MindMics Inc,MindMics Inc,left_as_is,no_review_needed,No related sponsor/parent mapping identified; kept as original sponsor name.,MindMics Inc,MindMics Inc,Use dashboard_sponsor_name
"MindRhythm, Inc.","MindRhythm, Inc.","MindRhythm, Inc.",left_as_is,no_review_needed,No related sponsor/parent mapping identified; kept as original sponsor name.,"MindRhythm, Inc.","MindRhythm, Inc.",Use dashboard_sponsor_name
Mineralys Therapeutics Inc.,Mineralys Therapeutics Inc.,Mineralys Therapeutics Inc.,left_as_is,no_review_needed,No related sponsor/parent mapping identified; kept as original sponsor name.,Mineralys Therapeutics Inc.,Mineralys Therapeutics Inc.,Use dashboard_sponsor_name
Mirati Therapeutics Inc.,Mirati Therapeutics Inc.,Mirati Therapeutics Inc.,left_as_is,no_review_needed,No related sponsor/parent mapping identified; kept as original sponsor name.,Mirati Therapeutics Inc.,Mirati Therapeutics Inc.,Use dashboard_sponsor_name
"Mirum Pharmaceuticals, Inc.","Mirum Pharmaceuticals, Inc.","Mirum Pharmaceuticals, Inc.",left_as_is,no_review_needed,No related sponsor/parent mapping identified; kept as original sponsor name.,"Mirum Pharmaceuticals, Inc.","Mirum Pharmaceuticals, Inc.",Use dashboard_sponsor_name
MitoImmune Therapeutics,MitoImmune Therapeutics,MitoImmune Therapeutics,left_as_is,no_review_needed,No related sponsor/parent mapping identified; kept as original sponsor name.,MitoImmune Therapeutics,MitoImmune Therapeutics,Use dashboard_sponsor_name
"Mitovation, Inc","Mitovation, Inc","Mitovation, Inc",left_as_is,no_review_needed,No related sponsor/parent mapping identified; kept as original sponsor name.,"Mitovation, Inc","Mitovation, Inc",Use dashboard_sponsor_name
"Mitrassist Lifesciences Limited Co., Ltd.","Mitrassist Lifesciences Limited Co., Ltd.","Mitrassist Lifesciences Limited Co., Ltd.",left_as_is,no_review_needed,No related sponsor/parent mapping identified; kept as original sponsor name.,"Mitrassist Lifesciences Limited Co., Ltd.","Mitrassist Lifesciences Limited Co., Ltd.",Use dashboard_sponsor_name
Mizuho Corporation,Mizuho Corporation,Mizuho Corporation,left_as_is,no_review_needed,No related sponsor/parent mapping identified; kept as original sponsor name.,Mizuho Corporation,Mizuho Corporation,Use dashboard_sponsor_name
"ModeX Therapeutics, An OPKO Health Company","ModeX Therapeutics, An OPKO Health Company","ModeX Therapeutics, An OPKO Health Company",left_as_is,no_review_needed,No related sponsor/parent mapping identified; kept as original sponsor name.,"ModeX Therapeutics, An OPKO Health Company","ModeX Therapeutics, An OPKO Health Company",Use dashboard_sponsor_name
"ModernaTX, Inc.","ModernaTX, Inc.","ModernaTX, Inc.",left_as_is,no_review_needed,No related sponsor/parent mapping identified; kept as original sponsor name.,"ModernaTX, Inc.","ModernaTX, Inc.",Use dashboard_sponsor_name
Mohamed Abdelfatah,Mohamed Abdelfatah,Mohamed Abdelfatah,left_as_is,no_review_needed,No related sponsor/parent mapping identified; kept as original sponsor name.,Mohamed Abdelfatah,Mohamed Abdelfatah,Use dashboard_sponsor_name
Mohamed Moshref abd alsattar,Mohamed Moshref abd alsattar,Mohamed Moshref abd alsattar,left_as_is,no_review_needed,No related sponsor/parent mapping identified; kept as original sponsor name.,Mohamed Moshref abd alsattar,Mohamed Moshref abd alsattar,Use dashboard_sponsor_name
Mohamed Nabil Elkholy,Mohamed Nabil Elkholy,Mohamed Nabil Elkholy,left_as_is,no_review_needed,No related sponsor/parent mapping identified; kept as original sponsor name.,Mohamed Nabil Elkholy,Mohamed Nabil Elkholy,Use dashboard_sponsor_name
Mohammed Abdulhameed,Mohammed Abdulhameed,Mohammed Abdulhameed,left_as_is,no_review_needed,No related sponsor/parent mapping identified; kept as original sponsor name.,Mohammed Abdulhameed,Mohammed Abdulhameed,Use dashboard_sponsor_name
Mohammed Elrabie Ahmed,Mohammed Elrabie Ahmed,Mohammed Elrabie Ahmed,left_as_is,no_review_needed,No related sponsor/parent mapping identified; kept as original sponsor name.,Mohammed Elrabie Ahmed,Mohammed Elrabie Ahmed,Use dashboard_sponsor_name
Moleac Pte Ltd.,Moleac Pte Ltd.,Moleac Pte Ltd.,left_as_is,no_review_needed,No related sponsor/parent mapping identified; kept as original sponsor name.,Moleac Pte Ltd.,Moleac Pte Ltd.,Use dashboard_sponsor_name
Molnlycke Health Care AB,Molnlycke Health Care AB,Molnlycke Health Care AB,left_as_is,no_review_needed,No related sponsor/parent mapping identified; kept as original sponsor name.,Molnlycke Health Care AB,Molnlycke Health Care AB,Use dashboard_sponsor_name
"Momentum Research, Inc.","Momentum Research, Inc.","Momentum Research, Inc.",left_as_is,no_review_needed,No related sponsor/parent mapping identified; kept as original sponsor name.,"Momentum Research, Inc.","Momentum Research, Inc.",Use dashboard_sponsor_name
"Monyan Pharmaceutical (Shanghai) Co., Ltd.","Monyan Pharmaceutical  Co., Ltd.","Monyan Pharmaceutical  Co., Ltd.",left_as_is,no_review_needed,No related sponsor/parent mapping identified; kept as original sponsor name.,"Monyan Pharmaceutical  Co., Ltd.","Monyan Pharmaceutical  Co., Ltd.",Use dashboard_sponsor_name
"Morningside (Nantong) Medical Co.,Ltd","Morningside  Medical Co.,Ltd","Morningside  Medical Co.,Ltd",left_as_is,no_review_needed,No related sponsor/parent mapping identified; kept as original sponsor name.,"Morningside  Medical Co.,Ltd","Morningside  Medical Co.,Ltd",Use dashboard_sponsor_name
"Moscow Scientific and Practical Center of Medical Rehabilitation, Restorative and Sports Medicine",Moscow Scientific and Practical Center of Medical Rehabilitation,Moscow Scientific and Practical Center of Medical Rehabilitation,left_as_is,no_review_needed,No related sponsor/parent mapping identified; kept as original sponsor name.,Moscow Scientific and Practical Center of Medical Rehabilitation,Moscow Scientific and Practical Center of Medical Rehabilitation,Use dashboard_sponsor_name
"Moterum Technologies, Inc.","Moterum Technologies, Inc.","Moterum Technologies, Inc.",left_as_is,no_review_needed,No related sponsor/parent mapping identified; kept as original sponsor name.,"Moterum Technologies, Inc.","Moterum Technologies, Inc.",Use dashboard_sponsor_name
Motion Informatics LTD,Motion Informatics LTD,Motion Informatics LTD,left_as_is,no_review_needed,No related sponsor/parent mapping identified; kept as original sponsor name.,Motion Informatics LTD,Motion Informatics LTD,Use dashboard_sponsor_name
MultiplAI Health Limited,MultiplAI Health Limited,MultiplAI Health Limited,left_as_is,no_review_needed,No related sponsor/parent mapping identified; kept as original sponsor name.,MultiplAI Health Limited,MultiplAI Health Limited,Use dashboard_sponsor_name
Myant Medical Corp.,Myant Medical Corp.,Myant Medical Corp.,left_as_is,no_review_needed,No related sponsor/parent mapping identified; kept as original sponsor name.,Myant Medical Corp.,Myant Medical Corp.,Use dashboard_sponsor_name
Mylan Inc.,Mylan Inc.,Mylan Inc.,left_as_is,no_review_needed,No related sponsor/parent mapping identified; kept as original sponsor name.,Mylan Inc.,Mylan Inc.,Use dashboard_sponsor_name
"Myomed Technology (Shaoxing) Co., Ltd.","Myomed Technology  Co., Ltd.","Myomed Technology  Co., Ltd.",left_as_is,no_review_needed,No related sponsor/parent mapping identified; kept as original sponsor name.,"Myomed Technology  Co., Ltd.","Myomed Technology  Co., Ltd.",Use dashboard_sponsor_name
NAOS Argentina S.A.,NAOS Argentina S.A.,NAOS Argentina S.A.,left_as_is,no_review_needed,No related sponsor/parent mapping identified; kept as original sponsor name.,NAOS Argentina S.A.,NAOS Argentina S.A.,Use dashboard_sponsor_name
"NOxy Health Products, LLC","NOxy Health Products, LLC","NOxy Health Products, LLC",left_as_is,no_review_needed,No related sponsor/parent mapping identified; kept as original sponsor name.,"NOxy Health Products, LLC","NOxy Health Products, LLC",Use dashboard_sponsor_name
"NS Pharma, Inc.","NS Pharma, Inc.","NS Pharma, Inc.",left_as_is,no_review_needed,No related sponsor/parent mapping identified; kept as original sponsor name.,"NS Pharma, Inc.","NS Pharma, Inc.",Use dashboard_sponsor_name
NVT GmbH,NVT GmbH,NVT GmbH,left_as_is,no_review_needed,No related sponsor/parent mapping identified; kept as original sponsor name.,NVT GmbH,NVT GmbH,Use dashboard_sponsor_name
Nabiqasim Industries (Pvt) Ltd,Nabiqasim Industries  Ltd,Nabiqasim Industries  Ltd,left_as_is,no_review_needed,No related sponsor/parent mapping identified; kept as original sponsor name.,Nabiqasim Industries  Ltd,Nabiqasim Industries  Ltd,Use dashboard_sponsor_name
Nanexa AB,Nanexa AB,Nanexa AB,left_as_is,no_review_needed,No related sponsor/parent mapping identified; kept as original sponsor name.,Nanexa AB,Nanexa AB,Use dashboard_sponsor_name
"Nang Kuang Pharmaceutical Co., Ltd.","Nang Kuang Pharmaceutical Co., Ltd.","Nang Kuang Pharmaceutical Co., Ltd.",left_as_is,no_review_needed,No related sponsor/parent mapping identified; kept as original sponsor name.,"Nang Kuang Pharmaceutical Co., Ltd.","Nang Kuang Pharmaceutical Co., Ltd.",Use dashboard_sponsor_name
"Nanjing Bioheng Biotech Co., Ltd.","Nanjing Bioheng Biotech Co., Ltd.","Nanjing Bioheng Biotech Co., Ltd.",left_as_is,no_review_needed,No related sponsor/parent mapping identified; kept as original sponsor name.,"Nanjing Bioheng Biotech Co., Ltd.","Nanjing Bioheng Biotech Co., Ltd.",Use dashboard_sponsor_name
"Nanjing IASO Biotechnology Co., Ltd.","Nanjing IASO Biotechnology Co., Ltd.","Nanjing IASO Biotechnology Co., Ltd.",left_as_is,no_review_needed,No related sponsor/parent mapping identified; kept as original sponsor name.,"Nanjing IASO Biotechnology Co., Ltd.","Nanjing IASO Biotechnology Co., Ltd.",Use dashboard_sponsor_name
"Nanjing Leads Biolabs Co.,Ltd","Nanjing Leads Biolabs Co.,Ltd","Nanjing Leads Biolabs Co.,Ltd",left_as_is,no_review_needed,No related sponsor/parent mapping identified; kept as original sponsor name.,"Nanjing Leads Biolabs Co.,Ltd","Nanjing Leads Biolabs Co.,Ltd",Use dashboard_sponsor_name
Nanjing Legend Biotech Co.,Nanjing Legend Biotech Co.,Nanjing Legend Biotech Co.,left_as_is,no_review_needed,No related sponsor/parent mapping identified; kept as original sponsor name.,Nanjing Legend Biotech Co.,Nanjing Legend Biotech Co.,Use dashboard_sponsor_name
"Nanjing Minova Pharmaceutical Co., Ltd.","Nanjing Minova Pharmaceutical Co., Ltd.","Nanjing Minova Pharmaceutical Co., Ltd.",left_as_is,no_review_needed,No related sponsor/parent mapping identified; kept as original sponsor name.,"Nanjing Minova Pharmaceutical Co., Ltd.","Nanjing Minova Pharmaceutical Co., Ltd.",Use dashboard_sponsor_name
"Nanjing Yoko Biomedical Co., Ltd.","Nanjing Yoko Biomedical Co., Ltd.","Nanjing Yoko Biomedical Co., Ltd.",left_as_is,no_review_needed,No related sponsor/parent mapping identified; kept as original sponsor name.,"Nanjing Yoko Biomedical Co., Ltd.","Nanjing Yoko Biomedical Co., Ltd.",Use dashboard_sponsor_name
"Nanodropper, Inc.","Nanodropper, Inc.","Nanodropper, Inc.",left_as_is,no_review_needed,No related sponsor/parent mapping identified; kept as original sponsor name.,"Nanodropper, Inc.","Nanodropper, Inc.",Use dashboard_sponsor_name
Nanowear Inc.,Nanowear Inc.,Nanowear Inc.,left_as_is,no_review_needed,No related sponsor/parent mapping identified; kept as original sponsor name.,Nanowear Inc.,Nanowear Inc.,Use dashboard_sponsor_name
"Natera, Inc.","Natera, Inc.","Natera, Inc.",left_as_is,no_review_needed,No related sponsor/parent mapping identified; kept as original sponsor name.,"Natera, Inc.","Natera, Inc.",Use dashboard_sponsor_name
Navigantis Inc.,Navigantis Inc.,Navigantis Inc.,left_as_is,no_review_needed,No related sponsor/parent mapping identified; kept as original sponsor name.,Navigantis Inc.,Navigantis Inc.,Use dashboard_sponsor_name
"Nectero Medical, Inc.","Nectero Medical, Inc.","Nectero Medical, Inc.",left_as_is,no_review_needed,No related sponsor/parent mapping identified; kept as original sponsor name.,"Nectero Medical, Inc.","Nectero Medical, Inc.",Use dashboard_sponsor_name
Nedim Tojaga,Nedim Tojaga,Nedim Tojaga,left_as_is,no_review_needed,No related sponsor/parent mapping identified; kept as original sponsor name.,Nedim Tojaga,Nedim Tojaga,Use dashboard_sponsor_name
Nemocnice AGEL Trinec-Podlesi a.s.,Nemocnice AGEL Trinec-Podlesi a.s.,Nemocnice AGEL Trinec-Podlesi a.s.,left_as_is,no_review_needed,No related sponsor/parent mapping identified; kept as original sponsor name.,Nemocnice AGEL Trinec-Podlesi a.s.,Nemocnice AGEL Trinec-Podlesi a.s.,Use dashboard_sponsor_name
Neoneur LLC,Neoneur LLC,Neoneur LLC,left_as_is,no_review_needed,No related sponsor/parent mapping identified; kept as original sponsor name.,Neoneur LLC,Neoneur LLC,Use dashboard_sponsor_name
"Nervive, Inc.","Nervive, Inc.","Nervive, Inc.",left_as_is,no_review_needed,No related sponsor/parent mapping identified; kept as original sponsor name.,"Nervive, Inc.","Nervive, Inc.",Use dashboard_sponsor_name
"NeuTrace, Inc.","NeuTrace, Inc.","NeuTrace, Inc.",left_as_is,no_review_needed,No related sponsor/parent mapping identified; kept as original sponsor name.,"NeuTrace, Inc.","NeuTrace, Inc.",Use dashboard_sponsor_name
"Neumora Therapeutics, Inc.","Neumora Therapeutics, Inc.","Neumora Therapeutics, Inc.",left_as_is,no_review_needed,No related sponsor/parent mapping identified; kept as original sponsor name.,"Neumora Therapeutics, Inc.","Neumora Therapeutics, Inc.",Use dashboard_sponsor_name
"NeuraStasis, Inc","NeuraStasis, Inc","NeuraStasis, Inc",left_as_is,no_review_needed,No related sponsor/parent mapping identified; kept as original sponsor name.,"NeuraStasis, Inc","NeuraStasis, Inc",Use dashboard_sponsor_name
Neuralert Technologies LLC,Neuralert Technologies LLC,Neuralert Technologies LLC,left_as_is,no_review_needed,No related sponsor/parent mapping identified; kept as original sponsor name.,Neuralert Technologies LLC,Neuralert Technologies LLC,Use dashboard_sponsor_name
Neuralink Corp,Neuralink Corp,Neuralink Corp,left_as_is,no_review_needed,No related sponsor/parent mapping identified; kept as original sponsor name.,Neuralink Corp,Neuralink Corp,Use dashboard_sponsor_name
Neuravi Limited,Neuravi Limited,Neuravi Limited,left_as_is,no_review_needed,No related sponsor/parent mapping identified; kept as original sponsor name.,Neuravi Limited,Neuravi Limited,Use dashboard_sponsor_name
Neurimmune AG,Neurimmune AG,Neurimmune AG,left_as_is,no_review_needed,No related sponsor/parent mapping identified; kept as original sponsor name.,Neurimmune AG,Neurimmune AG,Use dashboard_sponsor_name
NeuroGlove LLC,NeuroGlove LLC,NeuroGlove LLC,left_as_is,no_review_needed,No related sponsor/parent mapping identified; kept as original sponsor name.,NeuroGlove LLC,NeuroGlove LLC,Use dashboard_sponsor_name
"NeuroTrauma Sciences, LLC","NeuroTrauma Sciences, LLC","NeuroTrauma Sciences, LLC",left_as_is,no_review_needed,No related sponsor/parent mapping identified; kept as original sponsor name.,"NeuroTrauma Sciences, LLC","NeuroTrauma Sciences, LLC",Use dashboard_sponsor_name
Neurocrine UK Limited,Neurocrine UK Limited,Neurocrine UK Limited,left_as_is,no_review_needed,No related sponsor/parent mapping identified; kept as original sponsor name.,Neurocrine UK Limited,Neurocrine UK Limited,Use dashboard_sponsor_name
"Neurodawn Pharmaceutical Co., Ltd.","Neurodawn Pharmaceutical Co., Ltd.","Neurodawn Pharmaceutical Co., Ltd.",left_as_is,no_review_needed,No related sponsor/parent mapping identified; kept as original sponsor name.,"Neurodawn Pharmaceutical Co., Ltd.","Neurodawn Pharmaceutical Co., Ltd.",Use dashboard_sponsor_name
Neuroganics LLC,Neuroganics LLC,Neuroganics LLC,left_as_is,no_review_needed,No related sponsor/parent mapping identified; kept as original sponsor name.,Neuroganics LLC,Neuroganics LLC,Use dashboard_sponsor_name
Neurogrin Inc.,Neurogrin Inc.,Neurogrin Inc.,left_as_is,no_review_needed,No related sponsor/parent mapping identified; kept as original sponsor name.,Neurogrin Inc.,Neurogrin Inc.,Use dashboard_sponsor_name
"Neurolutions, Inc.","Neurolutions, Inc.","Neurolutions, Inc.",left_as_is,no_review_needed,No related sponsor/parent mapping identified; kept as original sponsor name.,"Neurolutions, Inc.","Neurolutions, Inc.",Use dashboard_sponsor_name
"Neurorehabilitering - Kbh, City of Copenhagen","Neurorehabilitering - Kbh, City of Copenhagen","Neurorehabilitering - Kbh, City of Copenhagen",left_as_is,no_review_needed,No related sponsor/parent mapping identified; kept as original sponsor name.,"Neurorehabilitering - Kbh, City of Copenhagen","Neurorehabilitering - Kbh, City of Copenhagen",Use dashboard_sponsor_name
Neurosteer Ltd.,Neurosteer Ltd.,Neurosteer Ltd.,left_as_is,no_review_needed,No related sponsor/parent mapping identified; kept as original sponsor name.,Neurosteer Ltd.,Neurosteer Ltd.,Use dashboard_sponsor_name
"Neurotronic, Inc.","Neurotronic, Inc.","Neurotronic, Inc.",left_as_is,no_review_needed,No related sponsor/parent mapping identified; kept as original sponsor name.,"Neurotronic, Inc.","Neurotronic, Inc.",Use dashboard_sponsor_name
Neurovalens Ltd.,Neurovalens Ltd.,Neurovalens Ltd.,left_as_is,no_review_needed,No related sponsor/parent mapping identified; kept as original sponsor name.,Neurovalens Ltd.,Neurovalens Ltd.,Use dashboard_sponsor_name
New Beta Innovation Limited,New Beta Innovation Limited,New Beta Innovation Limited,left_as_is,no_review_needed,No related sponsor/parent mapping identified; kept as original sponsor name.,New Beta Innovation Limited,New Beta Innovation Limited,Use dashboard_sponsor_name
NewAmsterdam Pharma,NewAmsterdam Pharma,NewAmsterdam Pharma,left_as_is,no_review_needed,No related sponsor/parent mapping identified; kept as original sponsor name.,NewAmsterdam Pharma,NewAmsterdam Pharma,Use dashboard_sponsor_name
Newave Pharmaceutical Inc,Newave Pharmaceutical Inc,Newave Pharmaceutical Inc,left_as_is,no_review_needed,No related sponsor/parent mapping identified; kept as original sponsor name.,Newave Pharmaceutical Inc,Newave Pharmaceutical Inc,Use dashboard_sponsor_name
Newmarket Electrophysiology Research Group Inc,Newmarket Electrophysiology Research Group Inc,Newmarket Electrophysiology Research Group Inc,left_as_is,no_review_needed,No related sponsor/parent mapping identified; kept as original sponsor name.,Newmarket Electrophysiology Research Group Inc,Newmarket Electrophysiology Research Group Inc,Use dashboard_sponsor_name
NexImmune Inc.,NexImmune Inc.,NexImmune Inc.,left_as_is,no_review_needed,No related sponsor/parent mapping identified; kept as original sponsor name.,NexImmune Inc.,NexImmune Inc.,Use dashboard_sponsor_name
"Nexel Co., Ltd.","Nexel Co., Ltd.","Nexel Co., Ltd.",left_as_is,no_review_needed,No related sponsor/parent mapping identified; kept as original sponsor name.,"Nexel Co., Ltd.","Nexel Co., Ltd.",Use dashboard_sponsor_name
NextCell Pharma Ab,NextCell Pharma Ab,NextCell Pharma Ab,left_as_is,no_review_needed,No related sponsor/parent mapping identified; kept as original sponsor name.,NextCell Pharma Ab,NextCell Pharma Ab,Use dashboard_sponsor_name
NextStep Robotics Inc.,NextStep Robotics Inc.,NextStep Robotics Inc.,left_as_is,no_review_needed,No related sponsor/parent mapping identified; kept as original sponsor name.,NextStep Robotics Inc.,NextStep Robotics Inc.,Use dashboard_sponsor_name
"Nextrast, Inc.","Nextrast, Inc.","Nextrast, Inc.",left_as_is,no_review_needed,No related sponsor/parent mapping identified; kept as original sponsor name.,"Nextrast, Inc.","Nextrast, Inc.",Use dashboard_sponsor_name
Nizhpharm,Nizhpharm,Nizhpharm,left_as_is,no_review_needed,No related sponsor/parent mapping identified; kept as original sponsor name.,Nizhpharm,Nizhpharm,Use dashboard_sponsor_name
"Nkarta, Inc.","Nkarta, Inc.","Nkarta, Inc.",left_as_is,no_review_needed,No related sponsor/parent mapping identified; kept as original sponsor name.,"Nkarta, Inc.","Nkarta, Inc.",Use dashboard_sponsor_name
NoNO Inc.,NoNO Inc.,NoNO Inc.,left_as_is,no_review_needed,No related sponsor/parent mapping identified; kept as original sponsor name.,NoNO Inc.,NoNO Inc.,Use dashboard_sponsor_name
Noah Labs,Noah Labs,Noah Labs,left_as_is,no_review_needed,No related sponsor/parent mapping identified; kept as original sponsor name.,Noah Labs,Noah Labs,Use dashboard_sponsor_name
Nobelpharma,Nobelpharma,Nobelpharma,left_as_is,no_review_needed,No related sponsor/parent mapping identified; kept as original sponsor name.,Nobelpharma,Nobelpharma,Use dashboard_sponsor_name
"Nobias Therapeutics, Inc.","Nobias Therapeutics, Inc.","Nobias Therapeutics, Inc.",left_as_is,no_review_needed,No related sponsor/parent mapping identified; kept as original sponsor name.,"Nobias Therapeutics, Inc.","Nobias Therapeutics, Inc.",Use dashboard_sponsor_name
Nobles Medical Technologies II Inc,Nobles Medical Technologies II Inc,Nobles Medical Technologies II Inc,left_as_is,no_review_needed,No related sponsor/parent mapping identified; kept as original sponsor name.,Nobles Medical Technologies II Inc,Nobles Medical Technologies II Inc,Use dashboard_sponsor_name
NodThera Limited,NodThera Limited,NodThera Limited,left_as_is,no_review_needed,No related sponsor/parent mapping identified; kept as original sponsor name.,NodThera Limited,NodThera Limited,Use dashboard_sponsor_name
Noden Pharma,Noden Pharma,Noden Pharma,left_as_is,no_review_needed,No related sponsor/parent mapping identified; kept as original sponsor name.,Noden Pharma,Noden Pharma,Use dashboard_sponsor_name
Noema Pharma AG,Noema Pharma AG,Noema Pharma AG,left_as_is,no_review_needed,No related sponsor/parent mapping identified; kept as original sponsor name.,Noema Pharma AG,Noema Pharma AG,Use dashboard_sponsor_name
Noom Inc.,Noom Inc.,Noom Inc.,left_as_is,no_review_needed,No related sponsor/parent mapping identified; kept as original sponsor name.,Noom Inc.,Noom Inc.,Use dashboard_sponsor_name
Nordic Bioscience A/S,Nordic Bioscience A/S,Nordic Bioscience A/S,left_as_is,no_review_needed,No related sponsor/parent mapping identified; kept as original sponsor name.,Nordic Bioscience A/S,Nordic Bioscience A/S,Use dashboard_sponsor_name
NorthSea Therapeutics B.V.,NorthSea Therapeutics B.V.,NorthSea Therapeutics B.V.,left_as_is,no_review_needed,No related sponsor/parent mapping identified; kept as original sponsor name.,NorthSea Therapeutics B.V.,NorthSea Therapeutics B.V.,Use dashboard_sponsor_name
Notal Vision Inc.,Notal Vision Inc.,Notal Vision Inc.,left_as_is,no_review_needed,No related sponsor/parent mapping identified; kept as original sponsor name.,Notal Vision Inc.,Notal Vision Inc.,Use dashboard_sponsor_name
Nova Laboratories Limited,Nova Laboratories Limited,Nova Laboratories Limited,left_as_is,no_review_needed,No related sponsor/parent mapping identified; kept as original sponsor name.,Nova Laboratories Limited,Nova Laboratories Limited,Use dashboard_sponsor_name
NovaSignal Corp.,NovaSignal Corp.,NovaSignal Corp.,left_as_is,no_review_needed,No related sponsor/parent mapping identified; kept as original sponsor name.,NovaSignal Corp.,NovaSignal Corp.,Use dashboard_sponsor_name
"Novatim Immune Therapeutics (Zhejiang) Co., Ltd.","Novatim Immune Therapeutics  Co., Ltd.","Novatim Immune Therapeutics  Co., Ltd.",left_as_is,no_review_needed,No related sponsor/parent mapping identified; kept as original sponsor name.,"Novatim Immune Therapeutics  Co., Ltd.","Novatim Immune Therapeutics  Co., Ltd.",Use dashboard_sponsor_name
NovelMed Therapeutics,NovelMed Therapeutics,NovelMed Therapeutics,left_as_is,no_review_needed,No related sponsor/parent mapping identified; kept as original sponsor name.,NovelMed Therapeutics,NovelMed Therapeutics,Use dashboard_sponsor_name
"Noveome Biotherapeutics, formerly Stemnion","Noveome Biotherapeutics, formerly Stemnion","Noveome Biotherapeutics, formerly Stemnion",left_as_is,no_review_needed,No related sponsor/parent mapping identified; kept as original sponsor name.,"Noveome Biotherapeutics, formerly Stemnion","Noveome Biotherapeutics, formerly Stemnion",Use dashboard_sponsor_name
Novoic Limited,Novoic Limited,Novoic Limited,left_as_is,no_review_needed,No related sponsor/parent mapping identified; kept as original sponsor name.,Novoic Limited,Novoic Limited,Use dashboard_sponsor_name
"NuScience Medical Biologics, LLC","NuScience Medical Biologics, LLC","NuScience Medical Biologics, LLC",left_as_is,no_review_needed,No related sponsor/parent mapping identified; kept as original sponsor name.,"NuScience Medical Biologics, LLC","NuScience Medical Biologics, LLC",Use dashboard_sponsor_name
NuSirt Biopharma,NuSirt Biopharma,NuSirt Biopharma,left_as_is,no_review_needed,No related sponsor/parent mapping identified; kept as original sponsor name.,NuSirt Biopharma,NuSirt Biopharma,Use dashboard_sponsor_name
Nuevocor Pte. Ltd.,Nuevocor Pte. Ltd.,Nuevocor Pte. Ltd.,left_as_is,no_review_needed,No related sponsor/parent mapping identified; kept as original sponsor name.,Nuevocor Pte. Ltd.,Nuevocor Pte. Ltd.,Use dashboard_sponsor_name
Nunaps Inc,Nunaps Inc,Nunaps Inc,left_as_is,no_review_needed,No related sponsor/parent mapping identified; kept as original sponsor name.,Nunaps Inc,Nunaps Inc,Use dashboard_sponsor_name
Nurgul Ablakimova,Nurgul Ablakimova,Nurgul Ablakimova,left_as_is,no_review_needed,No related sponsor/parent mapping identified; kept as original sponsor name.,Nurgul Ablakimova,Nurgul Ablakimova,Use dashboard_sponsor_name
Nurgül Arpag,Nurgül Arpag,Nurgül Arpag,left_as_is,no_review_needed,No related sponsor/parent mapping identified; kept as original sponsor name.,Nurgül Arpag,Nurgül Arpag,Use dashboard_sponsor_name
Nuritas Ltd,Nuritas Ltd,Nuritas Ltd,left_as_is,no_review_needed,No related sponsor/parent mapping identified; kept as original sponsor name.,Nuritas Ltd,Nuritas Ltd,Use dashboard_sponsor_name
"Nurix Therapeutics, Inc.","Nurix Therapeutics, Inc.","Nurix Therapeutics, Inc.",left_as_is,no_review_needed,No related sponsor/parent mapping identified; kept as original sponsor name.,"Nurix Therapeutics, Inc.","Nurix Therapeutics, Inc.",Use dashboard_sponsor_name
Nutricia UK Ltd,Nutricia UK Ltd,Nutricia UK Ltd,left_as_is,no_review_needed,No related sponsor/parent mapping identified; kept as original sponsor name.,Nutricia UK Ltd,Nutricia UK Ltd,Use dashboard_sponsor_name
NuvOx LLC,NuvOx LLC,NuvOx LLC,left_as_is,no_review_needed,No related sponsor/parent mapping identified; kept as original sponsor name.,NuvOx LLC,NuvOx LLC,Use dashboard_sponsor_name
"Nuwellis, Inc.","Nuwellis, Inc.","Nuwellis, Inc.",left_as_is,no_review_needed,No related sponsor/parent mapping identified; kept as original sponsor name.,"Nuwellis, Inc.","Nuwellis, Inc.",Use dashboard_sponsor_name
Nyrada Pty Ltd,Nyrada Pty Ltd,Nyrada Pty Ltd,left_as_is,no_review_needed,No related sponsor/parent mapping identified; kept as original sponsor name.,Nyrada Pty Ltd,Nyrada Pty Ltd,Use dashboard_sponsor_name
"O&D BioTech Group CO., Limited","O&D BioTech Group CO., Limited","O&D BioTech Group CO., Limited",left_as_is,no_review_needed,No related sponsor/parent mapping identified; kept as original sponsor name.,"O&D BioTech Group CO., Limited","O&D BioTech Group CO., Limited",Use dashboard_sponsor_name
OASIS Diagnostics S.A.,OASIS Diagnostics S.A.,OASIS Diagnostics S.A.,left_as_is,no_review_needed,No related sponsor/parent mapping identified; kept as original sponsor name.,OASIS Diagnostics S.A.,OASIS Diagnostics S.A.,Use dashboard_sponsor_name
"OBELAB, Inc.","OBELAB, Inc.","OBELAB, Inc.",left_as_is,no_review_needed,No related sponsor/parent mapping identified; kept as original sponsor name.,"OBELAB, Inc.","OBELAB, Inc.",Use dashboard_sponsor_name
"OCHIN, Inc.","OCHIN, Inc.","OCHIN, Inc.",left_as_is,no_review_needed,No related sponsor/parent mapping identified; kept as original sponsor name.,"OCHIN, Inc.","OCHIN, Inc.",Use dashboard_sponsor_name
OMNIFARMA LLC,OMNIFARMA LLC,OMNIFARMA LLC,left_as_is,no_review_needed,No related sponsor/parent mapping identified; kept as original sponsor name.,OMNIFARMA LLC,OMNIFARMA LLC,Use dashboard_sponsor_name
"ONWARD Medical, Inc.","ONWARD Medical, Inc.","ONWARD Medical, Inc.",left_as_is,no_review_needed,No related sponsor/parent mapping identified; kept as original sponsor name.,"ONWARD Medical, Inc.","ONWARD Medical, Inc.",Use dashboard_sponsor_name
OPCI Core Laboratories LLC,OPCI Core Laboratories LLC,OPCI Core Laboratories LLC,left_as_is,no_review_needed,No related sponsor/parent mapping identified; kept as original sponsor name.,OPCI Core Laboratories LLC,OPCI Core Laboratories LLC,Use dashboard_sponsor_name
ORIC Pharmaceuticals,ORIC Pharmaceuticals,ORIC Pharmaceuticals,left_as_is,no_review_needed,No related sponsor/parent mapping identified; kept as original sponsor name.,ORIC Pharmaceuticals,ORIC Pharmaceuticals,Use dashboard_sponsor_name
Octapharma,Octapharma,Octapharma,left_as_is,no_review_needed,No related sponsor/parent mapping identified; kept as original sponsor name.,Octapharma,Octapharma,Use dashboard_sponsor_name
"OcuTerra Therapeutics, Inc.","OcuTerra Therapeutics, Inc.","OcuTerra Therapeutics, Inc.",left_as_is,no_review_needed,No related sponsor/parent mapping identified; kept as original sponsor name.,"OcuTerra Therapeutics, Inc.","OcuTerra Therapeutics, Inc.",Use dashboard_sponsor_name
"Ocuphire Pharma, Inc.","Ocuphire Pharma, Inc.","Ocuphire Pharma, Inc.",left_as_is,no_review_needed,No related sponsor/parent mapping identified; kept as original sponsor name.,"Ocuphire Pharma, Inc.","Ocuphire Pharma, Inc.",Use dashboard_sponsor_name
Olawuyi Racett Nigeria Ltd,Olawuyi Racett Nigeria Ltd,Olawuyi Racett Nigeria Ltd,left_as_is,no_review_needed,No related sponsor/parent mapping identified; kept as original sponsor name.,Olawuyi Racett Nigeria Ltd,Olawuyi Racett Nigeria Ltd,Use dashboard_sponsor_name
Omeicos Therapeutics GmbH,Omeicos Therapeutics GmbH,Omeicos Therapeutics GmbH,left_as_is,no_review_needed,No related sponsor/parent mapping identified; kept as original sponsor name.,Omeicos Therapeutics GmbH,Omeicos Therapeutics GmbH,Use dashboard_sponsor_name
Omer Othman Abdullah,Omer Othman Abdullah,Omer Othman Abdullah,left_as_is,no_review_needed,No related sponsor/parent mapping identified; kept as original sponsor name.,Omer Othman Abdullah,Omer Othman Abdullah,Use dashboard_sponsor_name
"Omeza, LLC","Omeza, LLC","Omeza, LLC",left_as_is,no_review_needed,No related sponsor/parent mapping identified; kept as original sponsor name.,"Omeza, LLC","Omeza, LLC",Use dashboard_sponsor_name
OmniSolutions Laboratory Holdings Limited,OmniSolutions Laboratory Holdings Limited,OmniSolutions Laboratory Holdings Limited,left_as_is,no_review_needed,No related sponsor/parent mapping identified; kept as original sponsor name.,OmniSolutions Laboratory Holdings Limited,OmniSolutions Laboratory Holdings Limited,Use dashboard_sponsor_name
"Omron Healthcare Co., Ltd.","Omron Healthcare Co., Ltd.","Omron Healthcare Co., Ltd.",left_as_is,no_review_needed,No related sponsor/parent mapping identified; kept as original sponsor name.,"Omron Healthcare Co., Ltd.","Omron Healthcare Co., Ltd.",Use dashboard_sponsor_name
"On Pharma Importadora, Exportadora e Distribuidora de Medicamentos LTDA.","On Pharma Importadora, Exportadora e Distribuidora de Medicamentos LTDA.","On Pharma Importadora, Exportadora e Distribuidora de Medicamentos LTDA.",left_as_is,no_review_needed,No related sponsor/parent mapping identified; kept as original sponsor name.,"On Pharma Importadora, Exportadora e Distribuidora de Medicamentos LTDA.","On Pharma Importadora, Exportadora e Distribuidora de Medicamentos LTDA.",Use dashboard_sponsor_name
Oncopeptides AB,Oncopeptides AB,Oncopeptides AB,left_as_is,no_review_needed,No related sponsor/parent mapping identified; kept as original sponsor name.,Oncopeptides AB,Oncopeptides AB,Use dashboard_sponsor_name
Oncotherapeutics,Oncotherapeutics,Oncotherapeutics,left_as_is,no_review_needed,No related sponsor/parent mapping identified; kept as original sponsor name.,Oncotherapeutics,Oncotherapeutics,Use dashboard_sponsor_name
"Oneness Biotech Co., Ltd.","Oneness Biotech Co., Ltd.","Oneness Biotech Co., Ltd.",left_as_is,no_review_needed,No related sponsor/parent mapping identified; kept as original sponsor name.,"Oneness Biotech Co., Ltd.","Oneness Biotech Co., Ltd.",Use dashboard_sponsor_name
"Ophirex, Inc.","Ophirex, Inc.","Ophirex, Inc.",left_as_is,no_review_needed,No related sponsor/parent mapping identified; kept as original sponsor name.,"Ophirex, Inc.","Ophirex, Inc.",Use dashboard_sponsor_name
"Ophthalytics, Inc.","Ophthalytics, Inc.","Ophthalytics, Inc.",left_as_is,no_review_needed,No related sponsor/parent mapping identified; kept as original sponsor name.,"Ophthalytics, Inc.","Ophthalytics, Inc.",Use dashboard_sponsor_name
Opna Bio LLC,Opna Bio LLC,Opna Bio LLC,left_as_is,no_review_needed,No related sponsor/parent mapping identified; kept as original sponsor name.,Opna Bio LLC,Opna Bio LLC,Use dashboard_sponsor_name
"Opsens, Inc.","Opsens, Inc.","Opsens, Inc.",left_as_is,no_review_needed,No related sponsor/parent mapping identified; kept as original sponsor name.,"Opsens, Inc.","Opsens, Inc.",Use dashboard_sponsor_name
Optina Diagnostics Inc.,Optina Diagnostics Inc.,Optina Diagnostics Inc.,left_as_is,no_review_needed,No related sponsor/parent mapping identified; kept as original sponsor name.,Optina Diagnostics Inc.,Optina Diagnostics Inc.,Use dashboard_sponsor_name
"Optos, PLC","Optos, PLC","Optos, PLC",left_as_is,no_review_needed,No related sponsor/parent mapping identified; kept as original sponsor name.,"Optos, PLC","Optos, PLC",Use dashboard_sponsor_name
"Orchestra BioMed, Inc","Orchestra BioMed, Inc","Orchestra BioMed, Inc",left_as_is,no_review_needed,No related sponsor/parent mapping identified; kept as original sponsor name.,"Orchestra BioMed, Inc","Orchestra BioMed, Inc",Use dashboard_sponsor_name
"OriCell Therapeutics Co., Ltd.","OriCell Therapeutics Co., Ltd.","OriCell Therapeutics Co., Ltd.",left_as_is,no_review_needed,No related sponsor/parent mapping identified; kept as original sponsor name.,"OriCell Therapeutics Co., Ltd.","OriCell Therapeutics Co., Ltd.",Use dashboard_sponsor_name
"Orinove, Inc.","Orinove, Inc.","Orinove, Inc.",left_as_is,no_review_needed,No related sponsor/parent mapping identified; kept as original sponsor name.,"Orinove, Inc.","Orinove, Inc.",Use dashboard_sponsor_name
"Orlando Health, Inc.","Orlando Health, Inc.","Orlando Health, Inc.",left_as_is,no_review_needed,No related sponsor/parent mapping identified; kept as original sponsor name.,"Orlando Health, Inc.","Orlando Health, Inc.",Use dashboard_sponsor_name
Orpyx Medical Technologies Inc.,Orpyx Medical Technologies Inc.,Orpyx Medical Technologies Inc.,left_as_is,no_review_needed,No related sponsor/parent mapping identified; kept as original sponsor name.,Orpyx Medical Technologies Inc.,Orpyx Medical Technologies Inc.,Use dashboard_sponsor_name
"Orthocare Innovations, LLC","Orthocare Innovations, LLC","Orthocare Innovations, LLC",left_as_is,no_review_needed,No related sponsor/parent mapping identified; kept as original sponsor name.,"Orthocare Innovations, LLC","Orthocare Innovations, LLC",Use dashboard_sponsor_name
Orvida Pharma (formerly Kamari Pharma),Orvida Pharma ,Orvida Pharma ,left_as_is,no_review_needed,No related sponsor/parent mapping identified; kept as original sponsor name.,Orvida Pharma ,Orvida Pharma ,Use dashboard_sponsor_name
OsciFlex LLC,OsciFlex LLC,OsciFlex LLC,left_as_is,no_review_needed,No related sponsor/parent mapping identified; kept as original sponsor name.,OsciFlex LLC,OsciFlex LLC,Use dashboard_sponsor_name
"Otsuka Medical Devices Co., Ltd. Japan","Otsuka Medical Devices Co., Ltd. Japan","Otsuka Medical Devices Co., Ltd. Japan",left_as_is,no_review_needed,No related sponsor/parent mapping identified; kept as original sponsor name.,"Otsuka Medical Devices Co., Ltd. Japan","Otsuka Medical Devices Co., Ltd. Japan",Use dashboard_sponsor_name
"Otsuka Pharmaceutical Co., Ltd.","Otsuka Pharmaceutical Co., Ltd.","Otsuka Pharmaceutical Co., Ltd.",left_as_is,no_review_needed,No related sponsor/parent mapping identified; kept as original sponsor name.,"Otsuka Pharmaceutical Co., Ltd.","Otsuka Pharmaceutical Co., Ltd.",Use dashboard_sponsor_name
"Otsuka Pharmaceutical Development & Commercialization, Inc.","Otsuka Pharmaceutical Development & Commercialization, Inc.","Otsuka Pharmaceutical Development & Commercialization, Inc.",left_as_is,no_review_needed,No related sponsor/parent mapping identified; kept as original sponsor name.,"Otsuka Pharmaceutical Development & Commercialization, Inc.","Otsuka Pharmaceutical Development & Commercialization, Inc.",Use dashboard_sponsor_name
Ouraring Inc.,Ouraring Inc.,Ouraring Inc.,left_as_is,no_review_needed,No related sponsor/parent mapping identified; kept as original sponsor name.,Ouraring Inc.,Ouraring Inc.,Use dashboard_sponsor_name
"Outlook Therapeutics, Inc.","Outlook Therapeutics, Inc.","Outlook Therapeutics, Inc.",left_as_is,no_review_needed,No related sponsor/parent mapping identified; kept as original sponsor name.,"Outlook Therapeutics, Inc.","Outlook Therapeutics, Inc.",Use dashboard_sponsor_name
"Overseas Pharmaceuticals, Ltd.","Overseas Pharmaceuticals, Ltd.","Overseas Pharmaceuticals, Ltd.",left_as_is,no_review_needed,No related sponsor/parent mapping identified; kept as original sponsor name.,"Overseas Pharmaceuticals, Ltd.","Overseas Pharmaceuticals, Ltd.",Use dashboard_sponsor_name
Oviva UK Ltd,Oviva UK Ltd,Oviva UK Ltd,left_as_is,no_review_needed,No related sponsor/parent mapping identified; kept as original sponsor name.,Oviva UK Ltd,Oviva UK Ltd,Use dashboard_sponsor_name
Oxular Limited,Oxular Limited,Oxular Limited,left_as_is,no_review_needed,No related sponsor/parent mapping identified; kept as original sponsor name.,Oxular Limited,Oxular Limited,Use dashboard_sponsor_name
P+F Products + Features GmbH,P+F Products + Features GmbH,P+F Products + Features GmbH,left_as_is,no_review_needed,No related sponsor/parent mapping identified; kept as original sponsor name.,P+F Products + Features GmbH,P+F Products + Features GmbH,Use dashboard_sponsor_name
P+F Products + Features USA Inc.,P+F Products + Features USA Inc.,P+F Products + Features USA Inc.,left_as_is,no_review_needed,No related sponsor/parent mapping identified; kept as original sponsor name.,P+F Products + Features USA Inc.,P+F Products + Features USA Inc.,Use dashboard_sponsor_name
PEACHES BIOTECH,PEACHES BIOTECH,PEACHES BIOTECH,left_as_is,no_review_needed,No related sponsor/parent mapping identified; kept as original sponsor name.,PEACHES BIOTECH,PEACHES BIOTECH,Use dashboard_sponsor_name
PECA Labs,PECA Labs,PECA Labs,left_as_is,no_review_needed,No related sponsor/parent mapping identified; kept as original sponsor name.,PECA Labs,PECA Labs,Use dashboard_sponsor_name
PHARMENTERPRISES LLC,PHARMENTERPRISES LLC,PHARMENTERPRISES LLC,left_as_is,no_review_needed,No related sponsor/parent mapping identified; kept as original sponsor name.,PHARMENTERPRISES LLC,PHARMENTERPRISES LLC,Use dashboard_sponsor_name
POCKiT diagnostics Ltd,POCKiT diagnostics Ltd,POCKiT diagnostics Ltd,left_as_is,no_review_needed,No related sponsor/parent mapping identified; kept as original sponsor name.,POCKiT diagnostics Ltd,POCKiT diagnostics Ltd,Use dashboard_sponsor_name
POLYSAN Scientific & Technological Pharmaceutical Company,POLYSAN Scientific & Technological Pharmaceutical Company,POLYSAN Scientific & Technological Pharmaceutical Company,left_as_is,no_review_needed,No related sponsor/parent mapping identified; kept as original sponsor name.,POLYSAN Scientific & Technological Pharmaceutical Company,POLYSAN Scientific & Technological Pharmaceutical Company,Use dashboard_sponsor_name
"PRM Pharma, LLC","PRM Pharma, LLC","PRM Pharma, LLC",left_as_is,no_review_needed,No related sponsor/parent mapping identified; kept as original sponsor name.,"PRM Pharma, LLC","PRM Pharma, LLC",Use dashboard_sponsor_name
PTC Therapeutics,PTC Therapeutics,PTC Therapeutics,left_as_is,no_review_needed,No related sponsor/parent mapping identified; kept as original sponsor name.,PTC Therapeutics,PTC Therapeutics,Use dashboard_sponsor_name
Pablo Manuel Fernandez Corredoira,Pablo Manuel Fernandez Corredoira,Pablo Manuel Fernandez Corredoira,left_as_is,no_review_needed,No related sponsor/parent mapping identified; kept as original sponsor name.,Pablo Manuel Fernandez Corredoira,Pablo Manuel Fernandez Corredoira,Use dashboard_sponsor_name
"Palatin Technologies, Inc","Palatin Technologies, Inc","Palatin Technologies, Inc",left_as_is,no_review_needed,No related sponsor/parent mapping identified; kept as original sponsor name.,"Palatin Technologies, Inc","Palatin Technologies, Inc",Use dashboard_sponsor_name
"Palvella Therapeutics, Inc.","Palvella Therapeutics, Inc.","Palvella Therapeutics, Inc.",left_as_is,no_review_needed,No related sponsor/parent mapping identified; kept as original sponsor name.,"Palvella Therapeutics, Inc.","Palvella Therapeutics, Inc.",Use dashboard_sponsor_name
Paola Vitaglione,Paola Vitaglione,Paola Vitaglione,left_as_is,no_review_needed,No related sponsor/parent mapping identified; kept as original sponsor name.,Paola Vitaglione,Paola Vitaglione,Use dashboard_sponsor_name
"Paracrine, INC.","Paracrine, INC.","Paracrine, INC.",left_as_is,no_review_needed,No related sponsor/parent mapping identified; kept as original sponsor name.,"Paracrine, INC.","Paracrine, INC.",Use dashboard_sponsor_name
Paragate Medical LTD,Paragate Medical LTD,Paragate Medical LTD,left_as_is,no_review_needed,No related sponsor/parent mapping identified; kept as original sponsor name.,Paragate Medical LTD,Paragate Medical LTD,Use dashboard_sponsor_name
PathMaker Neurosystems Inc.,PathMaker Neurosystems Inc.,PathMaker Neurosystems Inc.,left_as_is,no_review_needed,No related sponsor/parent mapping identified; kept as original sponsor name.,PathMaker Neurosystems Inc.,PathMaker Neurosystems Inc.,Use dashboard_sponsor_name
Paul J. Gagne,Paul J. Gagne,Paul J. Gagne,left_as_is,no_review_needed,No related sponsor/parent mapping identified; kept as original sponsor name.,Paul J. Gagne,Paul J. Gagne,Use dashboard_sponsor_name
Paul Szabolcs,Paul Szabolcs,Paul Szabolcs,left_as_is,no_review_needed,No related sponsor/parent mapping identified; kept as original sponsor name.,Paul Szabolcs,Paul Szabolcs,Use dashboard_sponsor_name
PediaStent LLC,PediaStent LLC,PediaStent LLC,left_as_is,no_review_needed,No related sponsor/parent mapping identified; kept as original sponsor name.,PediaStent LLC,PediaStent LLC,Use dashboard_sponsor_name
"Pedra Technology, PTE LTD","Pedra Technology, PTE LTD","Pedra Technology, PTE LTD",left_as_is,no_review_needed,No related sponsor/parent mapping identified; kept as original sponsor name.,"Pedra Technology, PTE LTD","Pedra Technology, PTE LTD",Use dashboard_sponsor_name
"Peerbridge Health, Inc","Peerbridge Health, Inc","Peerbridge Health, Inc",left_as_is,no_review_needed,No related sponsor/parent mapping identified; kept as original sponsor name.,"Peerbridge Health, Inc","Peerbridge Health, Inc",Use dashboard_sponsor_name
"Peijia Medical Technology (Suzhou) Co., Ltd.","Peijia Medical Technology  Co., Ltd.","Peijia Medical Technology  Co., Ltd.",left_as_is,no_review_needed,No related sponsor/parent mapping identified; kept as original sponsor name.,"Peijia Medical Technology  Co., Ltd.","Peijia Medical Technology  Co., Ltd.",Use dashboard_sponsor_name
Pentracor GmbH,Pentracor GmbH,Pentracor GmbH,left_as_is,no_review_needed,No related sponsor/parent mapping identified; kept as original sponsor name.,Pentracor GmbH,Pentracor GmbH,Use dashboard_sponsor_name
Penumbra Inc.,Penumbra Inc.,Penumbra Inc.,left_as_is,no_review_needed,No related sponsor/parent mapping identified; kept as original sponsor name.,Penumbra Inc.,Penumbra Inc.,Use dashboard_sponsor_name
"Peptron, Inc.","Peptron, Inc.","Peptron, Inc.",left_as_is,no_review_needed,No related sponsor/parent mapping identified; kept as original sponsor name.,"Peptron, Inc.","Peptron, Inc.",Use dashboard_sponsor_name
"Perfuse Therapeutics, Inc.","Perfuse Therapeutics, Inc.","Perfuse Therapeutics, Inc.",left_as_is,no_review_needed,No related sponsor/parent mapping identified; kept as original sponsor name.,"Perfuse Therapeutics, Inc.","Perfuse Therapeutics, Inc.",Use dashboard_sponsor_name
Perfusio Corp.,Perfusio Corp.,Perfusio Corp.,left_as_is,no_review_needed,No related sponsor/parent mapping identified; kept as original sponsor name.,Perfusio Corp.,Perfusio Corp.,Use dashboard_sponsor_name
PeriPharm,PeriPharm,PeriPharm,left_as_is,no_review_needed,No related sponsor/parent mapping identified; kept as original sponsor name.,PeriPharm,PeriPharm,Use dashboard_sponsor_name
"Permed Biomedical Engineering Co., Ltd","Permed Biomedical Engineering Co., Ltd","Permed Biomedical Engineering Co., Ltd",left_as_is,no_review_needed,No related sponsor/parent mapping identified; kept as original sponsor name.,"Permed Biomedical Engineering Co., Ltd","Permed Biomedical Engineering Co., Ltd",Use dashboard_sponsor_name
Perosphere Technologies Inc.,Perosphere Technologies Inc.,Perosphere Technologies Inc.,left_as_is,no_review_needed,No related sponsor/parent mapping identified; kept as original sponsor name.,Perosphere Technologies Inc.,Perosphere Technologies Inc.,Use dashboard_sponsor_name
"PersonGen BioTherapeutics (Suzhou) Co., Ltd.","PersonGen BioTherapeutics  Co., Ltd.","PersonGen BioTherapeutics  Co., Ltd.",left_as_is,no_review_needed,No related sponsor/parent mapping identified; kept as original sponsor name.,"PersonGen BioTherapeutics  Co., Ltd.","PersonGen BioTherapeutics  Co., Ltd.",Use dashboard_sponsor_name
Peter Winch,Peter Winch,Peter Winch,left_as_is,no_review_needed,No related sponsor/parent mapping identified; kept as original sponsor name.,Peter Winch,Peter Winch,Use dashboard_sponsor_name
PharmaDiall Ltd.,PharmaDiall Ltd.,PharmaDiall Ltd.,left_as_is,no_review_needed,No related sponsor/parent mapping identified; kept as original sponsor name.,PharmaDiall Ltd.,PharmaDiall Ltd.,Use dashboard_sponsor_name
PharmaEssentia Japan K.K.,PharmaEssentia Japan K.K.,PharmaEssentia Japan K.K.,left_as_is,no_review_needed,No related sponsor/parent mapping identified; kept as original sponsor name.,PharmaEssentia Japan K.K.,PharmaEssentia Japan K.K.,Use dashboard_sponsor_name
Pharmacosmos A/S,Pharmacosmos A/S,Pharmacosmos A/S,left_as_is,no_review_needed,No related sponsor/parent mapping identified; kept as original sponsor name.,Pharmacosmos A/S,Pharmacosmos A/S,Use dashboard_sponsor_name
Pharmanex,Pharmanex,Pharmanex,left_as_is,no_review_needed,No related sponsor/parent mapping identified; kept as original sponsor name.,Pharmanex,Pharmanex,Use dashboard_sponsor_name
Pharmasoft,Pharmasoft,Pharmasoft,left_as_is,no_review_needed,No related sponsor/parent mapping identified; kept as original sponsor name.,Pharmasoft,Pharmasoft,Use dashboard_sponsor_name
"Pharmazz, Inc.","Pharmazz, Inc.","Pharmazz, Inc.",left_as_is,no_review_needed,No related sponsor/parent mapping identified; kept as original sponsor name.,"Pharmazz, Inc.","Pharmazz, Inc.",Use dashboard_sponsor_name
Pharming Technologies B.V.,Pharming Technologies B.V.,Pharming Technologies B.V.,left_as_is,no_review_needed,No related sponsor/parent mapping identified; kept as original sponsor name.,Pharming Technologies B.V.,Pharming Technologies B.V.,Use dashboard_sponsor_name
Pharmosa Biopharm Inc.,Pharmosa Biopharm Inc.,Pharmosa Biopharm Inc.,left_as_is,no_review_needed,No related sponsor/parent mapping identified; kept as original sponsor name.,Pharmosa Biopharm Inc.,Pharmosa Biopharm Inc.,Use dashboard_sponsor_name
Pharvaris Netherlands B.V.,Pharvaris Netherlands B.V.,Pharvaris Netherlands B.V.,left_as_is,no_review_needed,No related sponsor/parent mapping identified; kept as original sponsor name.,Pharvaris Netherlands B.V.,Pharvaris Netherlands B.V.,Use dashboard_sponsor_name
PhaseBio Pharmaceuticals Inc.,PhaseBio Pharmaceuticals Inc.,PhaseBio Pharmaceuticals Inc.,left_as_is,no_review_needed,No related sponsor/parent mapping identified; kept as original sponsor name.,PhaseBio Pharmaceuticals Inc.,PhaseBio Pharmaceuticals Inc.,Use dashboard_sponsor_name
"PhenoNet, Inc.","PhenoNet, Inc.","PhenoNet, Inc.",left_as_is,no_review_needed,No related sponsor/parent mapping identified; kept as original sponsor name.,"PhenoNet, Inc.","PhenoNet, Inc.",Use dashboard_sponsor_name
Phenox GmbH,Phenox GmbH,Phenox GmbH,left_as_is,no_review_needed,No related sponsor/parent mapping identified; kept as original sponsor name.,Phenox GmbH,Phenox GmbH,Use dashboard_sponsor_name
Philip Morris Products S.A.,Philip Morris Products S.A.,Philip Morris Products S.A.,left_as_is,no_review_needed,No related sponsor/parent mapping identified; kept as original sponsor name.,Philip Morris Products S.A.,Philip Morris Products S.A.,Use dashboard_sponsor_name
"Philips (China) Investment CO., LTD","Philips  Investment CO., LTD","Philips  Investment CO., LTD",left_as_is,no_review_needed,No related sponsor/parent mapping identified; kept as original sponsor name.,"Philips  Investment CO., LTD","Philips  Investment CO., LTD",Use dashboard_sponsor_name
Philips Electronics Nederland B.V. acting through Philips CTO organization,Philips Electronics Nederland B.V. acting through Philips CTO organization,Philips Electronics Nederland B.V. acting through Philips CTO organization,left_as_is,no_review_needed,No related sponsor/parent mapping identified; kept as original sponsor name.,Philips Electronics Nederland B.V. acting through Philips CTO organization,Philips Electronics Nederland B.V. acting through Philips CTO organization,Use dashboard_sponsor_name
Philips Portuguesa S.A.,Philips Portuguesa S.A.,Philips Portuguesa S.A.,left_as_is,no_review_needed,No related sponsor/parent mapping identified; kept as original sponsor name.,Philips Portuguesa S.A.,Philips Portuguesa S.A.,Use dashboard_sponsor_name
Pieris Australia Pty Ltd,Pieris Australia Pty Ltd,Pieris Australia Pty Ltd,left_as_is,no_review_needed,No related sponsor/parent mapping identified; kept as original sponsor name.,Pieris Australia Pty Ltd,Pieris Australia Pty Ltd,Use dashboard_sponsor_name
Pierre Fabre Dermo Cosmetique,Pierre Fabre Dermo Cosmetique,Pierre Fabre Dermo Cosmetique,left_as_is,no_review_needed,No related sponsor/parent mapping identified; kept as original sponsor name.,Pierre Fabre Dermo Cosmetique,Pierre Fabre Dermo Cosmetique,Use dashboard_sponsor_name
Pierre Fabre Medicament,Pierre Fabre Medicament,Pierre Fabre Medicament,left_as_is,no_review_needed,No related sponsor/parent mapping identified; kept as original sponsor name.,Pierre Fabre Medicament,Pierre Fabre Medicament,Use dashboard_sponsor_name
"Pinotbio, Inc.","Pinotbio, Inc.","Pinotbio, Inc.",left_as_is,no_review_needed,No related sponsor/parent mapping identified; kept as original sponsor name.,"Pinotbio, Inc.","Pinotbio, Inc.",Use dashboard_sponsor_name
Pivot Health Technologies Inc.,Pivot Health Technologies Inc.,Pivot Health Technologies Inc.,left_as_is,no_review_needed,No related sponsor/parent mapping identified; kept as original sponsor name.,Pivot Health Technologies Inc.,Pivot Health Technologies Inc.,Use dashboard_sponsor_name
PlaqueTec Ltd,PlaqueTec Ltd,PlaqueTec Ltd,left_as_is,no_review_needed,No related sponsor/parent mapping identified; kept as original sponsor name.,PlaqueTec Ltd,PlaqueTec Ltd,Use dashboard_sponsor_name
Plastic Surgery Group AG by Prof. Jian Farhadi,Plastic Surgery Group AG by Prof. Jian Farhadi,Plastic Surgery Group AG by Prof. Jian Farhadi,left_as_is,no_review_needed,No related sponsor/parent mapping identified; kept as original sponsor name.,Plastic Surgery Group AG by Prof. Jian Farhadi,Plastic Surgery Group AG by Prof. Jian Farhadi,Use dashboard_sponsor_name
"Pliant Therapeutics, Inc.","Pliant Therapeutics, Inc.","Pliant Therapeutics, Inc.",left_as_is,no_review_needed,No related sponsor/parent mapping identified; kept as original sponsor name.,"Pliant Therapeutics, Inc.","Pliant Therapeutics, Inc.",Use dashboard_sponsor_name
"Podimetrics, Inc.","Podimetrics, Inc.","Podimetrics, Inc.",left_as_is,no_review_needed,No related sponsor/parent mapping identified; kept as original sponsor name.,"Podimetrics, Inc.","Podimetrics, Inc.",Use dashboard_sponsor_name
"Polaryx Therapeutics, Inc.","Polaryx Therapeutics, Inc.","Polaryx Therapeutics, Inc.",left_as_is,no_review_needed,No related sponsor/parent mapping identified; kept as original sponsor name.,"Polaryx Therapeutics, Inc.","Polaryx Therapeutics, Inc.",Use dashboard_sponsor_name
"Poliklinika Agel, Dopravni zdravotnictvi a.s.","Poliklinika Agel, Dopravni zdravotnictvi a.s.","Poliklinika Agel, Dopravni zdravotnictvi a.s.",left_as_is,no_review_needed,No related sponsor/parent mapping identified; kept as original sponsor name.,"Poliklinika Agel, Dopravni zdravotnictvi a.s.","Poliklinika Agel, Dopravni zdravotnictvi a.s.",Use dashboard_sponsor_name
Poly Medicure Limited,Poly Medicure Limited,Poly Medicure Limited,left_as_is,no_review_needed,No related sponsor/parent mapping identified; kept as original sponsor name.,Poly Medicure Limited,Poly Medicure Limited,Use dashboard_sponsor_name
PolyNovo Biomaterials Pty Ltd.,PolyNovo Biomaterials Pty Ltd.,PolyNovo Biomaterials Pty Ltd.,left_as_is,no_review_needed,No related sponsor/parent mapping identified; kept as original sponsor name.,PolyNovo Biomaterials Pty Ltd.,PolyNovo Biomaterials Pty Ltd.,Use dashboard_sponsor_name
Polymedics Innovations Inc.,Polymedics Innovations Inc.,Polymedics Innovations Inc.,left_as_is,no_review_needed,No related sponsor/parent mapping identified; kept as original sponsor name.,Polymedics Innovations Inc.,Polymedics Innovations Inc.,Use dashboard_sponsor_name
"Poseida Therapeutics, Inc.","Poseida Therapeutics, Inc.","Poseida Therapeutics, Inc.",left_as_is,no_review_needed,No related sponsor/parent mapping identified; kept as original sponsor name.,"Poseida Therapeutics, Inc.","Poseida Therapeutics, Inc.",Use dashboard_sponsor_name
Power Life Sciences Inc.,Power Life Sciences Inc.,Power Life Sciences Inc.,left_as_is,no_review_needed,No related sponsor/parent mapping identified; kept as original sponsor name.,Power Life Sciences Inc.,Power Life Sciences Inc.,Use dashboard_sponsor_name
"PrECOG, LLC.","PrECOG, LLC.","PrECOG, LLC.",left_as_is,no_review_needed,No related sponsor/parent mapping identified; kept as original sponsor name.,"PrECOG, LLC.","PrECOG, LLC.",Use dashboard_sponsor_name
PranaQ Pte. Ltd.,PranaQ Pte. Ltd.,PranaQ Pte. Ltd.,left_as_is,no_review_needed,No related sponsor/parent mapping identified; kept as original sponsor name.,PranaQ Pte. Ltd.,PranaQ Pte. Ltd.,Use dashboard_sponsor_name
Precordior Ltd,Precordior Ltd,Precordior Ltd,left_as_is,no_review_needed,No related sponsor/parent mapping identified; kept as original sponsor name.,Precordior Ltd,Precordior Ltd,Use dashboard_sponsor_name
Prelude Therapeutics,Prelude Therapeutics,Prelude Therapeutics,left_as_is,no_review_needed,No related sponsor/parent mapping identified; kept as original sponsor name.,Prelude Therapeutics,Prelude Therapeutics,Use dashboard_sponsor_name
Presage,Presage,Presage,left_as_is,no_review_needed,No related sponsor/parent mapping identified; kept as original sponsor name.,Presage,Presage,Use dashboard_sponsor_name
"Profusa, Inc.","Profusa, Inc.","Profusa, Inc.",left_as_is,no_review_needed,No related sponsor/parent mapping identified; kept as original sponsor name.,"Profusa, Inc.","Profusa, Inc.",Use dashboard_sponsor_name
"ProgenaCare Global, LLC","ProgenaCare Global, LLC","ProgenaCare Global, LLC",left_as_is,no_review_needed,No related sponsor/parent mapping identified; kept as original sponsor name.,"ProgenaCare Global, LLC","ProgenaCare Global, LLC",Use dashboard_sponsor_name
Progenitec Inc.,Progenitec Inc.,Progenitec Inc.,left_as_is,no_review_needed,No related sponsor/parent mapping identified; kept as original sponsor name.,Progenitec Inc.,Progenitec Inc.,Use dashboard_sponsor_name
Prolacta Bioscience,Prolacta Bioscience,Prolacta Bioscience,left_as_is,no_review_needed,No related sponsor/parent mapping identified; kept as original sponsor name.,Prolacta Bioscience,Prolacta Bioscience,Use dashboard_sponsor_name
"Prolocor, Inc","Prolocor, Inc","Prolocor, Inc",left_as_is,no_review_needed,No related sponsor/parent mapping identified; kept as original sponsor name.,"Prolocor, Inc","Prolocor, Inc",Use dashboard_sponsor_name
Prolong Pharmaceuticals,Prolong Pharmaceuticals,Prolong Pharmaceuticals,left_as_is,no_review_needed,No related sponsor/parent mapping identified; kept as original sponsor name.,Prolong Pharmaceuticals,Prolong Pharmaceuticals,Use dashboard_sponsor_name
Protembis GmbH,Protembis GmbH,Protembis GmbH,left_as_is,no_review_needed,No related sponsor/parent mapping identified; kept as original sponsor name.,Protembis GmbH,Protembis GmbH,Use dashboard_sponsor_name
"Protexa Endovascular, Inc.","Protexa Endovascular, Inc.","Protexa Endovascular, Inc.",left_as_is,no_review_needed,No related sponsor/parent mapping identified; kept as original sponsor name.,"Protexa Endovascular, Inc.","Protexa Endovascular, Inc.",Use dashboard_sponsor_name
"Pulmoquine Therapeutics, Inc","Pulmoquine Therapeutics, Inc","Pulmoquine Therapeutics, Inc",left_as_is,no_review_needed,No related sponsor/parent mapping identified; kept as original sponsor name.,"Pulmoquine Therapeutics, Inc","Pulmoquine Therapeutics, Inc",Use dashboard_sponsor_name
"Pulmovant, Inc.","Pulmovant, Inc.","Pulmovant, Inc.",left_as_is,no_review_needed,No related sponsor/parent mapping identified; kept as original sponsor name.,"Pulmovant, Inc.","Pulmovant, Inc.",Use dashboard_sponsor_name
"Pulnovo Medical (Wuxi) Co., Ltd.","Pulnovo Medical  Co., Ltd.","Pulnovo Medical  Co., Ltd.",left_as_is,no_review_needed,No related sponsor/parent mapping identified; kept as original sponsor name.,"Pulnovo Medical  Co., Ltd.","Pulnovo Medical  Co., Ltd.",Use dashboard_sponsor_name
"Pulnovo Medical, Inc.","Pulnovo Medical, Inc.","Pulnovo Medical, Inc.",left_as_is,no_review_needed,No related sponsor/parent mapping identified; kept as original sponsor name.,"Pulnovo Medical, Inc.","Pulnovo Medical, Inc.",Use dashboard_sponsor_name
"Pulse Biosciences, Inc.","Pulse Biosciences, Inc.","Pulse Biosciences, Inc.",left_as_is,no_review_needed,No related sponsor/parent mapping identified; kept as original sponsor name.,"Pulse Biosciences, Inc.","Pulse Biosciences, Inc.",Use dashboard_sponsor_name
"Pulse Medical Imaging Technology (Shanghai) Co., Ltd","Pulse Medical Imaging Technology  Co., Ltd","Pulse Medical Imaging Technology  Co., Ltd",left_as_is,no_review_needed,No related sponsor/parent mapping identified; kept as original sponsor name.,"Pulse Medical Imaging Technology  Co., Ltd","Pulse Medical Imaging Technology  Co., Ltd",Use dashboard_sponsor_name
PulseAI Ltd,PulseAI Ltd,PulseAI Ltd,left_as_is,no_review_needed,No related sponsor/parent mapping identified; kept as original sponsor name.,PulseAI Ltd,PulseAI Ltd,Use dashboard_sponsor_name
Puzzle Medical Devices Inc.,Puzzle Medical Devices Inc.,Puzzle Medical Devices Inc.,left_as_is,no_review_needed,No related sponsor/parent mapping identified; kept as original sponsor name.,Puzzle Medical Devices Inc.,Puzzle Medical Devices Inc.,Use dashboard_sponsor_name
QVITI S.A.,QVITI S.A.,QVITI S.A.,left_as_is,no_review_needed,No related sponsor/parent mapping identified; kept as original sponsor name.,QVITI S.A.,QVITI S.A.,Use dashboard_sponsor_name
"Qilu Pharmaceutical (Hainan) Co., Ltd.","Qilu Pharmaceutical  Co., Ltd.","Qilu Pharmaceutical  Co., Ltd.",left_as_is,no_review_needed,No related sponsor/parent mapping identified; kept as original sponsor name.,"Qilu Pharmaceutical  Co., Ltd.","Qilu Pharmaceutical  Co., Ltd.",Use dashboard_sponsor_name
"Qilu Pharmaceutical Co., Ltd.","Qilu Pharmaceutical Co., Ltd.","Qilu Pharmaceutical Co., Ltd.",left_as_is,no_review_needed,No related sponsor/parent mapping identified; kept as original sponsor name.,"Qilu Pharmaceutical Co., Ltd.","Qilu Pharmaceutical Co., Ltd.",Use dashboard_sponsor_name
Qilu Puget Sound Biotherapeutics (dba Sound Biologics),Qilu Puget Sound Biotherapeutics ,Qilu Puget Sound Biotherapeutics ,left_as_is,no_review_needed,No related sponsor/parent mapping identified; kept as original sponsor name.,Qilu Puget Sound Biotherapeutics ,Qilu Puget Sound Biotherapeutics ,Use dashboard_sponsor_name
"Qlaris Bio, Inc.","Qlaris Bio, Inc.","Qlaris Bio, Inc.",left_as_is,no_review_needed,No related sponsor/parent mapping identified; kept as original sponsor name.,"Qlaris Bio, Inc.","Qlaris Bio, Inc.",Use dashboard_sponsor_name
Qmedics AG,Qmedics AG,Qmedics AG,left_as_is,no_review_needed,No related sponsor/parent mapping identified; kept as original sponsor name.,Qmedics AG,Qmedics AG,Use dashboard_sponsor_name
QualiMed Innovative Medizinprodukte GmbH,QualiMed Innovative Medizinprodukte GmbH,QualiMed Innovative Medizinprodukte GmbH,left_as_is,no_review_needed,No related sponsor/parent mapping identified; kept as original sponsor name.,QualiMed Innovative Medizinprodukte GmbH,QualiMed Innovative Medizinprodukte GmbH,Use dashboard_sponsor_name
"Quality Living, Inc.","Quality Living, Inc.","Quality Living, Inc.",left_as_is,no_review_needed,No related sponsor/parent mapping identified; kept as original sponsor name.,"Quality Living, Inc.","Quality Living, Inc.",Use dashboard_sponsor_name
Quell Therapeutics Limited,Quell Therapeutics Limited,Quell Therapeutics Limited,left_as_is,no_review_needed,No related sponsor/parent mapping identified; kept as original sponsor name.,Quell Therapeutics Limited,Quell Therapeutics Limited,Use dashboard_sponsor_name
Quercis Pharma AG,Quercis Pharma AG,Quercis Pharma AG,left_as_is,no_review_needed,No related sponsor/parent mapping identified; kept as original sponsor name.,Quercis Pharma AG,Quercis Pharma AG,Use dashboard_sponsor_name
Quince Therapeutics S.p.A.,Quince Therapeutics S.p.A.,Quince Therapeutics S.p.A.,left_as_is,no_review_needed,No related sponsor/parent mapping identified; kept as original sponsor name.,Quince Therapeutics S.p.A.,Quince Therapeutics S.p.A.,Use dashboard_sponsor_name
"Qure Healthcare, LLC","Qure Healthcare, LLC","Qure Healthcare, LLC",left_as_is,no_review_needed,No related sponsor/parent mapping identified; kept as original sponsor name.,"Qure Healthcare, LLC","Qure Healthcare, LLC",Use dashboard_sponsor_name
R-Pharm,R-Pharm,R-Pharm,left_as_is,no_review_needed,No related sponsor/parent mapping identified; kept as original sponsor name.,R-Pharm,R-Pharm,Use dashboard_sponsor_name
"R-Pharm Overseas, Inc.","R-Pharm Overseas, Inc.","R-Pharm Overseas, Inc.",left_as_is,no_review_needed,No related sponsor/parent mapping identified; kept as original sponsor name.,"R-Pharm Overseas, Inc.","R-Pharm Overseas, Inc.",Use dashboard_sponsor_name
R3 Vascular Inc.,R3 Vascular Inc.,R3 Vascular Inc.,left_as_is,no_review_needed,No related sponsor/parent mapping identified; kept as original sponsor name.,R3 Vascular Inc.,R3 Vascular Inc.,Use dashboard_sponsor_name
"REDNVIA Co., Ltd.","REDNVIA Co., Ltd.","REDNVIA Co., Ltd.",left_as_is,no_review_needed,No related sponsor/parent mapping identified; kept as original sponsor name.,"REDNVIA Co., Ltd.","REDNVIA Co., Ltd.",Use dashboard_sponsor_name
"REEM (Shenzhen) Healthcare Co., Ltd","REEM  Healthcare Co., Ltd","REEM  Healthcare Co., Ltd",left_as_is,no_review_needed,No related sponsor/parent mapping identified; kept as original sponsor name.,"REEM  Healthcare Co., Ltd","REEM  Healthcare Co., Ltd",Use dashboard_sponsor_name
REEV LLC,REEV LLC,REEV LLC,left_as_is,no_review_needed,No related sponsor/parent mapping identified; kept as original sponsor name.,REEV LLC,REEV LLC,Use dashboard_sponsor_name
"RETINA-AI Health, Inc.","RETINA-AI Health, Inc.","RETINA-AI Health, Inc.",left_as_is,no_review_needed,No related sponsor/parent mapping identified; kept as original sponsor name.,"RETINA-AI Health, Inc.","RETINA-AI Health, Inc.",Use dashboard_sponsor_name
"REVA Medical, Inc.","REVA Medical, Inc.","REVA Medical, Inc.",left_as_is,no_review_needed,No related sponsor/parent mapping identified; kept as original sponsor name.,"REVA Medical, Inc.","REVA Medical, Inc.",Use dashboard_sponsor_name
RHA Investments Ltd,RHA Investments Ltd,RHA Investments Ltd,left_as_is,no_review_needed,No related sponsor/parent mapping identified; kept as original sponsor name.,RHA Investments Ltd,RHA Investments Ltd,Use dashboard_sponsor_name
RHEACELL GmbH & Co. KG,RHEACELL GmbH & Co. KG,RHEACELL GmbH & Co. KG,left_as_is,no_review_needed,No related sponsor/parent mapping identified; kept as original sponsor name.,RHEACELL GmbH & Co. KG,RHEACELL GmbH & Co. KG,Use dashboard_sponsor_name
"ROM Technologies, INC","ROM Technologies, INC","ROM Technologies, INC",left_as_is,no_review_needed,No related sponsor/parent mapping identified; kept as original sponsor name.,"ROM Technologies, INC","ROM Technologies, INC",Use dashboard_sponsor_name
Raban Jeger,Raban Jeger,Raban Jeger,left_as_is,no_review_needed,No related sponsor/parent mapping identified; kept as original sponsor name.,Raban Jeger,Raban Jeger,Use dashboard_sponsor_name
"RadiRad Co., Ltd.","RadiRad Co., Ltd.","RadiRad Co., Ltd.",left_as_is,no_review_needed,No related sponsor/parent mapping identified; kept as original sponsor name.,"RadiRad Co., Ltd.","RadiRad Co., Ltd.",Use dashboard_sponsor_name
"Radius Health, Inc.","Radius Health, Inc.","Radius Health, Inc.",left_as_is,no_review_needed,No related sponsor/parent mapping identified; kept as original sponsor name.,"Radius Health, Inc.","Radius Health, Inc.",Use dashboard_sponsor_name
"RapidPulse, Inc","RapidPulse, Inc","RapidPulse, Inc",left_as_is,no_review_needed,No related sponsor/parent mapping identified; kept as original sponsor name.,"RapidPulse, Inc","RapidPulse, Inc",Use dashboard_sponsor_name
"ReAlta Life Sciences, Inc.","ReAlta Life Sciences, Inc.","ReAlta Life Sciences, Inc.",left_as_is,no_review_needed,No related sponsor/parent mapping identified; kept as original sponsor name.,"ReAlta Life Sciences, Inc.","ReAlta Life Sciences, Inc.",Use dashboard_sponsor_name
ReCode Therapeutics,ReCode Therapeutics,ReCode Therapeutics,left_as_is,no_review_needed,No related sponsor/parent mapping identified; kept as original sponsor name.,ReCode Therapeutics,ReCode Therapeutics,Use dashboard_sponsor_name
"ReCor Medical, Inc.","ReCor Medical, Inc.","ReCor Medical, Inc.",left_as_is,no_review_needed,No related sponsor/parent mapping identified; kept as original sponsor name.,"ReCor Medical, Inc.","ReCor Medical, Inc.",Use dashboard_sponsor_name
"ReFlow Medical, Inc.","ReFlow Medical, Inc.","ReFlow Medical, Inc.",left_as_is,no_review_needed,No related sponsor/parent mapping identified; kept as original sponsor name.,"ReFlow Medical, Inc.","ReFlow Medical, Inc.",Use dashboard_sponsor_name
ReNeuron Limited,ReNeuron Limited,ReNeuron Limited,left_as_is,no_review_needed,No related sponsor/parent mapping identified; kept as original sponsor name.,ReNeuron Limited,ReNeuron Limited,Use dashboard_sponsor_name
ReValve Solutions Inc.,ReValve Solutions Inc.,ReValve Solutions Inc.,left_as_is,no_review_needed,No related sponsor/parent mapping identified; kept as original sponsor name.,ReValve Solutions Inc.,ReValve Solutions Inc.,Use dashboard_sponsor_name
"Recardio, Inc.","Recardio, Inc.","Recardio, Inc.",left_as_is,no_review_needed,No related sponsor/parent mapping identified; kept as original sponsor name.,"Recardio, Inc.","Recardio, Inc.",Use dashboard_sponsor_name
"Recross Cardio, Inc.","Recross Cardio, Inc.","Recross Cardio, Inc.",left_as_is,no_review_needed,No related sponsor/parent mapping identified; kept as original sponsor name.,"Recross Cardio, Inc.","Recross Cardio, Inc.",Use dashboard_sponsor_name
Recursion Pharmaceuticals Inc.,Recursion Pharmaceuticals Inc.,Recursion Pharmaceuticals Inc.,left_as_is,no_review_needed,No related sponsor/parent mapping identified; kept as original sponsor name.,Recursion Pharmaceuticals Inc.,Recursion Pharmaceuticals Inc.,Use dashboard_sponsor_name
RedDress Ltd.,RedDress Ltd.,RedDress Ltd.,left_as_is,no_review_needed,No related sponsor/parent mapping identified; kept as original sponsor name.,RedDress Ltd.,RedDress Ltd.,Use dashboard_sponsor_name
Regor Pharmaceuticals Inc.,Regor Pharmaceuticals Inc.,Regor Pharmaceuticals Inc.,left_as_is,no_review_needed,No related sponsor/parent mapping identified; kept as original sponsor name.,Regor Pharmaceuticals Inc.,Regor Pharmaceuticals Inc.,Use dashboard_sponsor_name
Rehab Werida,Rehab Werida,Rehab Werida,left_as_is,no_review_needed,No related sponsor/parent mapping identified; kept as original sponsor name.,Rehab Werida,Rehab Werida,Use dashboard_sponsor_name
Rehabilitation Centre Zivot,Rehabilitation Centre Zivot,Rehabilitation Centre Zivot,left_as_is,no_review_needed,No related sponsor/parent mapping identified; kept as original sponsor name.,Rehabilitation Centre Zivot,Rehabilitation Centre Zivot,Use dashboard_sponsor_name
"Relay Therapeutics, Inc.","Relay Therapeutics, Inc.","Relay Therapeutics, Inc.",left_as_is,no_review_needed,No related sponsor/parent mapping identified; kept as original sponsor name.,"Relay Therapeutics, Inc.","Relay Therapeutics, Inc.",Use dashboard_sponsor_name
"RemeGen Co., Ltd.","RemeGen Co., Ltd.","RemeGen Co., Ltd.",left_as_is,no_review_needed,No related sponsor/parent mapping identified; kept as original sponsor name.,"RemeGen Co., Ltd.","RemeGen Co., Ltd.",Use dashboard_sponsor_name
"Remedy Robotics, Inc.","Remedy Robotics, Inc.","Remedy Robotics, Inc.",left_as_is,no_review_needed,No related sponsor/parent mapping identified; kept as original sponsor name.,"Remedy Robotics, Inc.","Remedy Robotics, Inc.",Use dashboard_sponsor_name
Remote Cardiac Enablement,Remote Cardiac Enablement,Remote Cardiac Enablement,left_as_is,no_review_needed,No related sponsor/parent mapping identified; kept as original sponsor name.,Remote Cardiac Enablement,Remote Cardiac Enablement,Use dashboard_sponsor_name
Reponex Pharmaceuticals A/S,Reponex Pharmaceuticals A/S,Reponex Pharmaceuticals A/S,left_as_is,no_review_needed,No related sponsor/parent mapping identified; kept as original sponsor name.,Reponex Pharmaceuticals A/S,Reponex Pharmaceuticals A/S,Use dashboard_sponsor_name
"Reprieve Cardiovascular, Inc","Reprieve Cardiovascular, Inc","Reprieve Cardiovascular, Inc",left_as_is,no_review_needed,No related sponsor/parent mapping identified; kept as original sponsor name.,"Reprieve Cardiovascular, Inc","Reprieve Cardiovascular, Inc",Use dashboard_sponsor_name
"Reprise Biomedical, Inc.","Reprise Biomedical, Inc.","Reprise Biomedical, Inc.",left_as_is,no_review_needed,No related sponsor/parent mapping identified; kept as original sponsor name.,"Reprise Biomedical, Inc.","Reprise Biomedical, Inc.",Use dashboard_sponsor_name
Research on Healthcare Performance Lab U1290,Research on Healthcare Performance Lab U1290,Research on Healthcare Performance Lab U1290,left_as_is,no_review_needed,No related sponsor/parent mapping identified; kept as original sponsor name.,Research on Healthcare Performance Lab U1290,Research on Healthcare Performance Lab U1290,Use dashboard_sponsor_name
ResoTher Pharma,ResoTher Pharma,ResoTher Pharma,left_as_is,no_review_needed,No related sponsor/parent mapping identified; kept as original sponsor name.,ResoTher Pharma,ResoTher Pharma,Use dashboard_sponsor_name
Resonova (Shanghai) Medtech Limited,Resonova  Medtech Limited,Resonova  Medtech Limited,left_as_is,no_review_needed,No related sponsor/parent mapping identified; kept as original sponsor name.,Resonova  Medtech Limited,Resonova  Medtech Limited,Use dashboard_sponsor_name
"Respira Therapeutics, Inc.","Respira Therapeutics, Inc.","Respira Therapeutics, Inc.",left_as_is,no_review_needed,No related sponsor/parent mapping identified; kept as original sponsor name.,"Respira Therapeutics, Inc.","Respira Therapeutics, Inc.",Use dashboard_sponsor_name
Restore Medical Ltd,Restore Medical Ltd,Restore Medical Ltd,left_as_is,no_review_needed,No related sponsor/parent mapping identified; kept as original sponsor name.,Restore Medical Ltd,Restore Medical Ltd,Use dashboard_sponsor_name
Retension Pharmaceuticals. Inc.,Retension Pharmaceuticals. Inc.,Retension Pharmaceuticals. Inc.,left_as_is,no_review_needed,No related sponsor/parent mapping identified; kept as original sponsor name.,Retension Pharmaceuticals. Inc.,Retension Pharmaceuticals. Inc.,Use dashboard_sponsor_name
Retinal Care Inc.,Retinal Care Inc.,Retinal Care Inc.,left_as_is,no_review_needed,No related sponsor/parent mapping identified; kept as original sponsor name.,Retinal Care Inc.,Retinal Care Inc.,Use dashboard_sponsor_name
Retinow Health Technologies and R&D Industry Joint Stock Company,Retinow Health Technologies and R&D Industry Joint Stock Company,Retinow Health Technologies and R&D Industry Joint Stock Company,left_as_is,no_review_needed,No related sponsor/parent mapping identified; kept as original sponsor name.,Retinow Health Technologies and R&D Industry Joint Stock Company,Retinow Health Technologies and R&D Industry Joint Stock Company,Use dashboard_sponsor_name
Revalesio Corporation,Revalesio Corporation,Revalesio Corporation,left_as_is,no_review_needed,No related sponsor/parent mapping identified; kept as original sponsor name.,Revalesio Corporation,Revalesio Corporation,Use dashboard_sponsor_name
"Revelation Biosciences, Inc","Revelation Biosciences, Inc","Revelation Biosciences, Inc",left_as_is,no_review_needed,No related sponsor/parent mapping identified; kept as original sponsor name.,"Revelation Biosciences, Inc","Revelation Biosciences, Inc",Use dashboard_sponsor_name
Revlis Biotech Company Limited,Revlis Biotech Company Limited,Revlis Biotech Company Limited,left_as_is,no_review_needed,No related sponsor/parent mapping identified; kept as original sponsor name.,Revlis Biotech Company Limited,Revlis Biotech Company Limited,Use dashboard_sponsor_name
Revolo Biotherapeutics,Revolo Biotherapeutics,Revolo Biotherapeutics,left_as_is,no_review_needed,No related sponsor/parent mapping identified; kept as original sponsor name.,Revolo Biotherapeutics,Revolo Biotherapeutics,Use dashboard_sponsor_name
Rhythm AI Ltd,Rhythm AI Ltd,Rhythm AI Ltd,left_as_is,no_review_needed,No related sponsor/parent mapping identified; kept as original sponsor name.,Rhythm AI Ltd,Rhythm AI Ltd,Use dashboard_sponsor_name
Rhythm Diagnostic Systems,Rhythm Diagnostic Systems,Rhythm Diagnostic Systems,left_as_is,no_review_needed,No related sponsor/parent mapping identified; kept as original sponsor name.,Rhythm Diagnostic Systems,Rhythm Diagnostic Systems,Use dashboard_sponsor_name
"Rhythm Pharmaceuticals, Inc.","Rhythm Pharmaceuticals, Inc.","Rhythm Pharmaceuticals, Inc.",left_as_is,no_review_needed,No related sponsor/parent mapping identified; kept as original sponsor name.,"Rhythm Pharmaceuticals, Inc.","Rhythm Pharmaceuticals, Inc.",Use dashboard_sponsor_name
Richmond Pharmacology Limited,Richmond Pharmacology Limited,Richmond Pharmacology Limited,left_as_is,no_review_needed,No related sponsor/parent mapping identified; kept as original sponsor name.,Richmond Pharmacology Limited,Richmond Pharmacology Limited,Use dashboard_sponsor_name
Rion Inc.,Rion Inc.,Rion Inc.,left_as_is,no_review_needed,No related sponsor/parent mapping identified; kept as original sponsor name.,Rion Inc.,Rion Inc.,Use dashboard_sponsor_name
River 2 Renal Corp.,River 2 Renal Corp.,River 2 Renal Corp.,left_as_is,no_review_needed,No related sponsor/parent mapping identified; kept as original sponsor name.,River 2 Renal Corp.,River 2 Renal Corp.,Use dashboard_sponsor_name
"RizLab Health, Inc.","RizLab Health, Inc.","RizLab Health, Inc.",left_as_is,no_review_needed,No related sponsor/parent mapping identified; kept as original sponsor name.,"RizLab Health, Inc.","RizLab Health, Inc.",Use dashboard_sponsor_name
RobotDreams GmbH,RobotDreams GmbH,RobotDreams GmbH,left_as_is,no_review_needed,No related sponsor/parent mapping identified; kept as original sponsor name.,RobotDreams GmbH,RobotDreams GmbH,Use dashboard_sponsor_name
Rocket Pharmaceuticals Inc.,Rocket Pharmaceuticals Inc.,Rocket Pharmaceuticals Inc.,left_as_is,no_review_needed,No related sponsor/parent mapping identified; kept as original sponsor name.,Rocket Pharmaceuticals Inc.,Rocket Pharmaceuticals Inc.,Use dashboard_sponsor_name
"Rohto Pharmaceutical Co., Ltd.","Rohto Pharmaceutical Co., Ltd.","Rohto Pharmaceutical Co., Ltd.",left_as_is,no_review_needed,No related sponsor/parent mapping identified; kept as original sponsor name.,"Rohto Pharmaceutical Co., Ltd.","Rohto Pharmaceutical Co., Ltd.",Use dashboard_sponsor_name
Rostrum Medical Innovations Inc.,Rostrum Medical Innovations Inc.,Rostrum Medical Innovations Inc.,left_as_is,no_review_needed,No related sponsor/parent mapping identified; kept as original sponsor name.,Rostrum Medical Innovations Inc.,Rostrum Medical Innovations Inc.,Use dashboard_sponsor_name
"Route 92 Medical, Inc.","Route 92 Medical, Inc.","Route 92 Medical, Inc.",left_as_is,no_review_needed,No related sponsor/parent mapping identified; kept as original sponsor name.,"Route 92 Medical, Inc.","Route 92 Medical, Inc.",Use dashboard_sponsor_name
S&Ebio Co. Ltd.,S&Ebio Co. Ltd.,S&Ebio Co. Ltd.,left_as_is,no_review_needed,No related sponsor/parent mapping identified; kept as original sponsor name.,S&Ebio Co. Ltd.,S&Ebio Co. Ltd.,Use dashboard_sponsor_name
"S.Biomedics Co., Ltd.","S.Biomedics Co., Ltd.","S.Biomedics Co., Ltd.",left_as_is,no_review_needed,No related sponsor/parent mapping identified; kept as original sponsor name.,"S.Biomedics Co., Ltd.","S.Biomedics Co., Ltd.",Use dashboard_sponsor_name
S.LAB (SOLOWAYS),S.LAB ,S.LAB ,left_as_is,no_review_needed,No related sponsor/parent mapping identified; kept as original sponsor name.,S.LAB ,S.LAB ,Use dashboard_sponsor_name
"SB Technology, Inc.","SB Technology, Inc.","SB Technology, Inc.",left_as_is,no_review_needed,No related sponsor/parent mapping identified; kept as original sponsor name.,"SB Technology, Inc.","SB Technology, Inc.",Use dashboard_sponsor_name
SCBIO Inc.,SCBIO Inc.,SCBIO Inc.,left_as_is,no_review_needed,No related sponsor/parent mapping identified; kept as original sponsor name.,SCBIO Inc.,SCBIO Inc.,Use dashboard_sponsor_name
SCF Pharma,SCF Pharma,SCF Pharma,left_as_is,no_review_needed,No related sponsor/parent mapping identified; kept as original sponsor name.,SCF Pharma,SCF Pharma,Use dashboard_sponsor_name
"SCRI Development Innovations, LLC","SCRI Development Innovations, LLC","SCRI Development Innovations, LLC",left_as_is,no_review_needed,No related sponsor/parent mapping identified; kept as original sponsor name.,"SCRI Development Innovations, LLC","SCRI Development Innovations, LLC",Use dashboard_sponsor_name
"SK Chemicals Co., Ltd.","SK Chemicals Co., Ltd.","SK Chemicals Co., Ltd.",left_as_is,no_review_needed,No related sponsor/parent mapping identified; kept as original sponsor name.,"SK Chemicals Co., Ltd.","SK Chemicals Co., Ltd.",Use dashboard_sponsor_name
"SPH Qingdao Growful Pharmacetical Co.,Ltd","SPH Qingdao Growful Pharmacetical Co.,Ltd","SPH Qingdao Growful Pharmacetical Co.,Ltd",left_as_is,no_review_needed,No related sponsor/parent mapping identified; kept as original sponsor name.,"SPH Qingdao Growful Pharmacetical Co.,Ltd","SPH Qingdao Growful Pharmacetical Co.,Ltd",Use dashboard_sponsor_name
"SQ Innovation, Inc.","SQ Innovation, Inc.","SQ Innovation, Inc.",left_as_is,no_review_needed,No related sponsor/parent mapping identified; kept as original sponsor name.,"SQ Innovation, Inc.","SQ Innovation, Inc.",Use dashboard_sponsor_name
Sahajanand Medical Technologies Limited,Sahajanand Medical Technologies Limited,Sahajanand Medical Technologies Limited,left_as_is,no_review_needed,No related sponsor/parent mapping identified; kept as original sponsor name.,Sahajanand Medical Technologies Limited,Sahajanand Medical Technologies Limited,Use dashboard_sponsor_name
Sahar Abozkaly Mahmoud,Sahar Abozkaly Mahmoud,Sahar Abozkaly Mahmoud,left_as_is,no_review_needed,No related sponsor/parent mapping identified; kept as original sponsor name.,Sahar Abozkaly Mahmoud,Sahar Abozkaly Mahmoud,Use dashboard_sponsor_name
Saint John of God Intellectual Disability Services - Dublin South East,Saint John of God Intellectual Disability Services - Dublin South East,Saint John of God Intellectual Disability Services - Dublin South East,left_as_is,no_review_needed,No related sponsor/parent mapping identified; kept as original sponsor name.,Saint John of God Intellectual Disability Services - Dublin South East,Saint John of God Intellectual Disability Services - Dublin South East,Use dashboard_sponsor_name
Salubris Biotherapeutics Inc,Salubris Biotherapeutics Inc,Salubris Biotherapeutics Inc,left_as_is,no_review_needed,No related sponsor/parent mapping identified; kept as original sponsor name.,Salubris Biotherapeutics Inc,Salubris Biotherapeutics Inc,Use dashboard_sponsor_name
Sam Tyagi,Sam Tyagi,Sam Tyagi,left_as_is,no_review_needed,No related sponsor/parent mapping identified; kept as original sponsor name.,Sam Tyagi,Sam Tyagi,Use dashboard_sponsor_name
Samar Saad Abdelrahman,Samar Saad Abdelrahman,Samar Saad Abdelrahman,left_as_is,no_review_needed,No related sponsor/parent mapping identified; kept as original sponsor name.,Samar Saad Abdelrahman,Samar Saad Abdelrahman,Use dashboard_sponsor_name
Samir Saba,Samir Saba,Samir Saba,left_as_is,no_review_needed,No related sponsor/parent mapping identified; kept as original sponsor name.,Samir Saba,Samir Saba,Use dashboard_sponsor_name
"Samjin Pharmaceutical Co., Ltd.","Samjin Pharmaceutical Co., Ltd.","Samjin Pharmaceutical Co., Ltd.",left_as_is,no_review_needed,No related sponsor/parent mapping identified; kept as original sponsor name.,"Samjin Pharmaceutical Co., Ltd.","Samjin Pharmaceutical Co., Ltd.",Use dashboard_sponsor_name
"Samsung Bioepis Co., Ltd.","Samsung Bioepis Co., Ltd.","Samsung Bioepis Co., Ltd.",left_as_is,no_review_needed,No related sponsor/parent mapping identified; kept as original sponsor name.,"Samsung Bioepis Co., Ltd.","Samsung Bioepis Co., Ltd.",Use dashboard_sponsor_name
Sana Biotechnology,Sana Biotechnology,Sana Biotechnology,left_as_is,no_review_needed,No related sponsor/parent mapping identified; kept as original sponsor name.,Sana Biotechnology,Sana Biotechnology,Use dashboard_sponsor_name
Sangamo Therapeutics,Sangamo Therapeutics,Sangamo Therapeutics,left_as_is,no_review_needed,No related sponsor/parent mapping identified; kept as original sponsor name.,Sangamo Therapeutics,Sangamo Therapeutics,Use dashboard_sponsor_name
Sanguine Biosciences,Sanguine Biosciences,Sanguine Biosciences,left_as_is,no_review_needed,No related sponsor/parent mapping identified; kept as original sponsor name.,Sanguine Biosciences,Sanguine Biosciences,Use dashboard_sponsor_name
Sanifit Therapeutics S. A.,Sanifit Therapeutics S. A.,Sanifit Therapeutics S. A.,left_as_is,no_review_needed,No related sponsor/parent mapping identified; kept as original sponsor name.,Sanifit Therapeutics S. A.,Sanifit Therapeutics S. A.,Use dashboard_sponsor_name
Sanotize Research and Development corp.,Sanotize Research and Development corp.,Sanotize Research and Development corp.,left_as_is,no_review_needed,No related sponsor/parent mapping identified; kept as original sponsor name.,Sanotize Research and Development corp.,Sanotize Research and Development corp.,Use dashboard_sponsor_name
Santiago Gabriel Miriuka,Santiago Gabriel Miriuka,Santiago Gabriel Miriuka,left_as_is,no_review_needed,No related sponsor/parent mapping identified; kept as original sponsor name.,Santiago Gabriel Miriuka,Santiago Gabriel Miriuka,Use dashboard_sponsor_name
Santiago Ortega Gutierrez,Santiago Ortega Gutierrez,Santiago Ortega Gutierrez,left_as_is,no_review_needed,No related sponsor/parent mapping identified; kept as original sponsor name.,Santiago Ortega Gutierrez,Santiago Ortega Gutierrez,Use dashboard_sponsor_name
Sao Thai Duong Joint Stock Company,Sao Thai Duong Joint Stock Company,Sao Thai Duong Joint Stock Company,left_as_is,no_review_needed,No related sponsor/parent mapping identified; kept as original sponsor name.,Sao Thai Duong Joint Stock Company,Sao Thai Duong Joint Stock Company,Use dashboard_sponsor_name
Sarah Magdy Abdelmohsen,Sarah Magdy Abdelmohsen,Sarah Magdy Abdelmohsen,left_as_is,no_review_needed,No related sponsor/parent mapping identified; kept as original sponsor name.,Sarah Magdy Abdelmohsen,Sarah Magdy Abdelmohsen,Use dashboard_sponsor_name
Sarah Nabia,Sarah Nabia,Sarah Nabia,left_as_is,no_review_needed,No related sponsor/parent mapping identified; kept as original sponsor name.,Sarah Nabia,Sarah Nabia,Use dashboard_sponsor_name
Sarah Sabry Hashem,Sarah Sabry Hashem,Sarah Sabry Hashem,left_as_is,no_review_needed,No related sponsor/parent mapping identified; kept as original sponsor name.,Sarah Sabry Hashem,Sarah Sabry Hashem,Use dashboard_sponsor_name
"Saranas, Inc.","Saranas, Inc.","Saranas, Inc.",left_as_is,no_review_needed,No related sponsor/parent mapping identified; kept as original sponsor name.,"Saranas, Inc.","Saranas, Inc.",Use dashboard_sponsor_name
Sardocor Corp.,Sardocor Corp.,Sardocor Corp.,left_as_is,no_review_needed,No related sponsor/parent mapping identified; kept as original sponsor name.,Sardocor Corp.,Sardocor Corp.,Use dashboard_sponsor_name
"Sarepta Therapeutics, Inc.","Sarepta Therapeutics, Inc.","Sarepta Therapeutics, Inc.",left_as_is,no_review_needed,No related sponsor/parent mapping identified; kept as original sponsor name.,"Sarepta Therapeutics, Inc.","Sarepta Therapeutics, Inc.",Use dashboard_sponsor_name
"Sarfez Pharmaceuticals, Inc.","Sarfez Pharmaceuticals, Inc.","Sarfez Pharmaceuticals, Inc.",left_as_is,no_review_needed,No related sponsor/parent mapping identified; kept as original sponsor name.,"Sarfez Pharmaceuticals, Inc.","Sarfez Pharmaceuticals, Inc.",Use dashboard_sponsor_name
Saud Al Babtain Cardiac Center,Saud Al Babtain Cardiac Center,Saud Al Babtain Cardiac Center,left_as_is,no_review_needed,No related sponsor/parent mapping identified; kept as original sponsor name.,Saud Al Babtain Cardiac Center,Saud Al Babtain Cardiac Center,Use dashboard_sponsor_name
Savara Inc.,Savara Inc.,Savara Inc.,left_as_is,no_review_needed,No related sponsor/parent mapping identified; kept as original sponsor name.,Savara Inc.,Savara Inc.,Use dashboard_sponsor_name
"Schrödinger, Inc.","Schrödinger, Inc.","Schrödinger, Inc.",left_as_is,no_review_needed,No related sponsor/parent mapping identified; kept as original sponsor name.,"Schrödinger, Inc.","Schrödinger, Inc.",Use dashboard_sponsor_name
SciRhom GmbH,SciRhom GmbH,SciRhom GmbH,left_as_is,no_review_needed,No related sponsor/parent mapping identified; kept as original sponsor name.,SciRhom GmbH,SciRhom GmbH,Use dashboard_sponsor_name
"Scilex Pharmaceuticals, Inc.","Scilex Pharmaceuticals, Inc.","Scilex Pharmaceuticals, Inc.",left_as_is,no_review_needed,No related sponsor/parent mapping identified; kept as original sponsor name.,"Scilex Pharmaceuticals, Inc.","Scilex Pharmaceuticals, Inc.",Use dashboard_sponsor_name
Sciwind Biosciences APAC CO Pty. Ltd.,Sciwind Biosciences APAC CO Pty. Ltd.,Sciwind Biosciences APAC CO Pty. Ltd.,left_as_is,no_review_needed,No related sponsor/parent mapping identified; kept as original sponsor name.,Sciwind Biosciences APAC CO Pty. Ltd.,Sciwind Biosciences APAC CO Pty. Ltd.,Use dashboard_sponsor_name
Sealantium Medical Ltd.,Sealantium Medical Ltd.,Sealantium Medical Ltd.,left_as_is,no_review_needed,No related sponsor/parent mapping identified; kept as original sponsor name.,Sealantium Medical Ltd.,Sealantium Medical Ltd.,Use dashboard_sponsor_name
Segeberger Kliniken GmbH,Segeberger Kliniken GmbH,Segeberger Kliniken GmbH,left_as_is,no_review_needed,No related sponsor/parent mapping identified; kept as original sponsor name.,Segeberger Kliniken GmbH,Segeberger Kliniken GmbH,Use dashboard_sponsor_name
"Seigla Medical, Inc.","Seigla Medical, Inc.","Seigla Medical, Inc.",left_as_is,no_review_needed,No related sponsor/parent mapping identified; kept as original sponsor name.,"Seigla Medical, Inc.","Seigla Medical, Inc.",Use dashboard_sponsor_name
Seismic Pharmaceuticals Operations LLC,Seismic Pharmaceuticals Operations LLC,Seismic Pharmaceuticals Operations LLC,left_as_is,no_review_needed,No related sponsor/parent mapping identified; kept as original sponsor name.,Seismic Pharmaceuticals Operations LLC,Seismic Pharmaceuticals Operations LLC,Use dashboard_sponsor_name
"Senhwa Biosciences, Inc.","Senhwa Biosciences, Inc.","Senhwa Biosciences, Inc.",left_as_is,no_review_needed,No related sponsor/parent mapping identified; kept as original sponsor name.,"Senhwa Biosciences, Inc.","Senhwa Biosciences, Inc.",Use dashboard_sponsor_name
"Sense Diagnostics, LLC","Sense Diagnostics, LLC","Sense Diagnostics, LLC",left_as_is,no_review_needed,No related sponsor/parent mapping identified; kept as original sponsor name.,"Sense Diagnostics, LLC","Sense Diagnostics, LLC",Use dashboard_sponsor_name
Sensorum Health Inc.,Sensorum Health Inc.,Sensorum Health Inc.,left_as_is,no_review_needed,No related sponsor/parent mapping identified; kept as original sponsor name.,Sensorum Health Inc.,Sensorum Health Inc.,Use dashboard_sponsor_name
Sensydia Corporation,Sensydia Corporation,Sensydia Corporation,left_as_is,no_review_needed,No related sponsor/parent mapping identified; kept as original sponsor name.,Sensydia Corporation,Sensydia Corporation,Use dashboard_sponsor_name
Senti Biosciences,Senti Biosciences,Senti Biosciences,left_as_is,no_review_needed,No related sponsor/parent mapping identified; kept as original sponsor name.,Senti Biosciences,Senti Biosciences,Use dashboard_sponsor_name
"Sequence LifeScience, Inc.","Sequence LifeScience, Inc.","Sequence LifeScience, Inc.",left_as_is,no_review_needed,No related sponsor/parent mapping identified; kept as original sponsor name.,"Sequence LifeScience, Inc.","Sequence LifeScience, Inc.",Use dashboard_sponsor_name
"SerenaGroup, Inc.","SerenaGroup, Inc.","SerenaGroup, Inc.",left_as_is,no_review_needed,No related sponsor/parent mapping identified; kept as original sponsor name.,"SerenaGroup, Inc.","SerenaGroup, Inc.",Use dashboard_sponsor_name
"Serpin Pharma, LLC","Serpin Pharma, LLC","Serpin Pharma, LLC",left_as_is,no_review_needed,No related sponsor/parent mapping identified; kept as original sponsor name.,"Serpin Pharma, LLC","Serpin Pharma, LLC",Use dashboard_sponsor_name
Servier,Servier,Servier,left_as_is,no_review_needed,No related sponsor/parent mapping identified; kept as original sponsor name.,Servier,Servier,Use dashboard_sponsor_name
Servier Affaires Médicales,Servier Affaires Médicales,Servier Affaires Médicales,left_as_is,no_review_needed,No related sponsor/parent mapping identified; kept as original sponsor name.,Servier Affaires Médicales,Servier Affaires Médicales,Use dashboard_sponsor_name
Servier Russia,Servier Russia,Servier Russia,left_as_is,no_review_needed,No related sponsor/parent mapping identified; kept as original sponsor name.,Servier Russia,Servier Russia,Use dashboard_sponsor_name
"Shaanxi Micot Pharmaceutical Technology Co., Ltd.","Shaanxi Micot Pharmaceutical Technology Co., Ltd.","Shaanxi Micot Pharmaceutical Technology Co., Ltd.",left_as_is,no_review_needed,No related sponsor/parent mapping identified; kept as original sponsor name.,"Shaanxi Micot Pharmaceutical Technology Co., Ltd.","Shaanxi Micot Pharmaceutical Technology Co., Ltd.",Use dashboard_sponsor_name
Shabir Madhi,Shabir Madhi,Shabir Madhi,left_as_is,no_review_needed,No related sponsor/parent mapping identified; kept as original sponsor name.,Shabir Madhi,Shabir Madhi,Use dashboard_sponsor_name
Shahid Baba,Shahid Baba,Shahid Baba,left_as_is,no_review_needed,No related sponsor/parent mapping identified; kept as original sponsor name.,Shahid Baba,Shahid Baba,Use dashboard_sponsor_name
"Shandong Branden Med.Device Co.,Ltd","Shandong Branden Med.Device Co.,Ltd","Shandong Branden Med.Device Co.,Ltd",left_as_is,no_review_needed,No related sponsor/parent mapping identified; kept as original sponsor name.,"Shandong Branden Med.Device Co.,Ltd","Shandong Branden Med.Device Co.,Ltd",Use dashboard_sponsor_name
"Shandong New Time Pharmaceutical Co., LTD","Shandong New Time Pharmaceutical Co., LTD","Shandong New Time Pharmaceutical Co., LTD",left_as_is,no_review_needed,No related sponsor/parent mapping identified; kept as original sponsor name.,"Shandong New Time Pharmaceutical Co., LTD","Shandong New Time Pharmaceutical Co., LTD",Use dashboard_sponsor_name
"Shandong Qilu Stem Cells Engineering Co., Ltd.","Shandong Qilu Stem Cells Engineering Co., Ltd.","Shandong Qilu Stem Cells Engineering Co., Ltd.",left_as_is,no_review_needed,No related sponsor/parent mapping identified; kept as original sponsor name.,"Shandong Qilu Stem Cells Engineering Co., Ltd.","Shandong Qilu Stem Cells Engineering Co., Ltd.",Use dashboard_sponsor_name
"Shandong Suncadia Medicine Co., Ltd.","Shandong Suncadia Medicine Co., Ltd.","Shandong Suncadia Medicine Co., Ltd.",left_as_is,no_review_needed,No related sponsor/parent mapping identified; kept as original sponsor name.,"Shandong Suncadia Medicine Co., Ltd.","Shandong Suncadia Medicine Co., Ltd.",Use dashboard_sponsor_name
Shanghai AbelZeta Ltd.,Shanghai AbelZeta Ltd.,Shanghai AbelZeta Ltd.,left_as_is,no_review_needed,No related sponsor/parent mapping identified; kept as original sponsor name.,Shanghai AbelZeta Ltd.,Shanghai AbelZeta Ltd.,Use dashboard_sponsor_name
"Shanghai Argo Biopharmaceutical Co., Ltd.","Shanghai Argo Biopharmaceutical Co., Ltd.","Shanghai Argo Biopharmaceutical Co., Ltd.",left_as_is,no_review_needed,No related sponsor/parent mapping identified; kept as original sponsor name.,"Shanghai Argo Biopharmaceutical Co., Ltd.","Shanghai Argo Biopharmaceutical Co., Ltd.",Use dashboard_sponsor_name
"Shanghai Ark Biopharmaceutical Co., Ltd.","Shanghai Ark Biopharmaceutical Co., Ltd.","Shanghai Ark Biopharmaceutical Co., Ltd.",left_as_is,no_review_needed,No related sponsor/parent mapping identified; kept as original sponsor name.,"Shanghai Ark Biopharmaceutical Co., Ltd.","Shanghai Ark Biopharmaceutical Co., Ltd.",Use dashboard_sponsor_name
"Shanghai Auzone Biological Technology Co., Ltd.","Shanghai Auzone Biological Technology Co., Ltd.","Shanghai Auzone Biological Technology Co., Ltd.",left_as_is,no_review_needed,No related sponsor/parent mapping identified; kept as original sponsor name.,"Shanghai Auzone Biological Technology Co., Ltd.","Shanghai Auzone Biological Technology Co., Ltd.",Use dashboard_sponsor_name
"Shanghai BDgene Co., Ltd.","Shanghai BDgene Co., Ltd.","Shanghai BDgene Co., Ltd.",left_as_is,no_review_needed,No related sponsor/parent mapping identified; kept as original sponsor name.,"Shanghai BDgene Co., Ltd.","Shanghai BDgene Co., Ltd.",Use dashboard_sponsor_name
"Shanghai Bluesail Boyuan Medical Technology Co., Ltd.","Shanghai Bluesail Boyuan Medical Technology Co., Ltd.","Shanghai Bluesail Boyuan Medical Technology Co., Ltd.",left_as_is,no_review_needed,No related sponsor/parent mapping identified; kept as original sponsor name.,"Shanghai Bluesail Boyuan Medical Technology Co., Ltd.","Shanghai Bluesail Boyuan Medical Technology Co., Ltd.",Use dashboard_sponsor_name
"Shanghai Bomaian Medical Technology Co., Ltd","Shanghai Bomaian Medical Technology Co., Ltd","Shanghai Bomaian Medical Technology Co., Ltd",left_as_is,no_review_needed,No related sponsor/parent mapping identified; kept as original sponsor name.,"Shanghai Bomaian Medical Technology Co., Ltd","Shanghai Bomaian Medical Technology Co., Ltd",Use dashboard_sponsor_name
"Shanghai Cell Therapy Group Co.,Ltd","Shanghai Cell Therapy Group Co.,Ltd","Shanghai Cell Therapy Group Co.,Ltd",left_as_is,no_review_needed,No related sponsor/parent mapping identified; kept as original sponsor name.,"Shanghai Cell Therapy Group Co.,Ltd","Shanghai Cell Therapy Group Co.,Ltd",Use dashboard_sponsor_name
"Shanghai CureGene Pharmaceutical Co., Ltd.","Shanghai CureGene Pharmaceutical Co., Ltd.","Shanghai CureGene Pharmaceutical Co., Ltd.",left_as_is,no_review_needed,No related sponsor/parent mapping identified; kept as original sponsor name.,"Shanghai CureGene Pharmaceutical Co., Ltd.","Shanghai CureGene Pharmaceutical Co., Ltd.",Use dashboard_sponsor_name
"Shanghai EpimAb Biotherapeutics Co., Ltd.","Shanghai EpimAb Biotherapeutics Co., Ltd.","Shanghai EpimAb Biotherapeutics Co., Ltd.",left_as_is,no_review_needed,No related sponsor/parent mapping identified; kept as original sponsor name.,"Shanghai EpimAb Biotherapeutics Co., Ltd.","Shanghai EpimAb Biotherapeutics Co., Ltd.",Use dashboard_sponsor_name
Shanghai Golden Leaf MedTec Co. Ltd,Shanghai Golden Leaf MedTec Co. Ltd,Shanghai Golden Leaf MedTec Co. Ltd,left_as_is,no_review_needed,No related sponsor/parent mapping identified; kept as original sponsor name.,Shanghai Golden Leaf MedTec Co. Ltd,Shanghai Golden Leaf MedTec Co. Ltd,Use dashboard_sponsor_name
"Shanghai Gopherwood Biotech Co., Ltd.","Shanghai Gopherwood Biotech Co., Ltd.","Shanghai Gopherwood Biotech Co., Ltd.",left_as_is,no_review_needed,No related sponsor/parent mapping identified; kept as original sponsor name.,"Shanghai Gopherwood Biotech Co., Ltd.","Shanghai Gopherwood Biotech Co., Ltd.",Use dashboard_sponsor_name
"Shanghai HeartEpoch Medical Technology Co., Ltd","Shanghai HeartEpoch Medical Technology Co., Ltd","Shanghai HeartEpoch Medical Technology Co., Ltd",left_as_is,no_review_needed,No related sponsor/parent mapping identified; kept as original sponsor name.,"Shanghai HeartEpoch Medical Technology Co., Ltd","Shanghai HeartEpoch Medical Technology Co., Ltd",Use dashboard_sponsor_name
"Shanghai Hengrui Pharmaceutical Co., Ltd.","Shanghai Hengrui Pharmaceutical Co., Ltd.","Shanghai Hengrui Pharmaceutical Co., Ltd.",left_as_is,no_review_needed,No related sponsor/parent mapping identified; kept as original sponsor name.,"Shanghai Hengrui Pharmaceutical Co., Ltd.","Shanghai Hengrui Pharmaceutical Co., Ltd.",Use dashboard_sponsor_name
Shanghai Henlius Biotech,Shanghai Henlius Biotech,Shanghai Henlius Biotech,left_as_is,no_review_needed,No related sponsor/parent mapping identified; kept as original sponsor name.,Shanghai Henlius Biotech,Shanghai Henlius Biotech,Use dashboard_sponsor_name
"Shanghai Hongdian Medical CO., LTD","Shanghai Hongdian Medical CO., LTD","Shanghai Hongdian Medical CO., LTD",left_as_is,no_review_needed,No related sponsor/parent mapping identified; kept as original sponsor name.,"Shanghai Hongdian Medical CO., LTD","Shanghai Hongdian Medical CO., LTD",Use dashboard_sponsor_name
"Shanghai Huihe Medical Technology Co., Ltd","Shanghai Huihe Medical Technology Co., Ltd","Shanghai Huihe Medical Technology Co., Ltd",left_as_is,no_review_needed,No related sponsor/parent mapping identified; kept as original sponsor name.,"Shanghai Huihe Medical Technology Co., Ltd","Shanghai Huihe Medical Technology Co., Ltd",Use dashboard_sponsor_name
Shanghai Hutchison Pharmaceuticals Limited,Shanghai Hutchison Pharmaceuticals Limited,Shanghai Hutchison Pharmaceuticals Limited,left_as_is,no_review_needed,No related sponsor/parent mapping identified; kept as original sponsor name.,Shanghai Hutchison Pharmaceuticals Limited,Shanghai Hutchison Pharmaceuticals Limited,Use dashboard_sponsor_name
"Shanghai IxCell Biotechnology Co., LTD","Shanghai IxCell Biotechnology Co., LTD","Shanghai IxCell Biotechnology Co., LTD",left_as_is,no_review_needed,No related sponsor/parent mapping identified; kept as original sponsor name.,"Shanghai IxCell Biotechnology Co., LTD","Shanghai IxCell Biotechnology Co., LTD",Use dashboard_sponsor_name
"Shanghai Junshi Bioscience Co., Ltd.","Shanghai Junshi Bioscience Co., Ltd.","Shanghai Junshi Bioscience Co., Ltd.",left_as_is,no_review_needed,No related sponsor/parent mapping identified; kept as original sponsor name.,"Shanghai Junshi Bioscience Co., Ltd.","Shanghai Junshi Bioscience Co., Ltd.",Use dashboard_sponsor_name
"Shanghai Lanyi Therapeutics Co., Ltd.","Shanghai Lanyi Therapeutics Co., Ltd.","Shanghai Lanyi Therapeutics Co., Ltd.",left_as_is,no_review_needed,No related sponsor/parent mapping identified; kept as original sponsor name.,"Shanghai Lanyi Therapeutics Co., Ltd.","Shanghai Lanyi Therapeutics Co., Ltd.",Use dashboard_sponsor_name
"Shanghai Lingsi Medical Technology Co., Ltd.","Shanghai Lingsi Medical Technology Co., Ltd.","Shanghai Lingsi Medical Technology Co., Ltd.",left_as_is,no_review_needed,No related sponsor/parent mapping identified; kept as original sponsor name.,"Shanghai Lingsi Medical Technology Co., Ltd.","Shanghai Lingsi Medical Technology Co., Ltd.",Use dashboard_sponsor_name
"Shanghai Medinno Pharmaceutical Technology Co., Ltd.","Shanghai Medinno Pharmaceutical Technology Co., Ltd.","Shanghai Medinno Pharmaceutical Technology Co., Ltd.",left_as_is,no_review_needed,No related sponsor/parent mapping identified; kept as original sponsor name.,"Shanghai Medinno Pharmaceutical Technology Co., Ltd.","Shanghai Medinno Pharmaceutical Technology Co., Ltd.",Use dashboard_sponsor_name
"Shanghai MicroPort CardioFlow Medtech Co., Ltd.","Shanghai MicroPort CardioFlow Medtech Co., Ltd.","Shanghai MicroPort CardioFlow Medtech Co., Ltd.",left_as_is,no_review_needed,No related sponsor/parent mapping identified; kept as original sponsor name.,"Shanghai MicroPort CardioFlow Medtech Co., Ltd.","Shanghai MicroPort CardioFlow Medtech Co., Ltd.",Use dashboard_sponsor_name
"Shanghai MicroPort EP MedTech Co., Ltd.","Shanghai MicroPort EP MedTech Co., Ltd.","Shanghai MicroPort EP MedTech Co., Ltd.",left_as_is,no_review_needed,No related sponsor/parent mapping identified; kept as original sponsor name.,"Shanghai MicroPort EP MedTech Co., Ltd.","Shanghai MicroPort EP MedTech Co., Ltd.",Use dashboard_sponsor_name
"Shanghai MicroPort Endovascular MedTech?Group?Co., Ltd","Shanghai MicroPort Endovascular MedTech?Group?Co., Ltd","Shanghai MicroPort Endovascular MedTech?Group?Co., Ltd",left_as_is,no_review_needed,No related sponsor/parent mapping identified; kept as original sponsor name.,"Shanghai MicroPort Endovascular MedTech?Group?Co., Ltd","Shanghai MicroPort Endovascular MedTech?Group?Co., Ltd",Use dashboard_sponsor_name
"Shanghai MicroPort Medical (Group) Co., Ltd.","Shanghai MicroPort Medical  Co., Ltd.","Shanghai MicroPort Medical  Co., Ltd.",left_as_is,no_review_needed,No related sponsor/parent mapping identified; kept as original sponsor name.,"Shanghai MicroPort Medical  Co., Ltd.","Shanghai MicroPort Medical  Co., Ltd.",Use dashboard_sponsor_name
"Shanghai MicroPort Rhythm MedTech Co., Ltd.","Shanghai MicroPort Rhythm MedTech Co., Ltd.","Shanghai MicroPort Rhythm MedTech Co., Ltd.",left_as_is,no_review_needed,No related sponsor/parent mapping identified; kept as original sponsor name.,"Shanghai MicroPort Rhythm MedTech Co., Ltd.","Shanghai MicroPort Rhythm MedTech Co., Ltd.",Use dashboard_sponsor_name
"Shanghai Minwei Biotechnology Co., Ltd","Shanghai Minwei Biotechnology Co., Ltd","Shanghai Minwei Biotechnology Co., Ltd",left_as_is,no_review_needed,No related sponsor/parent mapping identified; kept as original sponsor name.,"Shanghai Minwei Biotechnology Co., Ltd","Shanghai Minwei Biotechnology Co., Ltd",Use dashboard_sponsor_name
"Shanghai NewMed Medical Co., Ltd.","Shanghai NewMed Medical Co., Ltd.","Shanghai NewMed Medical Co., Ltd.",left_as_is,no_review_needed,No related sponsor/parent mapping identified; kept as original sponsor name.,"Shanghai NewMed Medical Co., Ltd.","Shanghai NewMed Medical Co., Ltd.",Use dashboard_sponsor_name
"Shanghai Operation Robot Co., Ltd.","Shanghai Operation Robot Co., Ltd.","Shanghai Operation Robot Co., Ltd.",left_as_is,no_review_needed,No related sponsor/parent mapping identified; kept as original sponsor name.,"Shanghai Operation Robot Co., Ltd.","Shanghai Operation Robot Co., Ltd.",Use dashboard_sponsor_name
"Shanghai Pharmaceuticals Holding Co., Ltd","Shanghai Pharmaceuticals Holding Co., Ltd","Shanghai Pharmaceuticals Holding Co., Ltd",left_as_is,no_review_needed,No related sponsor/parent mapping identified; kept as original sponsor name.,"Shanghai Pharmaceuticals Holding Co., Ltd","Shanghai Pharmaceuticals Holding Co., Ltd",Use dashboard_sponsor_name
"Shanghai QuietD Biotechnology Co., Ltd.","Shanghai QuietD Biotechnology Co., Ltd.","Shanghai QuietD Biotechnology Co., Ltd.",left_as_is,no_review_needed,No related sponsor/parent mapping identified; kept as original sponsor name.,"Shanghai QuietD Biotechnology Co., Ltd.","Shanghai QuietD Biotechnology Co., Ltd.",Use dashboard_sponsor_name
"Shanghai Shangyang Medical Technology Co., Ltd.","Shanghai Shangyang Medical Technology Co., Ltd.","Shanghai Shangyang Medical Technology Co., Ltd.",left_as_is,no_review_needed,No related sponsor/parent mapping identified; kept as original sponsor name.,"Shanghai Shangyang Medical Technology Co., Ltd.","Shanghai Shangyang Medical Technology Co., Ltd.",Use dashboard_sponsor_name
"Shanghai Shenqi Medical Technology Co., Ltd","Shanghai Shenqi Medical Technology Co., Ltd","Shanghai Shenqi Medical Technology Co., Ltd",left_as_is,no_review_needed,No related sponsor/parent mapping identified; kept as original sponsor name.,"Shanghai Shenqi Medical Technology Co., Ltd","Shanghai Shenqi Medical Technology Co., Ltd",Use dashboard_sponsor_name
"Shanghai Simnova Biotechnology Co.,Ltd.","Shanghai Simnova Biotechnology Co.,Ltd.","Shanghai Simnova Biotechnology Co.,Ltd.",left_as_is,no_review_needed,No related sponsor/parent mapping identified; kept as original sponsor name.,"Shanghai Simnova Biotechnology Co.,Ltd.","Shanghai Simnova Biotechnology Co.,Ltd.",Use dashboard_sponsor_name
"Shanghai StairMed Technology Co., Ltd.","Shanghai StairMed Technology Co., Ltd.","Shanghai StairMed Technology Co., Ltd.",left_as_is,no_review_needed,No related sponsor/parent mapping identified; kept as original sponsor name.,"Shanghai StairMed Technology Co., Ltd.","Shanghai StairMed Technology Co., Ltd.",Use dashboard_sponsor_name
"Shanghai Wallaby Medical Technologies Co.,Inc.","Shanghai Wallaby Medical Technologies Co.,Inc.","Shanghai Wallaby Medical Technologies Co.,Inc.",left_as_is,no_review_needed,No related sponsor/parent mapping identified; kept as original sponsor name.,"Shanghai Wallaby Medical Technologies Co.,Inc.","Shanghai Wallaby Medical Technologies Co.,Inc.",Use dashboard_sponsor_name
"Shanghai World Leader Pharmaceutical Co., Ltd.","Shanghai World Leader Pharmaceutical Co., Ltd.","Shanghai World Leader Pharmaceutical Co., Ltd.",left_as_is,no_review_needed,No related sponsor/parent mapping identified; kept as original sponsor name.,"Shanghai World Leader Pharmaceutical Co., Ltd.","Shanghai World Leader Pharmaceutical Co., Ltd.",Use dashboard_sponsor_name
"Shape Memory Medical, Inc.","Shape Memory Medical, Inc.","Shape Memory Medical, Inc.",left_as_is,no_review_needed,No related sponsor/parent mapping identified; kept as original sponsor name.,"Shape Memory Medical, Inc.","Shape Memory Medical, Inc.",Use dashboard_sponsor_name
"ShenZhen KYD Biomedical Technology Co., Ltd.","ShenZhen KYD Biomedical Technology Co., Ltd.","ShenZhen KYD Biomedical Technology Co., Ltd.",left_as_is,no_review_needed,No related sponsor/parent mapping identified; kept as original sponsor name.,"ShenZhen KYD Biomedical Technology Co., Ltd.","ShenZhen KYD Biomedical Technology Co., Ltd.",Use dashboard_sponsor_name
"Shenzhen Ausa Pharmed Co.,Ltd","Shenzhen Ausa Pharmed Co.,Ltd","Shenzhen Ausa Pharmed Co.,Ltd",left_as_is,no_review_needed,No related sponsor/parent mapping identified; kept as original sponsor name.,"Shenzhen Ausa Pharmed Co.,Ltd","Shenzhen Ausa Pharmed Co.,Ltd",Use dashboard_sponsor_name
"Shenzhen Core Medical Technology CO.,LTD.","Shenzhen Core Medical Technology CO.,LTD.","Shenzhen Core Medical Technology CO.,LTD.",left_as_is,no_review_needed,No related sponsor/parent mapping identified; kept as original sponsor name.,"Shenzhen Core Medical Technology CO.,LTD.","Shenzhen Core Medical Technology CO.,LTD.",Use dashboard_sponsor_name
"Shenzhen Genocury Biotech Co., Ltd.","Shenzhen Genocury Biotech Co., Ltd.","Shenzhen Genocury Biotech Co., Ltd.",left_as_is,no_review_needed,No related sponsor/parent mapping identified; kept as original sponsor name.,"Shenzhen Genocury Biotech Co., Ltd.","Shenzhen Genocury Biotech Co., Ltd.",Use dashboard_sponsor_name
"Shenzhen Kangzhe Biotechnology Co., Ltd.","Shenzhen Kangzhe Biotechnology Co., Ltd.","Shenzhen Kangzhe Biotechnology Co., Ltd.",left_as_is,no_review_needed,No related sponsor/parent mapping identified; kept as original sponsor name.,"Shenzhen Kangzhe Biotechnology Co., Ltd.","Shenzhen Kangzhe Biotechnology Co., Ltd.",Use dashboard_sponsor_name
"Shenzhen Lifevalve Medical Scientific Co., Ltd.","Shenzhen Lifevalve Medical Scientific Co., Ltd.","Shenzhen Lifevalve Medical Scientific Co., Ltd.",left_as_is,no_review_needed,No related sponsor/parent mapping identified; kept as original sponsor name.,"Shenzhen Lifevalve Medical Scientific Co., Ltd.","Shenzhen Lifevalve Medical Scientific Co., Ltd.",Use dashboard_sponsor_name
"Shenzhen Pregene Biopharma Co., Ltd.","Shenzhen Pregene Biopharma Co., Ltd.","Shenzhen Pregene Biopharma Co., Ltd.",left_as_is,no_review_needed,No related sponsor/parent mapping identified; kept as original sponsor name.,"Shenzhen Pregene Biopharma Co., Ltd.","Shenzhen Pregene Biopharma Co., Ltd.",Use dashboard_sponsor_name
"Shenzhen Pulsecare Medical Technology Co., Ltd.","Shenzhen Pulsecare Medical Technology Co., Ltd.","Shenzhen Pulsecare Medical Technology Co., Ltd.",left_as_is,no_review_needed,No related sponsor/parent mapping identified; kept as original sponsor name.,"Shenzhen Pulsecare Medical Technology Co., Ltd.","Shenzhen Pulsecare Medical Technology Co., Ltd.",Use dashboard_sponsor_name
"Shenzhen Raysight Intelligent Medical Technology Co., Ltd.","Shenzhen Raysight Intelligent Medical Technology Co., Ltd.","Shenzhen Raysight Intelligent Medical Technology Co., Ltd.",left_as_is,no_review_needed,No related sponsor/parent mapping identified; kept as original sponsor name.,"Shenzhen Raysight Intelligent Medical Technology Co., Ltd.","Shenzhen Raysight Intelligent Medical Technology Co., Ltd.",Use dashboard_sponsor_name
"Shenzhen Resproly Biopharmaceutical Co., Ltd","Shenzhen Resproly Biopharmaceutical Co., Ltd","Shenzhen Resproly Biopharmaceutical Co., Ltd",left_as_is,no_review_needed,No related sponsor/parent mapping identified; kept as original sponsor name.,"Shenzhen Resproly Biopharmaceutical Co., Ltd","Shenzhen Resproly Biopharmaceutical Co., Ltd",Use dashboard_sponsor_name
"Shenzhen Salubris Pharmaceuticals Co., Ltd.","Shenzhen Salubris Pharmaceuticals Co., Ltd.","Shenzhen Salubris Pharmaceuticals Co., Ltd.",left_as_is,no_review_needed,No related sponsor/parent mapping identified; kept as original sponsor name.,"Shenzhen Salubris Pharmaceuticals Co., Ltd.","Shenzhen Salubris Pharmaceuticals Co., Ltd.",Use dashboard_sponsor_name
"Shenzhen Wecan Medical Technology Co.,Ltd","Shenzhen Wecan Medical Technology Co.,Ltd","Shenzhen Wecan Medical Technology Co.,Ltd",left_as_is,no_review_needed,No related sponsor/parent mapping identified; kept as original sponsor name.,"Shenzhen Wecan Medical Technology Co.,Ltd","Shenzhen Wecan Medical Technology Co.,Ltd",Use dashboard_sponsor_name
"Shenzhen Wingor Biotechnology Co., Ltd.","Shenzhen Wingor Biotechnology Co., Ltd.","Shenzhen Wingor Biotechnology Co., Ltd.",left_as_is,no_review_needed,No related sponsor/parent mapping identified; kept as original sponsor name.,"Shenzhen Wingor Biotechnology Co., Ltd.","Shenzhen Wingor Biotechnology Co., Ltd.",Use dashboard_sponsor_name
Shijiazhuang Yiling Pharmaceutical Co. Ltd,Shijiazhuang Yiling Pharmaceutical Co. Ltd,Shijiazhuang Yiling Pharmaceutical Co. Ltd,left_as_is,no_review_needed,No related sponsor/parent mapping identified; kept as original sponsor name.,Shijiazhuang Yiling Pharmaceutical Co. Ltd,Shijiazhuang Yiling Pharmaceutical Co. Ltd,Use dashboard_sponsor_name
Shimaa M. Abdelgawad,Shimaa M. Abdelgawad,Shimaa M. Abdelgawad,left_as_is,no_review_needed,No related sponsor/parent mapping identified; kept as original sponsor name.,Shimaa M. Abdelgawad,Shimaa M. Abdelgawad,Use dashboard_sponsor_name
Shin Poong Pharmaceutical Co. Ltd.,Shin Poong Pharmaceutical Co. Ltd.,Shin Poong Pharmaceutical Co. Ltd.,left_as_is,no_review_needed,No related sponsor/parent mapping identified; kept as original sponsor name.,Shin Poong Pharmaceutical Co. Ltd.,Shin Poong Pharmaceutical Co. Ltd.,Use dashboard_sponsor_name
Shirley Ryan AbilityLab,Shirley Ryan AbilityLab,Shirley Ryan AbilityLab,left_as_is,no_review_needed,No related sponsor/parent mapping identified; kept as original sponsor name.,Shirley Ryan AbilityLab,Shirley Ryan AbilityLab,Use dashboard_sponsor_name
"Shockwave Medical, Inc.","Shockwave Medical, Inc.","Shockwave Medical, Inc.",left_as_is,no_review_needed,No related sponsor/parent mapping identified; kept as original sponsor name.,"Shockwave Medical, Inc.","Shockwave Medical, Inc.",Use dashboard_sponsor_name
Siddhey LLC,Siddhey LLC,Siddhey LLC,left_as_is,no_review_needed,No related sponsor/parent mapping identified; kept as original sponsor name.,Siddhey LLC,Siddhey LLC,Use dashboard_sponsor_name
"Siemens Healthineers Endovascular Robotics, Inc.","Siemens Healthineers Endovascular Robotics, Inc.","Siemens Healthineers Endovascular Robotics, Inc.",left_as_is,no_review_needed,No related sponsor/parent mapping identified; kept as original sponsor name.,"Siemens Healthineers Endovascular Robotics, Inc.","Siemens Healthineers Endovascular Robotics, Inc.",Use dashboard_sponsor_name
Sierra Valve LLC,Sierra Valve LLC,Sierra Valve LLC,left_as_is,no_review_needed,No related sponsor/parent mapping identified; kept as original sponsor name.,Sierra Valve LLC,Sierra Valve LLC,Use dashboard_sponsor_name
"Sigilon Therapeutics, Inc.","Sigilon Therapeutics, Inc.","Sigilon Therapeutics, Inc.",left_as_is,no_review_needed,No related sponsor/parent mapping identified; kept as original sponsor name.,"Sigilon Therapeutics, Inc.","Sigilon Therapeutics, Inc.",Use dashboard_sponsor_name
"Sigknow Biomedical Co., Ltd.","Sigknow Biomedical Co., Ltd.","Sigknow Biomedical Co., Ltd.",left_as_is,no_review_needed,No related sponsor/parent mapping identified; kept as original sponsor name.,"Sigknow Biomedical Co., Ltd.","Sigknow Biomedical Co., Ltd.",Use dashboard_sponsor_name
"Signal House Co., Ltd.","Signal House Co., Ltd.","Signal House Co., Ltd.",left_as_is,no_review_needed,No related sponsor/parent mapping identified; kept as original sponsor name.,"Signal House Co., Ltd.","Signal House Co., Ltd.",Use dashboard_sponsor_name
Silence Therapeutics plc,Silence Therapeutics plc,Silence Therapeutics plc,left_as_is,no_review_needed,No related sponsor/parent mapping identified; kept as original sponsor name.,Silence Therapeutics plc,Silence Therapeutics plc,Use dashboard_sponsor_name
Silver Creek Pharmaceuticals,Silver Creek Pharmaceuticals,Silver Creek Pharmaceuticals,left_as_is,no_review_needed,No related sponsor/parent mapping identified; kept as original sponsor name.,Silver Creek Pharmaceuticals,Silver Creek Pharmaceuticals,Use dashboard_sponsor_name
Silverleaf Medical Sciences INC,Silverleaf Medical Sciences INC,Silverleaf Medical Sciences INC,left_as_is,no_review_needed,No related sponsor/parent mapping identified; kept as original sponsor name.,Silverleaf Medical Sciences INC,Silverleaf Medical Sciences INC,Use dashboard_sponsor_name
Sino Medical Sciences Technology Inc.,Sino Medical Sciences Technology Inc.,Sino Medical Sciences Technology Inc.,left_as_is,no_review_needed,No related sponsor/parent mapping identified; kept as original sponsor name.,Sino Medical Sciences Technology Inc.,Sino Medical Sciences Technology Inc.,Use dashboard_sponsor_name
Sinocelltech Ltd.,Sinocelltech Ltd.,Sinocelltech Ltd.,left_as_is,no_review_needed,No related sponsor/parent mapping identified; kept as original sponsor name.,Sinocelltech Ltd.,Sinocelltech Ltd.,Use dashboard_sponsor_name
Sinomed Neurovita Technology Inc.,Sinomed Neurovita Technology Inc.,Sinomed Neurovita Technology Inc.,left_as_is,no_review_needed,No related sponsor/parent mapping identified; kept as original sponsor name.,Sinomed Neurovita Technology Inc.,Sinomed Neurovita Technology Inc.,Use dashboard_sponsor_name
Sinotau Pharmaceutical Group,Sinotau Pharmaceutical Group,Sinotau Pharmaceutical Group,left_as_is,no_review_needed,No related sponsor/parent mapping identified; kept as original sponsor name.,Sinotau Pharmaceutical Group,Sinotau Pharmaceutical Group,Use dashboard_sponsor_name
"Sirius Therapeutics Co., Ltd.","Sirius Therapeutics Co., Ltd.","Sirius Therapeutics Co., Ltd.",left_as_is,no_review_needed,No related sponsor/parent mapping identified; kept as original sponsor name.,"Sirius Therapeutics Co., Ltd.","Sirius Therapeutics Co., Ltd.",Use dashboard_sponsor_name
"Sironax USA, Inc.","Sironax USA, Inc.","Sironax USA, Inc.",left_as_is,no_review_needed,No related sponsor/parent mapping identified; kept as original sponsor name.,"Sironax USA, Inc.","Sironax USA, Inc.",Use dashboard_sponsor_name
Sisca Natalia Siagian,Sisca Natalia Siagian,Sisca Natalia Siagian,left_as_is,no_review_needed,No related sponsor/parent mapping identified; kept as original sponsor name.,Sisca Natalia Siagian,Sisca Natalia Siagian,Use dashboard_sponsor_name
Sky Labs,Sky Labs,Sky Labs,left_as_is,no_review_needed,No related sponsor/parent mapping identified; kept as original sponsor name.,Sky Labs,Sky Labs,Use dashboard_sponsor_name
"Skye Biologics Holdings, LLC","Skye Biologics Holdings, LLC","Skye Biologics Holdings, LLC",left_as_is,no_review_needed,No related sponsor/parent mapping identified; kept as original sponsor name.,"Skye Biologics Holdings, LLC","Skye Biologics Holdings, LLC",Use dashboard_sponsor_name
Slb Pharma,Slb Pharma,Slb Pharma,left_as_is,no_review_needed,No related sponsor/parent mapping identified; kept as original sponsor name.,Slb Pharma,Slb Pharma,Use dashboard_sponsor_name
Sleepiz AG,Sleepiz AG,Sleepiz AG,left_as_is,no_review_needed,No related sponsor/parent mapping identified; kept as original sponsor name.,Sleepiz AG,Sleepiz AG,Use dashboard_sponsor_name
"Smith & Nephew, Inc.","Smith & Nephew, Inc.","Smith & Nephew, Inc.",left_as_is,no_review_needed,No related sponsor/parent mapping identified; kept as original sponsor name.,"Smith & Nephew, Inc.","Smith & Nephew, Inc.",Use dashboard_sponsor_name
SolasCure Limited,SolasCure Limited,SolasCure Limited,left_as_is,no_review_needed,No related sponsor/parent mapping identified; kept as original sponsor name.,SolasCure Limited,SolasCure Limited,Use dashboard_sponsor_name
Solid Biosciences Inc.,Solid Biosciences Inc.,Solid Biosciences Inc.,left_as_is,no_review_needed,No related sponsor/parent mapping identified; kept as original sponsor name.,Solid Biosciences Inc.,Solid Biosciences Inc.,Use dashboard_sponsor_name
"Solo Pace, Inc.","Solo Pace, Inc.","Solo Pace, Inc.",left_as_is,no_review_needed,No related sponsor/parent mapping identified; kept as original sponsor name.,"Solo Pace, Inc.","Solo Pace, Inc.",Use dashboard_sponsor_name
Sonablate,Sonablate,Sonablate,left_as_is,no_review_needed,No related sponsor/parent mapping identified; kept as original sponsor name.,Sonablate,Sonablate,Use dashboard_sponsor_name
"Sonavex, Inc.","Sonavex, Inc.","Sonavex, Inc.",left_as_is,no_review_needed,No related sponsor/parent mapping identified; kept as original sponsor name.,"Sonavex, Inc.","Sonavex, Inc.",Use dashboard_sponsor_name
SoniVie Inc.,SoniVie Inc.,SoniVie Inc.,left_as_is,no_review_needed,No related sponsor/parent mapping identified; kept as original sponsor name.,SoniVie Inc.,SoniVie Inc.,Use dashboard_sponsor_name
"Sonosemi Medical Co., Ltd.","Sonosemi Medical Co., Ltd.","Sonosemi Medical Co., Ltd.",left_as_is,no_review_needed,No related sponsor/parent mapping identified; kept as original sponsor name.,"Sonosemi Medical Co., Ltd.","Sonosemi Medical Co., Ltd.",Use dashboard_sponsor_name
"Sorrento Therapeutics, Inc.","Sorrento Therapeutics, Inc.","Sorrento Therapeutics, Inc.",left_as_is,no_review_needed,No related sponsor/parent mapping identified; kept as original sponsor name.,"Sorrento Therapeutics, Inc.","Sorrento Therapeutics, Inc.",Use dashboard_sponsor_name
"Sound Wave Innovation CO., LTD.","Sound Wave Innovation CO., LTD.","Sound Wave Innovation CO., LTD.",left_as_is,no_review_needed,No related sponsor/parent mapping identified; kept as original sponsor name.,"Sound Wave Innovation CO., LTD.","Sound Wave Innovation CO., LTD.",Use dashboard_sponsor_name
"SpectraWAVE, Inc.","SpectraWAVE, Inc.","SpectraWAVE, Inc.",left_as_is,no_review_needed,No related sponsor/parent mapping identified; kept as original sponsor name.,"SpectraWAVE, Inc.","SpectraWAVE, Inc.",Use dashboard_sponsor_name
Spectranetics Corporation,Spectranetics Corporation,Spectranetics Corporation,left_as_is,no_review_needed,No related sponsor/parent mapping identified; kept as original sponsor name.,Spectranetics Corporation,Spectranetics Corporation,Use dashboard_sponsor_name
"Spectrumedics Medical Technology(Shanghai)Co.,Ltd","Spectrumedics Medical TechnologyCo.,Ltd","Spectrumedics Medical TechnologyCo.,Ltd",left_as_is,no_review_needed,No related sponsor/parent mapping identified; kept as original sponsor name.,"Spectrumedics Medical TechnologyCo.,Ltd","Spectrumedics Medical TechnologyCo.,Ltd",Use dashboard_sponsor_name
Spero Therapeutics,Spero Therapeutics,Spero Therapeutics,left_as_is,no_review_needed,No related sponsor/parent mapping identified; kept as original sponsor name.,Spero Therapeutics,Spero Therapeutics,Use dashboard_sponsor_name
SpinChip Diagnostics ASA,SpinChip Diagnostics ASA,SpinChip Diagnostics ASA,left_as_is,no_review_needed,No related sponsor/parent mapping identified; kept as original sponsor name.,SpinChip Diagnostics ASA,SpinChip Diagnostics ASA,Use dashboard_sponsor_name
SpineX Inc.,SpineX Inc.,SpineX Inc.,left_as_is,no_review_needed,No related sponsor/parent mapping identified; kept as original sponsor name.,SpineX Inc.,SpineX Inc.,Use dashboard_sponsor_name
"SpringWorks Therapeutics, Inc., a healthcare company of Merck KGaA, Darmstadt, Germany","SpringWorks Therapeutics, Inc.","Merck KGaA, Darmstadt, Germany",left_as_is,no_review_needed,No related sponsor/parent mapping identified; kept as original sponsor name.,"SpringWorks Therapeutics, Inc.","Merck KGaA, Darmstadt, Germany",Use dashboard_sponsor_name
Spruce Biosciences,Spruce Biosciences,Spruce Biosciences,left_as_is,no_review_needed,No related sponsor/parent mapping identified; kept as original sponsor name.,Spruce Biosciences,Spruce Biosciences,Use dashboard_sponsor_name
Spur Therapeutics,Spur Therapeutics,Spur Therapeutics,left_as_is,no_review_needed,No related sponsor/parent mapping identified; kept as original sponsor name.,Spur Therapeutics,Spur Therapeutics,Use dashboard_sponsor_name
St Elisabeth School Health Science,St Elisabeth School Health Science,St Elisabeth School Health Science,left_as_is,no_review_needed,No related sponsor/parent mapping identified; kept as original sponsor name.,St Elisabeth School Health Science,St Elisabeth School Health Science,Use dashboard_sponsor_name
Stability Biologics,Stability Biologics,Stability Biologics,left_as_is,no_review_needed,No related sponsor/parent mapping identified; kept as original sponsor name.,Stability Biologics,Stability Biologics,Use dashboard_sponsor_name
"Staidson (Beijing) Biopharmaceuticals Co., Ltd","Staidson  Biopharmaceuticals Co., Ltd","Staidson  Biopharmaceuticals Co., Ltd",left_as_is,no_review_needed,No related sponsor/parent mapping identified; kept as original sponsor name.,"Staidson  Biopharmaceuticals Co., Ltd","Staidson  Biopharmaceuticals Co., Ltd",Use dashboard_sponsor_name
Starlight Cardiovascular Inc,Starlight Cardiovascular Inc,Starlight Cardiovascular Inc,left_as_is,no_review_needed,No related sponsor/parent mapping identified; kept as original sponsor name.,Starlight Cardiovascular Inc,Starlight Cardiovascular Inc,Use dashboard_sponsor_name
"Starton Therapeutics, Inc","Starton Therapeutics, Inc","Starton Therapeutics, Inc",left_as_is,no_review_needed,No related sponsor/parent mapping identified; kept as original sponsor name.,"Starton Therapeutics, Inc","Starton Therapeutics, Inc",Use dashboard_sponsor_name
Stealth BioTherapeutics Inc.,Stealth BioTherapeutics Inc.,Stealth BioTherapeutics Inc.,left_as_is,no_review_needed,No related sponsor/parent mapping identified; kept as original sponsor name.,Stealth BioTherapeutics Inc.,Stealth BioTherapeutics Inc.,Use dashboard_sponsor_name
"StemCyte, Inc.","StemCyte, Inc.","StemCyte, Inc.",left_as_is,no_review_needed,No related sponsor/parent mapping identified; kept as original sponsor name.,"StemCyte, Inc.","StemCyte, Inc.",Use dashboard_sponsor_name
Steno Diabetes Center Copenhagen,Steno Diabetes Center Copenhagen,Steno Diabetes Center Copenhagen,left_as_is,no_review_needed,No related sponsor/parent mapping identified; kept as original sponsor name.,Steno Diabetes Center Copenhagen,Steno Diabetes Center Copenhagen,Use dashboard_sponsor_name
Steno Diabetes Center Greenland,Steno Diabetes Center Greenland,Steno Diabetes Center Greenland,left_as_is,no_review_needed,No related sponsor/parent mapping identified; kept as original sponsor name.,Steno Diabetes Center Greenland,Steno Diabetes Center Greenland,Use dashboard_sponsor_name
StimLabs,StimLabs,StimLabs,left_as_is,no_review_needed,No related sponsor/parent mapping identified; kept as original sponsor name.,StimLabs,StimLabs,Use dashboard_sponsor_name
"SuZhou Sinus Medical Technologies Co.,Ltd","SuZhou Sinus Medical Technologies Co.,Ltd","SuZhou Sinus Medical Technologies Co.,Ltd",left_as_is,no_review_needed,No related sponsor/parent mapping identified; kept as original sponsor name.,"SuZhou Sinus Medical Technologies Co.,Ltd","SuZhou Sinus Medical Technologies Co.,Ltd",Use dashboard_sponsor_name
"Sumitomo Pharma America, Inc.","Sumitomo Pharma America, Inc.","Sumitomo Pharma America, Inc.",left_as_is,no_review_needed,No related sponsor/parent mapping identified; kept as original sponsor name.,"Sumitomo Pharma America, Inc.","Sumitomo Pharma America, Inc.",Use dashboard_sponsor_name
"Summa Therapeutics, LLC","Summa Therapeutics, LLC","Summa Therapeutics, LLC",left_as_is,no_review_needed,No related sponsor/parent mapping identified; kept as original sponsor name.,"Summa Therapeutics, LLC","Summa Therapeutics, LLC",Use dashboard_sponsor_name
"Sunshine Guojian Pharmaceutical (Shanghai) Co., Ltd.","Sunshine Guojian Pharmaceutical  Co., Ltd.","Sunshine Guojian Pharmaceutical  Co., Ltd.",left_as_is,no_review_needed,No related sponsor/parent mapping identified; kept as original sponsor name.,"Sunshine Guojian Pharmaceutical  Co., Ltd.","Sunshine Guojian Pharmaceutical  Co., Ltd.",Use dashboard_sponsor_name
"Supergene, LLC","Supergene, LLC","Supergene, LLC",left_as_is,no_review_needed,No related sponsor/parent mapping identified; kept as original sponsor name.,"Supergene, LLC","Supergene, LLC",Use dashboard_sponsor_name
"SurModics, Inc.","SurModics, Inc.","SurModics, Inc.",left_as_is,no_review_needed,No related sponsor/parent mapping identified; kept as original sponsor name.,"SurModics, Inc.","SurModics, Inc.",Use dashboard_sponsor_name
Suremedix Ltd,Suremedix Ltd,Suremedix Ltd,left_as_is,no_review_needed,No related sponsor/parent mapping identified; kept as original sponsor name.,Suremedix Ltd,Suremedix Ltd,Use dashboard_sponsor_name
"Sutra Medical, Inc.","Sutra Medical, Inc.","Sutra Medical, Inc.",left_as_is,no_review_needed,No related sponsor/parent mapping identified; kept as original sponsor name.,"Sutra Medical, Inc.","Sutra Medical, Inc.",Use dashboard_sponsor_name
"Suzhou Alphamab Co., Ltd.","Suzhou Alphamab Co., Ltd.","Suzhou Alphamab Co., Ltd.",left_as_is,no_review_needed,No related sponsor/parent mapping identified; kept as original sponsor name.,"Suzhou Alphamab Co., Ltd.","Suzhou Alphamab Co., Ltd.",Use dashboard_sponsor_name
"Suzhou Hearthill Medical Technology Co.,LTD","Suzhou Hearthill Medical Technology Co.,LTD","Suzhou Hearthill Medical Technology Co.,LTD",left_as_is,no_review_needed,No related sponsor/parent mapping identified; kept as original sponsor name.,"Suzhou Hearthill Medical Technology Co.,LTD","Suzhou Hearthill Medical Technology Co.,LTD",Use dashboard_sponsor_name
Suzhou Hengruihongyuan Medical Technology Co. LTD,Suzhou Hengruihongyuan Medical Technology Co. LTD,Suzhou Hengruihongyuan Medical Technology Co. LTD,left_as_is,no_review_needed,No related sponsor/parent mapping identified; kept as original sponsor name.,Suzhou Hengruihongyuan Medical Technology Co. LTD,Suzhou Hengruihongyuan Medical Technology Co. LTD,Use dashboard_sponsor_name
"Suzhou Immunofoco Biotechnology Co., Ltd","Suzhou Immunofoco Biotechnology Co., Ltd","Suzhou Immunofoco Biotechnology Co., Ltd",left_as_is,no_review_needed,No related sponsor/parent mapping identified; kept as original sponsor name.,"Suzhou Immunofoco Biotechnology Co., Ltd","Suzhou Immunofoco Biotechnology Co., Ltd",Use dashboard_sponsor_name
Suzhou Sanegene Bio Inc.,Suzhou Sanegene Bio Inc.,Suzhou Sanegene Bio Inc.,left_as_is,no_review_needed,No related sponsor/parent mapping identified; kept as original sponsor name.,Suzhou Sanegene Bio Inc.,Suzhou Sanegene Bio Inc.,Use dashboard_sponsor_name
"Suzhou Suncadia Biopharmaceuticals Co., Ltd.","Suzhou Suncadia Biopharmaceuticals Co., Ltd.","Suzhou Suncadia Biopharmaceuticals Co., Ltd.",left_as_is,no_review_needed,No related sponsor/parent mapping identified; kept as original sponsor name.,"Suzhou Suncadia Biopharmaceuticals Co., Ltd.","Suzhou Suncadia Biopharmaceuticals Co., Ltd.",Use dashboard_sponsor_name
"Suzhou Yabao Pharmaceutical R&D Co., Ltd.","Suzhou Yabao Pharmaceutical R&D Co., Ltd.","Suzhou Yabao Pharmaceutical R&D Co., Ltd.",left_as_is,no_review_needed,No related sponsor/parent mapping identified; kept as original sponsor name.,"Suzhou Yabao Pharmaceutical R&D Co., Ltd.","Suzhou Yabao Pharmaceutical R&D Co., Ltd.",Use dashboard_sponsor_name
"Suzhou Zenith Vascular Scitech Co., Ltd.","Suzhou Zenith Vascular Scitech Co., Ltd.","Suzhou Zenith Vascular Scitech Co., Ltd.",left_as_is,no_review_needed,No related sponsor/parent mapping identified; kept as original sponsor name.,"Suzhou Zenith Vascular Scitech Co., Ltd.","Suzhou Zenith Vascular Scitech Co., Ltd.",Use dashboard_sponsor_name
"Suzhou Zhonghui Medical Technology Co., Ltd.","Suzhou Zhonghui Medical Technology Co., Ltd.","Suzhou Zhonghui Medical Technology Co., Ltd.",left_as_is,no_review_needed,No related sponsor/parent mapping identified; kept as original sponsor name.,"Suzhou Zhonghui Medical Technology Co., Ltd.","Suzhou Zhonghui Medical Technology Co., Ltd.",Use dashboard_sponsor_name
Swalife Biotech,Swalife Biotech,Swalife Biotech,left_as_is,no_review_needed,No related sponsor/parent mapping identified; kept as original sponsor name.,Swalife Biotech,Swalife Biotech,Use dashboard_sponsor_name
"Swift Sync, Inc.","Swift Sync, Inc.","Swift Sync, Inc.",left_as_is,no_review_needed,No related sponsor/parent mapping identified; kept as original sponsor name.,"Swift Sync, Inc.","Swift Sync, Inc.",Use dashboard_sponsor_name
Swisse Wellness Pty Ltd,Swisse Wellness Pty Ltd,Swisse Wellness Pty Ltd,left_as_is,no_review_needed,No related sponsor/parent mapping identified; kept as original sponsor name.,Swisse Wellness Pty Ltd,Swisse Wellness Pty Ltd,Use dashboard_sponsor_name
"SyMap Medical (Suzhou), Ltd.","SyMap Medical , Ltd.","SyMap Medical , Ltd.",left_as_is,no_review_needed,No related sponsor/parent mapping identified; kept as original sponsor name.,"SyMap Medical , Ltd.","SyMap Medical , Ltd.",Use dashboard_sponsor_name
SynAct Pharma Aps,SynAct Pharma Aps,SynAct Pharma Aps,left_as_is,no_review_needed,No related sponsor/parent mapping identified; kept as original sponsor name.,SynAct Pharma Aps,SynAct Pharma Aps,Use dashboard_sponsor_name
Synairgen Research Ltd.,Synairgen Research Ltd.,Synairgen Research Ltd.,left_as_is,no_review_needed,No related sponsor/parent mapping identified; kept as original sponsor name.,Synairgen Research Ltd.,Synairgen Research Ltd.,Use dashboard_sponsor_name
Synaptic Medical Corporation,Synaptic Medical Corporation,Synaptic Medical Corporation,left_as_is,no_review_needed,No related sponsor/parent mapping identified; kept as original sponsor name.,Synaptic Medical Corporation,Synaptic Medical Corporation,Use dashboard_sponsor_name
Synaptrix Labs Inc.,Synaptrix Labs Inc.,Synaptrix Labs Inc.,left_as_is,no_review_needed,No related sponsor/parent mapping identified; kept as original sponsor name.,Synaptrix Labs Inc.,Synaptrix Labs Inc.,Use dashboard_sponsor_name
"Synchron Medical, Inc.","Synchron Medical, Inc.","Synchron Medical, Inc.",left_as_is,no_review_needed,No related sponsor/parent mapping identified; kept as original sponsor name.,"Synchron Medical, Inc.","Synchron Medical, Inc.",Use dashboard_sponsor_name
"Syntr Health Technologies, Inc.","Syntr Health Technologies, Inc.","Syntr Health Technologies, Inc.",left_as_is,no_review_needed,No related sponsor/parent mapping identified; kept as original sponsor name.,"Syntr Health Technologies, Inc.","Syntr Health Technologies, Inc.",Use dashboard_sponsor_name
"Syntrillo, Inc","Syntrillo, Inc","Syntrillo, Inc",left_as_is,no_review_needed,No related sponsor/parent mapping identified; kept as original sponsor name.,"Syntrillo, Inc","Syntrillo, Inc",Use dashboard_sponsor_name
"TCI Co., Ltd.","TCI Co., Ltd.","TCI Co., Ltd.",left_as_is,no_review_needed,No related sponsor/parent mapping identified; kept as original sponsor name.,"TCI Co., Ltd.","TCI Co., Ltd.",Use dashboard_sponsor_name
"TCROSS Co., Ltd.","TCROSS Co., Ltd.","TCROSS Co., Ltd.",left_as_is,no_review_needed,No related sponsor/parent mapping identified; kept as original sponsor name.,"TCROSS Co., Ltd.","TCROSS Co., Ltd.",Use dashboard_sponsor_name
THPharm Corp.,THPharm Corp.,THPharm Corp.,left_as_is,no_review_needed,No related sponsor/parent mapping identified; kept as original sponsor name.,THPharm Corp.,THPharm Corp.,Use dashboard_sponsor_name
"TICAROS Co., Ltd.","TICAROS Co., Ltd.","TICAROS Co., Ltd.",left_as_is,no_review_needed,No related sponsor/parent mapping identified; kept as original sponsor name.,"TICAROS Co., Ltd.","TICAROS Co., Ltd.",Use dashboard_sponsor_name
"TNF Pharmaceuticals, Inc.","TNF Pharmaceuticals, Inc.","TNF Pharmaceuticals, Inc.",left_as_is,no_review_needed,No related sponsor/parent mapping identified; kept as original sponsor name.,"TNF Pharmaceuticals, Inc.","TNF Pharmaceuticals, Inc.",Use dashboard_sponsor_name
TR Therapeutics,TR Therapeutics,TR Therapeutics,left_as_is,no_review_needed,No related sponsor/parent mapping identified; kept as original sponsor name.,TR Therapeutics,TR Therapeutics,Use dashboard_sponsor_name
"TRCare, Inc.","TRCare, Inc.","TRCare, Inc.",left_as_is,no_review_needed,No related sponsor/parent mapping identified; kept as original sponsor name.,"TRCare, Inc.","TRCare, Inc.",Use dashboard_sponsor_name
Tabula Rasa HealthCare,Tabula Rasa HealthCare,Tabula Rasa HealthCare,left_as_is,no_review_needed,No related sponsor/parent mapping identified; kept as original sponsor name.,Tabula Rasa HealthCare,Tabula Rasa HealthCare,Use dashboard_sponsor_name
"Taiho Oncology, Inc.","Taiho Oncology, Inc.","Taiho Oncology, Inc.",left_as_is,no_review_needed,No related sponsor/parent mapping identified; kept as original sponsor name.,"Taiho Oncology, Inc.","Taiho Oncology, Inc.",Use dashboard_sponsor_name
Taisho Pharmaceutical Indonesia,Taisho Pharmaceutical Indonesia,Taisho Pharmaceutical Indonesia,left_as_is,no_review_needed,No related sponsor/parent mapping identified; kept as original sponsor name.,Taisho Pharmaceutical Indonesia,Taisho Pharmaceutical Indonesia,Use dashboard_sponsor_name
Takeda,Takeda,Takeda,left_as_is,no_review_needed,No related sponsor/parent mapping identified; kept as original sponsor name.,Takeda,Takeda,Use dashboard_sponsor_name
Tanabe Pharma GmbH,Tanabe Pharma GmbH,Tanabe Pharma GmbH,left_as_is,no_review_needed,No related sponsor/parent mapping identified; kept as original sponsor name.,Tanabe Pharma GmbH,Tanabe Pharma GmbH,Use dashboard_sponsor_name
Tangent Cardiovascular Inc.,Tangent Cardiovascular Inc.,Tangent Cardiovascular Inc.,left_as_is,no_review_needed,No related sponsor/parent mapping identified; kept as original sponsor name.,Tangent Cardiovascular Inc.,Tangent Cardiovascular Inc.,Use dashboard_sponsor_name
Taryag Medical Ltd.,Taryag Medical Ltd.,Taryag Medical Ltd.,left_as_is,no_review_needed,No related sponsor/parent mapping identified; kept as original sponsor name.,Taryag Medical Ltd.,Taryag Medical Ltd.,Use dashboard_sponsor_name
"Tasly Biopharmaceuticals Co., Ltd.","Tasly Biopharmaceuticals Co., Ltd.","Tasly Biopharmaceuticals Co., Ltd.",left_as_is,no_review_needed,No related sponsor/parent mapping identified; kept as original sponsor name.,"Tasly Biopharmaceuticals Co., Ltd.","Tasly Biopharmaceuticals Co., Ltd.",Use dashboard_sponsor_name
"Tasly Pharmaceutical Group Co., Ltd","Tasly Pharmaceutical Group Co., Ltd","Tasly Pharmaceutical Group Co., Ltd",left_as_is,no_review_needed,No related sponsor/parent mapping identified; kept as original sponsor name.,"Tasly Pharmaceutical Group Co., Ltd","Tasly Pharmaceutical Group Co., Ltd",Use dashboard_sponsor_name
"Tatchempharmpreparaty, JSC","Tatchempharmpreparaty, JSC","Tatchempharmpreparaty, JSC",left_as_is,no_review_needed,No related sponsor/parent mapping identified; kept as original sponsor name.,"Tatchempharmpreparaty, JSC","Tatchempharmpreparaty, JSC",Use dashboard_sponsor_name
Tau Medical Australia Pty Ltd,Tau Medical Australia Pty Ltd,Tau Medical Australia Pty Ltd,left_as_is,no_review_needed,No related sponsor/parent mapping identified; kept as original sponsor name.,Tau Medical Australia Pty Ltd,Tau Medical Australia Pty Ltd,Use dashboard_sponsor_name
"Tau-MEDICAL Co., Ltd.","Tau-MEDICAL Co., Ltd.","Tau-MEDICAL Co., Ltd.",left_as_is,no_review_needed,No related sponsor/parent mapping identified; kept as original sponsor name.,"Tau-MEDICAL Co., Ltd.","Tau-MEDICAL Co., Ltd.",Use dashboard_sponsor_name
"Technophage, SA","Technophage, SA","Technophage, SA",left_as_is,no_review_needed,No related sponsor/parent mapping identified; kept as original sponsor name.,"Technophage, SA","Technophage, SA",Use dashboard_sponsor_name
"Tectonic Operating Company, Inc.","Tectonic Operating Company, Inc.","Tectonic Operating Company, Inc.",left_as_is,no_review_needed,No related sponsor/parent mapping identified; kept as original sponsor name.,"Tectonic Operating Company, Inc.","Tectonic Operating Company, Inc.",Use dashboard_sponsor_name
Teijin Pharma Limited,Teijin Pharma Limited,Teijin Pharma Limited,left_as_is,no_review_needed,No related sponsor/parent mapping identified; kept as original sponsor name.,Teijin Pharma Limited,Teijin Pharma Limited,Use dashboard_sponsor_name
"Tenax Therapeutics, Inc.","Tenax Therapeutics, Inc.","Tenax Therapeutics, Inc.",left_as_is,no_review_needed,No related sponsor/parent mapping identified; kept as original sponsor name.,"Tenax Therapeutics, Inc.","Tenax Therapeutics, Inc.",Use dashboard_sponsor_name
Tenaya Therapeutics,Tenaya Therapeutics,Tenaya Therapeutics,left_as_is,no_review_needed,No related sponsor/parent mapping identified; kept as original sponsor name.,Tenaya Therapeutics,Tenaya Therapeutics,Use dashboard_sponsor_name
TeneoOne Inc.,TeneoOne Inc.,TeneoOne Inc.,left_as_is,no_review_needed,No related sponsor/parent mapping identified; kept as original sponsor name.,TeneoOne Inc.,TeneoOne Inc.,Use dashboard_sponsor_name
Tenex Health Inc.,Tenex Health Inc.,Tenex Health Inc.,left_as_is,no_review_needed,No related sponsor/parent mapping identified; kept as original sponsor name.,Tenex Health Inc.,Tenex Health Inc.,Use dashboard_sponsor_name
Terremoto Biosciences Inc.,Terremoto Biosciences Inc.,Terremoto Biosciences Inc.,left_as_is,no_review_needed,No related sponsor/parent mapping identified; kept as original sponsor name.,Terremoto Biosciences Inc.,Terremoto Biosciences Inc.,Use dashboard_sponsor_name
Terumo Medical Corporation,Terumo Medical Corporation,Terumo Medical Corporation,left_as_is,no_review_needed,No related sponsor/parent mapping identified; kept as original sponsor name.,Terumo Medical Corporation,Terumo Medical Corporation,Use dashboard_sponsor_name
Teva Branded Pharmaceutical Products R&D LLC,Teva Branded Pharmaceutical Products R&D LLC,Teva Branded Pharmaceutical Products R&D LLC,left_as_is,no_review_needed,No related sponsor/parent mapping identified; kept as original sponsor name.,Teva Branded Pharmaceutical Products R&D LLC,Teva Branded Pharmaceutical Products R&D LLC,Use dashboard_sponsor_name
"Teva Branded Pharmaceutical Products R&D, Inc.","Teva Branded Pharmaceutical Products R&D, Inc.","Teva Branded Pharmaceutical Products R&D, Inc.",left_as_is,no_review_needed,No related sponsor/parent mapping identified; kept as original sponsor name.,"Teva Branded Pharmaceutical Products R&D, Inc.","Teva Branded Pharmaceutical Products R&D, Inc.",Use dashboard_sponsor_name
"The Emmes Company, LLC","The Emmes Company, LLC","The Emmes Company, LLC",left_as_is,no_review_needed,No related sponsor/parent mapping identified; kept as original sponsor name.,"The Emmes Company, LLC","The Emmes Company, LLC",Use dashboard_sponsor_name
The Finnish Association of People with Physical Disabilities,The Finnish Association of People with Physical Disabilities,The Finnish Association of People with Physical Disabilities,left_as_is,no_review_needed,No related sponsor/parent mapping identified; kept as original sponsor name.,The Finnish Association of People with Physical Disabilities,The Finnish Association of People with Physical Disabilities,Use dashboard_sponsor_name
The Medicines Company,The Medicines Company,The Medicines Company,left_as_is,no_review_needed,No related sponsor/parent mapping identified; kept as original sponsor name.,The Medicines Company,The Medicines Company,Use dashboard_sponsor_name
The Searle Company Limited Pakistan,The Searle Company Limited Pakistan,The Searle Company Limited Pakistan,left_as_is,no_review_needed,No related sponsor/parent mapping identified; kept as original sponsor name.,The Searle Company Limited Pakistan,The Searle Company Limited Pakistan,Use dashboard_sponsor_name
Theravance Biopharma,Theravance Biopharma,Theravance Biopharma,left_as_is,no_review_needed,No related sponsor/parent mapping identified; kept as original sponsor name.,Theravance Biopharma,Theravance Biopharma,Use dashboard_sponsor_name
Therini Bio Pty Ltd,Therini Bio Pty Ltd,Therini Bio Pty Ltd,left_as_is,no_review_needed,No related sponsor/parent mapping identified; kept as original sponsor name.,Therini Bio Pty Ltd,Therini Bio Pty Ltd,Use dashboard_sponsor_name
"Thermedical, Inc.","Thermedical, Inc.","Thermedical, Inc.",left_as_is,no_review_needed,No related sponsor/parent mapping identified; kept as original sponsor name.,"Thermedical, Inc.","Thermedical, Inc.",Use dashboard_sponsor_name
ThermoMind Ltd.,ThermoMind Ltd.,ThermoMind Ltd.,left_as_is,no_review_needed,No related sponsor/parent mapping identified; kept as original sponsor name.,ThermoMind Ltd.,ThermoMind Ltd.,Use dashboard_sponsor_name
"ThinkSono, Ltd.","ThinkSono, Ltd.","ThinkSono, Ltd.",left_as_is,no_review_needed,No related sponsor/parent mapping identified; kept as original sponsor name.,"ThinkSono, Ltd.","ThinkSono, Ltd.",Use dashboard_sponsor_name
"Thiogenesis Therapeutics, Inc.","Thiogenesis Therapeutics, Inc.","Thiogenesis Therapeutics, Inc.",left_as_is,no_review_needed,No related sponsor/parent mapping identified; kept as original sponsor name.,"Thiogenesis Therapeutics, Inc.","Thiogenesis Therapeutics, Inc.",Use dashboard_sponsor_name
"Third Pole Therapeutics, Inc.","Third Pole Therapeutics, Inc.","Third Pole Therapeutics, Inc.",left_as_is,no_review_needed,No related sponsor/parent mapping identified; kept as original sponsor name.,"Third Pole Therapeutics, Inc.","Third Pole Therapeutics, Inc.",Use dashboard_sponsor_name
Thomas Advanced Medical LLC,Thomas Advanced Medical LLC,Thomas Advanced Medical LLC,left_as_is,no_review_needed,No related sponsor/parent mapping identified; kept as original sponsor name.,Thomas Advanced Medical LLC,Thomas Advanced Medical LLC,Use dashboard_sponsor_name
ThromBio Pty. Ltd.,ThromBio Pty. Ltd.,ThromBio Pty. Ltd.,left_as_is,no_review_needed,No related sponsor/parent mapping identified; kept as original sponsor name.,ThromBio Pty. Ltd.,ThromBio Pty. Ltd.,Use dashboard_sponsor_name
"Thrombolex, Inc.","Thrombolex, Inc.","Thrombolex, Inc.",left_as_is,no_review_needed,No related sponsor/parent mapping identified; kept as original sponsor name.,"Thrombolex, Inc.","Thrombolex, Inc.",Use dashboard_sponsor_name
"Thryv Therapeutics, Inc.","Thryv Therapeutics, Inc.","Thryv Therapeutics, Inc.",left_as_is,no_review_needed,No related sponsor/parent mapping identified; kept as original sponsor name.,"Thryv Therapeutics, Inc.","Thryv Therapeutics, Inc.",Use dashboard_sponsor_name
"Tianjin Demax Medical Technology Co., Ltd","Tianjin Demax Medical Technology Co., Ltd","Tianjin Demax Medical Technology Co., Ltd",left_as_is,no_review_needed,No related sponsor/parent mapping identified; kept as original sponsor name.,"Tianjin Demax Medical Technology Co., Ltd","Tianjin Demax Medical Technology Co., Ltd",Use dashboard_sponsor_name
"Tianjin Hemay Pharmaceutical Co., Ltd","Tianjin Hemay Pharmaceutical Co., Ltd","Tianjin Hemay Pharmaceutical Co., Ltd",left_as_is,no_review_needed,No related sponsor/parent mapping identified; kept as original sponsor name.,"Tianjin Hemay Pharmaceutical Co., Ltd","Tianjin Hemay Pharmaceutical Co., Ltd",Use dashboard_sponsor_name
"Tiger Biosciences, LLC.","Tiger Biosciences, LLC.","Tiger Biosciences, LLC.",left_as_is,no_review_needed,No related sponsor/parent mapping identified; kept as original sponsor name.,"Tiger Biosciences, LLC.","Tiger Biosciences, LLC.",Use dashboard_sponsor_name
"Tioga Cardiovascular, Inc.","Tioga Cardiovascular, Inc.","Tioga Cardiovascular, Inc.",left_as_is,no_review_needed,No related sponsor/parent mapping identified; kept as original sponsor name.,"Tioga Cardiovascular, Inc.","Tioga Cardiovascular, Inc.",Use dashboard_sponsor_name
Tisento Therapeutics,Tisento Therapeutics,Tisento Therapeutics,left_as_is,no_review_needed,No related sponsor/parent mapping identified; kept as original sponsor name.,Tisento Therapeutics,Tisento Therapeutics,Use dashboard_sponsor_name
Toku Eyes Ltd,Toku Eyes Ltd,Toku Eyes Ltd,left_as_is,no_review_needed,No related sponsor/parent mapping identified; kept as original sponsor name.,Toku Eyes Ltd,Toku Eyes Ltd,Use dashboard_sponsor_name
Toll Biotech Co. Ltd. (Beijing),Toll Biotech Co. Ltd. ,Toll Biotech Co. Ltd. ,left_as_is,no_review_needed,No related sponsor/parent mapping identified; kept as original sponsor name.,Toll Biotech Co. Ltd. ,Toll Biotech Co. Ltd. ,Use dashboard_sponsor_name
"Ton-Bridge Medical Tech. Co., Ltd","Ton-Bridge Medical Tech. Co., Ltd","Ton-Bridge Medical Tech. Co., Ltd",left_as_is,no_review_needed,No related sponsor/parent mapping identified; kept as original sponsor name.,"Ton-Bridge Medical Tech. Co., Ltd","Ton-Bridge Medical Tech. Co., Ltd",Use dashboard_sponsor_name
Topcon Corporation,Topcon Corporation,Topcon Corporation,left_as_is,no_review_needed,No related sponsor/parent mapping identified; kept as original sponsor name.,Topcon Corporation,Topcon Corporation,Use dashboard_sponsor_name
"Toro Neurovascular, Inc.","Toro Neurovascular, Inc.","Toro Neurovascular, Inc.",left_as_is,no_review_needed,No related sponsor/parent mapping identified; kept as original sponsor name.,"Toro Neurovascular, Inc.","Toro Neurovascular, Inc.",Use dashboard_sponsor_name
Toronto Transfusion Medicine Collaborative,Toronto Transfusion Medicine Collaborative,Toronto Transfusion Medicine Collaborative,left_as_is,no_review_needed,No related sponsor/parent mapping identified; kept as original sponsor name.,Toronto Transfusion Medicine Collaborative,Toronto Transfusion Medicine Collaborative,Use dashboard_sponsor_name
"TransAortic Medical, Inc.","TransAortic Medical, Inc.","TransAortic Medical, Inc.",left_as_is,no_review_needed,No related sponsor/parent mapping identified; kept as original sponsor name.,"TransAortic Medical, Inc.","TransAortic Medical, Inc.",Use dashboard_sponsor_name
"Translational Sciences, Inc.","Translational Sciences, Inc.","Translational Sciences, Inc.",left_as_is,no_review_needed,No related sponsor/parent mapping identified; kept as original sponsor name.,"Translational Sciences, Inc.","Translational Sciences, Inc.",Use dashboard_sponsor_name
Translumina GmbH,Translumina GmbH,Translumina GmbH,left_as_is,no_review_needed,No related sponsor/parent mapping identified; kept as original sponsor name.,Translumina GmbH,Translumina GmbH,Use dashboard_sponsor_name
Translumina Therapeutics Pvt Ltd.,Translumina Therapeutics Pvt Ltd.,Translumina Therapeutics Pvt Ltd.,left_as_is,no_review_needed,No related sponsor/parent mapping identified; kept as original sponsor name.,Translumina Therapeutics Pvt Ltd.,Translumina Therapeutics Pvt Ltd.,Use dashboard_sponsor_name
"Transverse Medical, Inc.","Transverse Medical, Inc.","Transverse Medical, Inc.",left_as_is,no_review_needed,No related sponsor/parent mapping identified; kept as original sponsor name.,"Transverse Medical, Inc.","Transverse Medical, Inc.",Use dashboard_sponsor_name
"Travere Therapeutics, Inc.","Travere Therapeutics, Inc.","Travere Therapeutics, Inc.",left_as_is,no_review_needed,No related sponsor/parent mapping identified; kept as original sponsor name.,"Travere Therapeutics, Inc.","Travere Therapeutics, Inc.",Use dashboard_sponsor_name
Trevi Therapeutics,Trevi Therapeutics,Trevi Therapeutics,left_as_is,no_review_needed,No related sponsor/parent mapping identified; kept as original sponsor name.,Trevi Therapeutics,Trevi Therapeutics,Use dashboard_sponsor_name
Tri.O Medical LTD,Tri.O Medical LTD,Tri.O Medical LTD,left_as_is,no_review_needed,No related sponsor/parent mapping identified; kept as original sponsor name.,Tri.O Medical LTD,Tri.O Medical LTD,Use dashboard_sponsor_name
TriHealth Inc.,TriHealth Inc.,TriHealth Inc.,left_as_is,no_review_needed,No related sponsor/parent mapping identified; kept as original sponsor name.,TriHealth Inc.,TriHealth Inc.,Use dashboard_sponsor_name
"TriVirum, Inc.","TriVirum, Inc.","TriVirum, Inc.",left_as_is,no_review_needed,No related sponsor/parent mapping identified; kept as original sponsor name.,"TriVirum, Inc.","TriVirum, Inc.",Use dashboard_sponsor_name
Tricog Health Inc,Tricog Health Inc,Tricog Health Inc,left_as_is,no_review_needed,No related sponsor/parent mapping identified; kept as original sponsor name.,Tricog Health Inc,Tricog Health Inc,Use dashboard_sponsor_name
TripleMed B.V.,TripleMed B.V.,TripleMed B.V.,left_as_is,no_review_needed,No related sponsor/parent mapping identified; kept as original sponsor name.,TripleMed B.V.,TripleMed B.V.,Use dashboard_sponsor_name
"Triumvira Immunologics, Inc.","Triumvira Immunologics, Inc.","Triumvira Immunologics, Inc.",left_as_is,no_review_needed,No related sponsor/parent mapping identified; kept as original sponsor name.,"Triumvira Immunologics, Inc.","Triumvira Immunologics, Inc.",Use dashboard_sponsor_name
"TrueBinding, Inc.","TrueBinding, Inc.","TrueBinding, Inc.",left_as_is,no_review_needed,No related sponsor/parent mapping identified; kept as original sponsor name.,"TrueBinding, Inc.","TrueBinding, Inc.",Use dashboard_sponsor_name
Truemedicine Inc,Truemedicine Inc,Truemedicine Inc,left_as_is,no_review_needed,No related sponsor/parent mapping identified; kept as original sponsor name.,Truemedicine Inc,Truemedicine Inc,Use dashboard_sponsor_name
"Trust Bio-sonics, Inc.","Trust Bio-sonics, Inc.","Trust Bio-sonics, Inc.",left_as_is,no_review_needed,No related sponsor/parent mapping identified; kept as original sponsor name.,"Trust Bio-sonics, Inc.","Trust Bio-sonics, Inc.",Use dashboard_sponsor_name
"Truway Health, Inc.","Truway Health, Inc.","Truway Health, Inc.",left_as_is,no_review_needed,No related sponsor/parent mapping identified; kept as original sponsor name.,"Truway Health, Inc.","Truway Health, Inc.",Use dashboard_sponsor_name
Turki Abualait,Turki Abualait,Turki Abualait,left_as_is,no_review_needed,No related sponsor/parent mapping identified; kept as original sponsor name.,Turki Abualait,Turki Abualait,Use dashboard_sponsor_name
ULURU Inc.,ULURU Inc.,ULURU Inc.,left_as_is,no_review_needed,No related sponsor/parent mapping identified; kept as original sponsor name.,ULURU Inc.,ULURU Inc.,Use dashboard_sponsor_name
UOSD Emodinamica Diagnostica e Interventistica,UOSD Emodinamica Diagnostica e Interventistica,UOSD Emodinamica Diagnostica e Interventistica,left_as_is,no_review_needed,No related sponsor/parent mapping identified; kept as original sponsor name.,UOSD Emodinamica Diagnostica e Interventistica,UOSD Emodinamica Diagnostica e Interventistica,Use dashboard_sponsor_name
Ultromics Ltd,Ultromics Ltd,Ultromics Ltd,left_as_is,no_review_needed,No related sponsor/parent mapping identified; kept as original sponsor name.,Ultromics Ltd,Ultromics Ltd,Use dashboard_sponsor_name
UniQure Biopharma B.V.,UniQure Biopharma B.V.,UniQure Biopharma B.V.,left_as_is,no_review_needed,No related sponsor/parent mapping identified; kept as original sponsor name.,UniQure Biopharma B.V.,UniQure Biopharma B.V.,Use dashboard_sponsor_name
Union de Gestion des Etablissements des Caisses d'Assurance Maladie - Nord Est,Union de Gestion des Etablissements des Caisses d'Assurance Maladie - Nord Est,Union de Gestion des Etablissements des Caisses d'Assurance Maladie - Nord Est,left_as_is,no_review_needed,No related sponsor/parent mapping identified; kept as original sponsor name.,Union de Gestion des Etablissements des Caisses d'Assurance Maladie - Nord Est,Union de Gestion des Etablissements des Caisses d'Assurance Maladie - Nord Est,Use dashboard_sponsor_name
United Innomed(Shanghai) Limited,United Innomed Limited,United Innomed Limited,left_as_is,no_review_needed,No related sponsor/parent mapping identified; kept as original sponsor name.,United Innomed Limited,United Innomed Limited,Use dashboard_sponsor_name
United Therapeutics,United Therapeutics,United Therapeutics,left_as_is,no_review_needed,No related sponsor/parent mapping identified; kept as original sponsor name.,United Therapeutics,United Therapeutics,Use dashboard_sponsor_name
"Unity Biotechnology, Inc.","Unity Biotechnology, Inc.","Unity Biotechnology, Inc.",left_as_is,no_review_needed,No related sponsor/parent mapping identified; kept as original sponsor name.,"Unity Biotechnology, Inc.","Unity Biotechnology, Inc.",Use dashboard_sponsor_name
Universidad Pablo de Olavide,Universidad Pablo de Olavide,Universidad Pablo de Olavide,left_as_is,no_review_needed,No related sponsor/parent mapping identified; kept as original sponsor name.,Universidad Pablo de Olavide,Universidad Pablo de Olavide,Use dashboard_sponsor_name
Universidad de Cartagena,Universidad de Cartagena,Universidad de Cartagena,left_as_is,no_review_needed,No related sponsor/parent mapping identified; kept as original sponsor name.,Universidad de Cartagena,Universidad de Cartagena,Use dashboard_sponsor_name
Universidad de Magallanes,Universidad de Magallanes,Universidad de Magallanes,left_as_is,no_review_needed,No related sponsor/parent mapping identified; kept as original sponsor name.,Universidad de Magallanes,Universidad de Magallanes,Use dashboard_sponsor_name
Universidad de Santiago de Chile,Universidad de Santiago de Chile,Universidad de Santiago de Chile,left_as_is,no_review_needed,No related sponsor/parent mapping identified; kept as original sponsor name.,Universidad de Santiago de Chile,Universidad de Santiago de Chile,Use dashboard_sponsor_name
Universidad de Zaragoza,Universidad de Zaragoza,Universidad de Zaragoza,left_as_is,no_review_needed,No related sponsor/parent mapping identified; kept as original sponsor name.,Universidad de Zaragoza,Universidad de Zaragoza,Use dashboard_sponsor_name
Universidad de la Sabana,Universidad de la Sabana,Universidad de la Sabana,left_as_is,no_review_needed,No related sponsor/parent mapping identified; kept as original sponsor name.,Universidad de la Sabana,Universidad de la Sabana,Use dashboard_sponsor_name
University of Rochester,University of Rochester,University of Rochester,left_as_is,no_review_needed,No related sponsor/parent mapping identified; kept as original sponsor name.,University of Rochester,University of Rochester,Use dashboard_sponsor_name
VASCage GmbH,VASCage GmbH,VASCage GmbH,left_as_is,no_review_needed,No related sponsor/parent mapping identified; kept as original sponsor name.,VASCage GmbH,VASCage GmbH,Use dashboard_sponsor_name
"VDyne, Inc.","VDyne, Inc.","VDyne, Inc.",left_as_is,no_review_needed,No related sponsor/parent mapping identified; kept as original sponsor name.,"VDyne, Inc.","VDyne, Inc.",Use dashboard_sponsor_name
VUNO Inc.,VUNO Inc.,VUNO Inc.,left_as_is,no_review_needed,No related sponsor/parent mapping identified; kept as original sponsor name.,VUNO Inc.,VUNO Inc.,Use dashboard_sponsor_name
Vaderis Therapeutics AG,Vaderis Therapeutics AG,Vaderis Therapeutics AG,left_as_is,no_review_needed,No related sponsor/parent mapping identified; kept as original sponsor name.,Vaderis Therapeutics AG,Vaderis Therapeutics AG,Use dashboard_sponsor_name
"VahatiCor, Inc.","VahatiCor, Inc.","VahatiCor, Inc.",left_as_is,no_review_needed,No related sponsor/parent mapping identified; kept as original sponsor name.,"VahatiCor, Inc.","VahatiCor, Inc.",Use dashboard_sponsor_name
Valcare Medical Ltd.,Valcare Medical Ltd.,Valcare Medical Ltd.,left_as_is,no_review_needed,No related sponsor/parent mapping identified; kept as original sponsor name.,Valcare Medical Ltd.,Valcare Medical Ltd.,Use dashboard_sponsor_name
Valenta Pharm JSC,Valenta Pharm JSC,Valenta Pharm JSC,left_as_is,no_review_needed,No related sponsor/parent mapping identified; kept as original sponsor name.,Valenta Pharm JSC,Valenta Pharm JSC,Use dashboard_sponsor_name
"Valo Health, Inc.","Valo Health, Inc.","Valo Health, Inc.",left_as_is,no_review_needed,No related sponsor/parent mapping identified; kept as original sponsor name.,"Valo Health, Inc.","Valo Health, Inc.",Use dashboard_sponsor_name
Vanda Pharmaceuticals,Vanda Pharmaceuticals,Vanda Pharmaceuticals,left_as_is,no_review_needed,No related sponsor/parent mapping identified; kept as original sponsor name.,Vanda Pharmaceuticals,Vanda Pharmaceuticals,Use dashboard_sponsor_name
Vantage Biosciences Ltd,Vantage Biosciences Ltd,Vantage Biosciences Ltd,left_as_is,no_review_needed,No related sponsor/parent mapping identified; kept as original sponsor name.,Vantage Biosciences Ltd,Vantage Biosciences Ltd,Use dashboard_sponsor_name
Vantive Health LLC,Vantive Health LLC,Vantive Health LLC,left_as_is,no_review_needed,No related sponsor/parent mapping identified; kept as original sponsor name.,Vantive Health LLC,Vantive Health LLC,Use dashboard_sponsor_name
"Varian, a Siemens Healthineers Company","Varian, a Siemens Healthineers Company","Varian, a Siemens Healthineers Company",left_as_is,no_review_needed,No related sponsor/parent mapping identified; kept as original sponsor name.,"Varian, a Siemens Healthineers Company","Varian, a Siemens Healthineers Company",Use dashboard_sponsor_name
VarmX B.V.,VarmX B.V.,VarmX B.V.,left_as_is,no_review_needed,No related sponsor/parent mapping identified; kept as original sponsor name.,VarmX B.V.,VarmX B.V.,Use dashboard_sponsor_name
"Vascudyne, Inc.","Vascudyne, Inc.","Vascudyne, Inc.",left_as_is,no_review_needed,No related sponsor/parent mapping identified; kept as original sponsor name.,"Vascudyne, Inc.","Vascudyne, Inc.",Use dashboard_sponsor_name
"Vascular Dynamics, Inc.","Vascular Dynamics, Inc.","Vascular Dynamics, Inc.",left_as_is,no_review_needed,No related sponsor/parent mapping identified; kept as original sponsor name.,"Vascular Dynamics, Inc.","Vascular Dynamics, Inc.",Use dashboard_sponsor_name
Vascular Graft Solutions Ltd.,Vascular Graft Solutions Ltd.,Vascular Graft Solutions Ltd.,left_as_is,no_review_needed,No related sponsor/parent mapping identified; kept as original sponsor name.,Vascular Graft Solutions Ltd.,Vascular Graft Solutions Ltd.,Use dashboard_sponsor_name
Vascular Neurology of Southern California Inc.,Vascular Neurology of Southern California Inc.,Vascular Neurology of Southern California Inc.,left_as_is,no_review_needed,No related sponsor/parent mapping identified; kept as original sponsor name.,Vascular Neurology of Southern California Inc.,Vascular Neurology of Southern California Inc.,Use dashboard_sponsor_name
Vascular Science LP GmbH,Vascular Science LP GmbH,Vascular Science LP GmbH,left_as_is,no_review_needed,No related sponsor/parent mapping identified; kept as original sponsor name.,Vascular Science LP GmbH,Vascular Science LP GmbH,Use dashboard_sponsor_name
Vascular Solutions LLC,Vascular Solutions LLC,Vascular Solutions LLC,left_as_is,no_review_needed,No related sponsor/parent mapping identified; kept as original sponsor name.,Vascular Solutions LLC,Vascular Solutions LLC,Use dashboard_sponsor_name
"Vascular Therapies, Inc.","Vascular Therapies, Inc.","Vascular Therapies, Inc.",left_as_is,no_review_needed,No related sponsor/parent mapping identified; kept as original sponsor name.,"Vascular Therapies, Inc.","Vascular Therapies, Inc.",Use dashboard_sponsor_name
Vascutek Ltd.,Vascutek Ltd.,Vascutek Ltd.,left_as_is,no_review_needed,No related sponsor/parent mapping identified; kept as original sponsor name.,Vascutek Ltd.,Vascutek Ltd.,Use dashboard_sponsor_name
Vectorious Medical Technologies Ltd.,Vectorious Medical Technologies Ltd.,Vectorious Medical Technologies Ltd.,left_as_is,no_review_needed,No related sponsor/parent mapping identified; kept as original sponsor name.,Vectorious Medical Technologies Ltd.,Vectorious Medical Technologies Ltd.,Use dashboard_sponsor_name
"Vectura, Inc.","Vectura, Inc.","Vectura, Inc.",left_as_is,no_review_needed,No related sponsor/parent mapping identified; kept as original sponsor name.,"Vectura, Inc.","Vectura, Inc.",Use dashboard_sponsor_name
Vedic Lifesciences Pvt. Ltd.,Vedic Lifesciences Pvt. Ltd.,Vedic Lifesciences Pvt. Ltd.,left_as_is,no_review_needed,No related sponsor/parent mapping identified; kept as original sponsor name.,Vedic Lifesciences Pvt. Ltd.,Vedic Lifesciences Pvt. Ltd.,Use dashboard_sponsor_name
"Vega Therapeutics, Inc","Vega Therapeutics, Inc","Vega Therapeutics, Inc",left_as_is,no_review_needed,No related sponsor/parent mapping identified; kept as original sponsor name.,"Vega Therapeutics, Inc","Vega Therapeutics, Inc",Use dashboard_sponsor_name
"Venclose, Inc.","Venclose, Inc.","Venclose, Inc.",left_as_is,no_review_needed,No related sponsor/parent mapping identified; kept as original sponsor name.,"Venclose, Inc.","Venclose, Inc.",Use dashboard_sponsor_name
VentureMed Group Inc.,VentureMed Group Inc.,VentureMed Group Inc.,left_as_is,no_review_needed,No related sponsor/parent mapping identified; kept as original sponsor name.,VentureMed Group Inc.,VentureMed Group Inc.,Use dashboard_sponsor_name
Venus MedTech (HangZhou) Inc.,Venus MedTech  Inc.,Venus MedTech  Inc.,left_as_is,no_review_needed,No related sponsor/parent mapping identified; kept as original sponsor name.,Venus MedTech  Inc.,Venus MedTech  Inc.,Use dashboard_sponsor_name
Verdiva Bio Dev Limited,Verdiva Bio Dev Limited,Verdiva Bio Dev Limited,left_as_is,no_review_needed,No related sponsor/parent mapping identified; kept as original sponsor name.,Verdiva Bio Dev Limited,Verdiva Bio Dev Limited,Use dashboard_sponsor_name
Verily Life Sciences LLC,Verily Life Sciences LLC,Verily Life Sciences LLC,left_as_is,no_review_needed,No related sponsor/parent mapping identified; kept as original sponsor name.,Verily Life Sciences LLC,Verily Life Sciences LLC,Use dashboard_sponsor_name
Verismo Therapeutics,Verismo Therapeutics,Verismo Therapeutics,left_as_is,no_review_needed,No related sponsor/parent mapping identified; kept as original sponsor name.,Verismo Therapeutics,Verismo Therapeutics,Use dashboard_sponsor_name
"Verona Pharma, Inc., a subsidiary of Merck & Co., Inc. (Rahway, New Jersey USA","Verona Pharma, Inc.","Merck & Co., Inc.",left_as_is,no_review_needed,No related sponsor/parent mapping identified; kept as original sponsor name.,"Verona Pharma, Inc.","Merck & Co., Inc.",Use dashboard_sponsor_name
"Versa Vascular, Inc","Versa Vascular, Inc","Versa Vascular, Inc",left_as_is,no_review_needed,No related sponsor/parent mapping identified; kept as original sponsor name.,"Versa Vascular, Inc","Versa Vascular, Inc",Use dashboard_sponsor_name
Versono Medical Ltd,Versono Medical Ltd,Versono Medical Ltd,left_as_is,no_review_needed,No related sponsor/parent mapping identified; kept as original sponsor name.,Versono Medical Ltd,Versono Medical Ltd,Use dashboard_sponsor_name
Vertex Pharmaceuticals Incorporated,Vertex Pharmaceuticals Incorporated,Vertex Pharmaceuticals Incorporated,left_as_is,no_review_needed,No related sponsor/parent mapping identified; kept as original sponsor name.,Vertex Pharmaceuticals Incorporated,Vertex Pharmaceuticals Incorporated,Use dashboard_sponsor_name
Veru Inc.,Veru Inc.,Veru Inc.,left_as_is,no_review_needed,No related sponsor/parent mapping identified; kept as original sponsor name.,Veru Inc.,Veru Inc.,Use dashboard_sponsor_name
"Verve Medical, Inc","Verve Medical, Inc","Verve Medical, Inc",left_as_is,no_review_needed,No related sponsor/parent mapping identified; kept as original sponsor name.,"Verve Medical, Inc","Verve Medical, Inc",Use dashboard_sponsor_name
"Verve Therapeutics, Inc.","Verve Therapeutics, Inc.","Verve Therapeutics, Inc.",left_as_is,no_review_needed,No related sponsor/parent mapping identified; kept as original sponsor name.,"Verve Therapeutics, Inc.","Verve Therapeutics, Inc.",Use dashboard_sponsor_name
Veryan Medical Ltd.,Veryan Medical Ltd.,Veryan Medical Ltd.,left_as_is,no_review_needed,No related sponsor/parent mapping identified; kept as original sponsor name.,Veryan Medical Ltd.,Veryan Medical Ltd.,Use dashboard_sponsor_name
"Vesper Medical, Inc.","Vesper Medical, Inc.","Vesper Medical, Inc.",left_as_is,no_review_needed,No related sponsor/parent mapping identified; kept as original sponsor name.,"Vesper Medical, Inc.","Vesper Medical, Inc.",Use dashboard_sponsor_name
"Vesteck, Inc.","Vesteck, Inc.","Vesteck, Inc.",left_as_is,no_review_needed,No related sponsor/parent mapping identified; kept as original sponsor name.,"Vesteck, Inc.","Vesteck, Inc.",Use dashboard_sponsor_name
Viatris Innovation GmbH,Viatris Innovation GmbH,Viatris Innovation GmbH,left_as_is,no_review_needed,No related sponsor/parent mapping identified; kept as original sponsor name.,Viatris Innovation GmbH,Viatris Innovation GmbH,Use dashboard_sponsor_name
"Vibrato Medical, Inc.","Vibrato Medical, Inc.","Vibrato Medical, Inc.",left_as_is,no_review_needed,No related sponsor/parent mapping identified; kept as original sponsor name.,"Vibrato Medical, Inc.","Vibrato Medical, Inc.",Use dashboard_sponsor_name
"Vicora, Inc.","Vicora, Inc.","Vicora, Inc.",left_as_is,no_review_needed,No related sponsor/parent mapping identified; kept as original sponsor name.,"Vicora, Inc.","Vicora, Inc.",Use dashboard_sponsor_name
Vicore Pharma AB,Vicore Pharma AB,Vicore Pharma AB,left_as_is,no_review_needed,No related sponsor/parent mapping identified; kept as original sponsor name.,Vicore Pharma AB,Vicore Pharma AB,Use dashboard_sponsor_name
Vifor Fresenius Medical Care Renal Pharma,Vifor Fresenius Medical Care Renal Pharma,Vifor Fresenius Medical Care Renal Pharma,left_as_is,no_review_needed,No related sponsor/parent mapping identified; kept as original sponsor name.,Vifor Fresenius Medical Care Renal Pharma,Vifor Fresenius Medical Care Renal Pharma,Use dashboard_sponsor_name
Vincent ROULE,Vincent ROULE,Vincent ROULE,left_as_is,no_review_needed,No related sponsor/parent mapping identified; kept as original sponsor name.,Vincent ROULE,Vincent ROULE,Use dashboard_sponsor_name
"Vincentage Pharma Co., Ltd","Vincentage Pharma Co., Ltd","Vincentage Pharma Co., Ltd",left_as_is,no_review_needed,No related sponsor/parent mapping identified; kept as original sponsor name.,"Vincentage Pharma Co., Ltd","Vincentage Pharma Co., Ltd",Use dashboard_sponsor_name
Vincenzo Cannizzaro,Vincenzo Cannizzaro,Vincenzo Cannizzaro,left_as_is,no_review_needed,No related sponsor/parent mapping identified; kept as original sponsor name.,Vincenzo Cannizzaro,Vincenzo Cannizzaro,Use dashboard_sponsor_name
"Virtuoso BINco, Inc.","Virtuoso BINco, Inc.","Virtuoso BINco, Inc.",left_as_is,no_review_needed,No related sponsor/parent mapping identified; kept as original sponsor name.,"Virtuoso BINco, Inc.","Virtuoso BINco, Inc.",Use dashboard_sponsor_name
VisCardia Inc.,VisCardia Inc.,VisCardia Inc.,left_as_is,no_review_needed,No related sponsor/parent mapping identified; kept as original sponsor name.,VisCardia Inc.,VisCardia Inc.,Use dashboard_sponsor_name
Visionary Intelligence Ltd.,Visionary Intelligence Ltd.,Visionary Intelligence Ltd.,left_as_is,no_review_needed,No related sponsor/parent mapping identified; kept as original sponsor name.,Visionary Intelligence Ltd.,Visionary Intelligence Ltd.,Use dashboard_sponsor_name
Visirna Therapeutics HK Limited,Visirna Therapeutics HK Limited,Visirna Therapeutics HK Limited,left_as_is,no_review_needed,No related sponsor/parent mapping identified; kept as original sponsor name.,Visirna Therapeutics HK Limited,Visirna Therapeutics HK Limited,Use dashboard_sponsor_name
Vistamedi Ltd.,Vistamedi Ltd.,Vistamedi Ltd.,left_as_is,no_review_needed,No related sponsor/parent mapping identified; kept as original sponsor name.,Vistamedi Ltd.,Vistamedi Ltd.,Use dashboard_sponsor_name
Vita Green Health Products Co. Ltd,Vita Green Health Products Co. Ltd,Vita Green Health Products Co. Ltd,left_as_is,no_review_needed,No related sponsor/parent mapping identified; kept as original sponsor name.,Vita Green Health Products Co. Ltd,Vita Green Health Products Co. Ltd,Use dashboard_sponsor_name
Vital Audio Inc,Vital Audio Inc,Vital Audio Inc,left_as_is,no_review_needed,No related sponsor/parent mapping identified; kept as original sponsor name.,Vital Audio Inc,Vital Audio Inc,Use dashboard_sponsor_name
VitalConnect Inc.,VitalConnect Inc.,VitalConnect Inc.,left_as_is,no_review_needed,No related sponsor/parent mapping identified; kept as original sponsor name.,VitalConnect Inc.,VitalConnect Inc.,Use dashboard_sponsor_name
"Vitruvian Medical Devices, Inc.","Vitruvian Medical Devices, Inc.","Vitruvian Medical Devices, Inc.",left_as_is,no_review_needed,No related sponsor/parent mapping identified; kept as original sponsor name.,"Vitruvian Medical Devices, Inc.","Vitruvian Medical Devices, Inc.",Use dashboard_sponsor_name
VivaCell Biotechnology España,VivaCell Biotechnology España,VivaCell Biotechnology España,left_as_is,no_review_needed,No related sponsor/parent mapping identified; kept as original sponsor name.,VivaCell Biotechnology España,VivaCell Biotechnology España,Use dashboard_sponsor_name
Vivantes Netzwerk für Gesundheit GmbH,Vivantes Netzwerk für Gesundheit GmbH,Vivantes Netzwerk für Gesundheit GmbH,left_as_is,no_review_needed,No related sponsor/parent mapping identified; kept as original sponsor name.,Vivantes Netzwerk für Gesundheit GmbH,Vivantes Netzwerk für Gesundheit GmbH,Use dashboard_sponsor_name
"Vixiar Medical, Inc.","Vixiar Medical, Inc.","Vixiar Medical, Inc.",left_as_is,no_review_needed,No related sponsor/parent mapping identified; kept as original sponsor name.,"Vixiar Medical, Inc.","Vixiar Medical, Inc.",Use dashboard_sponsor_name
"Viz.ai, Inc.","Viz.ai, Inc.","Viz.ai, Inc.",left_as_is,no_review_needed,No related sponsor/parent mapping identified; kept as original sponsor name.,"Viz.ai, Inc.","Viz.ai, Inc.",Use dashboard_sponsor_name
Votis Subdermal Imaging Technologies LTD,Votis Subdermal Imaging Technologies LTD,Votis Subdermal Imaging Technologies LTD,left_as_is,no_review_needed,No related sponsor/parent mapping identified; kept as original sponsor name.,Votis Subdermal Imaging Technologies LTD,Votis Subdermal Imaging Technologies LTD,Use dashboard_sponsor_name
Vyne Therapeutics Inc.,Vyne Therapeutics Inc.,Vyne Therapeutics Inc.,left_as_is,no_review_needed,No related sponsor/parent mapping identified; kept as original sponsor name.,Vyne Therapeutics Inc.,Vyne Therapeutics Inc.,Use dashboard_sponsor_name
"Wanbangde Pharmaceutical Group Co., LTD","Wanbangde Pharmaceutical Group Co., LTD","Wanbangde Pharmaceutical Group Co., LTD",left_as_is,no_review_needed,No related sponsor/parent mapping identified; kept as original sponsor name.,"Wanbangde Pharmaceutical Group Co., LTD","Wanbangde Pharmaceutical Group Co., LTD",Use dashboard_sponsor_name
Wearable Robotics srl.,Wearable Robotics srl.,Wearable Robotics srl.,left_as_is,no_review_needed,No related sponsor/parent mapping identified; kept as original sponsor name.,Wearable Robotics srl.,Wearable Robotics srl.,Use dashboard_sponsor_name
"Wecare Probiotics Co., Ltd.","Wecare Probiotics Co., Ltd.","Wecare Probiotics Co., Ltd.",left_as_is,no_review_needed,No related sponsor/parent mapping identified; kept as original sponsor name.,"Wecare Probiotics Co., Ltd.","Wecare Probiotics Co., Ltd.",Use dashboard_sponsor_name
"WhiteSwell, Limited","WhiteSwell, Limited","WhiteSwell, Limited",left_as_is,no_review_needed,No related sponsor/parent mapping identified; kept as original sponsor name.,"WhiteSwell, Limited","WhiteSwell, Limited",Use dashboard_sponsor_name
Whoop Inc.,Whoop Inc.,Whoop Inc.,left_as_is,no_review_needed,No related sponsor/parent mapping identified; kept as original sponsor name.,Whoop Inc.,Whoop Inc.,Use dashboard_sponsor_name
Windtree Therapeutics,Windtree Therapeutics,Windtree Therapeutics,left_as_is,no_review_needed,No related sponsor/parent mapping identified; kept as original sponsor name.,Windtree Therapeutics,Windtree Therapeutics,Use dashboard_sponsor_name
Wondercel Biotech (ShenZhen),Wondercel Biotech ,Wondercel Biotech ,left_as_is,no_review_needed,No related sponsor/parent mapping identified; kept as original sponsor name.,Wondercel Biotech ,Wondercel Biotech ,Use dashboard_sponsor_name
World Health Research Inc.,World Health Research Inc.,World Health Research Inc.,left_as_is,no_review_needed,No related sponsor/parent mapping identified; kept as original sponsor name.,World Health Research Inc.,World Health Research Inc.,Use dashboard_sponsor_name
"World Medica USA, LLC","World Medica USA, LLC","World Medica USA, LLC",left_as_is,no_review_needed,No related sponsor/parent mapping identified; kept as original sponsor name.,"World Medica USA, LLC","World Medica USA, LLC",Use dashboard_sponsor_name
"Wuhan Createrna Science and Technology Co., Ltd","Wuhan Createrna Science and Technology Co., Ltd","Wuhan Createrna Science and Technology Co., Ltd",left_as_is,no_review_needed,No related sponsor/parent mapping identified; kept as original sponsor name.,"Wuhan Createrna Science and Technology Co., Ltd","Wuhan Createrna Science and Technology Co., Ltd",Use dashboard_sponsor_name
"Wuhan YZY Biopharma Co., Ltd.","Wuhan YZY Biopharma Co., Ltd.","Wuhan YZY Biopharma Co., Ltd.",left_as_is,no_review_needed,No related sponsor/parent mapping identified; kept as original sponsor name.,"Wuhan YZY Biopharma Co., Ltd.","Wuhan YZY Biopharma Co., Ltd.",Use dashboard_sponsor_name
X4 Pharmaceuticals,X4 Pharmaceuticals,X4 Pharmaceuticals,left_as_is,no_review_needed,No related sponsor/parent mapping identified; kept as original sponsor name.,X4 Pharmaceuticals,X4 Pharmaceuticals,Use dashboard_sponsor_name
"XBiotech, Inc.","XBiotech, Inc.","XBiotech, Inc.",left_as_is,no_review_needed,No related sponsor/parent mapping identified; kept as original sponsor name.,"XBiotech, Inc.","XBiotech, Inc.",Use dashboard_sponsor_name
XSpline S.p.A.,XSpline S.p.A.,XSpline S.p.A.,left_as_is,no_review_needed,No related sponsor/parent mapping identified; kept as original sponsor name.,XSpline S.p.A.,XSpline S.p.A.,Use dashboard_sponsor_name
Xenios AG,Xenios AG,Xenios AG,left_as_is,no_review_needed,No related sponsor/parent mapping identified; kept as original sponsor name.,Xenios AG,Xenios AG,Use dashboard_sponsor_name
Xiaguang Duan,Xiaguang Duan,Xiaguang Duan,left_as_is,no_review_needed,No related sponsor/parent mapping identified; kept as original sponsor name.,Xiaguang Duan,Xiaguang Duan,Use dashboard_sponsor_name
"Xiamen Amoytop Biotech Co., Ltd.","Xiamen Amoytop Biotech Co., Ltd.","Xiamen Amoytop Biotech Co., Ltd.",left_as_is,no_review_needed,No related sponsor/parent mapping identified; kept as original sponsor name.,"Xiamen Amoytop Biotech Co., Ltd.","Xiamen Amoytop Biotech Co., Ltd.",Use dashboard_sponsor_name
Xim Limited,Xim Limited,Xim Limited,left_as_is,no_review_needed,No related sponsor/parent mapping identified; kept as original sponsor name.,Xim Limited,Xim Limited,Use dashboard_sponsor_name
"Xinjiang Uygur Pharmaceutical Co., Ltd.","Xinjiang Uygur Pharmaceutical Co., Ltd.","Xinjiang Uygur Pharmaceutical Co., Ltd.",left_as_is,no_review_needed,No related sponsor/parent mapping identified; kept as original sponsor name.,"Xinjiang Uygur Pharmaceutical Co., Ltd.","Xinjiang Uygur Pharmaceutical Co., Ltd.",Use dashboard_sponsor_name
Xintela AB,Xintela AB,Xintela AB,left_as_is,no_review_needed,No related sponsor/parent mapping identified; kept as original sponsor name.,Xintela AB,Xintela AB,Use dashboard_sponsor_name
Xintian Pharmaceutical,Xintian Pharmaceutical,Xintian Pharmaceutical,left_as_is,no_review_needed,No related sponsor/parent mapping identified; kept as original sponsor name.,Xintian Pharmaceutical,Xintian Pharmaceutical,Use dashboard_sponsor_name
"XyloCor Therapeutics, Inc.","XyloCor Therapeutics, Inc.","XyloCor Therapeutics, Inc.",left_as_is,no_review_needed,No related sponsor/parent mapping identified; kept as original sponsor name.,"XyloCor Therapeutics, Inc.","XyloCor Therapeutics, Inc.",Use dashboard_sponsor_name
"YAP Therapeutics, Inc.","YAP Therapeutics, Inc.","YAP Therapeutics, Inc.",left_as_is,no_review_needed,No related sponsor/parent mapping identified; kept as original sponsor name.,"YAP Therapeutics, Inc.","YAP Therapeutics, Inc.",Use dashboard_sponsor_name
Yaqrit Ltd,Yaqrit Ltd,Yaqrit Ltd,left_as_is,no_review_needed,No related sponsor/parent mapping identified; kept as original sponsor name.,Yaqrit Ltd,Yaqrit Ltd,Use dashboard_sponsor_name
Yasmeen Alaa Abd El-Hamied Ahmeed,Yasmeen Alaa Abd El-Hamied Ahmeed,Yasmeen Alaa Abd El-Hamied Ahmeed,left_as_is,no_review_needed,No related sponsor/parent mapping identified; kept as original sponsor name.,Yasmeen Alaa Abd El-Hamied Ahmeed,Yasmeen Alaa Abd El-Hamied Ahmeed,Use dashboard_sponsor_name
"Yinyi(Liaoning) Biotech Co., Ltd.","Yinyi Biotech Co., Ltd.","Yinyi Biotech Co., Ltd.",left_as_is,no_review_needed,No related sponsor/parent mapping identified; kept as original sponsor name.,"Yinyi Biotech Co., Ltd.","Yinyi Biotech Co., Ltd.",Use dashboard_sponsor_name
Yuhan Corporation,Yuhan Corporation,Yuhan Corporation,left_as_is,no_review_needed,No related sponsor/parent mapping identified; kept as original sponsor name.,Yuhan Corporation,Yuhan Corporation,Use dashboard_sponsor_name
ZBeats INC,ZBeats INC,ZBeats INC,left_as_is,no_review_needed,No related sponsor/parent mapping identified; kept as original sponsor name.,ZBeats INC,ZBeats INC,Use dashboard_sponsor_name
"ZEO ScientifiX, Inc.","ZEO ScientifiX, Inc.","ZEO ScientifiX, Inc.",left_as_is,no_review_needed,No related sponsor/parent mapping identified; kept as original sponsor name.,"ZEO ScientifiX, Inc.","ZEO ScientifiX, Inc.",Use dashboard_sponsor_name
"ZZ Biotech, LLC","ZZ Biotech, LLC","ZZ Biotech, LLC",left_as_is,no_review_needed,No related sponsor/parent mapping identified; kept as original sponsor name.,"ZZ Biotech, LLC","ZZ Biotech, LLC",Use dashboard_sponsor_name
"Zeit Medical, Inc.","Zeit Medical, Inc.","Zeit Medical, Inc.",left_as_is,no_review_needed,No related sponsor/parent mapping identified; kept as original sponsor name.,"Zeit Medical, Inc.","Zeit Medical, Inc.",Use dashboard_sponsor_name
Zhejiang ACEA Pharmaceutical Co. Ltd.,Zhejiang ACEA Pharmaceutical Co. Ltd.,Zhejiang ACEA Pharmaceutical Co. Ltd.,left_as_is,no_review_needed,No related sponsor/parent mapping identified; kept as original sponsor name.,Zhejiang ACEA Pharmaceutical Co. Ltd.,Zhejiang ACEA Pharmaceutical Co. Ltd.,Use dashboard_sponsor_name
"Zhejiang Genfleet Therapeutics Co., Ltd.","Zhejiang Genfleet Therapeutics Co., Ltd.","Zhejiang Genfleet Therapeutics Co., Ltd.",left_as_is,no_review_needed,No related sponsor/parent mapping identified; kept as original sponsor name.,"Zhejiang Genfleet Therapeutics Co., Ltd.","Zhejiang Genfleet Therapeutics Co., Ltd.",Use dashboard_sponsor_name
"Zhejiang Huahai Pharmaceutical Co., Ltd.","Zhejiang Huahai Pharmaceutical Co., Ltd.","Zhejiang Huahai Pharmaceutical Co., Ltd.",left_as_is,no_review_needed,No related sponsor/parent mapping identified; kept as original sponsor name.,"Zhejiang Huahai Pharmaceutical Co., Ltd.","Zhejiang Huahai Pharmaceutical Co., Ltd.",Use dashboard_sponsor_name
"Zhejiang Yangli Pharmaceutical Technology Co., Ltd.","Zhejiang Yangli Pharmaceutical Technology Co., Ltd.","Zhejiang Yangli Pharmaceutical Technology Co., Ltd.",left_as_is,no_review_needed,No related sponsor/parent mapping identified; kept as original sponsor name.,"Zhejiang Yangli Pharmaceutical Technology Co., Ltd.","Zhejiang Yangli Pharmaceutical Technology Co., Ltd.",Use dashboard_sponsor_name
"Zhejiang Zylox Medical Device Co., Ltd.","Zhejiang Zylox Medical Device Co., Ltd.","Zhejiang Zylox Medical Device Co., Ltd.",left_as_is,no_review_needed,No related sponsor/parent mapping identified; kept as original sponsor name.,"Zhejiang Zylox Medical Device Co., Ltd.","Zhejiang Zylox Medical Device Co., Ltd.",Use dashboard_sponsor_name
"Zhuhai Rui-Inno Pharmaceutical Technology Co., Ltd.","Zhuhai Rui-Inno Pharmaceutical Technology Co., Ltd.","Zhuhai Rui-Inno Pharmaceutical Technology Co., Ltd.",left_as_is,no_review_needed,No related sponsor/parent mapping identified; kept as original sponsor name.,"Zhuhai Rui-Inno Pharmaceutical Technology Co., Ltd.","Zhuhai Rui-Inno Pharmaceutical Technology Co., Ltd.",Use dashboard_sponsor_name
Ziv HealthCare Ltd.,Ziv HealthCare Ltd.,Ziv HealthCare Ltd.,left_as_is,no_review_needed,No related sponsor/parent mapping identified; kept as original sponsor name.,Ziv HealthCare Ltd.,Ziv HealthCare Ltd.,Use dashboard_sponsor_name
Zoe Global Limited,Zoe Global Limited,Zoe Global Limited,left_as_is,no_review_needed,No related sponsor/parent mapping identified; kept as original sponsor name.,Zoe Global Limited,Zoe Global Limited,Use dashboard_sponsor_name
Zoll Medical Corporation,Zoll Medical Corporation,Zoll Medical Corporation,left_as_is,no_review_needed,No related sponsor/parent mapping identified; kept as original sponsor name.,Zoll Medical Corporation,Zoll Medical Corporation,Use dashboard_sponsor_name
Zomagen Biosciences Ltd.,Zomagen Biosciences Ltd.,Zomagen Biosciences Ltd.,left_as_is,no_review_needed,No related sponsor/parent mapping identified; kept as original sponsor name.,Zomagen Biosciences Ltd.,Zomagen Biosciences Ltd.,Use dashboard_sponsor_name
"Zona Health, Inc","Zona Health, Inc","Zona Health, Inc",left_as_is,no_review_needed,No related sponsor/parent mapping identified; kept as original sponsor name.,"Zona Health, Inc","Zona Health, Inc",Use dashboard_sponsor_name
Zura Bio Inc,Zura Bio Inc,Zura Bio Inc,left_as_is,no_review_needed,No related sponsor/parent mapping identified; kept as original sponsor name.,Zura Bio Inc,Zura Bio Inc,Use dashboard_sponsor_name
Zurich Medical Inc.,Zurich Medical Inc.,Zurich Medical Inc.,left_as_is,no_review_needed,No related sponsor/parent mapping identified; kept as original sponsor name.,Zurich Medical Inc.,Zurich Medical Inc.,Use dashboard_sponsor_name
"Zywie, Inc.","Zywie, Inc.","Zywie, Inc.",left_as_is,no_review_needed,No related sponsor/parent mapping identified; kept as original sponsor name.,"Zywie, Inc.","Zywie, Inc.",Use dashboard_sponsor_name
afreeze GmbH,afreeze GmbH,afreeze GmbH,left_as_is,no_review_needed,No related sponsor/parent mapping identified; kept as original sponsor name.,afreeze GmbH,afreeze GmbH,Use dashboard_sponsor_name
aptaTargets S.L.,aptaTargets S.L.,aptaTargets S.L.,left_as_is,no_review_needed,No related sponsor/parent mapping identified; kept as original sponsor name.,aptaTargets S.L.,aptaTargets S.L.,Use dashboard_sponsor_name
cortEXplore GmbH,cortEXplore GmbH,cortEXplore GmbH,left_as_is,no_review_needed,No related sponsor/parent mapping identified; kept as original sponsor name.,cortEXplore GmbH,cortEXplore GmbH,Use dashboard_sponsor_name
dsm-firmenich Switzerland AG,dsm-firmenich Switzerland AG,dsm-firmenich Switzerland AG,left_as_is,no_review_needed,No related sponsor/parent mapping identified; kept as original sponsor name.,dsm-firmenich Switzerland AG,dsm-firmenich Switzerland AG,Use dashboard_sponsor_name
faida agili,faida agili,faida agili,left_as_is,no_review_needed,No related sponsor/parent mapping identified; kept as original sponsor name.,faida agili,faida agili,Use dashboard_sponsor_name
g.tec medical engineering GmbH,g.tec medical engineering GmbH,g.tec medical engineering GmbH,left_as_is,no_review_needed,No related sponsor/parent mapping identified; kept as original sponsor name.,g.tec medical engineering GmbH,g.tec medical engineering GmbH,Use dashboard_sponsor_name
iATROS GmbH,iATROS GmbH,iATROS GmbH,left_as_is,no_review_needed,No related sponsor/parent mapping identified; kept as original sponsor name.,iATROS GmbH,iATROS GmbH,Use dashboard_sponsor_name
iCoat Medical AB,iCoat Medical AB,iCoat Medical AB,left_as_is,no_review_needed,No related sponsor/parent mapping identified; kept as original sponsor name.,iCoat Medical AB,iCoat Medical AB,Use dashboard_sponsor_name
"iECURE, Inc.","iECURE, Inc.","iECURE, Inc.",left_as_is,no_review_needed,No related sponsor/parent mapping identified; kept as original sponsor name.,"iECURE, Inc.","iECURE, Inc.",Use dashboard_sponsor_name
iHealthScreen Inc,iHealthScreen Inc,iHealthScreen Inc,left_as_is,no_review_needed,No related sponsor/parent mapping identified; kept as original sponsor name.,iHealthScreen Inc,iHealthScreen Inc,Use dashboard_sponsor_name
"iN Therapeutics Co., Ltd.","iN Therapeutics Co., Ltd.","iN Therapeutics Co., Ltd.",left_as_is,no_review_needed,No related sponsor/parent mapping identified; kept as original sponsor name.,"iN Therapeutics Co., Ltd.","iN Therapeutics Co., Ltd.",Use dashboard_sponsor_name
iOMEDICO AG,iOMEDICO AG,iOMEDICO AG,left_as_is,no_review_needed,No related sponsor/parent mapping identified; kept as original sponsor name.,iOMEDICO AG,iOMEDICO AG,Use dashboard_sponsor_name
"iRenix Medical, Inc.","iRenix Medical, Inc.","iRenix Medical, Inc.",left_as_is,no_review_needed,No related sponsor/parent mapping identified; kept as original sponsor name.,"iRenix Medical, Inc.","iRenix Medical, Inc.",Use dashboard_sponsor_name
"iRhythm Technologies, Inc.","iRhythm Technologies, Inc.","iRhythm Technologies, Inc.",left_as_is,no_review_needed,No related sponsor/parent mapping identified; kept as original sponsor name.,"iRhythm Technologies, Inc.","iRhythm Technologies, Inc.",Use dashboard_sponsor_name
iTeos Therapeutics,iTeos Therapeutics,iTeos Therapeutics,left_as_is,no_review_needed,No related sponsor/parent mapping identified; kept as original sponsor name.,iTeos Therapeutics,iTeos Therapeutics,Use dashboard_sponsor_name
"inQB8 Medical Technologies, LLC","inQB8 Medical Technologies, LLC","inQB8 Medical Technologies, LLC",left_as_is,no_review_needed,No related sponsor/parent mapping identified; kept as original sponsor name.,"inQB8 Medical Technologies, LLC","inQB8 Medical Technologies, LLC",Use dashboard_sponsor_name
mustafa Zayan Abdelsayed Mohamed,mustafa Zayan Abdelsayed Mohamed,mustafa Zayan Abdelsayed Mohamed,left_as_is,no_review_needed,No related sponsor/parent mapping identified; kept as original sponsor name.,mustafa Zayan Abdelsayed Mohamed,mustafa Zayan Abdelsayed Mohamed,Use dashboard_sponsor_name
neuroloop GmbH,neuroloop GmbH,neuroloop GmbH,left_as_is,no_review_needed,No related sponsor/parent mapping identified; kept as original sponsor name.,neuroloop GmbH,neuroloop GmbH,Use dashboard_sponsor_name
pablo Juan-Salvadores,pablo Juan-Salvadores,pablo Juan-Salvadores,left_as_is,no_review_needed,No related sponsor/parent mapping identified; kept as original sponsor name.,pablo Juan-Salvadores,pablo Juan-Salvadores,Use dashboard_sponsor_name
phenox Inc.,phenox Inc.,phenox Inc.,left_as_is,no_review_needed,No related sponsor/parent mapping identified; kept as original sponsor name.,phenox Inc.,phenox Inc.,Use dashboard_sponsor_name
piero portincasa,piero portincasa,piero portincasa,left_as_is,no_review_needed,No related sponsor/parent mapping identified; kept as original sponsor name.,piero portincasa,piero portincasa,Use dashboard_sponsor_name
"scPharmaceuticals, Inc.","scPharmaceuticals, Inc.","scPharmaceuticals, Inc.",left_as_is,no_review_needed,No related sponsor/parent mapping identified; kept as original sponsor name.,"scPharmaceuticals, Inc.","scPharmaceuticals, Inc.",Use dashboard_sponsor_name
wail abdelaal,wail abdelaal,wail abdelaal,left_as_is,no_review_needed,No related sponsor/parent mapping identified; kept as original sponsor name.,wail abdelaal,wail abdelaal,Use dashboard_sponsor_name
?slam Elagöz,?slam Elagöz,?slam Elagöz,left_as_is,no_review_needed,No related sponsor/parent mapping identified; kept as original sponsor name.,?slam Elagöz,?slam Elagöz,Use dashboard_sponsor_name
Numab Therapeutics AG,Numab Therapeutics,Numab Therapeutics,simple_name_variant,no_review_needed,Likely simple sponsor-name standardization.,Numab Therapeutics,Numab Therapeutics,Use dashboard_sponsor_name
Perspectum,Perspectum,Perspectum,left_as_is,no_review_needed,No related sponsor/parent mapping identified; kept as original sponsor name.,Perspectum,Perspectum,Use dashboard_sponsor_name
"Annexon, Inc.",Annexon,Annexon,simple_name_variant,no_review_needed,Likely simple sponsor-name standardization.,Annexon,Annexon,Use dashboard_sponsor_name
Transgene,Transgene,Transgene,left_as_is,no_review_needed,No related sponsor/parent mapping identified; kept as original sponsor name.,Transgene,Transgene,Use dashboard_sponsor_name
GCP-Service International West GmbH,GCP-Service International West,GCP-Service International West,simple_name_variant,no_review_needed,Likely simple sponsor-name standardization.,GCP-Service International West,GCP-Service International West,Use dashboard_sponsor_name
"Geneticure, LLC",Geneticure,Geneticure,simple_name_variant,no_review_needed,Likely simple sponsor-name standardization.,Geneticure,Geneticure,Use dashboard_sponsor_name
Exonate Limited,Exonate,Exonate,simple_name_variant,no_review_needed,Likely simple sponsor-name standardization.,Exonate,Exonate,Use dashboard_sponsor_name
Dr. Reddy's Laboratories Limited,Dr. Reddy's Laboratories,Dr. Reddy's Laboratories,simple_name_variant,no_review_needed,Likely simple sponsor-name standardization.,Dr. Reddy's Laboratories,Dr. Reddy's Laboratories,Use dashboard_sponsor_name
"Hangzhou Jiuyuan Gene Engineering Co. Ltd.,",Hangzhou Jiuyuan Gene Engineering,Hangzhou Jiuyuan Gene Engineering,simple_name_variant,no_review_needed,Likely simple sponsor-name standardization.,Hangzhou Jiuyuan Gene Engineering,Hangzhou Jiuyuan Gene Engineering,Use dashboard_sponsor_name
"CardioVascular BioTherapeutics, Inc.",CardioVascular BioTherapeutics,CardioVascular BioTherapeutics,simple_name_variant,no_review_needed,Likely simple sponsor-name standardization.,CardioVascular BioTherapeutics,CardioVascular BioTherapeutics,Use dashboard_sponsor_name
Green Cross Wellbeing,Green Cross Wellbeing,Green Cross Wellbeing,left_as_is,no_review_needed,No related sponsor/parent mapping identified; kept as original sponsor name.,Green Cross Wellbeing,Green Cross Wellbeing,Use dashboard_sponsor_name
eleva GmbH,eleva,eleva,simple_name_variant,no_review_needed,Likely simple sponsor-name standardization.,eleva,eleva,Use dashboard_sponsor_name
Eva Pharma,Eva Pharma,Eva Pharma,left_as_is,no_review_needed,No related sponsor/parent mapping identified; kept as original sponsor name.,Eva Pharma,Eva Pharma,Use dashboard_sponsor_name
VastBiome,VastBiome,VastBiome,left_as_is,no_review_needed,No related sponsor/parent mapping identified; kept as original sponsor name.,VastBiome,VastBiome,Use dashboard_sponsor_name
Minovia Therapeutics Ltd.,Minovia Therapeutics,Minovia Therapeutics,simple_name_variant,no_review_needed,Likely simple sponsor-name standardization.,Minovia Therapeutics,Minovia Therapeutics,Use dashboard_sponsor_name
"Linno Pharmaceuticals, Inc.",Linno Pharmaceuticals,Linno Pharmaceuticals,simple_name_variant,no_review_needed,Likely simple sponsor-name standardization.,Linno Pharmaceuticals,Linno Pharmaceuticals,Use dashboard_sponsor_name
Catalysis SL,Catalysis SL,Catalysis SL,left_as_is,no_review_needed,No related sponsor/parent mapping identified; kept as original sponsor name.,Catalysis SL,Catalysis SL,Use dashboard_sponsor_name
"PharmaNest, Inc",PharmaNest,PharmaNest,simple_name_variant,no_review_needed,Likely simple sponsor-name standardization.,PharmaNest,PharmaNest,Use dashboard_sponsor_name
"Antios Therapeutics, Inc",Antios Therapeutics,Antios Therapeutics,simple_name_variant,no_review_needed,Likely simple sponsor-name standardization.,Antios Therapeutics,Antios Therapeutics,Use dashboard_sponsor_name
Galenicum Health,Galenicum Health,Galenicum Health,left_as_is,no_review_needed,No related sponsor/parent mapping identified; kept as original sponsor name.,Galenicum Health,Galenicum Health,Use dashboard_sponsor_name
Minghui Pharmaceutical Pty Ltd,Minghui Pharmaceutical,Minghui Pharmaceutical,simple_name_variant,no_review_needed,Likely simple sponsor-name standardization.,Minghui Pharmaceutical,Minghui Pharmaceutical,Use dashboard_sponsor_name
"Genor Biopharma Co., Ltd.",Genor Biopharma,Genor Biopharma,simple_name_variant,no_review_needed,Likely simple sponsor-name standardization.,Genor Biopharma,Genor Biopharma,Use dashboard_sponsor_name
New Discovery LLC,New Discovery,New Discovery,simple_name_variant,no_review_needed,Likely simple sponsor-name standardization.,New Discovery,New Discovery,Use dashboard_sponsor_name
NeuroBo Pharmaceuticals Inc.,NeuroBo Pharmaceuticals,NeuroBo Pharmaceuticals,simple_name_variant,no_review_needed,Likely simple sponsor-name standardization.,NeuroBo Pharmaceuticals,NeuroBo Pharmaceuticals,Use dashboard_sponsor_name
Adocia,Adocia,Adocia,left_as_is,no_review_needed,No related sponsor/parent mapping identified; kept as original sponsor name.,Adocia,Adocia,Use dashboard_sponsor_name
Keryx Biopharmaceuticals,Keryx Biopharmaceuticals,Akebia Therapeutics,acquisition_rollup_candidate,needs_review,Parent identified via web search; keep operating name unless group approves rollup.,Keryx Biopharmaceuticals,Akebia Therapeutics,Use dashboard_sponsor_name for now; parent rollup requires team decision
Bardia Anvar,Bardia Anvar,Bardia Anvar,left_as_is,no_review_needed,No related sponsor/parent mapping identified; kept as original sponsor name.,Bardia Anvar,Bardia Anvar,Use dashboard_sponsor_name
"EMD Serono Research & Development Institute, Inc.",EMD Serono Research & Development Institute,Merck KGaA,acquisition_rollup_candidate,needs_review,Parent-company/acquisition rollup candidate; keep operating name unless group approves rollup.,EMD Serono Research & Development Institute,Merck KGaA,Use dashboard_sponsor_name for now; parent rollup requires team decision
IntegerBio,IntegerBio,IntegerBio,left_as_is,no_review_needed,No related sponsor/parent mapping identified; kept as original sponsor name.,IntegerBio,IntegerBio,Use dashboard_sponsor_name
UltraSight,UltraSight,UltraSight,left_as_is,no_review_needed,No related sponsor/parent mapping identified; kept as original sponsor name.,UltraSight,UltraSight,Use dashboard_sponsor_name
"Sclnow Biotechnology Co., Ltd.",Sclnow Biotechnology,Sclnow Biotechnology,simple_name_variant,no_review_needed,Likely simple sponsor-name standardization.,Sclnow Biotechnology,Sclnow Biotechnology,Use dashboard_sponsor_name
Zimmer Biomet,Zimmer Biomet,Zimmer Biomet,left_as_is,no_review_needed,No related sponsor/parent mapping identified; kept as original sponsor name.,Zimmer Biomet,Zimmer Biomet,Use dashboard_sponsor_name
Medical Intelligence Group,Medical Intelligence Group,Medical Intelligence Group,left_as_is,no_review_needed,No related sponsor/parent mapping identified; kept as original sponsor name.,Medical Intelligence Group,Medical Intelligence Group,Use dashboard_sponsor_name
Akeso,Akeso,Akeso,left_as_is,no_review_needed,No related sponsor/parent mapping identified; kept as original sponsor name.,Akeso,Akeso,Use dashboard_sponsor_name
MBX Biosciences,MBX Biosciences,MBX Biosciences,left_as_is,no_review_needed,No related sponsor/parent mapping identified; kept as original sponsor name.,MBX Biosciences,MBX Biosciences,Use dashboard_sponsor_name
Response Pharmaceuticals,Response Pharmaceuticals,Response Pharmaceuticals,left_as_is,no_review_needed,No related sponsor/parent mapping identified; kept as original sponsor name.,Response Pharmaceuticals,Response Pharmaceuticals,Use dashboard_sponsor_name
Graviton Bioscience Corporation,Graviton Bioscience,Graviton Bioscience,simple_name_variant,no_review_needed,Likely simple sponsor-name standardization.,Graviton Bioscience,Graviton Bioscience,Use dashboard_sponsor_name
"Principia Biopharma, a Sanofi Company",Principia Biopharma,Sanofi,acquisition_rollup_candidate,needs_review,Parent-company/acquisition rollup candidate; keep operating name unless group approves rollup.,Principia Biopharma,Sanofi,Use dashboard_sponsor_name for now; parent rollup requires team decision
"Disc Medicine, Inc",Disc Medicine,Disc Medicine,simple_name_variant,no_review_needed,Likely simple sponsor-name standardization.,Disc Medicine,Disc Medicine,Use dashboard_sponsor_name
Alimera Sciences,Alimera Sciences,Alimera Sciences,left_as_is,no_review_needed,No related sponsor/parent mapping identified; kept as original sponsor name.,Alimera Sciences,Alimera Sciences,Use dashboard_sponsor_name
"Inventage Lab., Inc.",Inventage Lab,Inventage Lab,simple_name_variant,no_review_needed,Likely simple sponsor-name standardization.,Inventage Lab,Inventage Lab,Use dashboard_sponsor_name
Lukas Biomedical Inc.,Lukas Biomedical,Lukas Biomedical,simple_name_variant,no_review_needed,Likely simple sponsor-name standardization.,Lukas Biomedical,Lukas Biomedical,Use dashboard_sponsor_name
"Shanghai HEP Pharmaceutical Co., Ltd.",Shanghai HEP Pharmaceutical,Shanghai HEP Pharmaceutical,simple_name_variant,no_review_needed,Likely simple sponsor-name standardization.,Shanghai HEP Pharmaceutical,Shanghai HEP Pharmaceutical,Use dashboard_sponsor_name
"Cerevel Therapeutics, LLC",Cerevel Therapeutics,AbbVie,acquisition_rollup_candidate,needs_review,Parent identified via web search; keep operating name unless group approves rollup.,Cerevel Therapeutics,AbbVie,Use dashboard_sponsor_name for now; parent rollup requires team decision
LifeNet Health,LifeNet Health,LifeNet Health,left_as_is,no_review_needed,No related sponsor/parent mapping identified; kept as original sponsor name.,LifeNet Health,LifeNet Health,Use dashboard_sponsor_name
"IDBiologics, Inc.",IDBiologics,IDBiologics,simple_name_variant,no_review_needed,Likely simple sponsor-name standardization.,IDBiologics,IDBiologics,Use dashboard_sponsor_name
Teclison Ltd.,Teclison,Teclison,simple_name_variant,no_review_needed,Likely simple sponsor-name standardization.,Teclison,Teclison,Use dashboard_sponsor_name
Purespring Therapeutics Limited,Purespring Therapeutics,Purespring Therapeutics,simple_name_variant,no_review_needed,Likely simple sponsor-name standardization.,Purespring Therapeutics,Purespring Therapeutics,Use dashboard_sponsor_name
"Rockwell Medical Technologies, Inc.",Rockwell Medical Technologies,Rockwell Medical Technologies,simple_name_variant,no_review_needed,Likely simple sponsor-name standardization.,Rockwell Medical Technologies,Rockwell Medical Technologies,Use dashboard_sponsor_name
"10xBio, LLC",10xBio,10xBio,simple_name_variant,no_review_needed,Likely simple sponsor-name standardization.,10xBio,10xBio,Use dashboard_sponsor_name
Innovent Biologics Technology Limited (Shanghai R&D Center),Innovent Biologics Technology ,Innovent Biologics Technology ,simple_name_variant,no_review_needed,Likely simple sponsor-name standardization.,Innovent Biologics Technology ,Innovent Biologics Technology ,Use dashboard_sponsor_name
"Dongguan HEC Biopharmaceutical R&D Co., Ltd.",Dongguan HEC Biopharmaceutical R&D,Dongguan HEC Biopharmaceutical R&D,simple_name_variant,no_review_needed,Likely simple sponsor-name standardization.,Dongguan HEC Biopharmaceutical R&D,Dongguan HEC Biopharmaceutical R&D,Use dashboard_sponsor_name
Lexaria Bioscience Corp.,Lexaria Bioscience,Lexaria Bioscience,simple_name_variant,no_review_needed,Likely simple sponsor-name standardization.,Lexaria Bioscience,Lexaria Bioscience,Use dashboard_sponsor_name
"Metro International Biotech, LLC",Metro International Biotech,Metro International Biotech,simple_name_variant,no_review_needed,Likely simple sponsor-name standardization.,Metro International Biotech,Metro International Biotech,Use dashboard_sponsor_name
Endo Tools Therapeutics S.A.,Endo Tools Therapeutics,Endo Tools Therapeutics,simple_name_variant,no_review_needed,Likely simple sponsor-name standardization.,Endo Tools Therapeutics,Endo Tools Therapeutics,Use dashboard_sponsor_name
Sinew Pharma Inc.,Sinew Pharma,Sinew Pharma,simple_name_variant,no_review_needed,Likely simple sponsor-name standardization.,Sinew Pharma,Sinew Pharma,Use dashboard_sponsor_name
"Mabpro, a.s.",Mabpro,Mabpro,simple_name_variant,no_review_needed,Likely simple sponsor-name standardization.,Mabpro,Mabpro,Use dashboard_sponsor_name
Syqe Medical,Syqe Medical,Syqe Medical,left_as_is,no_review_needed,No related sponsor/parent mapping identified; kept as original sponsor name.,Syqe Medical,Syqe Medical,Use dashboard_sponsor_name
Devyser Inc.,Devyser,Devyser,simple_name_variant,no_review_needed,Likely simple sponsor-name standardization.,Devyser,Devyser,Use dashboard_sponsor_name
BioInvent International AB,BioInvent International,BioInvent International,simple_name_variant,no_review_needed,Likely simple sponsor-name standardization.,BioInvent International,BioInvent International,Use dashboard_sponsor_name
BioXTek,BioXTek,BioXTek,left_as_is,no_review_needed,No related sponsor/parent mapping identified; kept as original sponsor name.,BioXTek,BioXTek,Use dashboard_sponsor_name
Genfit,Genfit,Genfit,left_as_is,no_review_needed,No related sponsor/parent mapping identified; kept as original sponsor name.,Genfit,Genfit,Use dashboard_sponsor_name
MediBeacon,MediBeacon,MediBeacon,left_as_is,no_review_needed,No related sponsor/parent mapping identified; kept as original sponsor name.,MediBeacon,MediBeacon,Use dashboard_sponsor_name
Dong Wha Pharmaceutical Co. Ltd.,Dong Wha Pharmaceutical,Dong Wha Pharmaceutical,simple_name_variant,no_review_needed,Likely simple sponsor-name standardization.,Dong Wha Pharmaceutical,Dong Wha Pharmaceutical,Use dashboard_sponsor_name
"Chendu DIAO Pharmaceutical Group CO., LTD.",Chendu DIAO Pharmaceutical Group,Chendu DIAO Pharmaceutical Group,simple_name_variant,no_review_needed,Likely simple sponsor-name standardization.,Chendu DIAO Pharmaceutical Group,Chendu DIAO Pharmaceutical Group,Use dashboard_sponsor_name
"Vir Biotechnology, Inc.",Vir Biotechnology,Vir Biotechnology,simple_name_variant,no_review_needed,Likely simple sponsor-name standardization.,Vir Biotechnology,Vir Biotechnology,Use dashboard_sponsor_name
"TG Therapeutics, Inc.",TG Therapeutics,TG Therapeutics,simple_name_variant,no_review_needed,Likely simple sponsor-name standardization.,TG Therapeutics,TG Therapeutics,Use dashboard_sponsor_name
Motric Bio,Motric Bio,Motric Bio,left_as_is,no_review_needed,No related sponsor/parent mapping identified; kept as original sponsor name.,Motric Bio,Motric Bio,Use dashboard_sponsor_name
Synthekine,Synthekine,Synthekine,left_as_is,no_review_needed,No related sponsor/parent mapping identified; kept as original sponsor name.,Synthekine,Synthekine,Use dashboard_sponsor_name
Ascelia Pharma AB,Ascelia Pharma,Ascelia Pharma,simple_name_variant,no_review_needed,Likely simple sponsor-name standardization.,Ascelia Pharma,Ascelia Pharma,Use dashboard_sponsor_name
"Xantho Biotechnology Co., LTD",Xantho Biotechnology,Xantho Biotechnology,simple_name_variant,no_review_needed,Likely simple sponsor-name standardization.,Xantho Biotechnology,Xantho Biotechnology,Use dashboard_sponsor_name
Actimed Therapeutics Ltd,Actimed Therapeutics,Actimed Therapeutics,simple_name_variant,no_review_needed,Likely simple sponsor-name standardization.,Actimed Therapeutics,Actimed Therapeutics,Use dashboard_sponsor_name
Carisma Therapeutics Inc,Carisma Therapeutics,Carisma Therapeutics,simple_name_variant,no_review_needed,Likely simple sponsor-name standardization.,Carisma Therapeutics,Carisma Therapeutics,Use dashboard_sponsor_name
Cell Biopeutics Resources Sdn Bhd,Cell Biopeutics Resources,Cell Biopeutics Resources,simple_name_variant,no_review_needed,Likely simple sponsor-name standardization.,Cell Biopeutics Resources,Cell Biopeutics Resources,Use dashboard_sponsor_name
"Cofactor Genomics, Inc.",Cofactor Genomics,Cofactor Genomics,simple_name_variant,no_review_needed,Likely simple sponsor-name standardization.,Cofactor Genomics,Cofactor Genomics,Use dashboard_sponsor_name
Yiviva Inc.,Yiviva,Yiviva,simple_name_variant,no_review_needed,Likely simple sponsor-name standardization.,Yiviva,Yiviva,Use dashboard_sponsor_name
HealthTech Wound Care,HealthTech Wound Care,HealthTech Wound Care,left_as_is,no_review_needed,No related sponsor/parent mapping identified; kept as original sponsor name.,HealthTech Wound Care,HealthTech Wound Care,Use dashboard_sponsor_name
BlossomHill Therapeutics,BlossomHill Therapeutics,BlossomHill Therapeutics,left_as_is,no_review_needed,No related sponsor/parent mapping identified; kept as original sponsor name.,BlossomHill Therapeutics,BlossomHill Therapeutics,Use dashboard_sponsor_name
Captor Therapeutics S.A.,Captor Therapeutics,Captor Therapeutics,simple_name_variant,no_review_needed,Likely simple sponsor-name standardization.,Captor Therapeutics,Captor Therapeutics,Use dashboard_sponsor_name
Lakefront Biotherapeutics West LLC,Lakefront Biotherapeutics West,Lakefront Biotherapeutics West,simple_name_variant,no_review_needed,Likely simple sponsor-name standardization.,Lakefront Biotherapeutics West,Lakefront Biotherapeutics West,Use dashboard_sponsor_name
Roche Diagnostics GmbH,Roche Diagnostics,Roche,acquisition_rollup_candidate,needs_review,Parent identified via web search; keep operating name unless group approves rollup.,Roche Diagnostics,Roche,Use dashboard_sponsor_name for now; parent rollup requires team decision
Abata Therapeutics,Abata Therapeutics,Abata Therapeutics,left_as_is,no_review_needed,No related sponsor/parent mapping identified; kept as original sponsor name.,Abata Therapeutics,Abata Therapeutics,Use dashboard_sponsor_name
SOFIE,SOFIE,SOFIE,left_as_is,no_review_needed,No related sponsor/parent mapping identified; kept as original sponsor name.,SOFIE,SOFIE,Use dashboard_sponsor_name
"FlowPhysix, Inc.",FlowPhysix,FlowPhysix,simple_name_variant,no_review_needed,Likely simple sponsor-name standardization.,FlowPhysix,FlowPhysix,Use dashboard_sponsor_name
"Nuvectis Pharma, Inc.",Nuvectis Pharma,Nuvectis Pharma,simple_name_variant,no_review_needed,Likely simple sponsor-name standardization.,Nuvectis Pharma,Nuvectis Pharma,Use dashboard_sponsor_name
Med2Measure,Med2Measure,Med2Measure,left_as_is,no_review_needed,No related sponsor/parent mapping identified; kept as original sponsor name.,Med2Measure,Med2Measure,Use dashboard_sponsor_name
"Kriya Therapeutics, Inc.",Kriya Therapeutics,Kriya Therapeutics,simple_name_variant,no_review_needed,Likely simple sponsor-name standardization.,Kriya Therapeutics,Kriya Therapeutics,Use dashboard_sponsor_name
Cytopeutics Sdn. Bhd.,Cytopeutics,Cytopeutics,simple_name_variant,no_review_needed,Likely simple sponsor-name standardization.,Cytopeutics,Cytopeutics,Use dashboard_sponsor_name
Changchun Intellicrown Pharmaceutical Co. LTD,Changchun Intellicrown Pharmaceutical,Changchun Intellicrown Pharmaceutical,simple_name_variant,no_review_needed,Likely simple sponsor-name standardization.,Changchun Intellicrown Pharmaceutical,Changchun Intellicrown Pharmaceutical,Use dashboard_sponsor_name
Eilean Therapeutics,Eilean Therapeutics,Eilean Therapeutics,left_as_is,no_review_needed,No related sponsor/parent mapping identified; kept as original sponsor name.,Eilean Therapeutics,Eilean Therapeutics,Use dashboard_sponsor_name
"Shenzhen Beike Bio-Technology Co., Ltd.",Shenzhen Beike Bio-Technology,Shenzhen Beike Bio-Technology,simple_name_variant,no_review_needed,Likely simple sponsor-name standardization.,Shenzhen Beike Bio-Technology,Shenzhen Beike Bio-Technology,Use dashboard_sponsor_name
"Immunophotonics, Inc.",Immunophotonics,Immunophotonics,simple_name_variant,no_review_needed,Likely simple sponsor-name standardization.,Immunophotonics,Immunophotonics,Use dashboard_sponsor_name
"Tyra Biosciences, Inc",Tyra Biosciences,Tyra Biosciences,simple_name_variant,no_review_needed,Likely simple sponsor-name standardization.,Tyra Biosciences,Tyra Biosciences,Use dashboard_sponsor_name
AndHealth,AndHealth,AndHealth,left_as_is,no_review_needed,No related sponsor/parent mapping identified; kept as original sponsor name.,AndHealth,AndHealth,Use dashboard_sponsor_name
Lallemand Health Solutions,Lallemand Health Solutions,Lallemand Health Solutions,left_as_is,no_review_needed,No related sponsor/parent mapping identified; kept as original sponsor name.,Lallemand Health Solutions,Lallemand Health Solutions,Use dashboard_sponsor_name
Qompium NV,Qompium,Qompium,simple_name_variant,no_review_needed,Likely simple sponsor-name standardization.,Qompium,Qompium,Use dashboard_sponsor_name
Juventas Cell Therapy Ltd.,Juventas Cell Therapy,Juventas Cell Therapy,simple_name_variant,no_review_needed,Likely simple sponsor-name standardization.,Juventas Cell Therapy,Juventas Cell Therapy,Use dashboard_sponsor_name
"Liaoning Medical Diagnosis and Treatment Technology Research and Development Co., Ltd.",Liaoning Medical Diagnosis and Treatment Technology Research and Development,Liaoning Medical Diagnosis and Treatment Technology Research and Development,simple_name_variant,no_review_needed,Likely simple sponsor-name standardization.,Liaoning Medical Diagnosis and Treatment Technology Research and Development,Liaoning Medical Diagnosis and Treatment Technology Research and Development,Use dashboard_sponsor_name
Kyowa Kirin Pharmaceutical Development Ltd,Kyowa Kirin Pharmaceutical Development,Kyowa Kirin,acquisition_rollup_candidate,needs_review,Parent identified via web search; keep operating name unless group approves rollup.,Kyowa Kirin Pharmaceutical Development,Kyowa Kirin,Use dashboard_sponsor_name for now; parent rollup requires team decision
Eccogene,Eccogene,Eccogene,left_as_is,no_review_needed,No related sponsor/parent mapping identified; kept as original sponsor name.,Eccogene,Eccogene,Use dashboard_sponsor_name
"Parabilis Medicines, Inc.",Parabilis Medicines,Parabilis Medicines,simple_name_variant,no_review_needed,Likely simple sponsor-name standardization.,Parabilis Medicines,Parabilis Medicines,Use dashboard_sponsor_name
"Tanabe Pharma America, Inc.",Tanabe Pharma America,Tanabe Pharma,acquisition_rollup_candidate,needs_review,Parent identified via web search; keep operating name unless group approves rollup.,Tanabe Pharma America,Tanabe Pharma,Use dashboard_sponsor_name for now; parent rollup requires team decision
"TriSalus Life Sciences, Inc.",TriSalus Life Sciences,TriSalus Life Sciences,simple_name_variant,no_review_needed,Likely simple sponsor-name standardization.,TriSalus Life Sciences,TriSalus Life Sciences,Use dashboard_sponsor_name
ConSynance Therapeutics,ConSynance Therapeutics,ConSynance Therapeutics,left_as_is,no_review_needed,No related sponsor/parent mapping identified; kept as original sponsor name.,ConSynance Therapeutics,ConSynance Therapeutics,Use dashboard_sponsor_name
Pharmasaga Co. Ltd.,Pharmasaga,Pharmasaga,simple_name_variant,no_review_needed,Likely simple sponsor-name standardization.,Pharmasaga,Pharmasaga,Use dashboard_sponsor_name
VM Therapeutics LLC,VM Therapeutics,VM Therapeutics,simple_name_variant,no_review_needed,Likely simple sponsor-name standardization.,VM Therapeutics,VM Therapeutics,Use dashboard_sponsor_name
"Qurient Co., Ltd.",Qurient,Qurient,simple_name_variant,no_review_needed,Likely simple sponsor-name standardization.,Qurient,Qurient,Use dashboard_sponsor_name
"EHL Bio Co., Ltd.",EHL Bio,EHL Bio,simple_name_variant,no_review_needed,Likely simple sponsor-name standardization.,EHL Bio,EHL Bio,Use dashboard_sponsor_name
Theratechnologies,Theratechnologies,Theratechnologies,left_as_is,no_review_needed,No related sponsor/parent mapping identified; kept as original sponsor name.,Theratechnologies,Theratechnologies,Use dashboard_sponsor_name
Immunitor LLC,Immunitor,Immunitor,simple_name_variant,no_review_needed,Likely simple sponsor-name standardization.,Immunitor,Immunitor,Use dashboard_sponsor_name
VBI Vaccines Inc.,VBI Vaccines,VBI Vaccines,simple_name_variant,no_review_needed,Likely simple sponsor-name standardization.,VBI Vaccines,VBI Vaccines,Use dashboard_sponsor_name
"ImaginAb, Inc.",ImaginAb,ImaginAb,simple_name_variant,no_review_needed,Likely simple sponsor-name standardization.,ImaginAb,ImaginAb,Use dashboard_sponsor_name
Precia Group,Precia Group,Precia Group,left_as_is,no_review_needed,No related sponsor/parent mapping identified; kept as original sponsor name.,Precia Group,Precia Group,Use dashboard_sponsor_name
argenx,argenx,argenx,left_as_is,no_review_needed,No related sponsor/parent mapping identified; kept as original sponsor name.,argenx,argenx,Use dashboard_sponsor_name
Future Medicine,Future Medicine,Future Medicine,left_as_is,no_review_needed,No related sponsor/parent mapping identified; kept as original sponsor name.,Future Medicine,Future Medicine,Use dashboard_sponsor_name
Swedish Orphan Biovitrum,Swedish Orphan Biovitrum,Swedish Orphan Biovitrum,left_as_is,no_review_needed,No related sponsor/parent mapping identified; kept as original sponsor name.,Swedish Orphan Biovitrum,Swedish Orphan Biovitrum,Use dashboard_sponsor_name
Jamp Pharma Corporation,Jamp Pharma,Jamp Pharma,simple_name_variant,no_review_needed,Likely simple sponsor-name standardization.,Jamp Pharma,Jamp Pharma,Use dashboard_sponsor_name
KeyBioscience AG,KeyBioscience,KeyBioscience,simple_name_variant,no_review_needed,Likely simple sponsor-name standardization.,KeyBioscience,KeyBioscience,Use dashboard_sponsor_name
Mozart Therapeutics Australia Pty Ltd,Mozart Therapeutics Australia,Mozart Therapeutics Australia,simple_name_variant,no_review_needed,Likely simple sponsor-name standardization.,Mozart Therapeutics Australia,Mozart Therapeutics Australia,Use dashboard_sponsor_name
Mediar Therapeutics,Mediar Therapeutics,Mediar Therapeutics,left_as_is,no_review_needed,No related sponsor/parent mapping identified; kept as original sponsor name.,Mediar Therapeutics,Mediar Therapeutics,Use dashboard_sponsor_name
Institut Pasteur,Institut Pasteur,Institut Pasteur,left_as_is,no_review_needed,No related sponsor/parent mapping identified; kept as original sponsor name.,Institut Pasteur,Institut Pasteur,Use dashboard_sponsor_name
"T-ACE Medical Co., Ltd",T-ACE Medical,T-ACE Medical,simple_name_variant,no_review_needed,Likely simple sponsor-name standardization.,T-ACE Medical,T-ACE Medical,Use dashboard_sponsor_name
Acorn Biolabs Inc.,Acorn Biolabs,Acorn Biolabs,simple_name_variant,no_review_needed,Likely simple sponsor-name standardization.,Acorn Biolabs,Acorn Biolabs,Use dashboard_sponsor_name
"AnaptysBio, Inc.",AnaptysBio,AnaptysBio,simple_name_variant,no_review_needed,Likely simple sponsor-name standardization.,AnaptysBio,AnaptysBio,Use dashboard_sponsor_name
PT Bio Farma,PT Bio Farma,PT Bio Farma,left_as_is,no_review_needed,No related sponsor/parent mapping identified; kept as original sponsor name.,PT Bio Farma,PT Bio Farma,Use dashboard_sponsor_name
Tiohundra AB,Tiohundra,Tiohundra,simple_name_variant,no_review_needed,Likely simple sponsor-name standardization.,Tiohundra,Tiohundra,Use dashboard_sponsor_name
Occlutech International AB,Occlutech International,Occlutech International,simple_name_variant,no_review_needed,Likely simple sponsor-name standardization.,Occlutech International,Occlutech International,Use dashboard_sponsor_name
"Instituto Grifols, S.A.",Instituto Grifols,Grifols,acquisition_rollup_candidate,needs_review,Parent identified via web search; keep operating name unless group approves rollup.,Instituto Grifols,Grifols,Use dashboard_sponsor_name for now; parent rollup requires team decision
Patient Care America,Patient Care America,Patient Care America,left_as_is,no_review_needed,No related sponsor/parent mapping identified; kept as original sponsor name.,Patient Care America,Patient Care America,Use dashboard_sponsor_name
"Vivani Medical, Inc",Vivani Medical,Vivani Medical,simple_name_variant,no_review_needed,Likely simple sponsor-name standardization.,Vivani Medical,Vivani Medical,Use dashboard_sponsor_name
Citryll BV,Citryll,Citryll,simple_name_variant,no_review_needed,Likely simple sponsor-name standardization.,Citryll,Citryll,Use dashboard_sponsor_name
Brainfarma Industria Química e Farmacêutica S/A,Brainfarma Industria Química e Farmacêutica S/A,Brainfarma Industria Química e Farmacêutica S/A,left_as_is,no_review_needed,No related sponsor/parent mapping identified; kept as original sponsor name.,Brainfarma Industria Química e Farmacêutica S/A,Brainfarma Industria Química e Farmacêutica S/A,Use dashboard_sponsor_name
"DSciLab Co., Ltd.",DSciLab,DSciLab,simple_name_variant,no_review_needed,Likely simple sponsor-name standardization.,DSciLab,DSciLab,Use dashboard_sponsor_name
Eisai Korea Inc.,Eisai Korea,"Eisai Co., Ltd.",acquisition_rollup_candidate,needs_review,Parent identified via web search; keep operating name unless group approves rollup.,Eisai Korea,"Eisai Co., Ltd.",Use dashboard_sponsor_name for now; parent rollup requires team decision
"TORL Biotherapeutics, LLC",TORL Biotherapeutics,TORL Biotherapeutics,simple_name_variant,no_review_needed,Likely simple sponsor-name standardization.,TORL Biotherapeutics,TORL Biotherapeutics,Use dashboard_sponsor_name
"Metacrine, Inc.",Metacrine,Metacrine,simple_name_variant,no_review_needed,Likely simple sponsor-name standardization.,Metacrine,Metacrine,Use dashboard_sponsor_name
JD Bioscience Inc.,JD Bioscience,JD Bioscience,simple_name_variant,no_review_needed,Likely simple sponsor-name standardization.,JD Bioscience,JD Bioscience,Use dashboard_sponsor_name
"Beijing Gene Key Life Technology Co., Ltd",Beijing Gene Key Life Technology,Beijing Gene Key Life Technology,simple_name_variant,no_review_needed,Likely simple sponsor-name standardization.,Beijing Gene Key Life Technology,Beijing Gene Key Life Technology,Use dashboard_sponsor_name
"Beijing Baylx Biotech Co., Ltd.",Beijing Baylx Biotech,Beijing Baylx Biotech,simple_name_variant,no_review_needed,Likely simple sponsor-name standardization.,Beijing Baylx Biotech,Beijing Baylx Biotech,Use dashboard_sponsor_name
Scotmann Pharmaceuticals,Scotmann Pharmaceuticals,Scotmann Pharmaceuticals,left_as_is,no_review_needed,No related sponsor/parent mapping identified; kept as original sponsor name.,Scotmann Pharmaceuticals,Scotmann Pharmaceuticals,Use dashboard_sponsor_name
GeNeuro Innovation SAS,GeNeuro Innovation,GeNeuro Innovation,simple_name_variant,no_review_needed,Likely simple sponsor-name standardization.,GeNeuro Innovation,GeNeuro Innovation,Use dashboard_sponsor_name
Aspa Therapeutics,Aspa Therapeutics,Aspa Therapeutics,left_as_is,no_review_needed,No related sponsor/parent mapping identified; kept as original sponsor name.,Aspa Therapeutics,Aspa Therapeutics,Use dashboard_sponsor_name
Cellcolabs Clinical LTD.,Cellcolabs Clinical,Cellcolabs Clinical,simple_name_variant,no_review_needed,Likely simple sponsor-name standardization.,Cellcolabs Clinical,Cellcolabs Clinical,Use dashboard_sponsor_name
Supergenics Life Science Sdn. Bhd.,Supergenics Life Science,Supergenics Life Science,simple_name_variant,no_review_needed,Likely simple sponsor-name standardization.,Supergenics Life Science,Supergenics Life Science,Use dashboard_sponsor_name
Egymedicalpedia,Egymedicalpedia,Egymedicalpedia,left_as_is,no_review_needed,No related sponsor/parent mapping identified; kept as original sponsor name.,Egymedicalpedia,Egymedicalpedia,Use dashboard_sponsor_name
MiRXES Pte Ltd,MiRXES Pte,MiRXES Pte,simple_name_variant,no_review_needed,Likely simple sponsor-name standardization.,MiRXES Pte,MiRXES Pte,Use dashboard_sponsor_name
"TuHURA Biosciences, Inc.",TuHURA Biosciences,TuHURA Biosciences,simple_name_variant,no_review_needed,Likely simple sponsor-name standardization.,TuHURA Biosciences,TuHURA Biosciences,Use dashboard_sponsor_name
Nammi Therapeutics Inc,Nammi Therapeutics,Nammi Therapeutics,simple_name_variant,no_review_needed,Likely simple sponsor-name standardization.,Nammi Therapeutics,Nammi Therapeutics,Use dashboard_sponsor_name
"ILAb Co., Ltd.",ILAb,ILAb,simple_name_variant,no_review_needed,Likely simple sponsor-name standardization.,ILAb,ILAb,Use dashboard_sponsor_name
"Beijing VDJBio Co., LTD.",Beijing VDJBio,Beijing VDJBio,simple_name_variant,no_review_needed,Likely simple sponsor-name standardization.,Beijing VDJBio,Beijing VDJBio,Use dashboard_sponsor_name
"Changshan ConjuChem BioPharmaceutical Research and Development (Hebei) Co., Ltd.",Changshan ConjuChem BioPharmaceutical Research and Development ,Changshan ConjuChem BioPharmaceutical Research and Development ,simple_name_variant,no_review_needed,Likely simple sponsor-name standardization.,Changshan ConjuChem BioPharmaceutical Research and Development ,Changshan ConjuChem BioPharmaceutical Research and Development ,Use dashboard_sponsor_name
Keya Medical,Keya Medical,Keya Medical,left_as_is,no_review_needed,No related sponsor/parent mapping identified; kept as original sponsor name.,Keya Medical,Keya Medical,Use dashboard_sponsor_name
"Neukio Biotherapeutics (Shanghai) Co., Ltd.",Neukio Biotherapeutics ,Neukio Biotherapeutics ,simple_name_variant,no_review_needed,Likely simple sponsor-name standardization.,Neukio Biotherapeutics ,Neukio Biotherapeutics ,Use dashboard_sponsor_name
Endra Lifesciences,Endra Lifesciences,Endra Lifesciences,left_as_is,no_review_needed,No related sponsor/parent mapping identified; kept as original sponsor name.,Endra Lifesciences,Endra Lifesciences,Use dashboard_sponsor_name
J2H Biotech,J2H Biotech,J2H Biotech,left_as_is,no_review_needed,No related sponsor/parent mapping identified; kept as original sponsor name.,J2H Biotech,J2H Biotech,Use dashboard_sponsor_name
Group K Diagnostics Inc.,Group K Diagnostics,Group K Diagnostics,simple_name_variant,no_review_needed,Likely simple sponsor-name standardization.,Group K Diagnostics,Group K Diagnostics,Use dashboard_sponsor_name
"Nanjing Sanhome Pharmaceutical, Co., Ltd.",Nanjing Sanhome Pharmaceutical,Nanjing Sanhome Pharmaceutical,simple_name_variant,no_review_needed,Likely simple sponsor-name standardization.,Nanjing Sanhome Pharmaceutical,Nanjing Sanhome Pharmaceutical,Use dashboard_sponsor_name
"Escient Pharmaceuticals, Inc",Escient Pharmaceuticals,Incyte,acquisition_rollup_candidate,needs_review,Parent identified via web search; keep operating name unless group approves rollup.,Escient Pharmaceuticals,Incyte,Use dashboard_sponsor_name for now; parent rollup requires team decision
Dianthus Therapeutics,Dianthus Therapeutics,Dianthus Therapeutics,left_as_is,no_review_needed,No related sponsor/parent mapping identified; kept as original sponsor name.,Dianthus Therapeutics,Dianthus Therapeutics,Use dashboard_sponsor_name
Research Institute of Geroprotective Technologies,Research Institute of Geroprotective Technologies,Research Institute of Geroprotective Technologies,left_as_is,no_review_needed,No related sponsor/parent mapping identified; kept as original sponsor name.,Research Institute of Geroprotective Technologies,Research Institute of Geroprotective Technologies,Use dashboard_sponsor_name
Ultragenyx Pharmaceutical Inc,Ultragenyx Pharmaceutical,Ultragenyx Pharmaceutical,simple_name_variant,no_review_needed,Likely simple sponsor-name standardization.,Ultragenyx Pharmaceutical,Ultragenyx Pharmaceutical,Use dashboard_sponsor_name
Neutrolis,Neutrolis,Neutrolis,left_as_is,no_review_needed,No related sponsor/parent mapping identified; kept as original sponsor name.,Neutrolis,Neutrolis,Use dashboard_sponsor_name
Shionogi,Shionogi,Shionogi,left_as_is,no_review_needed,No related sponsor/parent mapping identified; kept as original sponsor name.,Shionogi,Shionogi,Use dashboard_sponsor_name
"Climb Bio, Inc.",Climb Bio,Climb Bio,simple_name_variant,no_review_needed,Likely simple sponsor-name standardization.,Climb Bio,Climb Bio,Use dashboard_sponsor_name
doc.ai inc,doc.ai,Sharecare,acquisition_rollup_candidate,needs_review,Parent identified via web search; keep operating name unless group approves rollup.,doc.ai,Sharecare,Use dashboard_sponsor_name for now; parent rollup requires team decision
Cellaion SA,Cellaion,Cellaion,simple_name_variant,no_review_needed,Likely simple sponsor-name standardization.,Cellaion,Cellaion,Use dashboard_sponsor_name
"Rezubio Pharmaceuticals Co., Ltd.",Rezubio Pharmaceuticals,Rezubio Pharmaceuticals,simple_name_variant,no_review_needed,Likely simple sponsor-name standardization.,Rezubio Pharmaceuticals,Rezubio Pharmaceuticals,Use dashboard_sponsor_name
"Indaptus Therapeutics, Inc",Indaptus Therapeutics,Indaptus Therapeutics,simple_name_variant,no_review_needed,Likely simple sponsor-name standardization.,Indaptus Therapeutics,Indaptus Therapeutics,Use dashboard_sponsor_name
Skribe Medical,Skribe Medical,Skribe Medical,left_as_is,no_review_needed,No related sponsor/parent mapping identified; kept as original sponsor name.,Skribe Medical,Skribe Medical,Use dashboard_sponsor_name
"Shanghai IASO Biotechnology Co., Ltd",Shanghai IASO Biotechnology,Shanghai IASO Biotechnology,simple_name_variant,no_review_needed,Likely simple sponsor-name standardization.,Shanghai IASO Biotechnology,Shanghai IASO Biotechnology,Use dashboard_sponsor_name
Lassen Therapeutics 1 PTY LTD,Lassen Therapeutics 1,Lassen Therapeutics 1,simple_name_variant,no_review_needed,Likely simple sponsor-name standardization.,Lassen Therapeutics 1,Lassen Therapeutics 1,Use dashboard_sponsor_name
Taizhou Hanzhong biomedical co. LTD,Taizhou Hanzhong biomedical,Taizhou Hanzhong biomedical,simple_name_variant,no_review_needed,Likely simple sponsor-name standardization.,Taizhou Hanzhong biomedical,Taizhou Hanzhong biomedical,Use dashboard_sponsor_name
Degron Therapeutics Co.,Degron Therapeutics,Degron Therapeutics,simple_name_variant,no_review_needed,Likely simple sponsor-name standardization.,Degron Therapeutics,Degron Therapeutics,Use dashboard_sponsor_name
Celltrion,Celltrion,Celltrion,left_as_is,no_review_needed,No related sponsor/parent mapping identified; kept as original sponsor name.,Celltrion,Celltrion,Use dashboard_sponsor_name
"HUYABIO International, LLC.",HUYABIO International,HUYABIO International,simple_name_variant,no_review_needed,Likely simple sponsor-name standardization.,HUYABIO International,HUYABIO International,Use dashboard_sponsor_name
Great Novel Therapeutics Biotech & Medicals Corporation,Great Novel Therapeutics Biotech & Medicals,Great Novel Therapeutics Biotech & Medicals,simple_name_variant,no_review_needed,Likely simple sponsor-name standardization.,Great Novel Therapeutics Biotech & Medicals,Great Novel Therapeutics Biotech & Medicals,Use dashboard_sponsor_name
"Metsera, a wholly owned subsidiary of Pfizer",Metsera,Pfizer,acquisition_rollup_candidate,needs_review,Parent-company/acquisition rollup candidate; keep operating name unless group approves rollup.,Metsera,Pfizer,Use dashboard_sponsor_name for now; parent rollup requires team decision
"Guangdong ProCapZoom Biosciences Co., Ltd.",Guangdong ProCapZoom Biosciences,Guangdong ProCapZoom Biosciences,simple_name_variant,no_review_needed,Likely simple sponsor-name standardization.,Guangdong ProCapZoom Biosciences,Guangdong ProCapZoom Biosciences,Use dashboard_sponsor_name
Aiatella Oy,Aiatella Oy,Aiatella Oy,left_as_is,no_review_needed,No related sponsor/parent mapping identified; kept as original sponsor name.,Aiatella Oy,Aiatella Oy,Use dashboard_sponsor_name
Mucpharm Pty Ltd,Mucpharm,Mucpharm,simple_name_variant,no_review_needed,Likely simple sponsor-name standardization.,Mucpharm,Mucpharm,Use dashboard_sponsor_name
Yisheng Biopharma (Singapore) Pte. Ltd.,Yisheng Biopharma  Pte,Yisheng Biopharma  Pte,simple_name_variant,no_review_needed,Likely simple sponsor-name standardization.,Yisheng Biopharma  Pte,Yisheng Biopharma  Pte,Use dashboard_sponsor_name
"Lannett Company, Inc.",Lannett,Lannett,simple_name_variant,no_review_needed,Likely simple sponsor-name standardization.,Lannett,Lannett,Use dashboard_sponsor_name
"Terrestrial Bio, Inc.",Terrestrial Bio,Terrestrial Bio,simple_name_variant,no_review_needed,Likely simple sponsor-name standardization.,Terrestrial Bio,Terrestrial Bio,Use dashboard_sponsor_name
Samik Pharmaceutical Co. Ltd.,Samik Pharmaceutical,Samik Pharmaceutical,simple_name_variant,no_review_needed,Likely simple sponsor-name standardization.,Samik Pharmaceutical,Samik Pharmaceutical,Use dashboard_sponsor_name
"7 Hills Pharma, LLC",7 Hills Pharma,7 Hills Pharma,simple_name_variant,no_review_needed,Likely simple sponsor-name standardization.,7 Hills Pharma,7 Hills Pharma,Use dashboard_sponsor_name
Aziende Chimiche Riunite Angelini Francesco S.p.A,Aziende Chimiche Riunite Angelini Francesco,Aziende Chimiche Riunite Angelini Francesco,simple_name_variant,no_review_needed,Likely simple sponsor-name standardization.,Aziende Chimiche Riunite Angelini Francesco,Aziende Chimiche Riunite Angelini Francesco,Use dashboard_sponsor_name
Assembly Biosciences,Assembly Biosciences,Assembly Biosciences,left_as_is,no_review_needed,No related sponsor/parent mapping identified; kept as original sponsor name.,Assembly Biosciences,Assembly Biosciences,Use dashboard_sponsor_name
CathVision ApS,CathVision,CathVision,simple_name_variant,no_review_needed,Likely simple sponsor-name standardization.,CathVision,CathVision,Use dashboard_sponsor_name
Janux Therapeutics,Janux Therapeutics,Janux Therapeutics,left_as_is,no_review_needed,No related sponsor/parent mapping identified; kept as original sponsor name.,Janux Therapeutics,Janux Therapeutics,Use dashboard_sponsor_name
Redx Pharma Ltd,Redx Pharma,Redx Pharma,simple_name_variant,no_review_needed,Likely simple sponsor-name standardization.,Redx Pharma,Redx Pharma,Use dashboard_sponsor_name
Huahui Health,Huahui Health,Huahui Health,left_as_is,no_review_needed,No related sponsor/parent mapping identified; kept as original sponsor name.,Huahui Health,Huahui Health,Use dashboard_sponsor_name
Basilea Pharmaceutica,Basilea Pharmaceutica,Basilea Pharmaceutica,left_as_is,no_review_needed,No related sponsor/parent mapping identified; kept as original sponsor name.,Basilea Pharmaceutica,Basilea Pharmaceutica,Use dashboard_sponsor_name
"Kiniksa Pharmaceuticals International, plc",Kiniksa Pharmaceuticals International,Kiniksa Pharmaceuticals,acquisition_rollup_candidate,needs_review,Parent identified via web search; keep operating name unless group approves rollup.,Kiniksa Pharmaceuticals International,Kiniksa Pharmaceuticals,Use dashboard_sponsor_name for now; parent rollup requires team decision
Natural Wellness Egypt,Natural Wellness Egypt,Natural Wellness Egypt,left_as_is,no_review_needed,No related sponsor/parent mapping identified; kept as original sponsor name.,Natural Wellness Egypt,Natural Wellness Egypt,Use dashboard_sponsor_name
Beam Therapeutics Inc.,Beam Therapeutics,Beam Therapeutics,simple_name_variant,no_review_needed,Likely simple sponsor-name standardization.,Beam Therapeutics,Beam Therapeutics,Use dashboard_sponsor_name
ARKAY Therapeutics,ARKAY Therapeutics,ARKAY Therapeutics,left_as_is,no_review_needed,No related sponsor/parent mapping identified; kept as original sponsor name.,ARKAY Therapeutics,ARKAY Therapeutics,Use dashboard_sponsor_name
WW International Inc,WW International,Weight Watchers,acquisition_rollup_candidate,needs_review,Parent identified via web search; keep operating name unless group approves rollup.,WW International,Weight Watchers,Use dashboard_sponsor_name for now; parent rollup requires team decision
"Artivila (Shenzhen) Innovation Center, Ltd",Artivila  Innovation Center,Artivila  Innovation Center,simple_name_variant,no_review_needed,Likely simple sponsor-name standardization.,Artivila  Innovation Center,Artivila  Innovation Center,Use dashboard_sponsor_name
Celltrion HealthCare France,Celltrion HealthCare France,Celltrion,acquisition_rollup_candidate,needs_review,Parent identified via web search; keep operating name unless group approves rollup.,Celltrion HealthCare France,Celltrion,Use dashboard_sponsor_name for now; parent rollup requires team decision
"Simcha IL-18, Inc.",Simcha IL-18,Simcha IL-18,simple_name_variant,no_review_needed,Likely simple sponsor-name standardization.,Simcha IL-18,Simcha IL-18,Use dashboard_sponsor_name
Rubix LS,Rubix LS,Rubix LS,left_as_is,no_review_needed,No related sponsor/parent mapping identified; kept as original sponsor name.,Rubix LS,Rubix LS,Use dashboard_sponsor_name
"Rivus Pharmaceuticals, Inc.",Rivus Pharmaceuticals,Rivus Pharmaceuticals,simple_name_variant,no_review_needed,Likely simple sponsor-name standardization.,Rivus Pharmaceuticals,Rivus Pharmaceuticals,Use dashboard_sponsor_name
Radiometer Medical ApS,Radiometer Medical,Radiometer Medical,simple_name_variant,no_review_needed,Likely simple sponsor-name standardization.,Radiometer Medical,Radiometer Medical,Use dashboard_sponsor_name
Vaxine Pty Ltd,Vaxine,Vaxine,simple_name_variant,no_review_needed,Likely simple sponsor-name standardization.,Vaxine,Vaxine,Use dashboard_sponsor_name
Integrative Phenomics,Integrative Phenomics,Integrative Phenomics,left_as_is,no_review_needed,No related sponsor/parent mapping identified; kept as original sponsor name.,Integrative Phenomics,Integrative Phenomics,Use dashboard_sponsor_name
"Actym Therapeutics, Inc.",Actym Therapeutics,Actym Therapeutics,simple_name_variant,no_review_needed,Likely simple sponsor-name standardization.,Actym Therapeutics,Actym Therapeutics,Use dashboard_sponsor_name
Allakos Inc.,Allakos,Allakos,simple_name_variant,no_review_needed,Likely simple sponsor-name standardization.,Allakos,Allakos,Use dashboard_sponsor_name
"Epiliquid Holding, Inc",Epiliquid Holding,Epiliquid Holding,simple_name_variant,no_review_needed,Likely simple sponsor-name standardization.,Epiliquid Holding,Epiliquid Holding,Use dashboard_sponsor_name
Ceric Sàrl,Ceric Sàrl,Ceric Sàrl,left_as_is,no_review_needed,No related sponsor/parent mapping identified; kept as original sponsor name.,Ceric Sàrl,Ceric Sàrl,Use dashboard_sponsor_name
Autotelicbio,Autotelicbio,Autotelicbio,left_as_is,no_review_needed,No related sponsor/parent mapping identified; kept as original sponsor name.,Autotelicbio,Autotelicbio,Use dashboard_sponsor_name
nChroma Bio,nChroma Bio,nChroma Bio,left_as_is,no_review_needed,No related sponsor/parent mapping identified; kept as original sponsor name.,nChroma Bio,nChroma Bio,Use dashboard_sponsor_name
"GentiBio, Inc",GentiBio,GentiBio,simple_name_variant,no_review_needed,Likely simple sponsor-name standardization.,GentiBio,GentiBio,Use dashboard_sponsor_name
Alebund Pharmaceuticals,Alebund Pharmaceuticals,Alebund Pharmaceuticals,left_as_is,no_review_needed,No related sponsor/parent mapping identified; kept as original sponsor name.,Alebund Pharmaceuticals,Alebund Pharmaceuticals,Use dashboard_sponsor_name
MediciNova,MediciNova,MediciNova,left_as_is,no_review_needed,No related sponsor/parent mapping identified; kept as original sponsor name.,MediciNova,MediciNova,Use dashboard_sponsor_name
Alvotech Swiss AG,Alvotech Swiss,Alvotech Swiss,simple_name_variant,no_review_needed,Likely simple sponsor-name standardization.,Alvotech Swiss,Alvotech Swiss,Use dashboard_sponsor_name
Fore Biotherapeutics,Fore Biotherapeutics,Fore Biotherapeutics,left_as_is,no_review_needed,No related sponsor/parent mapping identified; kept as original sponsor name.,Fore Biotherapeutics,Fore Biotherapeutics,Use dashboard_sponsor_name
"Angiex, Inc.",Angiex,Angiex,simple_name_variant,no_review_needed,Likely simple sponsor-name standardization.,Angiex,Angiex,Use dashboard_sponsor_name
RECORDATI GROUP,RECORDATI GROUP,Recordati,acquisition_rollup_candidate,needs_review,Parent identified via web search or explicit name string; keep operating name unless group approves rollup.,RECORDATI GROUP,Recordati,Use dashboard_sponsor_name for now; parent rollup requires team decision
"Renalytix AI, Inc.",Renalytix AI,Renalytix AI,simple_name_variant,no_review_needed,Likely simple sponsor-name standardization.,Renalytix AI,Renalytix AI,Use dashboard_sponsor_name
AdipoPharma LLC,AdipoPharma,AdipoPharma,simple_name_variant,no_review_needed,Likely simple sponsor-name standardization.,AdipoPharma,AdipoPharma,Use dashboard_sponsor_name
Abvance Therapeutics,Abvance Therapeutics,Abvance Therapeutics,left_as_is,no_review_needed,No related sponsor/parent mapping identified; kept as original sponsor name.,Abvance Therapeutics,Abvance Therapeutics,Use dashboard_sponsor_name
"Jeil Pharmaceutical Co., Ltd.",Jeil Pharmaceutical,Jeil Pharmaceutical,simple_name_variant,no_review_needed,Likely simple sponsor-name standardization.,Jeil Pharmaceutical,Jeil Pharmaceutical,Use dashboard_sponsor_name
"Nimbus Saturn, Inc.",Nimbus Saturn,Nimbus Saturn,simple_name_variant,no_review_needed,Likely simple sponsor-name standardization.,Nimbus Saturn,Nimbus Saturn,Use dashboard_sponsor_name
I-Mab Biopharma US Limited,I-Mab Biopharma US,I-Mab Biopharma US,simple_name_variant,no_review_needed,Likely simple sponsor-name standardization.,I-Mab Biopharma US,I-Mab Biopharma US,Use dashboard_sponsor_name
"Chongqing Peg-Bio Biopharm Co., Ltd.",Chongqing Peg-Bio Biopharm,Chongqing Peg-Bio Biopharm,simple_name_variant,no_review_needed,Likely simple sponsor-name standardization.,Chongqing Peg-Bio Biopharm,Chongqing Peg-Bio Biopharm,Use dashboard_sponsor_name
"NextCure, Inc.",NextCure,NextCure,simple_name_variant,no_review_needed,Likely simple sponsor-name standardization.,NextCure,NextCure,Use dashboard_sponsor_name
Shanghai Fosun Pharmaceutical Industrial Development Co. Ltd.,Shanghai Fosun Pharmaceutical Industrial Development,Shanghai Fosun Pharmaceutical Industrial Development,simple_name_variant,no_review_needed,Likely simple sponsor-name standardization.,Shanghai Fosun Pharmaceutical Industrial Development,Shanghai Fosun Pharmaceutical Industrial Development,Use dashboard_sponsor_name
GE Healthcare,GE Healthcare,GE Healthcare,left_as_is,no_review_needed,No related sponsor/parent mapping identified; kept as original sponsor name.,GE Healthcare,GE Healthcare,Use dashboard_sponsor_name
"True Bearing Diagnostics, Inc.",True Bearing Diagnostics,True Bearing Diagnostics,simple_name_variant,no_review_needed,Likely simple sponsor-name standardization.,True Bearing Diagnostics,True Bearing Diagnostics,Use dashboard_sponsor_name
"Endogenex, Inc.",Endogenex,Endogenex,simple_name_variant,no_review_needed,Likely simple sponsor-name standardization.,Endogenex,Endogenex,Use dashboard_sponsor_name
"Conjupro Biotherapeutics, Inc.",Conjupro Biotherapeutics,Conjupro Biotherapeutics,simple_name_variant,no_review_needed,Likely simple sponsor-name standardization.,Conjupro Biotherapeutics,Conjupro Biotherapeutics,Use dashboard_sponsor_name
"Ocelot Bio, Inc",Ocelot Bio,Ocelot Bio,simple_name_variant,no_review_needed,Likely simple sponsor-name standardization.,Ocelot Bio,Ocelot Bio,Use dashboard_sponsor_name
"Black Diamond Therapeutics, Inc.",Black Diamond Therapeutics,Black Diamond Therapeutics,simple_name_variant,no_review_needed,Likely simple sponsor-name standardization.,Black Diamond Therapeutics,Black Diamond Therapeutics,Use dashboard_sponsor_name
TMRW Life Sciences,TMRW Life Sciences,TMRW Life Sciences,left_as_is,no_review_needed,No related sponsor/parent mapping identified; kept as original sponsor name.,TMRW Life Sciences,TMRW Life Sciences,Use dashboard_sponsor_name
Viscofan,Viscofan,Viscofan,left_as_is,no_review_needed,No related sponsor/parent mapping identified; kept as original sponsor name.,Viscofan,Viscofan,Use dashboard_sponsor_name
"Xiamen Innovax Biotech Co., Ltd",Xiamen Innovax Biotech,Xiamen Innovax Biotech,simple_name_variant,no_review_needed,Likely simple sponsor-name standardization.,Xiamen Innovax Biotech,Xiamen Innovax Biotech,Use dashboard_sponsor_name
"ViroMissile, Inc.",ViroMissile,ViroMissile,simple_name_variant,no_review_needed,Likely simple sponsor-name standardization.,ViroMissile,ViroMissile,Use dashboard_sponsor_name
AlgoDx,AlgoDx,AlgoDx,left_as_is,no_review_needed,No related sponsor/parent mapping identified; kept as original sponsor name.,AlgoDx,AlgoDx,Use dashboard_sponsor_name
Sinocare,Sinocare,Sinocare,left_as_is,no_review_needed,No related sponsor/parent mapping identified; kept as original sponsor name.,Sinocare,Sinocare,Use dashboard_sponsor_name
EverImmune,EverImmune,EverImmune,left_as_is,no_review_needed,No related sponsor/parent mapping identified; kept as original sponsor name.,EverImmune,EverImmune,Use dashboard_sponsor_name
Hua Medicine Limited,Hua Medicine,Hua Medicine,simple_name_variant,no_review_needed,Likely simple sponsor-name standardization.,Hua Medicine,Hua Medicine,Use dashboard_sponsor_name
"NeuroBiogen Co., Ltd",NeuroBiogen,NeuroBiogen,simple_name_variant,no_review_needed,Likely simple sponsor-name standardization.,NeuroBiogen,NeuroBiogen,Use dashboard_sponsor_name
"Kira Pharmacenticals (US), LLC.",Kira Pharmacenticals ,Kira Pharmacenticals ,simple_name_variant,no_review_needed,Likely simple sponsor-name standardization.,Kira Pharmacenticals ,Kira Pharmacenticals ,Use dashboard_sponsor_name
Medical Valley Digital Health Application Center GmbH,Medical Valley Digital Health Application Center,Medical Valley Digital Health Application Center,simple_name_variant,no_review_needed,Likely simple sponsor-name standardization.,Medical Valley Digital Health Application Center,Medical Valley Digital Health Application Center,Use dashboard_sponsor_name
Carmot Australia First Pty Ltd,Carmot Australia First,Carmot Australia First,simple_name_variant,no_review_needed,Likely simple sponsor-name standardization.,Carmot Australia First,Carmot Australia First,Use dashboard_sponsor_name
"Coral Genomics, Inc.",Coral Genomics,Coral Genomics,simple_name_variant,no_review_needed,Likely simple sponsor-name standardization.,Coral Genomics,Coral Genomics,Use dashboard_sponsor_name
Marisse Masis-Solano,Marisse Masis-Solano,Marisse Masis-Solano,left_as_is,no_review_needed,No related sponsor/parent mapping identified; kept as original sponsor name.,Marisse Masis-Solano,Marisse Masis-Solano,Use dashboard_sponsor_name
BioEclipse Therapeutics,BioEclipse Therapeutics,BioEclipse Therapeutics,left_as_is,no_review_needed,No related sponsor/parent mapping identified; kept as original sponsor name.,BioEclipse Therapeutics,BioEclipse Therapeutics,Use dashboard_sponsor_name
"Hangzhou Sciwind Biosciences Co., Ltd.",Hangzhou Sciwind Biosciences,Hangzhou Sciwind Biosciences,simple_name_variant,no_review_needed,Likely simple sponsor-name standardization.,Hangzhou Sciwind Biosciences,Hangzhou Sciwind Biosciences,Use dashboard_sponsor_name
Housey Healthcare ULC,Housey Healthcare,Housey Healthcare,simple_name_variant,no_review_needed,Likely simple sponsor-name standardization.,Housey Healthcare,Housey Healthcare,Use dashboard_sponsor_name
PYC Therapeutics,PYC Therapeutics,PYC Therapeutics,left_as_is,no_review_needed,No related sponsor/parent mapping identified; kept as original sponsor name.,PYC Therapeutics,PYC Therapeutics,Use dashboard_sponsor_name
KaliVir Immunotherapeutics,KaliVir Immunotherapeutics,KaliVir Immunotherapeutics,left_as_is,no_review_needed,No related sponsor/parent mapping identified; kept as original sponsor name.,KaliVir Immunotherapeutics,KaliVir Immunotherapeutics,Use dashboard_sponsor_name
"Guangzhou FineImmune Biotechnology Co., LTD.",Guangzhou FineImmune Biotechnology,Guangzhou FineImmune Biotechnology,simple_name_variant,no_review_needed,Likely simple sponsor-name standardization.,Guangzhou FineImmune Biotechnology,Guangzhou FineImmune Biotechnology,Use dashboard_sponsor_name
"Wave Life Sciences USA, Inc.",Wave Life Sciences USA,Wave Life Sciences USA,simple_name_variant,no_review_needed,Likely simple sponsor-name standardization.,Wave Life Sciences USA,Wave Life Sciences USA,Use dashboard_sponsor_name
Kineta Inc.,Kineta,Kineta,simple_name_variant,no_review_needed,Likely simple sponsor-name standardization.,Kineta,Kineta,Use dashboard_sponsor_name
Fusion Pharmaceuticals Inc.,Fusion Pharmaceuticals,Fusion Pharmaceuticals,simple_name_variant,no_review_needed,Likely simple sponsor-name standardization.,Fusion Pharmaceuticals,Fusion Pharmaceuticals,Use dashboard_sponsor_name
Orphalan,Orphalan,Orphalan,left_as_is,no_review_needed,No related sponsor/parent mapping identified; kept as original sponsor name.,Orphalan,Orphalan,Use dashboard_sponsor_name
Inner Group Inc.,Inner Group,Inner Group,simple_name_variant,no_review_needed,Likely simple sponsor-name standardization.,Inner Group,Inner Group,Use dashboard_sponsor_name
"Kine Sciences Co., Ltd.",Kine Sciences,Kine Sciences,simple_name_variant,no_review_needed,Likely simple sponsor-name standardization.,Kine Sciences,Kine Sciences,Use dashboard_sponsor_name
Epividian,Epividian,Epividian,left_as_is,no_review_needed,No related sponsor/parent mapping identified; kept as original sponsor name.,Epividian,Epividian,Use dashboard_sponsor_name
"Medicenna Therapeutics, Inc.",Medicenna Therapeutics,Medicenna Therapeutics,simple_name_variant,no_review_needed,Likely simple sponsor-name standardization.,Medicenna Therapeutics,Medicenna Therapeutics,Use dashboard_sponsor_name
"Calcilytix Therapeutics, Inc., a BridgeBio company",Calcilytix Therapeutics,BridgeBio,acquisition_rollup_candidate,needs_review,Parent identified via web search or explicit name string; keep operating name unless group approves rollup.,Calcilytix Therapeutics,BridgeBio,Use dashboard_sponsor_name for now; parent rollup requires team decision
"Sobi, Inc.",Sobi,Swedish Orphan Biovitrum,acquisition_rollup_candidate,needs_review,Parent identified via web search or explicit name string; keep operating name unless group approves rollup.,Sobi,Swedish Orphan Biovitrum,Use dashboard_sponsor_name for now; parent rollup requires team decision
"Millennium Pharmaceuticals, Inc.",Millennium Pharmaceuticals,Takeda,acquisition_rollup_candidate,needs_review,Parent identified via web search or explicit name string; keep operating name unless group approves rollup.,Millennium Pharmaceuticals,Takeda,Use dashboard_sponsor_name for now; parent rollup requires team decision
Amylyx Pharmaceuticals Inc.,Amylyx Pharmaceuticals,Amylyx Pharmaceuticals,simple_name_variant,no_review_needed,Likely simple sponsor-name standardization.,Amylyx Pharmaceuticals,Amylyx Pharmaceuticals,Use dashboard_sponsor_name
Angion Biomedica Corp,Angion Biomedica,Angion Biomedica,simple_name_variant,no_review_needed,Likely simple sponsor-name standardization.,Angion Biomedica,Angion Biomedica,Use dashboard_sponsor_name
Longevity Inc.,Longevity,Longevity,simple_name_variant,no_review_needed,Likely simple sponsor-name standardization.,Longevity,Longevity,Use dashboard_sponsor_name
"EncuraGen, Inc",EncuraGen,EncuraGen,simple_name_variant,no_review_needed,Likely simple sponsor-name standardization.,EncuraGen,EncuraGen,Use dashboard_sponsor_name
AlloVir,AlloVir,AlloVir,left_as_is,no_review_needed,No related sponsor/parent mapping identified; kept as original sponsor name.,AlloVir,AlloVir,Use dashboard_sponsor_name
Colgate Palmolive,Colgate Palmolive,Colgate Palmolive,left_as_is,no_review_needed,No related sponsor/parent mapping identified; kept as original sponsor name.,Colgate Palmolive,Colgate Palmolive,Use dashboard_sponsor_name
LG Chem,LG Chem,LG Chem,left_as_is,no_review_needed,No related sponsor/parent mapping identified; kept as original sponsor name.,LG Chem,LG Chem,Use dashboard_sponsor_name
Gemma Biotherapeutics,Gemma Biotherapeutics,Gemma Biotherapeutics,left_as_is,no_review_needed,No related sponsor/parent mapping identified; kept as original sponsor name.,Gemma Biotherapeutics,Gemma Biotherapeutics,Use dashboard_sponsor_name
HighTide Biopharma Pty Ltd,HighTide Biopharma,HighTide Biopharma,simple_name_variant,no_review_needed,Likely simple sponsor-name standardization.,HighTide Biopharma,HighTide Biopharma,Use dashboard_sponsor_name
"Beijing QL Biopharmaceutical Co.,Ltd",Beijing QL Biopharmaceutical,Beijing QL Biopharmaceutical,simple_name_variant,no_review_needed,Likely simple sponsor-name standardization.,Beijing QL Biopharmaceutical,Beijing QL Biopharmaceutical,Use dashboard_sponsor_name
Myeloid Therapeutics,Myeloid Therapeutics,Myeloid Therapeutics,left_as_is,no_review_needed,No related sponsor/parent mapping identified; kept as original sponsor name.,Myeloid Therapeutics,Myeloid Therapeutics,Use dashboard_sponsor_name
EBI Anti Sepsis BV,EBI Anti Sepsis,EBI Anti Sepsis,simple_name_variant,no_review_needed,Likely simple sponsor-name standardization.,EBI Anti Sepsis,EBI Anti Sepsis,Use dashboard_sponsor_name
ImStem Biotechnology,ImStem Biotechnology,ImStem Biotechnology,left_as_is,no_review_needed,No related sponsor/parent mapping identified; kept as original sponsor name.,ImStem Biotechnology,ImStem Biotechnology,Use dashboard_sponsor_name
Dr. Falk Pharma GmbH,Dr. Falk Pharma,Dr. Falk Pharma,simple_name_variant,no_review_needed,Likely simple sponsor-name standardization.,Dr. Falk Pharma,Dr. Falk Pharma,Use dashboard_sponsor_name
Khondrion BV,Khondrion,Khondrion,simple_name_variant,no_review_needed,Likely simple sponsor-name standardization.,Khondrion,Khondrion,Use dashboard_sponsor_name
"Glyscend, Inc.",Glyscend,Glyscend,simple_name_variant,no_review_needed,Likely simple sponsor-name standardization.,Glyscend,Glyscend,Use dashboard_sponsor_name
"AVEO Pharmaceuticals, Inc.",AVEO Pharmaceuticals,LG Chem,acquisition_rollup_candidate,needs_review,Parent identified via web search or explicit name string; keep operating name unless group approves rollup.,AVEO Pharmaceuticals,LG Chem,Use dashboard_sponsor_name for now; parent rollup requires team decision
Zymeworks BC Inc.,Zymeworks BC,Zymeworks BC,simple_name_variant,no_review_needed,Likely simple sponsor-name standardization.,Zymeworks BC,Zymeworks BC,Use dashboard_sponsor_name
pharmaand GmbH,pharmaand,pharmaand,simple_name_variant,no_review_needed,Likely simple sponsor-name standardization.,pharmaand,pharmaand,Use dashboard_sponsor_name
"Napo Pharmaceuticals, Inc.",Napo Pharmaceuticals,Napo Pharmaceuticals,simple_name_variant,no_review_needed,Likely simple sponsor-name standardization.,Napo Pharmaceuticals,Napo Pharmaceuticals,Use dashboard_sponsor_name
iCell Gene Therapeutics,iCell Gene Therapeutics,iCell Gene Therapeutics,left_as_is,no_review_needed,No related sponsor/parent mapping identified; kept as original sponsor name.,iCell Gene Therapeutics,iCell Gene Therapeutics,Use dashboard_sponsor_name
CuraLife,CuraLife,CuraLife,left_as_is,no_review_needed,No related sponsor/parent mapping identified; kept as original sponsor name.,CuraLife,CuraLife,Use dashboard_sponsor_name
iOmx Therapeutics AG,iOmx Therapeutics,iOmx Therapeutics,simple_name_variant,no_review_needed,Likely simple sponsor-name standardization.,iOmx Therapeutics,iOmx Therapeutics,Use dashboard_sponsor_name
Genlantis Diagnostics,Genlantis Diagnostics,Genlantis Diagnostics,left_as_is,no_review_needed,No related sponsor/parent mapping identified; kept as original sponsor name.,Genlantis Diagnostics,Genlantis Diagnostics,Use dashboard_sponsor_name
Umecrine Cognition AB,Umecrine Cognition,Umecrine Cognition,simple_name_variant,no_review_needed,Likely simple sponsor-name standardization.,Umecrine Cognition,Umecrine Cognition,Use dashboard_sponsor_name
W.L.Gore & Associates,W.L.Gore & Associates,W.L.Gore & Associates,left_as_is,no_review_needed,No related sponsor/parent mapping identified; kept as original sponsor name.,W.L.Gore & Associates,W.L.Gore & Associates,Use dashboard_sponsor_name
Teligene US,Teligene US,Teligene US,left_as_is,no_review_needed,No related sponsor/parent mapping identified; kept as original sponsor name.,Teligene US,Teligene US,Use dashboard_sponsor_name
"Everest Medicines (China) Co.,Ltd.",Everest Medicines ,Everest Medicines ,simple_name_variant,no_review_needed,Likely simple sponsor-name standardization.,Everest Medicines ,Everest Medicines ,Use dashboard_sponsor_name
H. Lundbeck A/S,H. Lundbeck,H. Lundbeck,simple_name_variant,no_review_needed,Likely simple sponsor-name standardization.,H. Lundbeck,H. Lundbeck,Use dashboard_sponsor_name
Soligenix,Soligenix,Soligenix,left_as_is,no_review_needed,No related sponsor/parent mapping identified; kept as original sponsor name.,Soligenix,Soligenix,Use dashboard_sponsor_name
Albireo,Albireo,Ipsen,acquisition_rollup_candidate,needs_review,Parent identified via web search or explicit name string; keep operating name unless group approves rollup.,Albireo,Ipsen,Use dashboard_sponsor_name for now; parent rollup requires team decision
Catalyst Biosciences,Catalyst Biosciences,Catalyst Biosciences,left_as_is,no_review_needed,No related sponsor/parent mapping identified; kept as original sponsor name.,Catalyst Biosciences,Catalyst Biosciences,Use dashboard_sponsor_name
"Lyell Immunopharma, Inc.",Lyell Immunopharma,Lyell Immunopharma,simple_name_variant,no_review_needed,Likely simple sponsor-name standardization.,Lyell Immunopharma,Lyell Immunopharma,Use dashboard_sponsor_name
Mankind Pharma Limited,Mankind Pharma,Mankind Pharma,simple_name_variant,no_review_needed,Likely simple sponsor-name standardization.,Mankind Pharma,Mankind Pharma,Use dashboard_sponsor_name
"Neurogastrx, Inc.",Neurogastrx,Neurogastrx,simple_name_variant,no_review_needed,Likely simple sponsor-name standardization.,Neurogastrx,Neurogastrx,Use dashboard_sponsor_name
"AccSalus Biosciences, Inc.",AccSalus Biosciences,AccSalus Biosciences,simple_name_variant,no_review_needed,Likely simple sponsor-name standardization.,AccSalus Biosciences,AccSalus Biosciences,Use dashboard_sponsor_name
"Fresenius Kabi, France","Fresenius Kabi, France","Fresenius Kabi, France",left_as_is,no_review_needed,No related sponsor/parent mapping identified; kept as original sponsor name.,"Fresenius Kabi, France","Fresenius Kabi, France",Use dashboard_sponsor_name
"LaunXP Biomedical Co., Ltd.",LaunXP Biomedical,LaunXP Biomedical,simple_name_variant,no_review_needed,Likely simple sponsor-name standardization.,LaunXP Biomedical,LaunXP Biomedical,Use dashboard_sponsor_name
"Eloxx Pharmaceuticals, Inc.",Eloxx Pharmaceuticals,Eloxx Pharmaceuticals,simple_name_variant,no_review_needed,Likely simple sponsor-name standardization.,Eloxx Pharmaceuticals,Eloxx Pharmaceuticals,Use dashboard_sponsor_name
Blade Therapeutics,Blade Therapeutics,Blade Therapeutics,left_as_is,no_review_needed,No related sponsor/parent mapping identified; kept as original sponsor name.,Blade Therapeutics,Blade Therapeutics,Use dashboard_sponsor_name
Qifeng Zhang,Qifeng Zhang,Qifeng Zhang,left_as_is,no_review_needed,No related sponsor/parent mapping identified; kept as original sponsor name.,Qifeng Zhang,Qifeng Zhang,Use dashboard_sponsor_name
"Jade Biosciences, Inc.",Jade Biosciences,Jade Biosciences,simple_name_variant,no_review_needed,Likely simple sponsor-name standardization.,Jade Biosciences,Jade Biosciences,Use dashboard_sponsor_name
Zealand Pharma,Zealand Pharma,Zealand Pharma,left_as_is,no_review_needed,No related sponsor/parent mapping identified; kept as original sponsor name.,Zealand Pharma,Zealand Pharma,Use dashboard_sponsor_name
Stryker Neurovascular,Stryker Neurovascular,Stryker,acquisition_rollup_candidate,needs_review,Parent identified via web search or explicit name string; keep operating name unless group approves rollup.,Stryker Neurovascular,Stryker,Use dashboard_sponsor_name for now; parent rollup requires team decision
Healthgen Biotechnology Corp.,Healthgen Biotechnology,Healthgen Biotechnology,simple_name_variant,no_review_needed,Likely simple sponsor-name standardization.,Healthgen Biotechnology,Healthgen Biotechnology,Use dashboard_sponsor_name
"Asher Biotherapeutics, Inc.",Asher Biotherapeutics,Asher Biotherapeutics,simple_name_variant,no_review_needed,Likely simple sponsor-name standardization.,Asher Biotherapeutics,Asher Biotherapeutics,Use dashboard_sponsor_name
SCG Cell Therapy Pte. Ltd.,SCG Cell Therapy,SCG Cell Therapy,simple_name_variant,no_review_needed,Likely simple sponsor-name standardization.,SCG Cell Therapy,SCG Cell Therapy,Use dashboard_sponsor_name
Noucor Health S.A.,Noucor Health,Noucor Health,simple_name_variant,no_review_needed,Likely simple sponsor-name standardization.,Noucor Health,Noucor Health,Use dashboard_sponsor_name
Calico Life Sciences LLC,Calico Life Sciences,Calico Life Sciences,simple_name_variant,no_review_needed,Likely simple sponsor-name standardization.,Calico Life Sciences,Calico Life Sciences,Use dashboard_sponsor_name
mylife Diabetes Care AG,mylife Diabetes Care,mylife Diabetes Care,simple_name_variant,no_review_needed,Likely simple sponsor-name standardization.,mylife Diabetes Care,mylife Diabetes Care,Use dashboard_sponsor_name
"Hangzhou Highlightll Pharmaceutical Co., Ltd",Hangzhou Highlightll Pharmaceutical,Hangzhou Highlightll Pharmaceutical,simple_name_variant,no_review_needed,Likely simple sponsor-name standardization.,Hangzhou Highlightll Pharmaceutical,Hangzhou Highlightll Pharmaceutical,Use dashboard_sponsor_name
TikoMed AB,TikoMed,TikoMed,simple_name_variant,no_review_needed,Likely simple sponsor-name standardization.,TikoMed,TikoMed,Use dashboard_sponsor_name
"Prime Medicine, Inc.",Prime Medicine,Prime Medicine,simple_name_variant,no_review_needed,Likely simple sponsor-name standardization.,Prime Medicine,Prime Medicine,Use dashboard_sponsor_name
RE.DOCTOR LLC,RE.DOCTOR,RE.DOCTOR,simple_name_variant,no_review_needed,Likely simple sponsor-name standardization.,RE.DOCTOR,RE.DOCTOR,Use dashboard_sponsor_name
Shanghai Alebund Pharmaceuticals Limited,Shanghai Alebund Pharmaceuticals,Shanghai Alebund Pharmaceuticals,simple_name_variant,no_review_needed,Likely simple sponsor-name standardization.,Shanghai Alebund Pharmaceuticals,Shanghai Alebund Pharmaceuticals,Use dashboard_sponsor_name
SAPU NANO (US) LLC,SAPU NANO ,SAPU NANO ,simple_name_variant,no_review_needed,Likely simple sponsor-name standardization.,SAPU NANO ,SAPU NANO ,Use dashboard_sponsor_name
Hinova Pharmaceuticals Inc.,Hinova Pharmaceuticals,Hinova Pharmaceuticals,simple_name_variant,no_review_needed,Likely simple sponsor-name standardization.,Hinova Pharmaceuticals,Hinova Pharmaceuticals,Use dashboard_sponsor_name
Noorik Biopharmaceuticals AG,Noorik Biopharmaceuticals,Noorik Biopharmaceuticals,simple_name_variant,no_review_needed,Likely simple sponsor-name standardization.,Noorik Biopharmaceuticals,Noorik Biopharmaceuticals,Use dashboard_sponsor_name
"GigaGen, Inc.",GigaGen,Grifols,acquisition_rollup_candidate,needs_review,Parent identified via web search or explicit name string; keep operating name unless group approves rollup.,GigaGen,Grifols,Use dashboard_sponsor_name for now; parent rollup requires team decision
Chiesi Hungary Ltd.,Chiesi Hungary,Chiesi,acquisition_rollup_candidate,needs_review,Parent identified via web search or explicit name string; keep operating name unless group approves rollup.,Chiesi Hungary,Chiesi,Use dashboard_sponsor_name for now; parent rollup requires team decision
"Neuraly, Inc.",Neuraly,Neuraly,simple_name_variant,no_review_needed,Likely simple sponsor-name standardization.,Neuraly,Neuraly,Use dashboard_sponsor_name
Resverlogix Corp,Resverlogix,Resverlogix,simple_name_variant,no_review_needed,Likely simple sponsor-name standardization.,Resverlogix,Resverlogix,Use dashboard_sponsor_name
PeptiDream Inc.,PeptiDream,PeptiDream,simple_name_variant,no_review_needed,Likely simple sponsor-name standardization.,PeptiDream,PeptiDream,Use dashboard_sponsor_name
Eisai Pharmaceuticals India Pvt. Ltd,Eisai Pharmaceuticals India,"Eisai Co., Ltd.",acquisition_rollup_candidate,needs_review,Parent identified via web search or explicit name string; keep operating name unless group approves rollup.,Eisai Pharmaceuticals India,"Eisai Co., Ltd.",Use dashboard_sponsor_name for now; parent rollup requires team decision
MedicAir Healthcare S.r.l.,MedicAir Healthcare,MedicAir Healthcare,simple_name_variant,no_review_needed,Likely simple sponsor-name standardization.,MedicAir Healthcare,MedicAir Healthcare,Use dashboard_sponsor_name
"Aptabio Therapeutics, Inc.",Aptabio Therapeutics,Aptabio Therapeutics,simple_name_variant,no_review_needed,Likely simple sponsor-name standardization.,Aptabio Therapeutics,Aptabio Therapeutics,Use dashboard_sponsor_name
"Twinpig Biolab, Inc.",Twinpig Biolab,Twinpig Biolab,simple_name_variant,no_review_needed,Likely simple sponsor-name standardization.,Twinpig Biolab,Twinpig Biolab,Use dashboard_sponsor_name
"Hangzhou Qihan Biotech Co., Ltd.",Hangzhou Qihan Biotech,Hangzhou Qihan Biotech,simple_name_variant,no_review_needed,Likely simple sponsor-name standardization.,Hangzhou Qihan Biotech,Hangzhou Qihan Biotech,Use dashboard_sponsor_name
Biotronik SE & Co. KG,Biotronik,Biotronik,simple_name_variant,no_review_needed,Likely simple sponsor-name standardization.,Biotronik,Biotronik,Use dashboard_sponsor_name
Zydus Therapeutics Inc.,Zydus Therapeutics,Zydus Therapeutics,simple_name_variant,no_review_needed,Likely simple sponsor-name standardization.,Zydus Therapeutics,Zydus Therapeutics,Use dashboard_sponsor_name
Diamyd Medical AB,Diamyd Medical,Diamyd Medical,simple_name_variant,no_review_needed,Likely simple sponsor-name standardization.,Diamyd Medical,Diamyd Medical,Use dashboard_sponsor_name
Sun Pharmaceutical Industries Limited,Sun Pharmaceutical Industries,Sun Pharmaceutical Industries,simple_name_variant,no_review_needed,Likely simple sponsor-name standardization.,Sun Pharmaceutical Industries,Sun Pharmaceutical Industries,Use dashboard_sponsor_name
LabStyle Innovations Ltd.,LabStyle Innovations,LabStyle Innovations,simple_name_variant,no_review_needed,Likely simple sponsor-name standardization.,LabStyle Innovations,LabStyle Innovations,Use dashboard_sponsor_name
"Aravive, Inc.",Aravive,Aravive,simple_name_variant,no_review_needed,Likely simple sponsor-name standardization.,Aravive,Aravive,Use dashboard_sponsor_name
Sparrow Pharmaceuticals,Sparrow Pharmaceuticals,Sparrow Pharmaceuticals,left_as_is,no_review_needed,No related sponsor/parent mapping identified; kept as original sponsor name.,Sparrow Pharmaceuticals,Sparrow Pharmaceuticals,Use dashboard_sponsor_name
Dragonboat Biopharmaceutical Company Limited,Dragonboat Biopharmaceutical Company,Dragonboat Biopharmaceutical Company,simple_name_variant,no_review_needed,Likely simple sponsor-name standardization.,Dragonboat Biopharmaceutical Company,Dragonboat Biopharmaceutical Company,Use dashboard_sponsor_name
"Bioverativ, a Sanofi company",Bioverativ,Sanofi,acquisition_rollup_candidate,needs_review,Parent identified via web search or explicit name string; keep operating name unless group approves rollup.,Bioverativ,Sanofi,Use dashboard_sponsor_name for now; parent rollup requires team decision
Ebima Clifford Okundaye,Ebima Clifford Okundaye,Ebima Clifford Okundaye,left_as_is,no_review_needed,No related sponsor/parent mapping identified; kept as original sponsor name.,Ebima Clifford Okundaye,Ebima Clifford Okundaye,Use dashboard_sponsor_name
Ribocure Pharmaceuticals AB,Ribocure Pharmaceuticals,Ribocure Pharmaceuticals,simple_name_variant,no_review_needed,Likely simple sponsor-name standardization.,Ribocure Pharmaceuticals,Ribocure Pharmaceuticals,Use dashboard_sponsor_name
PolarityTE,PolarityTE,PolarityTE,left_as_is,no_review_needed,No related sponsor/parent mapping identified; kept as original sponsor name.,PolarityTE,PolarityTE,Use dashboard_sponsor_name
Intercept Pharmaceuticals,Intercept Pharmaceuticals,Alfasigma,acquisition_rollup_candidate,needs_review,Parent identified via web search or explicit name string; keep operating name unless group approves rollup.,Intercept Pharmaceuticals,Alfasigma,Use dashboard_sponsor_name for now; parent rollup requires team decision
"Viridian Therapeutics, Inc.",Viridian Therapeutics,Viridian Therapeutics,simple_name_variant,no_review_needed,Likely simple sponsor-name standardization.,Viridian Therapeutics,Viridian Therapeutics,Use dashboard_sponsor_name
Afimmune,Afimmune,Afimmune,left_as_is,no_review_needed,No related sponsor/parent mapping identified; kept as original sponsor name.,Afimmune,Afimmune,Use dashboard_sponsor_name
Candid Therapeutics,Candid Therapeutics,Candid Therapeutics,left_as_is,no_review_needed,No related sponsor/parent mapping identified; kept as original sponsor name.,Candid Therapeutics,Candid Therapeutics,Use dashboard_sponsor_name
Idorsia Pharmaceuticals Ltd.,Idorsia Pharmaceuticals,Idorsia Pharmaceuticals,simple_name_variant,no_review_needed,Likely simple sponsor-name standardization.,Idorsia Pharmaceuticals,Idorsia Pharmaceuticals,Use dashboard_sponsor_name
Medialis Ltd.,Medialis,Medialis,simple_name_variant,no_review_needed,Likely simple sponsor-name standardization.,Medialis,Medialis,Use dashboard_sponsor_name
Immunic AG,Immunic,Immunic,simple_name_variant,no_review_needed,Likely simple sponsor-name standardization.,Immunic,Immunic,Use dashboard_sponsor_name
"Kali Therapeutics, Inc.",Kali Therapeutics,Kali Therapeutics,simple_name_variant,no_review_needed,Likely simple sponsor-name standardization.,Kali Therapeutics,Kali Therapeutics,Use dashboard_sponsor_name
Op-T LLC,Op-T,Op-T,simple_name_variant,no_review_needed,Likely simple sponsor-name standardization.,Op-T,Op-T,Use dashboard_sponsor_name
Edwards Lifesciences,Edwards Lifesciences,Edwards Lifesciences,left_as_is,no_review_needed,No related sponsor/parent mapping identified; kept as original sponsor name.,Edwards Lifesciences,Edwards Lifesciences,Use dashboard_sponsor_name
Kibow Pharma,Kibow Pharma,Kibow Pharma,left_as_is,no_review_needed,No related sponsor/parent mapping identified; kept as original sponsor name.,Kibow Pharma,Kibow Pharma,Use dashboard_sponsor_name
Pilatus Biosciences Inc,Pilatus Biosciences,Pilatus Biosciences,simple_name_variant,no_review_needed,Likely simple sponsor-name standardization.,Pilatus Biosciences,Pilatus Biosciences,Use dashboard_sponsor_name
Celltex Therapeutics Corporation,Celltex Therapeutics,Celltex Therapeutics,simple_name_variant,no_review_needed,Likely simple sponsor-name standardization.,Celltex Therapeutics,Celltex Therapeutics,Use dashboard_sponsor_name
Imcyse SA,Imcyse,Imcyse,simple_name_variant,no_review_needed,Likely simple sponsor-name standardization.,Imcyse,Imcyse,Use dashboard_sponsor_name
"Shanghai Ruiliyuan Biotechnology Co., Ltd.",Shanghai Ruiliyuan Biotechnology,Shanghai Ruiliyuan Biotechnology,simple_name_variant,no_review_needed,Likely simple sponsor-name standardization.,Shanghai Ruiliyuan Biotechnology,Shanghai Ruiliyuan Biotechnology,Use dashboard_sponsor_name
"Arsenal Biosciences, Inc.",Arsenal Biosciences,Arsenal Biosciences,simple_name_variant,no_review_needed,Likely simple sponsor-name standardization.,Arsenal Biosciences,Arsenal Biosciences,Use dashboard_sponsor_name
"Rege Nephro Co., Ltd.",Rege Nephro,Rege Nephro,simple_name_variant,no_review_needed,Likely simple sponsor-name standardization.,Rege Nephro,Rege Nephro,Use dashboard_sponsor_name
Durect,Durect,Durect,left_as_is,no_review_needed,No related sponsor/parent mapping identified; kept as original sponsor name.,Durect,Durect,Use dashboard_sponsor_name
Fresenius Kabi SwissBioSim GmbH,Fresenius Kabi SwissBioSim,Fresenius Kabi,acquisition_rollup_candidate,needs_review,Parent identified via web search or explicit name string; keep operating name unless group approves rollup.,Fresenius Kabi SwissBioSim,Fresenius Kabi,Use dashboard_sponsor_name for now; parent rollup requires team decision
"InventisBio Co., Ltd",InventisBio,InventisBio,simple_name_variant,no_review_needed,Likely simple sponsor-name standardization.,InventisBio,InventisBio,Use dashboard_sponsor_name
"Target PharmaSolutions, Inc.",Target PharmaSolutions,Target PharmaSolutions,simple_name_variant,no_review_needed,Likely simple sponsor-name standardization.,Target PharmaSolutions,Target PharmaSolutions,Use dashboard_sponsor_name
"Provention Bio, a Sanofi Company",Provention Bio,Sanofi,acquisition_rollup_candidate,needs_review,Parent identified via web search or explicit name string; keep operating name unless group approves rollup.,Provention Bio,Sanofi,Use dashboard_sponsor_name for now; parent rollup requires team decision
DxTerity Diagnostics,DxTerity Diagnostics,DxTerity Diagnostics,left_as_is,no_review_needed,No related sponsor/parent mapping identified; kept as original sponsor name.,DxTerity Diagnostics,DxTerity Diagnostics,Use dashboard_sponsor_name
Chiesi Poland Sp. z o.o.,Chiesi Poland,Chiesi,acquisition_rollup_candidate,needs_review,Parent identified via web search or explicit name string; keep operating name unless group approves rollup.,Chiesi Poland,Chiesi,Use dashboard_sponsor_name for now; parent rollup requires team decision
HRI-MAIL-NIT,HRI-MAIL-NIT,HRI-MAIL-NIT,left_as_is,no_review_needed,No related sponsor/parent mapping identified; kept as original sponsor name.,HRI-MAIL-NIT,HRI-MAIL-NIT,Use dashboard_sponsor_name
"SEED Therapeutics, Inc.",SEED Therapeutics,SEED Therapeutics,simple_name_variant,no_review_needed,Likely simple sponsor-name standardization.,SEED Therapeutics,SEED Therapeutics,Use dashboard_sponsor_name
Encellin,Encellin,Encellin,left_as_is,no_review_needed,No related sponsor/parent mapping identified; kept as original sponsor name.,Encellin,Encellin,Use dashboard_sponsor_name
"CorrectSequence Therapeutics Co., Ltd",CorrectSequence Therapeutics,CorrectSequence Therapeutics,simple_name_variant,no_review_needed,Likely simple sponsor-name standardization.,CorrectSequence Therapeutics,CorrectSequence Therapeutics,Use dashboard_sponsor_name
Julius Clinical,Julius Clinical,Julius Clinical,left_as_is,no_review_needed,No related sponsor/parent mapping identified; kept as original sponsor name.,Julius Clinical,Julius Clinical,Use dashboard_sponsor_name
Inari Medical,Inari Medical,Inari Medical,left_as_is,no_review_needed,No related sponsor/parent mapping identified; kept as original sponsor name.,Inari Medical,Inari Medical,Use dashboard_sponsor_name
"Zenas BioPharma (USA), LLC",Zenas BioPharma ,Zenas BioPharma ,simple_name_variant,no_review_needed,Likely simple sponsor-name standardization.,Zenas BioPharma ,Zenas BioPharma ,Use dashboard_sponsor_name
"NextPoint Therapeutics, Inc.",NextPoint Therapeutics,NextPoint Therapeutics,simple_name_variant,no_review_needed,Likely simple sponsor-name standardization.,NextPoint Therapeutics,NextPoint Therapeutics,Use dashboard_sponsor_name
"BrYet US, Inc.",BrYet US,BrYet US,simple_name_variant,no_review_needed,Likely simple sponsor-name standardization.,BrYet US,BrYet US,Use dashboard_sponsor_name
"Yangshengtang Co., Ltd",Yangshengtang,Yangshengtang,simple_name_variant,no_review_needed,Likely simple sponsor-name standardization.,Yangshengtang,Yangshengtang,Use dashboard_sponsor_name
Psyence Australia Pty Ltd,Psyence Australia,Psyence Australia,simple_name_variant,no_review_needed,Likely simple sponsor-name standardization.,Psyence Australia,Psyence Australia,Use dashboard_sponsor_name
Singlera Genomics Inc.,Singlera Genomics,Singlera Genomics,simple_name_variant,no_review_needed,Likely simple sponsor-name standardization.,Singlera Genomics,Singlera Genomics,Use dashboard_sponsor_name
Metabolics Pharma,Metabolics Pharma,Metabolics Pharma,left_as_is,no_review_needed,No related sponsor/parent mapping identified; kept as original sponsor name.,Metabolics Pharma,Metabolics Pharma,Use dashboard_sponsor_name
Compass Therapeutics,Compass Therapeutics,Compass Therapeutics,left_as_is,no_review_needed,No related sponsor/parent mapping identified; kept as original sponsor name.,Compass Therapeutics,Compass Therapeutics,Use dashboard_sponsor_name
Max Zeller Soehne AG,Max Zeller Soehne,Max Zeller Soehne,simple_name_variant,no_review_needed,Likely simple sponsor-name standardization.,Max Zeller Soehne,Max Zeller Soehne,Use dashboard_sponsor_name
A2 Biotherapeutics Inc.,A2 Biotherapeutics,A2 Biotherapeutics,simple_name_variant,no_review_needed,Likely simple sponsor-name standardization.,A2 Biotherapeutics,A2 Biotherapeutics,Use dashboard_sponsor_name
Dr. Md. Alimur Reza,Dr. Md. Alimur Reza,Dr. Md. Alimur Reza,left_as_is,no_review_needed,No related sponsor/parent mapping identified; kept as original sponsor name.,Dr. Md. Alimur Reza,Dr. Md. Alimur Reza,Use dashboard_sponsor_name
ImmVira Pharma Co. Ltd,ImmVira Pharma,ImmVira Pharma,simple_name_variant,no_review_needed,Likely simple sponsor-name standardization.,ImmVira Pharma,ImmVira Pharma,Use dashboard_sponsor_name
Beijing Scitech-Mq Pharmaceuticals Limited,Beijing Scitech-Mq Pharmaceuticals,Beijing Scitech-Mq Pharmaceuticals,simple_name_variant,no_review_needed,Likely simple sponsor-name standardization.,Beijing Scitech-Mq Pharmaceuticals,Beijing Scitech-Mq Pharmaceuticals,Use dashboard_sponsor_name
Kind Pharmaceuticals LLC,Kind Pharmaceuticals,Kind Pharmaceuticals,simple_name_variant,no_review_needed,Likely simple sponsor-name standardization.,Kind Pharmaceuticals,Kind Pharmaceuticals,Use dashboard_sponsor_name
"The United Bio-Technology (Hengqin) Co., Ltd.",The United Bio-Technology ,The United Bio-Technology ,simple_name_variant,no_review_needed,Likely simple sponsor-name standardization.,The United Bio-Technology ,The United Bio-Technology ,Use dashboard_sponsor_name
"NeuroRx, Inc.",NeuroRx,NRx Pharmaceuticals,acquisition_rollup_candidate,needs_review,Parent identified via web search or explicit name string; keep operating name unless group approves rollup.,NeuroRx,NRx Pharmaceuticals,Use dashboard_sponsor_name for now; parent rollup requires team decision
Zumutor Biologics Inc.,Zumutor Biologics,Zumutor Biologics,simple_name_variant,no_review_needed,Likely simple sponsor-name standardization.,Zumutor Biologics,Zumutor Biologics,Use dashboard_sponsor_name
Shanghai JMT-Bio Inc.,Shanghai JMT-Bio,Shanghai JMT-Bio,simple_name_variant,no_review_needed,Likely simple sponsor-name standardization.,Shanghai JMT-Bio,Shanghai JMT-Bio,Use dashboard_sponsor_name
"Allist Pharmaceuticals, Inc.",Allist Pharmaceuticals,Allist Pharmaceuticals,simple_name_variant,no_review_needed,Likely simple sponsor-name standardization.,Allist Pharmaceuticals,Allist Pharmaceuticals,Use dashboard_sponsor_name
Cipla USA Inc.,Cipla USA,Cipla,acquisition_rollup_candidate,needs_review,Parent identified via web search or explicit name string; keep operating name unless group approves rollup.,Cipla USA,Cipla,Use dashboard_sponsor_name for now; parent rollup requires team decision
Venus Remedies Limited,Venus Remedies,Venus Remedies,simple_name_variant,no_review_needed,Likely simple sponsor-name standardization.,Venus Remedies,Venus Remedies,Use dashboard_sponsor_name
Baylx Inc.,Baylx,Baylx,simple_name_variant,no_review_needed,Likely simple sponsor-name standardization.,Baylx,Baylx,Use dashboard_sponsor_name
M-DT1,M-DT1,M-DT1,left_as_is,no_review_needed,No related sponsor/parent mapping identified; kept as original sponsor name.,M-DT1,M-DT1,Use dashboard_sponsor_name
PINER Pastor Manfredi Winery,PINER Pastor Manfredi Winery,PINER Pastor Manfredi Winery,left_as_is,no_review_needed,No related sponsor/parent mapping identified; kept as original sponsor name.,PINER Pastor Manfredi Winery,PINER Pastor Manfredi Winery,Use dashboard_sponsor_name
Cellerys AG,Cellerys,Cellerys,simple_name_variant,no_review_needed,Likely simple sponsor-name standardization.,Cellerys,Cellerys,Use dashboard_sponsor_name
"Shanghai Zhimeng Biopharma, Inc.",Shanghai Zhimeng Biopharma,Shanghai Zhimeng Biopharma,simple_name_variant,no_review_needed,Likely simple sponsor-name standardization.,Shanghai Zhimeng Biopharma,Shanghai Zhimeng Biopharma,Use dashboard_sponsor_name
"Youngene Therapeutics Inc., Ltd.",Youngene Therapeutics,Youngene Therapeutics,simple_name_variant,no_review_needed,Likely simple sponsor-name standardization.,Youngene Therapeutics,Youngene Therapeutics,Use dashboard_sponsor_name
Medtronic,Medtronic,Medtronic,left_as_is,no_review_needed,No related sponsor/parent mapping identified; kept as original sponsor name.,Medtronic,Medtronic,Use dashboard_sponsor_name
Viome,Viome,Viome,left_as_is,no_review_needed,No related sponsor/parent mapping identified; kept as original sponsor name.,Viome,Viome,Use dashboard_sponsor_name
"Reven Pharmaceuticals, Inc.",Reven Pharmaceuticals,Reven Pharmaceuticals,simple_name_variant,no_review_needed,Likely simple sponsor-name standardization.,Reven Pharmaceuticals,Reven Pharmaceuticals,Use dashboard_sponsor_name
SymBio Pharmaceuticals,SymBio Pharmaceuticals,SymBio Pharmaceuticals,left_as_is,no_review_needed,No related sponsor/parent mapping identified; kept as original sponsor name.,SymBio Pharmaceuticals,SymBio Pharmaceuticals,Use dashboard_sponsor_name
TCM Biotech International Corp.,TCM Biotech International,TCM Biotech International,simple_name_variant,no_review_needed,Likely simple sponsor-name standardization.,TCM Biotech International,TCM Biotech International,Use dashboard_sponsor_name
"Tessera Therapeutics, Inc.",Tessera Therapeutics,Tessera Therapeutics,simple_name_variant,no_review_needed,Likely simple sponsor-name standardization.,Tessera Therapeutics,Tessera Therapeutics,Use dashboard_sponsor_name
Fresenius Medical Care North America,Fresenius Medical Care North America,Fresenius Medical Care,acquisition_rollup_candidate,needs_review,Parent identified via web search or explicit name string; keep operating name unless group approves rollup.,Fresenius Medical Care North America,Fresenius Medical Care,Use dashboard_sponsor_name for now; parent rollup requires team decision
"23andMe, Inc.",23andMe,23andMe,simple_name_variant,no_review_needed,Likely simple sponsor-name standardization.,23andMe,23andMe,Use dashboard_sponsor_name
Can-Fite BioPharma,Can-Fite BioPharma,Can-Fite BioPharma,left_as_is,no_review_needed,No related sponsor/parent mapping identified; kept as original sponsor name.,Can-Fite BioPharma,Can-Fite BioPharma,Use dashboard_sponsor_name
"Lingyi Biotech Co., Ltd.",Lingyi Biotech,Lingyi Biotech,simple_name_variant,no_review_needed,Likely simple sponsor-name standardization.,Lingyi Biotech,Lingyi Biotech,Use dashboard_sponsor_name
Bio-Thera Solutions,Bio-Thera Solutions,Bio-Thera Solutions,left_as_is,no_review_needed,No related sponsor/parent mapping identified; kept as original sponsor name.,Bio-Thera Solutions,Bio-Thera Solutions,Use dashboard_sponsor_name
Merida Biosciences,Merida Biosciences,Merida Biosciences,left_as_is,no_review_needed,No related sponsor/parent mapping identified; kept as original sponsor name.,Merida Biosciences,Merida Biosciences,Use dashboard_sponsor_name
Telix Pharmaceuticals (Innovations) Pty Ltd,Telix Pharmaceuticals ,Telix Pharmaceuticals ,simple_name_variant,no_review_needed,Likely simple sponsor-name standardization.,Telix Pharmaceuticals ,Telix Pharmaceuticals ,Use dashboard_sponsor_name
Ascension Health,Ascension Health,Ascension Health,left_as_is,no_review_needed,No related sponsor/parent mapping identified; kept as original sponsor name.,Ascension Health,Ascension Health,Use dashboard_sponsor_name
Antag Therapeutics,Antag Therapeutics,Antag Therapeutics,left_as_is,no_review_needed,No related sponsor/parent mapping identified; kept as original sponsor name.,Antag Therapeutics,Antag Therapeutics,Use dashboard_sponsor_name
Vitaccess Ltd,Vitaccess,Vitaccess,simple_name_variant,no_review_needed,Likely simple sponsor-name standardization.,Vitaccess,Vitaccess,Use dashboard_sponsor_name
Reistone Biopharma Company Limited,Reistone Biopharma,Reistone Biopharma,simple_name_variant,no_review_needed,Likely simple sponsor-name standardization.,Reistone Biopharma,Reistone Biopharma,Use dashboard_sponsor_name
"Zai Lab (Shanghai) Co., Ltd.",Zai Lab ,Zai Lab,acquisition_rollup_candidate,needs_review,Parent identified via web search or explicit name string; keep operating name unless group approves rollup.,Zai Lab ,Zai Lab,Use dashboard_sponsor_name for now; parent rollup requires team decision
Sotio Biotech Inc.,Sotio Biotech,Sotio Biotech,simple_name_variant,no_review_needed,Likely simple sponsor-name standardization.,Sotio Biotech,Sotio Biotech,Use dashboard_sponsor_name
Lantheus Medical Imaging,Lantheus Medical Imaging,Lantheus Medical Imaging,left_as_is,no_review_needed,No related sponsor/parent mapping identified; kept as original sponsor name.,Lantheus Medical Imaging,Lantheus Medical Imaging,Use dashboard_sponsor_name
VIVUS LLC,VIVUS,VIVUS,simple_name_variant,no_review_needed,Likely simple sponsor-name standardization.,VIVUS,VIVUS,Use dashboard_sponsor_name
Rigel Pharmaceuticals,Rigel Pharmaceuticals,Rigel Pharmaceuticals,left_as_is,no_review_needed,No related sponsor/parent mapping identified; kept as original sponsor name.,Rigel Pharmaceuticals,Rigel Pharmaceuticals,Use dashboard_sponsor_name
Seismic Therapeutic AU Pty Ltd,Seismic Therapeutic AU,Seismic Therapeutic AU,simple_name_variant,no_review_needed,Likely simple sponsor-name standardization.,Seismic Therapeutic AU,Seismic Therapeutic AU,Use dashboard_sponsor_name
"Sylentis, S.A.",Sylentis,Sylentis,simple_name_variant,no_review_needed,Likely simple sponsor-name standardization.,Sylentis,Sylentis,Use dashboard_sponsor_name
PharmaIN,PharmaIN,PharmaIN,left_as_is,no_review_needed,No related sponsor/parent mapping identified; kept as original sponsor name.,PharmaIN,PharmaIN,Use dashboard_sponsor_name
Ikena Oncology,Ikena Oncology,Ikena Oncology,left_as_is,no_review_needed,No related sponsor/parent mapping identified; kept as original sponsor name.,Ikena Oncology,Ikena Oncology,Use dashboard_sponsor_name
PT. JES Kasih Nusantara Sejahterah,PT. JES Kasih Nusantara Sejahterah,PT. JES Kasih Nusantara Sejahterah,left_as_is,no_review_needed,No related sponsor/parent mapping identified; kept as original sponsor name.,PT. JES Kasih Nusantara Sejahterah,PT. JES Kasih Nusantara Sejahterah,Use dashboard_sponsor_name
"Beijing Dongfang Biotech Co., Ltd.",Beijing Dongfang Biotech,Beijing Dongfang Biotech,simple_name_variant,no_review_needed,Likely simple sponsor-name standardization.,Beijing Dongfang Biotech,Beijing Dongfang Biotech,Use dashboard_sponsor_name
Norwegian Underwater Intervention (NUI),Norwegian Underwater Intervention ,Norwegian Underwater Intervention ,left_as_is,no_review_needed,No related sponsor/parent mapping identified; kept as original sponsor name.,Norwegian Underwater Intervention ,Norwegian Underwater Intervention ,Use dashboard_sponsor_name
ITF Therapeutics LLC,ITF Therapeutics,Italfarmaco,acquisition_rollup_candidate,needs_review,Parent identified via web search or explicit name string; keep operating name unless group approves rollup.,ITF Therapeutics,Italfarmaco,Use dashboard_sponsor_name for now; parent rollup requires team decision
"Taizhou Mabtech Pharmaceutical Co.,Ltd",Taizhou Mabtech Pharmaceutical,Taizhou Mabtech Pharmaceutical,simple_name_variant,no_review_needed,Likely simple sponsor-name standardization.,Taizhou Mabtech Pharmaceutical,Taizhou Mabtech Pharmaceutical,Use dashboard_sponsor_name
"Sonoma Biotherapeutics, Inc.",Sonoma Biotherapeutics,Sonoma Biotherapeutics,simple_name_variant,no_review_needed,Likely simple sponsor-name standardization.,Sonoma Biotherapeutics,Sonoma Biotherapeutics,Use dashboard_sponsor_name
Golo,Golo,Golo,left_as_is,no_review_needed,No related sponsor/parent mapping identified; kept as original sponsor name.,Golo,Golo,Use dashboard_sponsor_name
Richmond Research Institute,Richmond Research Institute,Richmond Research Institute,left_as_is,no_review_needed,No related sponsor/parent mapping identified; kept as original sponsor name.,Richmond Research Institute,Richmond Research Institute,Use dashboard_sponsor_name
Cadila Pharnmaceuticals,Cadila Pharnmaceuticals,Cadila Pharnmaceuticals,left_as_is,no_review_needed,No related sponsor/parent mapping identified; kept as original sponsor name.,Cadila Pharnmaceuticals,Cadila Pharnmaceuticals,Use dashboard_sponsor_name
AusperBio Therapeutics Inc.,AusperBio Therapeutics,AusperBio Therapeutics,simple_name_variant,no_review_needed,Likely simple sponsor-name standardization.,AusperBio Therapeutics,AusperBio Therapeutics,Use dashboard_sponsor_name
"JMackem Co., Ltd",JMackem,JMackem,simple_name_variant,no_review_needed,Likely simple sponsor-name standardization.,JMackem,JMackem,Use dashboard_sponsor_name
Palladio Biosciences,Palladio Biosciences,Palladio Biosciences,left_as_is,no_review_needed,No related sponsor/parent mapping identified; kept as original sponsor name.,Palladio Biosciences,Palladio Biosciences,Use dashboard_sponsor_name
Autolus Limited,Autolus,Autolus,simple_name_variant,no_review_needed,Likely simple sponsor-name standardization.,Autolus,Autolus,Use dashboard_sponsor_name
"Fujian Akeylink Biotechnology Co., Ltd.",Fujian Akeylink Biotechnology,Fujian Akeylink Biotechnology,simple_name_variant,no_review_needed,Likely simple sponsor-name standardization.,Fujian Akeylink Biotechnology,Fujian Akeylink Biotechnology,Use dashboard_sponsor_name
"Artiva Biotherapeutics, Inc.",Artiva Biotherapeutics,Artiva Biotherapeutics,simple_name_variant,no_review_needed,Likely simple sponsor-name standardization.,Artiva Biotherapeutics,Artiva Biotherapeutics,Use dashboard_sponsor_name
"Oncoimmune, Inc., a subsidiary of Merck & Co., Inc. (Rahway, New Jersey USA)",Oncoimmune,Merck & Co.,acquisition_rollup_candidate,needs_review,Parent identified via web search or explicit name string; keep operating name unless group approves rollup.,Oncoimmune,Merck & Co.,Use dashboard_sponsor_name for now; parent rollup requires team decision
Tiziana Life Sciences LTD,Tiziana Life Sciences,Tiziana Life Sciences,simple_name_variant,no_review_needed,Likely simple sponsor-name standardization.,Tiziana Life Sciences,Tiziana Life Sciences,Use dashboard_sponsor_name
Second Life Therapeutics,Second Life Therapeutics,Second Life Therapeutics,left_as_is,no_review_needed,No related sponsor/parent mapping identified; kept as original sponsor name.,Second Life Therapeutics,Second Life Therapeutics,Use dashboard_sponsor_name
"BioRay Pharmaceutical Co., Ltd.",BioRay Pharmaceutical,BioRay Pharmaceutical,simple_name_variant,no_review_needed,Likely simple sponsor-name standardization.,BioRay Pharmaceutical,BioRay Pharmaceutical,Use dashboard_sponsor_name
GV20 Therapeutics,GV20 Therapeutics,GV20 Therapeutics,left_as_is,no_review_needed,No related sponsor/parent mapping identified; kept as original sponsor name.,GV20 Therapeutics,GV20 Therapeutics,Use dashboard_sponsor_name
BariaTek Medical,BariaTek Medical,BariaTek Medical,left_as_is,no_review_needed,No related sponsor/parent mapping identified; kept as original sponsor name.,BariaTek Medical,BariaTek Medical,Use dashboard_sponsor_name
"Grand Shuyang Life Sciences (Chengdu) Co., Ltd.",Grand Shuyang Life Sciences ,Grand Shuyang Life Sciences ,simple_name_variant,no_review_needed,Likely simple sponsor-name standardization.,Grand Shuyang Life Sciences ,Grand Shuyang Life Sciences ,Use dashboard_sponsor_name
Vivet Therapeutics SAS,Vivet Therapeutics,Vivet Therapeutics,simple_name_variant,no_review_needed,Likely simple sponsor-name standardization.,Vivet Therapeutics,Vivet Therapeutics,Use dashboard_sponsor_name
Scipher Medicine,Scipher Medicine,Scipher Medicine,left_as_is,no_review_needed,No related sponsor/parent mapping identified; kept as original sponsor name.,Scipher Medicine,Scipher Medicine,Use dashboard_sponsor_name
"Helicore Biopharma, Inc.",Helicore Biopharma,Helicore Biopharma,simple_name_variant,no_review_needed,Likely simple sponsor-name standardization.,Helicore Biopharma,Helicore Biopharma,Use dashboard_sponsor_name
Atara Biotherapeutics,Atara Biotherapeutics,Atara Biotherapeutics,left_as_is,no_review_needed,No related sponsor/parent mapping identified; kept as original sponsor name.,Atara Biotherapeutics,Atara Biotherapeutics,Use dashboard_sponsor_name
Regend Therapeutics,Regend Therapeutics,Regend Therapeutics,left_as_is,no_review_needed,No related sponsor/parent mapping identified; kept as original sponsor name.,Regend Therapeutics,Regend Therapeutics,Use dashboard_sponsor_name
AstriVax Therapeutics,AstriVax Therapeutics,AstriVax Therapeutics,left_as_is,no_review_needed,No related sponsor/parent mapping identified; kept as original sponsor name.,AstriVax Therapeutics,AstriVax Therapeutics,Use dashboard_sponsor_name
DongE E Jiao Coporation Limited,DongE E Jiao,DongE E Jiao,simple_name_variant,no_review_needed,Likely simple sponsor-name standardization.,DongE E Jiao,DongE E Jiao,Use dashboard_sponsor_name
Saniona,Saniona,Saniona,left_as_is,no_review_needed,No related sponsor/parent mapping identified; kept as original sponsor name.,Saniona,Saniona,Use dashboard_sponsor_name
"Nanjing Immunophage Biotech Co., Ltd",Nanjing Immunophage Biotech,Nanjing Immunophage Biotech,simple_name_variant,no_review_needed,Likely simple sponsor-name standardization.,Nanjing Immunophage Biotech,Nanjing Immunophage Biotech,Use dashboard_sponsor_name
Dizal Pharmaceuticals,Dizal Pharmaceuticals,Dizal Pharmaceuticals,left_as_is,no_review_needed,No related sponsor/parent mapping identified; kept as original sponsor name.,Dizal Pharmaceuticals,Dizal Pharmaceuticals,Use dashboard_sponsor_name
"Oramed, Ltd.",Oramed,Oramed,simple_name_variant,no_review_needed,Likely simple sponsor-name standardization.,Oramed,Oramed,Use dashboard_sponsor_name
Fujian Cosunter Pharmaceutical Co. Ltd,Fujian Cosunter Pharmaceutical,Fujian Cosunter Pharmaceutical,simple_name_variant,no_review_needed,Likely simple sponsor-name standardization.,Fujian Cosunter Pharmaceutical,Fujian Cosunter Pharmaceutical,Use dashboard_sponsor_name
"Genocea Biosciences, Inc.",Genocea Biosciences,Genocea Biosciences,simple_name_variant,no_review_needed,Likely simple sponsor-name standardization.,Genocea Biosciences,Genocea Biosciences,Use dashboard_sponsor_name
AIRNA Corporation,AIRNA,AIRNA,simple_name_variant,no_review_needed,Likely simple sponsor-name standardization.,AIRNA,AIRNA,Use dashboard_sponsor_name
"Shanghai Xitaili Biomedicine Technology co., Ltd.",Shanghai Xitaili Biomedicine Technology co,Shanghai Xitaili Biomedicine Technology co,simple_name_variant,no_review_needed,Likely simple sponsor-name standardization.,Shanghai Xitaili Biomedicine Technology co,Shanghai Xitaili Biomedicine Technology co,Use dashboard_sponsor_name
Corcym S.r.l,Corcym,Corcym,simple_name_variant,no_review_needed,Likely simple sponsor-name standardization.,Corcym,Corcym,Use dashboard_sponsor_name
Idoven 1903 S.L.,Idoven 1903,Idoven 1903,simple_name_variant,no_review_needed,Likely simple sponsor-name standardization.,Idoven 1903,Idoven 1903,Use dashboard_sponsor_name
"Coherus Oncology, Inc.",Coherus Oncology,Coherus BioSciences,acquisition_rollup_candidate,needs_review,Parent identified via web search or explicit name string; keep operating name unless group approves rollup.,Coherus Oncology,Coherus BioSciences,Use dashboard_sponsor_name for now; parent rollup requires team decision
Hoskinson Health and Wellness Clinic,Hoskinson Health and Wellness Clinic,Hoskinson Health and Wellness Clinic,left_as_is,no_review_needed,No related sponsor/parent mapping identified; kept as original sponsor name.,Hoskinson Health and Wellness Clinic,Hoskinson Health and Wellness Clinic,Use dashboard_sponsor_name
OncoHost Ltd.,OncoHost,OncoHost,simple_name_variant,no_review_needed,Likely simple sponsor-name standardization.,OncoHost,OncoHost,Use dashboard_sponsor_name
HoHo Biotech,HoHo Biotech,HoHo Biotech,left_as_is,no_review_needed,No related sponsor/parent mapping identified; kept as original sponsor name.,HoHo Biotech,HoHo Biotech,Use dashboard_sponsor_name
Instil Bio,Instil Bio,Instil Bio,left_as_is,no_review_needed,No related sponsor/parent mapping identified; kept as original sponsor name.,Instil Bio,Instil Bio,Use dashboard_sponsor_name
BeCare Link LLC,BeCare Link,BeCare Link,simple_name_variant,no_review_needed,Likely simple sponsor-name standardization.,BeCare Link,BeCare Link,Use dashboard_sponsor_name
Kyntra Bio,Kyntra Bio,Kyntra Bio,left_as_is,no_review_needed,No related sponsor/parent mapping identified; kept as original sponsor name.,Kyntra Bio,Kyntra Bio,Use dashboard_sponsor_name
YSOPIA Bioscience,YSOPIA Bioscience,YSOPIA Bioscience,left_as_is,no_review_needed,No related sponsor/parent mapping identified; kept as original sponsor name.,YSOPIA Bioscience,YSOPIA Bioscience,Use dashboard_sponsor_name
BrightGene New Bio-Medical Technology(Wuxi) Co.Ltd.,BrightGene New Bio-Medical Technology,BrightGene New Bio-Medical Technology,simple_name_variant,no_review_needed,Likely simple sponsor-name standardization.,BrightGene New Bio-Medical Technology,BrightGene New Bio-Medical Technology,Use dashboard_sponsor_name
Doccla UK,Doccla UK,Doccla UK,left_as_is,no_review_needed,No related sponsor/parent mapping identified; kept as original sponsor name.,Doccla UK,Doccla UK,Use dashboard_sponsor_name
"Adhera Health, Inc.",Adhera Health,Adhera Health,simple_name_variant,no_review_needed,Likely simple sponsor-name standardization.,Adhera Health,Adhera Health,Use dashboard_sponsor_name
"Soleno Therapeutics, Inc.",Soleno Therapeutics,Soleno Therapeutics,simple_name_variant,no_review_needed,Likely simple sponsor-name standardization.,Soleno Therapeutics,Soleno Therapeutics,Use dashboard_sponsor_name
Everbeat,Everbeat,Everbeat,left_as_is,no_review_needed,No related sponsor/parent mapping identified; kept as original sponsor name.,Everbeat,Everbeat,Use dashboard_sponsor_name
"Cerium Pharmaceuticals, Inc.",Cerium Pharmaceuticals,Cerium Pharmaceuticals,simple_name_variant,no_review_needed,Likely simple sponsor-name standardization.,Cerium Pharmaceuticals,Cerium Pharmaceuticals,Use dashboard_sponsor_name
Rapid Medical,Rapid Medical,Rapid Medical,left_as_is,no_review_needed,No related sponsor/parent mapping identified; kept as original sponsor name.,Rapid Medical,Rapid Medical,Use dashboard_sponsor_name
"Biomed Industries, Inc.",Biomed Industries,Biomed Industries,simple_name_variant,no_review_needed,Likely simple sponsor-name standardization.,Biomed Industries,Biomed Industries,Use dashboard_sponsor_name
Ikaria Bioscience Pty Ltd,Ikaria Bioscience,Ikaria Bioscience,simple_name_variant,no_review_needed,Likely simple sponsor-name standardization.,Ikaria Bioscience,Ikaria Bioscience,Use dashboard_sponsor_name
MinaPharm Pharmaceuticals,MinaPharm Pharmaceuticals,MinaPharm Pharmaceuticals,left_as_is,no_review_needed,No related sponsor/parent mapping identified; kept as original sponsor name.,MinaPharm Pharmaceuticals,MinaPharm Pharmaceuticals,Use dashboard_sponsor_name
CoreAalst BV,CoreAalst,CoreAalst,simple_name_variant,no_review_needed,Likely simple sponsor-name standardization.,CoreAalst,CoreAalst,Use dashboard_sponsor_name
"Henan Genuine Biotech Co., Ltd.",Henan Genuine Biotech,Henan Genuine Biotech,simple_name_variant,no_review_needed,Likely simple sponsor-name standardization.,Henan Genuine Biotech,Henan Genuine Biotech,Use dashboard_sponsor_name
Sirtex Medical,Sirtex Medical,CDH Investments,acquisition_rollup_candidate,needs_review,Parent identified via web search or explicit name string; keep operating name unless group approves rollup.,Sirtex Medical,CDH Investments,Use dashboard_sponsor_name for now; parent rollup requires team decision
CytoCares Inc,CytoCares,CytoCares,simple_name_variant,no_review_needed,Likely simple sponsor-name standardization.,CytoCares,CytoCares,Use dashboard_sponsor_name
DualityBio Inc.,DualityBio,DualityBio,simple_name_variant,no_review_needed,Likely simple sponsor-name standardization.,DualityBio,DualityBio,Use dashboard_sponsor_name
Glaceum,Glaceum,Glaceum,left_as_is,no_review_needed,No related sponsor/parent mapping identified; kept as original sponsor name.,Glaceum,Glaceum,Use dashboard_sponsor_name
Minghui Pharmaceutical (Hangzhou) Ltd,Minghui Pharmaceutical ,Minghui Pharmaceutical ,simple_name_variant,no_review_needed,Likely simple sponsor-name standardization.,Minghui Pharmaceutical ,Minghui Pharmaceutical ,Use dashboard_sponsor_name
"Korro Bio, Inc.",Korro Bio,Korro Bio,simple_name_variant,no_review_needed,Likely simple sponsor-name standardization.,Korro Bio,Korro Bio,Use dashboard_sponsor_name
"Cirius Therapeutics, Inc.",Cirius Therapeutics,Cirius Therapeutics,simple_name_variant,no_review_needed,Likely simple sponsor-name standardization.,Cirius Therapeutics,Cirius Therapeutics,Use dashboard_sponsor_name
Mapi Pharma Ltd.,Mapi Pharma,Mapi Pharma,simple_name_variant,no_review_needed,Likely simple sponsor-name standardization.,Mapi Pharma,Mapi Pharma,Use dashboard_sponsor_name
CNBG-Virogin Biotech (Shanghai) Ltd.,CNBG-Virogin Biotech ,CNBG-Virogin Biotech ,simple_name_variant,no_review_needed,Likely simple sponsor-name standardization.,CNBG-Virogin Biotech ,CNBG-Virogin Biotech ,Use dashboard_sponsor_name
Vor Biopharma,Vor Biopharma,Vor Biopharma,left_as_is,no_review_needed,No related sponsor/parent mapping identified; kept as original sponsor name.,Vor Biopharma,Vor Biopharma,Use dashboard_sponsor_name
Cytoki Pharma,Cytoki Pharma,Cytoki Pharma,left_as_is,no_review_needed,No related sponsor/parent mapping identified; kept as original sponsor name.,Cytoki Pharma,Cytoki Pharma,Use dashboard_sponsor_name
"Innolife Co., Ltd.",Innolife,Innolife,simple_name_variant,no_review_needed,Likely simple sponsor-name standardization.,Innolife,Innolife,Use dashboard_sponsor_name
"Q Therapeutics, Inc.",Q Therapeutics,Q Therapeutics,simple_name_variant,no_review_needed,Likely simple sponsor-name standardization.,Q Therapeutics,Q Therapeutics,Use dashboard_sponsor_name
Biolingus,Biolingus,Biolingus,left_as_is,no_review_needed,No related sponsor/parent mapping identified; kept as original sponsor name.,Biolingus,Biolingus,Use dashboard_sponsor_name
"Guangzhou JOYO Pharma Co., Ltd",Guangzhou JOYO Pharma,Guangzhou JOYO Pharma,simple_name_variant,no_review_needed,Likely simple sponsor-name standardization.,Guangzhou JOYO Pharma,Guangzhou JOYO Pharma,Use dashboard_sponsor_name
"Pharmicell Co., Ltd.",Pharmicell,Pharmicell,simple_name_variant,no_review_needed,Likely simple sponsor-name standardization.,Pharmicell,Pharmicell,Use dashboard_sponsor_name
"GeneMedicine Co., Ltd.",GeneMedicine,GeneMedicine,simple_name_variant,no_review_needed,Likely simple sponsor-name standardization.,GeneMedicine,GeneMedicine,Use dashboard_sponsor_name
"Grand Theravac Life Sciences (Nanjing) Co., Ltd.",Grand Theravac Life Sciences ,Grand Theravac Life Sciences ,simple_name_variant,no_review_needed,Likely simple sponsor-name standardization.,Grand Theravac Life Sciences ,Grand Theravac Life Sciences ,Use dashboard_sponsor_name
"Imbioray (Hangzhou) Biomedicine Co., Ltd.",Imbioray  Biomedicine,Imbioray  Biomedicine,simple_name_variant,no_review_needed,Likely simple sponsor-name standardization.,Imbioray  Biomedicine,Imbioray  Biomedicine,Use dashboard_sponsor_name
"Cohen Global, Ltd.",Cohen Global,Cohen Global,simple_name_variant,no_review_needed,Likely simple sponsor-name standardization.,Cohen Global,Cohen Global,Use dashboard_sponsor_name
Cue Biopharma,Cue Biopharma,Cue Biopharma,left_as_is,no_review_needed,No related sponsor/parent mapping identified; kept as original sponsor name.,Cue Biopharma,Cue Biopharma,Use dashboard_sponsor_name
Abbott Nutrition,Abbott Nutrition,Abbott,acquisition_rollup_candidate,needs_review,Parent identified via web search or explicit name string; keep operating name unless group approves rollup.,Abbott Nutrition,Abbott,Use dashboard_sponsor_name for now; parent rollup requires team decision
Akaza Bioscience Ltd,Akaza Bioscience,Akaza Bioscience,simple_name_variant,no_review_needed,Likely simple sponsor-name standardization.,Akaza Bioscience,Akaza Bioscience,Use dashboard_sponsor_name
1Globe Health Institute,1Globe Health Institute,1Globe Health Institute,left_as_is,no_review_needed,No related sponsor/parent mapping identified; kept as original sponsor name.,1Globe Health Institute,1Globe Health Institute,Use dashboard_sponsor_name
Global Institute of Stem Cell Therapy and Research,Global Institute of Stem Cell Therapy and Research,Global Institute of Stem Cell Therapy and Research,left_as_is,no_review_needed,No related sponsor/parent mapping identified; kept as original sponsor name.,Global Institute of Stem Cell Therapy and Research,Global Institute of Stem Cell Therapy and Research,Use dashboard_sponsor_name
Cellution Biologics,Cellution Biologics,Cellution Biologics,left_as_is,no_review_needed,No related sponsor/parent mapping identified; kept as original sponsor name.,Cellution Biologics,Cellution Biologics,Use dashboard_sponsor_name
Curocell Inc.,Curocell,Curocell,simple_name_variant,no_review_needed,Likely simple sponsor-name standardization.,Curocell,Curocell,Use dashboard_sponsor_name
"Shanghai Escugen Biotechnology Co., Ltd",Shanghai Escugen Biotechnology,Shanghai Escugen Biotechnology,simple_name_variant,no_review_needed,Likely simple sponsor-name standardization.,Shanghai Escugen Biotechnology,Shanghai Escugen Biotechnology,Use dashboard_sponsor_name
"Aptamer Sciences, Inc.",Aptamer Sciences,Aptamer Sciences,simple_name_variant,no_review_needed,Likely simple sponsor-name standardization.,Aptamer Sciences,Aptamer Sciences,Use dashboard_sponsor_name
Inventiva Pharma,Inventiva Pharma,Inventiva Pharma,left_as_is,no_review_needed,No related sponsor/parent mapping identified; kept as original sponsor name.,Inventiva Pharma,Inventiva Pharma,Use dashboard_sponsor_name
"YolTech Therapeutics Co., Ltd",YolTech Therapeutics,YolTech Therapeutics,simple_name_variant,no_review_needed,Likely simple sponsor-name standardization.,YolTech Therapeutics,YolTech Therapeutics,Use dashboard_sponsor_name
Aurinia Pharmaceuticals Inc.,Aurinia Pharmaceuticals,Aurinia Pharmaceuticals,simple_name_variant,no_review_needed,Likely simple sponsor-name standardization.,Aurinia Pharmaceuticals,Aurinia Pharmaceuticals,Use dashboard_sponsor_name
"Sanofi Pasteur, a Sanofi Company",Sanofi Pasteur,Sanofi,acquisition_rollup_candidate,needs_review,Parent identified via web search or explicit name string; keep operating name unless group approves rollup.,Sanofi Pasteur,Sanofi,Use dashboard_sponsor_name for now; parent rollup requires team decision
xCures,xCures,xCures,left_as_is,no_review_needed,No related sponsor/parent mapping identified; kept as original sponsor name.,xCures,xCures,Use dashboard_sponsor_name
Sapere Bio,Sapere Bio,Sapere Bio,left_as_is,no_review_needed,No related sponsor/parent mapping identified; kept as original sponsor name.,Sapere Bio,Sapere Bio,Use dashboard_sponsor_name
Advicenne Pharma,Advicenne Pharma,Advicenne Pharma,left_as_is,no_review_needed,No related sponsor/parent mapping identified; kept as original sponsor name.,Advicenne Pharma,Advicenne Pharma,Use dashboard_sponsor_name
"Solstice Neurosciences, LLC, a subsidiary of MDD US Operations, LLC",Solstice Neurosciences,MDD US Operation,acquisition_rollup_candidate,needs_review,Parent identified via web search or explicit name string; keep operating name unless group approves rollup.,Solstice Neurosciences,MDD US Operation,Use dashboard_sponsor_name for now; parent rollup requires team decision
Altheia Science,Altheia Science,Altheia Science,left_as_is,no_review_needed,No related sponsor/parent mapping identified; kept as original sponsor name.,Altheia Science,Altheia Science,Use dashboard_sponsor_name
Polaris Group,Polaris Group,Polaris Group,left_as_is,no_review_needed,No related sponsor/parent mapping identified; kept as original sponsor name.,Polaris Group,Polaris Group,Use dashboard_sponsor_name
"Han Xu, M.D., Ph.D., FAPCR, Sponsor-Investigator, IRB Chair","Han Xu, M.D., Ph.D., FAPCR, Sponsor-Investigator, IRB Chair","Han Xu, M.D., Ph.D., FAPCR, Sponsor-Investigator, IRB Chair",left_as_is,no_review_needed,No related sponsor/parent mapping identified; kept as original sponsor name.,"Han Xu, M.D., Ph.D., FAPCR, Sponsor-Investigator, IRB Chair","Han Xu, M.D., Ph.D., FAPCR, Sponsor-Investigator, IRB Chair",Use dashboard_sponsor_name
Lysovant,Lysovant,Roivant Sciences,acquisition_rollup_candidate,needs_review,Parent identified via web search or explicit name string; keep operating name unless group approves rollup.,Lysovant,Roivant Sciences,Use dashboard_sponsor_name for now; parent rollup requires team decision
Creative Medical Technology Holdings Inc,Creative Medical Technology Holdings,Creative Medical Technology Holdings,simple_name_variant,no_review_needed,Likely simple sponsor-name standardization.,Creative Medical Technology Holdings,Creative Medical Technology Holdings,Use dashboard_sponsor_name
"Kiniksa Pharmaceuticals, Ltd.",Kiniksa Pharmaceuticals,Kiniksa Pharmaceuticals,simple_name_variant,no_review_needed,Likely simple sponsor-name standardization.,Kiniksa Pharmaceuticals,Kiniksa Pharmaceuticals,Use dashboard_sponsor_name
"Sichuan Haisco Pharmaceutical Group Co., Ltd",Sichuan Haisco Pharmaceutical Group,Sichuan Haisco Pharmaceutical Group,simple_name_variant,no_review_needed,Likely simple sponsor-name standardization.,Sichuan Haisco Pharmaceutical Group,Sichuan Haisco Pharmaceutical Group,Use dashboard_sponsor_name
Lirio,Lirio,Lirio,left_as_is,no_review_needed,No related sponsor/parent mapping identified; kept as original sponsor name.,Lirio,Lirio,Use dashboard_sponsor_name
Biofourmis Singapore Pte Ltd.,Biofourmis Singapore,Biofourmis Singapore,simple_name_variant,no_review_needed,Likely simple sponsor-name standardization.,Biofourmis Singapore,Biofourmis Singapore,Use dashboard_sponsor_name
Cinnagen,Cinnagen,Cinnagen,left_as_is,no_review_needed,No related sponsor/parent mapping identified; kept as original sponsor name.,Cinnagen,Cinnagen,Use dashboard_sponsor_name
Immunovant Sciences GmbH,Immunovant Sciences,Immunovant Sciences,simple_name_variant,no_review_needed,Likely simple sponsor-name standardization.,Immunovant Sciences,Immunovant Sciences,Use dashboard_sponsor_name
"Zhejiang Haichang Biotech Co., Ltd.",Zhejiang Haichang Biotech,Zhejiang Haichang Biotech,simple_name_variant,no_review_needed,Likely simple sponsor-name standardization.,Zhejiang Haichang Biotech,Zhejiang Haichang Biotech,Use dashboard_sponsor_name
Helio Genomics,Helio Genomics,Helio Genomics,left_as_is,no_review_needed,No related sponsor/parent mapping identified; kept as original sponsor name.,Helio Genomics,Helio Genomics,Use dashboard_sponsor_name
"Ascletis Pharma (China) Co., Limited",Ascletis Pharma ,Ascletis Pharma ,simple_name_variant,no_review_needed,Likely simple sponsor-name standardization.,Ascletis Pharma ,Ascletis Pharma ,Use dashboard_sponsor_name
"Gannex Pharma Co., Ltd.",Gannex Pharma,Gannex Pharma,simple_name_variant,no_review_needed,Likely simple sponsor-name standardization.,Gannex Pharma,Gannex Pharma,Use dashboard_sponsor_name
GC Cell Corporation,GC Cell,GC Cell,simple_name_variant,no_review_needed,Likely simple sponsor-name standardization.,GC Cell,GC Cell,Use dashboard_sponsor_name
"Heilongjiang Quanle Pharmaceutical Co., Ltd.",Heilongjiang Quanle Pharmaceutical,Heilongjiang Quanle Pharmaceutical,simple_name_variant,no_review_needed,Likely simple sponsor-name standardization.,Heilongjiang Quanle Pharmaceutical,Heilongjiang Quanle Pharmaceutical,Use dashboard_sponsor_name
"Shenzhen MingSight Relin Pharmaceuticals Co., Ltd.",Shenzhen MingSight Relin Pharmaceuticals,Shenzhen MingSight Relin Pharmaceuticals,simple_name_variant,no_review_needed,Likely simple sponsor-name standardization.,Shenzhen MingSight Relin Pharmaceuticals,Shenzhen MingSight Relin Pharmaceuticals,Use dashboard_sponsor_name
Sequana Medical N.V.,Sequana Medical,Sequana Medical,simple_name_variant,no_review_needed,Likely simple sponsor-name standardization.,Sequana Medical,Sequana Medical,Use dashboard_sponsor_name
"Gasherbrum Bio, Inc., a wholly owned subsidiary of Structure Therapeutics",Gasherbrum Bio,Structure Therapeutics,acquisition_rollup_candidate,needs_review,Parent identified via web search or explicit name string; keep operating name unless group approves rollup.,Gasherbrum Bio,Structure Therapeutics,Use dashboard_sponsor_name for now; parent rollup requires team decision
BioMérieux,BioMérieux,BioMérieux,left_as_is,no_review_needed,No related sponsor/parent mapping identified; kept as original sponsor name.,BioMérieux,BioMérieux,Use dashboard_sponsor_name
"Chengdu Brilliant Pharmaceutical Co., Ltd.",Chengdu Brilliant Pharmaceutical,Chengdu Brilliant Pharmaceutical,simple_name_variant,no_review_needed,Likely simple sponsor-name standardization.,Chengdu Brilliant Pharmaceutical,Chengdu Brilliant Pharmaceutical,Use dashboard_sponsor_name
"Viatris Pharmaceuticals Co., Ltd.",Viatris Pharmaceuticals,Viatris Pharmaceuticals,simple_name_variant,no_review_needed,Likely simple sponsor-name standardization.,Viatris Pharmaceuticals,Viatris Pharmaceuticals,Use dashboard_sponsor_name
"Hepagene (Shanghai) Co., Ltd.",Hepagene ,Hepagene ,simple_name_variant,no_review_needed,Likely simple sponsor-name standardization.,Hepagene ,Hepagene ,Use dashboard_sponsor_name
BioNTech SE,BioNTech,BioNTech,simple_name_variant,no_review_needed,Likely simple sponsor-name standardization.,BioNTech,BioNTech,Use dashboard_sponsor_name
Breath of Life International Pharma Ltd,Breath of Life International Pharma,Breath of Life International Pharma,simple_name_variant,no_review_needed,Likely simple sponsor-name standardization.,Breath of Life International Pharma,Breath of Life International Pharma,Use dashboard_sponsor_name
Gmax Biopharm Australia Pty Ltd.,Gmax Biopharm Australia,Gmax Biopharm Australia,simple_name_variant,no_review_needed,Likely simple sponsor-name standardization.,Gmax Biopharm Australia,Gmax Biopharm Australia,Use dashboard_sponsor_name
Shire,Shire,Takeda,acquisition_rollup_candidate,needs_review,Parent identified via web search or explicit name string; keep operating name unless group approves rollup.,Shire,Takeda,Use dashboard_sponsor_name for now; parent rollup requires team decision
LAPIX Therapeutics Inc.,LAPIX Therapeutics,LAPIX Therapeutics,simple_name_variant,no_review_needed,Likely simple sponsor-name standardization.,LAPIX Therapeutics,LAPIX Therapeutics,Use dashboard_sponsor_name
"HiberCell, Inc.",HiberCell,HiberCell,simple_name_variant,no_review_needed,Likely simple sponsor-name standardization.,HiberCell,HiberCell,Use dashboard_sponsor_name
"AZTherapies, Inc.",AZTherapies,AZTherapies,simple_name_variant,no_review_needed,Likely simple sponsor-name standardization.,AZTherapies,AZTherapies,Use dashboard_sponsor_name
Philogen S.p.A.,Philogen,Philogen,simple_name_variant,no_review_needed,Likely simple sponsor-name standardization.,Philogen,Philogen,Use dashboard_sponsor_name
Lakefront Biotherapeutics NV,Lakefront Biotherapeutics,Lakefront Biotherapeutics,simple_name_variant,no_review_needed,Likely simple sponsor-name standardization.,Lakefront Biotherapeutics,Lakefront Biotherapeutics,Use dashboard_sponsor_name
Dimerix Bioscience Pty Ltd,Dimerix Bioscience,Dimerix Bioscience,simple_name_variant,no_review_needed,Likely simple sponsor-name standardization.,Dimerix Bioscience,Dimerix Bioscience,Use dashboard_sponsor_name
Genenta Science,Genenta Science,Genenta Science,left_as_is,no_review_needed,No related sponsor/parent mapping identified; kept as original sponsor name.,Genenta Science,Genenta Science,Use dashboard_sponsor_name
"AB Biotics, SA",AB Biotics,AB Biotics,simple_name_variant,no_review_needed,Likely simple sponsor-name standardization.,AB Biotics,AB Biotics,Use dashboard_sponsor_name
"3D Medicines (Sichuan) Co., Ltd.",3D Medicines ,3D Medicines ,simple_name_variant,no_review_needed,Likely simple sponsor-name standardization.,3D Medicines ,3D Medicines ,Use dashboard_sponsor_name
"Carmot Therapeutics, Inc.",Carmot Therapeutics,Carmot Therapeutics,simple_name_variant,no_review_needed,Likely simple sponsor-name standardization.,Carmot Therapeutics,Carmot Therapeutics,Use dashboard_sponsor_name
Polpharma Biologics International AG,Polpharma Biologics International,Polpharma Biologics International,simple_name_variant,no_review_needed,Likely simple sponsor-name standardization.,Polpharma Biologics International,Polpharma Biologics International,Use dashboard_sponsor_name
Cardio Med Medical Center,Cardio Med Medical Center,Cardio Med Medical Center,left_as_is,no_review_needed,No related sponsor/parent mapping identified; kept as original sponsor name.,Cardio Med Medical Center,Cardio Med Medical Center,Use dashboard_sponsor_name
Vigonvita Life Sciences,Vigonvita Life Sciences,Vigonvita Life Sciences,left_as_is,no_review_needed,No related sponsor/parent mapping identified; kept as original sponsor name.,Vigonvita Life Sciences,Vigonvita Life Sciences,Use dashboard_sponsor_name
Biocodex,Biocodex,Biocodex,left_as_is,no_review_needed,No related sponsor/parent mapping identified; kept as original sponsor name.,Biocodex,Biocodex,Use dashboard_sponsor_name
"Radius Pharmaceuticals, Inc.",Radius Pharmaceuticals,Menarini Group,acquisition_rollup_candidate,needs_review,Parent identified via web search or explicit name string; keep operating name unless group approves rollup.,Radius Pharmaceuticals,Menarini Group,Use dashboard_sponsor_name for now; parent rollup requires team decision
Rallybio,Rallybio,Rallybio,left_as_is,no_review_needed,No related sponsor/parent mapping identified; kept as original sponsor name.,Rallybio,Rallybio,Use dashboard_sponsor_name
HC Biopharma Inc.,HC Biopharma,HC Biopharma,simple_name_variant,no_review_needed,Likely simple sponsor-name standardization.,HC Biopharma,HC Biopharma,Use dashboard_sponsor_name
Switch Health Solutions Inc.,Switch Health Solutions,Switch Health Solutions,simple_name_variant,no_review_needed,Likely simple sponsor-name standardization.,Switch Health Solutions,Switch Health Solutions,Use dashboard_sponsor_name
Sigvaris France,Sigvaris France,Sigvaris France,left_as_is,no_review_needed,No related sponsor/parent mapping identified; kept as original sponsor name.,Sigvaris France,Sigvaris France,Use dashboard_sponsor_name
Maze Therapeutics,Maze Therapeutics,Maze Therapeutics,left_as_is,no_review_needed,No related sponsor/parent mapping identified; kept as original sponsor name.,Maze Therapeutics,Maze Therapeutics,Use dashboard_sponsor_name
NephroSant,NephroSant,NephroSant,left_as_is,no_review_needed,No related sponsor/parent mapping identified; kept as original sponsor name.,NephroSant,NephroSant,Use dashboard_sponsor_name
Hansoh BioMedical R&D Company,Hansoh BioMedical R&D,Hansoh BioMedical R&D,simple_name_variant,no_review_needed,Likely simple sponsor-name standardization.,Hansoh BioMedical R&D,Hansoh BioMedical R&D,Use dashboard_sponsor_name
Eiger BioPharmaceuticals,Eiger BioPharmaceuticals,Eiger BioPharmaceuticals,left_as_is,no_review_needed,No related sponsor/parent mapping identified; kept as original sponsor name.,Eiger BioPharmaceuticals,Eiger BioPharmaceuticals,Use dashboard_sponsor_name
metaX Institut fuer Diatetik GmbH,metaX Institut fuer Diatetik,metaX Institut fuer Diatetik,simple_name_variant,no_review_needed,Likely simple sponsor-name standardization.,metaX Institut fuer Diatetik,metaX Institut fuer Diatetik,Use dashboard_sponsor_name
Elevation Oncology,Elevation Oncology,Elevation Oncology,left_as_is,no_review_needed,No related sponsor/parent mapping identified; kept as original sponsor name.,Elevation Oncology,Elevation Oncology,Use dashboard_sponsor_name
"Goldfinch Bio, Inc.",Goldfinch Bio,Goldfinch Bio,simple_name_variant,no_review_needed,Likely simple sponsor-name standardization.,Goldfinch Bio,Goldfinch Bio,Use dashboard_sponsor_name
Alumis Inc,Alumis,Alumis,simple_name_variant,no_review_needed,Likely simple sponsor-name standardization.,Alumis,Alumis,Use dashboard_sponsor_name
"BrightGene Bio-Medical Technology Co., Ltd.",BrightGene Bio-Medical Technology,BrightGene Bio-Medical Technology,simple_name_variant,no_review_needed,Likely simple sponsor-name standardization.,BrightGene Bio-Medical Technology,BrightGene Bio-Medical Technology,Use dashboard_sponsor_name
AMCG,AMCG,AMCG,left_as_is,no_review_needed,No related sponsor/parent mapping identified; kept as original sponsor name.,AMCG,AMCG,Use dashboard_sponsor_name
Empros Pharma AB,Empros Pharma,Empros Pharma,simple_name_variant,no_review_needed,Likely simple sponsor-name standardization.,Empros Pharma,Empros Pharma,Use dashboard_sponsor_name
Miromatrix Medical Inc.,Miromatrix Medical,United Therapeutics,acquisition_rollup_candidate,needs_review,Parent identified via web search or explicit name string; keep operating name unless group approves rollup.,Miromatrix Medical,United Therapeutics,Use dashboard_sponsor_name for now; parent rollup requires team decision
"Xencor, Inc.",Xencor,Xencor,simple_name_variant,no_review_needed,Likely simple sponsor-name standardization.,Xencor,Xencor,Use dashboard_sponsor_name
"Precision BioSciences, Inc.",Precision BioSciences,Precision BioSciences,simple_name_variant,no_review_needed,Likely simple sponsor-name standardization.,Precision BioSciences,Precision BioSciences,Use dashboard_sponsor_name
Sagimet Biosciences Inc.,Sagimet Biosciences,Sagimet Biosciences,simple_name_variant,no_review_needed,Likely simple sponsor-name standardization.,Sagimet Biosciences,Sagimet Biosciences,Use dashboard_sponsor_name
Consun Pharmaceutical Group,Consun Pharmaceutical Group,Consun Pharmaceutical Group,left_as_is,no_review_needed,No related sponsor/parent mapping identified; kept as original sponsor name.,Consun Pharmaceutical Group,Consun Pharmaceutical Group,Use dashboard_sponsor_name
Reveal Pharmaceuticals Inc.,Reveal Pharmaceuticals,Reveal Pharmaceuticals,simple_name_variant,no_review_needed,Likely simple sponsor-name standardization.,Reveal Pharmaceuticals,Reveal Pharmaceuticals,Use dashboard_sponsor_name
Medika Natura Sdn Bhd,Medika Natura Sdn Bhd,Medika Natura Sdn Bhd,left_as_is,no_review_needed,No related sponsor/parent mapping identified; kept as original sponsor name.,Medika Natura Sdn Bhd,Medika Natura Sdn Bhd,Use dashboard_sponsor_name
ITM Oncologics GmbH,ITM Oncologics,ITM Oncologics,simple_name_variant,no_review_needed,Likely simple sponsor-name standardization.,ITM Oncologics,ITM Oncologics,Use dashboard_sponsor_name
"Chengdu Qingshan Likang Pharmaceutical Co., Ltd",Chengdu Qingshan Likang Pharmaceutical,Chengdu Qingshan Likang Pharmaceutical,simple_name_variant,no_review_needed,Likely simple sponsor-name standardization.,Chengdu Qingshan Likang Pharmaceutical,Chengdu Qingshan Likang Pharmaceutical,Use dashboard_sponsor_name
"Vera Therapeutics, Inc.",Vera Therapeutics,Vera Therapeutics,simple_name_variant,no_review_needed,Likely simple sponsor-name standardization.,Vera Therapeutics,Vera Therapeutics,Use dashboard_sponsor_name
Acacia Pharma Ltd,Acacia Pharma,Acacia Pharma,simple_name_variant,no_review_needed,Likely simple sponsor-name standardization.,Acacia Pharma,Acacia Pharma,Use dashboard_sponsor_name
Gene Solutions,Gene Solutions,Gene Solutions,left_as_is,no_review_needed,No related sponsor/parent mapping identified; kept as original sponsor name.,Gene Solutions,Gene Solutions,Use dashboard_sponsor_name
NeuroGenesis Ltd.,NeuroGenesis,NeuroGenesis,simple_name_variant,no_review_needed,Likely simple sponsor-name standardization.,NeuroGenesis,NeuroGenesis,Use dashboard_sponsor_name
Vesalio,Vesalio,Vesalio,left_as_is,no_review_needed,No related sponsor/parent mapping identified; kept as original sponsor name.,Vesalio,Vesalio,Use dashboard_sponsor_name
Kallyope Inc.,Kallyope,Kallyope,simple_name_variant,no_review_needed,Likely simple sponsor-name standardization.,Kallyope,Kallyope,Use dashboard_sponsor_name
"Axcella Health, Inc",Axcella Health,Axcella Health,simple_name_variant,no_review_needed,Likely simple sponsor-name standardization.,Axcella Health,Axcella Health,Use dashboard_sponsor_name
Zhejiang Hisun Pharmaceutical Co. Ltd.,Zhejiang Hisun Pharmaceutical,Zhejiang Hisun Pharmaceutical,simple_name_variant,no_review_needed,Likely simple sponsor-name standardization.,Zhejiang Hisun Pharmaceutical,Zhejiang Hisun Pharmaceutical,Use dashboard_sponsor_name
"Oncorus, Inc.",Oncorus,Oncorus,simple_name_variant,no_review_needed,Likely simple sponsor-name standardization.,Oncorus,Oncorus,Use dashboard_sponsor_name
"Genuine Research Center, Egypt","Genuine Research Center, Egypt","Genuine Research Center, Egypt",left_as_is,no_review_needed,No related sponsor/parent mapping identified; kept as original sponsor name.,"Genuine Research Center, Egypt","Genuine Research Center, Egypt",Use dashboard_sponsor_name
ERX Pharmaceuticals,ERX Pharmaceuticals,ERX Pharmaceuticals,left_as_is,no_review_needed,No related sponsor/parent mapping identified; kept as original sponsor name.,ERX Pharmaceuticals,ERX Pharmaceuticals,Use dashboard_sponsor_name
"Acepodia Biotech, Inc.",Acepodia Biotech,Acepodia Biotech,simple_name_variant,no_review_needed,Likely simple sponsor-name standardization.,Acepodia Biotech,Acepodia Biotech,Use dashboard_sponsor_name
"Daewon Pharmaceutical Co., Ltd.",Daewon Pharmaceutical,Daewon Pharmaceutical,simple_name_variant,no_review_needed,Likely simple sponsor-name standardization.,Daewon Pharmaceutical,Daewon Pharmaceutical,Use dashboard_sponsor_name
RwHealth,RwHealth,RwHealth,left_as_is,no_review_needed,No related sponsor/parent mapping identified; kept as original sponsor name.,RwHealth,RwHealth,Use dashboard_sponsor_name
Ayurai Private Limited,Ayurai Private,Ayurai Private,simple_name_variant,no_review_needed,Likely simple sponsor-name standardization.,Ayurai Private,Ayurai Private,Use dashboard_sponsor_name
RANI Therapeutics,RANI Therapeutics,RANI Therapeutics,left_as_is,no_review_needed,No related sponsor/parent mapping identified; kept as original sponsor name.,RANI Therapeutics,RANI Therapeutics,Use dashboard_sponsor_name
Mallinckrodt,Mallinckrodt,Mallinckrodt,left_as_is,no_review_needed,No related sponsor/parent mapping identified; kept as original sponsor name.,Mallinckrodt,Mallinckrodt,Use dashboard_sponsor_name
Artax Biopharma Inc,Artax Biopharma,Artax Biopharma,simple_name_variant,no_review_needed,Likely simple sponsor-name standardization.,Artax Biopharma,Artax Biopharma,Use dashboard_sponsor_name
Silk Road Medical,Silk Road Medical,Boston Scientific,acquisition_rollup_candidate,needs_review,Parent identified via internal knowledge or explicit name string; keep operating name unless group approves rollup.,Silk Road Medical,Boston Scientific,Use dashboard_sponsor_name for now; parent rollup requires team decision
BicycleTx Limited,BicycleTx,BicycleTx,simple_name_variant,no_review_needed,Likely simple sponsor-name standardization.,BicycleTx,BicycleTx,Use dashboard_sponsor_name
Seraxis,Seraxis,Seraxis,left_as_is,no_review_needed,No related sponsor/parent mapping identified; kept as original sponsor name.,Seraxis,Seraxis,Use dashboard_sponsor_name
"Beijing Kanghong Biological Medicine Co., Ltd.",Beijing Kanghong Biological Medicine,Beijing Kanghong Biological Medicine,simple_name_variant,no_review_needed,Likely simple sponsor-name standardization.,Beijing Kanghong Biological Medicine,Beijing Kanghong Biological Medicine,Use dashboard_sponsor_name
Highlight Therapeutics,Highlight Therapeutics,Highlight Therapeutics,left_as_is,no_review_needed,No related sponsor/parent mapping identified; kept as original sponsor name.,Highlight Therapeutics,Highlight Therapeutics,Use dashboard_sponsor_name
"iBio, Inc.",iBio,iBio,simple_name_variant,no_review_needed,Likely simple sponsor-name standardization.,iBio,iBio,Use dashboard_sponsor_name
Guerbet,Guerbet,Guerbet,left_as_is,no_review_needed,No related sponsor/parent mapping identified; kept as original sponsor name.,Guerbet,Guerbet,Use dashboard_sponsor_name
"AN2 Therapeutics, Inc",AN2 Therapeutics,AN2 Therapeutics,simple_name_variant,no_review_needed,Likely simple sponsor-name standardization.,AN2 Therapeutics,AN2 Therapeutics,Use dashboard_sponsor_name
"Altimmune, Inc.",Altimmune,Altimmune,simple_name_variant,no_review_needed,Likely simple sponsor-name standardization.,Altimmune,Altimmune,Use dashboard_sponsor_name
Clinuvel Europe Limited,Clinuvel Europe,Clinuvel Europe,simple_name_variant,no_review_needed,Likely simple sponsor-name standardization.,Clinuvel Europe,Clinuvel Europe,Use dashboard_sponsor_name
"Active Genomes Expressed Diagnostics, Corp",Active Genomes Expressed Diagnostics,Active Genomes Expressed Diagnostics,simple_name_variant,no_review_needed,Likely simple sponsor-name standardization.,Active Genomes Expressed Diagnostics,Active Genomes Expressed Diagnostics,Use dashboard_sponsor_name
Biocon Biologics UK PLC,Biocon Biologics UK,Biocon,acquisition_rollup_candidate,needs_review,Parent identified via internal knowledge or explicit name string; keep operating name unless group approves rollup.,Biocon Biologics UK,Biocon,Use dashboard_sponsor_name for now; parent rollup requires team decision
Tectonic Therapeutic,Tectonic Therapeutic,Tectonic Therapeutic,left_as_is,no_review_needed,No related sponsor/parent mapping identified; kept as original sponsor name.,Tectonic Therapeutic,Tectonic Therapeutic,Use dashboard_sponsor_name
PolTREG S.A.,PolTREG,PolTREG,simple_name_variant,no_review_needed,Likely simple sponsor-name standardization.,PolTREG,PolTREG,Use dashboard_sponsor_name
Antengene Biologics Limited,Antengene Biologics,Antengene Biologics,simple_name_variant,no_review_needed,Likely simple sponsor-name standardization.,Antengene Biologics,Antengene Biologics,Use dashboard_sponsor_name
Megalabs,Megalabs,Megalabs,left_as_is,no_review_needed,No related sponsor/parent mapping identified; kept as original sponsor name.,Megalabs,Megalabs,Use dashboard_sponsor_name
"Tune Therapeutics, Inc.",Tune Therapeutics,Tune Therapeutics,simple_name_variant,no_review_needed,Likely simple sponsor-name standardization.,Tune Therapeutics,Tune Therapeutics,Use dashboard_sponsor_name
"Molecular Templates, Inc.",Molecular Templates,Molecular Templates,simple_name_variant,no_review_needed,Likely simple sponsor-name standardization.,Molecular Templates,Molecular Templates,Use dashboard_sponsor_name
Lion TCR Pte. Ltd.,Lion TCR,Lion TCR,simple_name_variant,no_review_needed,Likely simple sponsor-name standardization.,Lion TCR,Lion TCR,Use dashboard_sponsor_name
CatalYm GmbH,CatalYm,CatalYm,simple_name_variant,no_review_needed,Likely simple sponsor-name standardization.,CatalYm,CatalYm,Use dashboard_sponsor_name
Materia Medica Holding,Materia Medica Holding,Materia Medica Holding,left_as_is,no_review_needed,No related sponsor/parent mapping identified; kept as original sponsor name.,Materia Medica Holding,Materia Medica Holding,Use dashboard_sponsor_name
"Sensei Biotherapeutics, Inc.",Sensei Biotherapeutics,Sensei Biotherapeutics,simple_name_variant,no_review_needed,Likely simple sponsor-name standardization.,Sensei Biotherapeutics,Sensei Biotherapeutics,Use dashboard_sponsor_name
Thymia Limited,Thymia,Thymia,simple_name_variant,no_review_needed,Likely simple sponsor-name standardization.,Thymia,Thymia,Use dashboard_sponsor_name
Neuren Pharmaceuticals Limited,Neuren Pharmaceuticals,Neuren Pharmaceuticals,simple_name_variant,no_review_needed,Likely simple sponsor-name standardization.,Neuren Pharmaceuticals,Neuren Pharmaceuticals,Use dashboard_sponsor_name
Hikma Pharmaceuticals LLC,Hikma Pharmaceuticals,Hikma Pharmaceuticals,simple_name_variant,no_review_needed,Likely simple sponsor-name standardization.,Hikma Pharmaceuticals,Hikma Pharmaceuticals,Use dashboard_sponsor_name
Delcath Systems Inc.,Delcath Systems,Delcath Systems,simple_name_variant,no_review_needed,Likely simple sponsor-name standardization.,Delcath Systems,Delcath Systems,Use dashboard_sponsor_name
Cugene Inc.,Cugene,Cugene,simple_name_variant,no_review_needed,Likely simple sponsor-name standardization.,Cugene,Cugene,Use dashboard_sponsor_name
Abbott Diabetes Care,Abbott Diabetes Care,Abbott,acquisition_rollup_candidate,needs_review,Parent identified via internal knowledge or explicit name string; keep operating name unless group approves rollup.,Abbott Diabetes Care,Abbott,Use dashboard_sponsor_name for now; parent rollup requires team decision
Panion & BF Biotech Inc.,Panion & BF Biotech,Panion & BF Biotech,simple_name_variant,no_review_needed,Likely simple sponsor-name standardization.,Panion & BF Biotech,Panion & BF Biotech,Use dashboard_sponsor_name
QL Biopharmaceutical Australia Pty Ltd,QL Biopharmaceutical Australia,QL Biopharmaceutical Australia,simple_name_variant,no_review_needed,Likely simple sponsor-name standardization.,QL Biopharmaceutical Australia,QL Biopharmaceutical Australia,Use dashboard_sponsor_name
"Arcellx, Inc.",Arcellx,Arcellx,simple_name_variant,no_review_needed,Likely simple sponsor-name standardization.,Arcellx,Arcellx,Use dashboard_sponsor_name
Quantum Genomics SA,Quantum Genomics,Quantum Genomics,simple_name_variant,no_review_needed,Likely simple sponsor-name standardization.,Quantum Genomics,Quantum Genomics,Use dashboard_sponsor_name
OncoRadiomics,OncoRadiomics,OncoRadiomics,left_as_is,no_review_needed,No related sponsor/parent mapping identified; kept as original sponsor name.,OncoRadiomics,OncoRadiomics,Use dashboard_sponsor_name
Red de Terapia Celular,Red de Terapia Celular,Red de Terapia Celular,left_as_is,no_review_needed,No related sponsor/parent mapping identified; kept as original sponsor name.,Red de Terapia Celular,Red de Terapia Celular,Use dashboard_sponsor_name
Rose Pharma Inc,Rose Pharma,Rose Pharma,simple_name_variant,no_review_needed,Likely simple sponsor-name standardization.,Rose Pharma,Rose Pharma,Use dashboard_sponsor_name
iSpecimen Inc,iSpecimen,iSpecimen,simple_name_variant,no_review_needed,Likely simple sponsor-name standardization.,iSpecimen,iSpecimen,Use dashboard_sponsor_name
"Wuhan Ammunition Life-tech Co., Ltd",Wuhan Ammunition Life-tech,Wuhan Ammunition Life-tech,simple_name_variant,no_review_needed,Likely simple sponsor-name standardization.,Wuhan Ammunition Life-tech,Wuhan Ammunition Life-tech,Use dashboard_sponsor_name
Throne Biotechnologies Inc.,Throne Biotechnologies,Throne Biotechnologies,simple_name_variant,no_review_needed,Likely simple sponsor-name standardization.,Throne Biotechnologies,Throne Biotechnologies,Use dashboard_sponsor_name
"Zhejiang Hanmai Pharmaceutical Technology Co., Ltd.",Zhejiang Hanmai Pharmaceutical Technology,Zhejiang Hanmai Pharmaceutical Technology,simple_name_variant,no_review_needed,Likely simple sponsor-name standardization.,Zhejiang Hanmai Pharmaceutical Technology,Zhejiang Hanmai Pharmaceutical Technology,Use dashboard_sponsor_name
"LyGenesis, Inc.",LyGenesis,LyGenesis,simple_name_variant,no_review_needed,Likely simple sponsor-name standardization.,LyGenesis,LyGenesis,Use dashboard_sponsor_name
"Yarrow Bioscience, Inc.",Yarrow Bioscience,Yarrow Bioscience,simple_name_variant,no_review_needed,Likely simple sponsor-name standardization.,Yarrow Bioscience,Yarrow Bioscience,Use dashboard_sponsor_name
"Zhejiang Doer Biologics Co., Ltd.",Zhejiang Doer Biologics,Zhejiang Doer Biologics,simple_name_variant,no_review_needed,Likely simple sponsor-name standardization.,Zhejiang Doer Biologics,Zhejiang Doer Biologics,Use dashboard_sponsor_name
HighLife SAS,HighLife,HighLife,simple_name_variant,no_review_needed,Likely simple sponsor-name standardization.,HighLife,HighLife,Use dashboard_sponsor_name
"S-INFINITY Pharmaceuticals Co., Ltd",S-INFINITY Pharmaceuticals,S-INFINITY Pharmaceuticals,simple_name_variant,no_review_needed,Likely simple sponsor-name standardization.,S-INFINITY Pharmaceuticals,S-INFINITY Pharmaceuticals,Use dashboard_sponsor_name
20Lighter,20Lighter,20Lighter,left_as_is,no_review_needed,No related sponsor/parent mapping identified; kept as original sponsor name.,20Lighter,20Lighter,Use dashboard_sponsor_name
"Nuvig Therapeutics, Inc.",Nuvig Therapeutics,Nuvig Therapeutics,simple_name_variant,no_review_needed,Likely simple sponsor-name standardization.,Nuvig Therapeutics,Nuvig Therapeutics,Use dashboard_sponsor_name
"Sinovac Biotech Co., Ltd",Sinovac Biotech,Sinovac Biotech,simple_name_variant,no_review_needed,Likely simple sponsor-name standardization.,Sinovac Biotech,Sinovac Biotech,Use dashboard_sponsor_name
Torrent Pharmaceuticals Limited,Torrent Pharmaceuticals,Torrent Pharmaceuticals,simple_name_variant,no_review_needed,Likely simple sponsor-name standardization.,Torrent Pharmaceuticals,Torrent Pharmaceuticals,Use dashboard_sponsor_name
"Unicycive Therapeutics, Inc",Unicycive Therapeutics,Unicycive Therapeutics,simple_name_variant,no_review_needed,Likely simple sponsor-name standardization.,Unicycive Therapeutics,Unicycive Therapeutics,Use dashboard_sponsor_name
Medtronic Cardiac Rhythm and Heart Failure,Medtronic Cardiac Rhythm and Heart Failure,Medtronic,acquisition_rollup_candidate,needs_review,Parent identified via internal knowledge or explicit name string; keep operating name unless group approves rollup.,Medtronic Cardiac Rhythm and Heart Failure,Medtronic,Use dashboard_sponsor_name for now; parent rollup requires team decision
Bellerophon Pulse Technologies,Bellerophon Pulse Technologies,Bellerophon Pulse Technologies,left_as_is,no_review_needed,No related sponsor/parent mapping identified; kept as original sponsor name.,Bellerophon Pulse Technologies,Bellerophon Pulse Technologies,Use dashboard_sponsor_name
"Nucleo Research, Inc.",Nucleo Research,Nucleo Research,simple_name_variant,no_review_needed,Likely simple sponsor-name standardization.,Nucleo Research,Nucleo Research,Use dashboard_sponsor_name
"Broadenbio Ltd., Co.",Broadenbio,Broadenbio,simple_name_variant,no_review_needed,Likely simple sponsor-name standardization.,Broadenbio,Broadenbio,Use dashboard_sponsor_name
"Neonc Technologies, Inc.",Neonc Technologies,Neonc Technologies,simple_name_variant,no_review_needed,Likely simple sponsor-name standardization.,Neonc Technologies,Neonc Technologies,Use dashboard_sponsor_name
ECRI bv,ECRI,ECRI,simple_name_variant,no_review_needed,Likely simple sponsor-name standardization.,ECRI,ECRI,Use dashboard_sponsor_name
PT Kalbe Genexine Biologics,PT Kalbe Genexine Biologics,PT Kalbe Genexine Biologics,left_as_is,no_review_needed,No related sponsor/parent mapping identified; kept as original sponsor name.,PT Kalbe Genexine Biologics,PT Kalbe Genexine Biologics,Use dashboard_sponsor_name
Trears,Trears,Trears,left_as_is,no_review_needed,No related sponsor/parent mapping identified; kept as original sponsor name.,Trears,Trears,Use dashboard_sponsor_name
Clene Nanomedicine,Clene Nanomedicine,Clene Nanomedicine,left_as_is,no_review_needed,No related sponsor/parent mapping identified; kept as original sponsor name.,Clene Nanomedicine,Clene Nanomedicine,Use dashboard_sponsor_name
"TaiwanJ Pharmaceuticals Co., Ltd",TaiwanJ Pharmaceuticals,TaiwanJ Pharmaceuticals,simple_name_variant,no_review_needed,Likely simple sponsor-name standardization.,TaiwanJ Pharmaceuticals,TaiwanJ Pharmaceuticals,Use dashboard_sponsor_name
Klotho Sciences Australia Pty Ltd.,Klotho Sciences Australia,Klotho Sciences Australia,simple_name_variant,no_review_needed,Likely simple sponsor-name standardization.,Klotho Sciences Australia,Klotho Sciences Australia,Use dashboard_sponsor_name
"Alveus Therapeutics, Inc.",Alveus Therapeutics,Alveus Therapeutics,simple_name_variant,no_review_needed,Likely simple sponsor-name standardization.,Alveus Therapeutics,Alveus Therapeutics,Use dashboard_sponsor_name
Primocure Pharma,Primocure Pharma,Primocure Pharma,left_as_is,no_review_needed,No related sponsor/parent mapping identified; kept as original sponsor name.,Primocure Pharma,Primocure Pharma,Use dashboard_sponsor_name
Alucent Biomedical,Alucent Biomedical,Alucent Biomedical,left_as_is,no_review_needed,No related sponsor/parent mapping identified; kept as original sponsor name.,Alucent Biomedical,Alucent Biomedical,Use dashboard_sponsor_name
"Guangdong Raynovent Biotech Co., Ltd",Guangdong Raynovent Biotech,Guangdong Raynovent Biotech,simple_name_variant,no_review_needed,Likely simple sponsor-name standardization.,Guangdong Raynovent Biotech,Guangdong Raynovent Biotech,Use dashboard_sponsor_name
"Zhejiang Raygene Pharmaceuticals Co., Ltd",Zhejiang Raygene Pharmaceuticals,Zhejiang Raygene Pharmaceuticals,simple_name_variant,no_review_needed,Likely simple sponsor-name standardization.,Zhejiang Raygene Pharmaceuticals,Zhejiang Raygene Pharmaceuticals,Use dashboard_sponsor_name
"NiKang Therapeutics, Inc.",NiKang Therapeutics,NiKang Therapeutics,simple_name_variant,no_review_needed,Likely simple sponsor-name standardization.,NiKang Therapeutics,NiKang Therapeutics,Use dashboard_sponsor_name
Butterfly Network,Butterfly Network,Butterfly Network,left_as_is,no_review_needed,No related sponsor/parent mapping identified; kept as original sponsor name.,Butterfly Network,Butterfly Network,Use dashboard_sponsor_name
"Circunited BioPharma (Shenzhen) Co., Ltd.",Circunited BioPharma ,Circunited BioPharma ,simple_name_variant,no_review_needed,Likely simple sponsor-name standardization.,Circunited BioPharma ,Circunited BioPharma ,Use dashboard_sponsor_name
Reunion Neuroscience Inc,Reunion Neuroscience,Reunion Neuroscience,simple_name_variant,no_review_needed,Likely simple sponsor-name standardization.,Reunion Neuroscience,Reunion Neuroscience,Use dashboard_sponsor_name
"OncoC4, Inc.",OncoC4,OncoC4,simple_name_variant,no_review_needed,Likely simple sponsor-name standardization.,OncoC4,OncoC4,Use dashboard_sponsor_name
mAbxience Research S.L.,mAbxience Research,mAbxience,acquisition_rollup_candidate,needs_review,Parent identified via internal knowledge or explicit name string; keep operating name unless group approves rollup.,mAbxience Research,mAbxience,Use dashboard_sponsor_name for now; parent rollup requires team decision
LiveKidney.Bio,LiveKidney.Bio,LiveKidney.Bio,left_as_is,no_review_needed,No related sponsor/parent mapping identified; kept as original sponsor name.,LiveKidney.Bio,LiveKidney.Bio,Use dashboard_sponsor_name
"Krystal Biotech, Inc.",Krystal Biotech,Krystal Biotech,simple_name_variant,no_review_needed,Likely simple sponsor-name standardization.,Krystal Biotech,Krystal Biotech,Use dashboard_sponsor_name
Miltenyi Biomedicine GmbH,Miltenyi Biomedicine,Miltenyi Biomedicine,simple_name_variant,no_review_needed,Likely simple sponsor-name standardization.,Miltenyi Biomedicine,Miltenyi Biomedicine,Use dashboard_sponsor_name
"Atreca, Inc.",Atreca,Atreca,simple_name_variant,no_review_needed,Likely simple sponsor-name standardization.,Atreca,Atreca,Use dashboard_sponsor_name
ChemomAb Ltd.,ChemomAb,ChemomAb,simple_name_variant,no_review_needed,Likely simple sponsor-name standardization.,ChemomAb,ChemomAb,Use dashboard_sponsor_name
"Helixmith Co., Ltd.",Helixmith,Helixmith,simple_name_variant,no_review_needed,Likely simple sponsor-name standardization.,Helixmith,Helixmith,Use dashboard_sponsor_name
Galderma R&D,Galderma R&D,Galderma,acquisition_rollup_candidate,needs_review,Parent identified via internal knowledge or explicit name string; keep operating name unless group approves rollup.,Galderma R&D,Galderma,Use dashboard_sponsor_name for now; parent rollup requires team decision
"Daehwa Pharmaceutical Co., Ltd.",Daehwa Pharmaceutical,Daehwa Pharmaceutical,simple_name_variant,no_review_needed,Likely simple sponsor-name standardization.,Daehwa Pharmaceutical,Daehwa Pharmaceutical,Use dashboard_sponsor_name
Modern Biosciences Ltd,Modern Biosciences,Modern Biosciences,simple_name_variant,no_review_needed,Likely simple sponsor-name standardization.,Modern Biosciences,Modern Biosciences,Use dashboard_sponsor_name
PT. Prodia Stem Cell Indonesia,PT. Prodia Stem Cell Indonesia,PT. Prodia Stem Cell Indonesia,left_as_is,no_review_needed,No related sponsor/parent mapping identified; kept as original sponsor name.,PT. Prodia Stem Cell Indonesia,PT. Prodia Stem Cell Indonesia,Use dashboard_sponsor_name
"ImmuneMed, Inc.",ImmuneMed,ImmuneMed,simple_name_variant,no_review_needed,Likely simple sponsor-name standardization.,ImmuneMed,ImmuneMed,Use dashboard_sponsor_name
Advanz Pharma,Advanz Pharma,Advanz Pharma,left_as_is,no_review_needed,No related sponsor/parent mapping identified; kept as original sponsor name.,Advanz Pharma,Advanz Pharma,Use dashboard_sponsor_name
"Shanghai Kanda Biotechnology Co., Ltd.",Shanghai Kanda Biotechnology,Shanghai Kanda Biotechnology,simple_name_variant,no_review_needed,Likely simple sponsor-name standardization.,Shanghai Kanda Biotechnology,Shanghai Kanda Biotechnology,Use dashboard_sponsor_name
Bright Minds Biosciences Pty Ltd,Bright Minds Biosciences,Bright Minds Biosciences,simple_name_variant,no_review_needed,Likely simple sponsor-name standardization.,Bright Minds Biosciences,Bright Minds Biosciences,Use dashboard_sponsor_name
Therorna,Therorna,Therorna,left_as_is,no_review_needed,No related sponsor/parent mapping identified; kept as original sponsor name.,Therorna,Therorna,Use dashboard_sponsor_name
Sairopa B.V.,Sairopa,Sairopa,simple_name_variant,no_review_needed,Likely simple sponsor-name standardization.,Sairopa,Sairopa,Use dashboard_sponsor_name
TargED Biopharmaceuticals B.V.,TargED Biopharmaceuticals,TargED Biopharmaceuticals,simple_name_variant,no_review_needed,Likely simple sponsor-name standardization.,TargED Biopharmaceuticals,TargED Biopharmaceuticals,Use dashboard_sponsor_name
MC2 Therapeutics,MC2 Therapeutics,MC2 Therapeutics,left_as_is,no_review_needed,No related sponsor/parent mapping identified; kept as original sponsor name.,MC2 Therapeutics,MC2 Therapeutics,Use dashboard_sponsor_name
"Innovent Biopharmaceutical Technology (Hangzhou) Co., LTD.",Innovent Biopharmaceutical Technology ,Innovent Biopharmaceutical Technology ,simple_name_variant,no_review_needed,Likely simple sponsor-name standardization.,Innovent Biopharmaceutical Technology ,Innovent Biopharmaceutical Technology ,Use dashboard_sponsor_name
Allena Pharmaceuticals,Allena Pharmaceuticals,Allena Pharmaceuticals,left_as_is,no_review_needed,No related sponsor/parent mapping identified; kept as original sponsor name.,Allena Pharmaceuticals,Allena Pharmaceuticals,Use dashboard_sponsor_name
"Ascletis Pharmaceuticals Co., Ltd.",Ascletis Pharmaceuticals,Ascletis Pharmaceuticals,simple_name_variant,no_review_needed,Likely simple sponsor-name standardization.,Ascletis Pharmaceuticals,Ascletis Pharmaceuticals,Use dashboard_sponsor_name
Federation Bio Inc.,Federation Bio,Federation Bio,simple_name_variant,no_review_needed,Likely simple sponsor-name standardization.,Federation Bio,Federation Bio,Use dashboard_sponsor_name
Tharimmune Inc,Tharimmune,Tharimmune,simple_name_variant,no_review_needed,Likely simple sponsor-name standardization.,Tharimmune,Tharimmune,Use dashboard_sponsor_name
Etnova Therapeutics Corp.,Etnova Therapeutics,Etnova Therapeutics,simple_name_variant,no_review_needed,Likely simple sponsor-name standardization.,Etnova Therapeutics,Etnova Therapeutics,Use dashboard_sponsor_name
Oculis,Oculis,Oculis,left_as_is,no_review_needed,No related sponsor/parent mapping identified; kept as original sponsor name.,Oculis,Oculis,Use dashboard_sponsor_name
Akcea Therapeutics,Akcea Therapeutics,Ionis Pharmaceuticals,acquisition_rollup_candidate,needs_review,Parent identified via internal knowledge or explicit name string; keep operating name unless group approves rollup.,Akcea Therapeutics,Ionis Pharmaceuticals,Use dashboard_sponsor_name for now; parent rollup requires team decision
Organon and Co,Organon and,Organon,acquisition_rollup_candidate,needs_review,Parent identified via internal knowledge or explicit name string; keep operating name unless group approves rollup.,Organon and,Organon,Use dashboard_sponsor_name for now; parent rollup requires team decision
Celestra Health Systems,Celestra Health Systems,Celestra Health Systems,left_as_is,no_review_needed,No related sponsor/parent mapping identified; kept as original sponsor name.,Celestra Health Systems,Celestra Health Systems,Use dashboard_sponsor_name
Poxel SA,Poxel,Poxel,simple_name_variant,no_review_needed,Likely simple sponsor-name standardization.,Poxel,Poxel,Use dashboard_sponsor_name
ImCare Biotech,ImCare Biotech,ImCare Biotech,left_as_is,no_review_needed,No related sponsor/parent mapping identified; kept as original sponsor name.,ImCare Biotech,ImCare Biotech,Use dashboard_sponsor_name
Rediscovery Life Sciences,Rediscovery Life Sciences,Rediscovery Life Sciences,left_as_is,no_review_needed,No related sponsor/parent mapping identified; kept as original sponsor name.,Rediscovery Life Sciences,Rediscovery Life Sciences,Use dashboard_sponsor_name
Zydus Lifesciences Limited,Zydus Lifesciences,Zydus Lifesciences,simple_name_variant,no_review_needed,Likely simple sponsor-name standardization.,Zydus Lifesciences,Zydus Lifesciences,Use dashboard_sponsor_name
"Medeor Therapeutics, Inc.",Medeor Therapeutics,Medeor Therapeutics,simple_name_variant,no_review_needed,Likely simple sponsor-name standardization.,Medeor Therapeutics,Medeor Therapeutics,Use dashboard_sponsor_name
Suzhou Ribo Life Science Co. Ltd.,Suzhou Ribo Life Science,Suzhou Ribo Life Science,simple_name_variant,no_review_needed,Likely simple sponsor-name standardization.,Suzhou Ribo Life Science,Suzhou Ribo Life Science,Use dashboard_sponsor_name
Royal Biologics,Royal Biologics,Royal Biologics,left_as_is,no_review_needed,No related sponsor/parent mapping identified; kept as original sponsor name.,Royal Biologics,Royal Biologics,Use dashboard_sponsor_name
"Advenchen Pharmaceuticals, LLC.",Advenchen Pharmaceuticals,Advenchen Pharmaceuticals,simple_name_variant,no_review_needed,Likely simple sponsor-name standardization.,Advenchen Pharmaceuticals,Advenchen Pharmaceuticals,Use dashboard_sponsor_name
"Bolt Biotherapeutics, Inc.",Bolt Biotherapeutics,Bolt Biotherapeutics,simple_name_variant,no_review_needed,Likely simple sponsor-name standardization.,Bolt Biotherapeutics,Bolt Biotherapeutics,Use dashboard_sponsor_name
"Nucorion Pharmaceuticals, Inc.",Nucorion Pharmaceuticals,Nucorion Pharmaceuticals,simple_name_variant,no_review_needed,Likely simple sponsor-name standardization.,Nucorion Pharmaceuticals,Nucorion Pharmaceuticals,Use dashboard_sponsor_name
"Parvus Therapeutics, Inc.",Parvus Therapeutics,Parvus Therapeutics,simple_name_variant,no_review_needed,Likely simple sponsor-name standardization.,Parvus Therapeutics,Parvus Therapeutics,Use dashboard_sponsor_name
Eutilex,Eutilex,Eutilex,left_as_is,no_review_needed,No related sponsor/parent mapping identified; kept as original sponsor name.,Eutilex,Eutilex,Use dashboard_sponsor_name
Arthrosi Therapeutics,Arthrosi Therapeutics,Arthrosi Therapeutics,left_as_is,no_review_needed,No related sponsor/parent mapping identified; kept as original sponsor name.,Arthrosi Therapeutics,Arthrosi Therapeutics,Use dashboard_sponsor_name
"CSPC Baike (Shandong) Biopharmaceutical Co., Ltd.",CSPC Baike  Biopharmaceutical,CSPC Baike  Biopharmaceutical,simple_name_variant,no_review_needed,Likely simple sponsor-name standardization.,CSPC Baike  Biopharmaceutical,CSPC Baike  Biopharmaceutical,Use dashboard_sponsor_name
Syntis Bio,Syntis Bio,Syntis Bio,left_as_is,no_review_needed,No related sponsor/parent mapping identified; kept as original sponsor name.,Syntis Bio,Syntis Bio,Use dashboard_sponsor_name
R1 Therapeutics,R1 Therapeutics,R1 Therapeutics,left_as_is,no_review_needed,No related sponsor/parent mapping identified; kept as original sponsor name.,R1 Therapeutics,R1 Therapeutics,Use dashboard_sponsor_name
"Aardvark Therapeutics, Inc.",Aardvark Therapeutics,Aardvark Therapeutics,simple_name_variant,no_review_needed,Likely simple sponsor-name standardization.,Aardvark Therapeutics,Aardvark Therapeutics,Use dashboard_sponsor_name
"Beijing Kawin Technology Share-Holding Co., Ltd.",Beijing Kawin Technology Share-Holding,Beijing Kawin Technology Share-Holding,simple_name_variant,no_review_needed,Likely simple sponsor-name standardization.,Beijing Kawin Technology Share-Holding,Beijing Kawin Technology Share-Holding,Use dashboard_sponsor_name
"Averitas Pharma, Inc.",Averitas Pharma,Averitas Pharma,simple_name_variant,no_review_needed,Likely simple sponsor-name standardization.,Averitas Pharma,Averitas Pharma,Use dashboard_sponsor_name
China National Biotec Group Company Limited,China National Biotec Group,China National Biotec Group,simple_name_variant,no_review_needed,Likely simple sponsor-name standardization.,China National Biotec Group,China National Biotec Group,Use dashboard_sponsor_name
Gan & Lee Pharmaceuticals.,Gan & Lee Pharmaceuticals,Gan & Lee Pharmaceuticals,simple_name_variant,no_review_needed,Likely simple sponsor-name standardization.,Gan & Lee Pharmaceuticals,Gan & Lee Pharmaceuticals,Use dashboard_sponsor_name
"Quadriga Biosciences, Inc.",Quadriga Biosciences,Quadriga Biosciences,simple_name_variant,no_review_needed,Likely simple sponsor-name standardization.,Quadriga Biosciences,Quadriga Biosciences,Use dashboard_sponsor_name
"Beijing Syngentech Co., Ltd.",Beijing Syngentech,Beijing Syngentech,simple_name_variant,no_review_needed,Likely simple sponsor-name standardization.,Beijing Syngentech,Beijing Syngentech,Use dashboard_sponsor_name
Pulmongene Ltd.,Pulmongene,Pulmongene,simple_name_variant,no_review_needed,Likely simple sponsor-name standardization.,Pulmongene,Pulmongene,Use dashboard_sponsor_name
"Immune Response BioPharma, Inc.",Immune Response BioPharma,Immune Response BioPharma,simple_name_variant,no_review_needed,Likely simple sponsor-name standardization.,Immune Response BioPharma,Immune Response BioPharma,Use dashboard_sponsor_name
SpectralMD,SpectralMD,SpectralMD,left_as_is,no_review_needed,No related sponsor/parent mapping identified; kept as original sponsor name.,SpectralMD,SpectralMD,Use dashboard_sponsor_name
Banner Life Sciences LLC,Banner Life Sciences,Banner Life Sciences,simple_name_variant,no_review_needed,Likely simple sponsor-name standardization.,Banner Life Sciences,Banner Life Sciences,Use dashboard_sponsor_name
Kedrion S.p.A.,Kedrion,Kedrion,simple_name_variant,no_review_needed,Likely simple sponsor-name standardization.,Kedrion,Kedrion,Use dashboard_sponsor_name
Longbio Pharma,Longbio Pharma,Longbio Pharma,left_as_is,no_review_needed,No related sponsor/parent mapping identified; kept as original sponsor name.,Longbio Pharma,Longbio Pharma,Use dashboard_sponsor_name
Calliditas Therapeutics Suisse SA,Calliditas Therapeutics Suisse,Calliditas Therapeutics,acquisition_rollup_candidate,needs_review,Parent identified via internal knowledge or explicit name string; keep operating name unless group approves rollup.,Calliditas Therapeutics Suisse,Calliditas Therapeutics,Use dashboard_sponsor_name for now; parent rollup requires team decision
"Ocellaris Pharma, Inc.",Ocellaris Pharma,Ocellaris Pharma,simple_name_variant,no_review_needed,Likely simple sponsor-name standardization.,Ocellaris Pharma,Ocellaris Pharma,Use dashboard_sponsor_name
Nanjing Zenshine Pharmaceuticals,Nanjing Zenshine Pharmaceuticals,Nanjing Zenshine Pharmaceuticals,left_as_is,no_review_needed,No related sponsor/parent mapping identified; kept as original sponsor name.,Nanjing Zenshine Pharmaceuticals,Nanjing Zenshine Pharmaceuticals,Use dashboard_sponsor_name
Keuro MedTech,Keuro MedTech,Keuro MedTech,left_as_is,no_review_needed,No related sponsor/parent mapping identified; kept as original sponsor name.,Keuro MedTech,Keuro MedTech,Use dashboard_sponsor_name
"Shanghai Bao Pharmaceuticals Co., Ltd.",Shanghai Bao Pharmaceuticals,Shanghai Bao Pharmaceuticals,simple_name_variant,no_review_needed,Likely simple sponsor-name standardization.,Shanghai Bao Pharmaceuticals,Shanghai Bao Pharmaceuticals,Use dashboard_sponsor_name
Contineum Therapeutics,Contineum Therapeutics,Contineum Therapeutics,left_as_is,no_review_needed,No related sponsor/parent mapping identified; kept as original sponsor name.,Contineum Therapeutics,Contineum Therapeutics,Use dashboard_sponsor_name
"Deciphera Pharmaceuticals, LLC",Deciphera Pharmaceuticals,ONO Pharmaceutical,acquisition_rollup_candidate,needs_review,Parent identified via internal knowledge or explicit name string; keep operating name unless group approves rollup.,Deciphera Pharmaceuticals,ONO Pharmaceutical,Use dashboard_sponsor_name for now; parent rollup requires team decision
NVP Healthcare,NVP Healthcare,NVP Healthcare,left_as_is,no_review_needed,No related sponsor/parent mapping identified; kept as original sponsor name.,NVP Healthcare,NVP Healthcare,Use dashboard_sponsor_name
Alfasigma S.p.A.,Alfasigma,Alfasigma,simple_name_variant,no_review_needed,Likely simple sponsor-name standardization.,Alfasigma,Alfasigma,Use dashboard_sponsor_name
Regulus Therapeutics Inc.,Regulus Therapeutics,Regulus Therapeutics,simple_name_variant,no_review_needed,Likely simple sponsor-name standardization.,Regulus Therapeutics,Regulus Therapeutics,Use dashboard_sponsor_name
Panolos Bioscience,Panolos Bioscience,Panolos Bioscience,left_as_is,no_review_needed,No related sponsor/parent mapping identified; kept as original sponsor name.,Panolos Bioscience,Panolos Bioscience,Use dashboard_sponsor_name
Angionetics Inc.,Angionetics,Angionetics,simple_name_variant,no_review_needed,Likely simple sponsor-name standardization.,Angionetics,Angionetics,Use dashboard_sponsor_name
Cell to Cure ApS,Cell to Cure,Cell to Cure,simple_name_variant,no_review_needed,Likely simple sponsor-name standardization.,Cell to Cure,Cell to Cure,Use dashboard_sponsor_name
InGef - Institute for Applied Health Research Berlin GmbH,InGef - Institute for Applied Health Research Berlin,InGef - Institute for Applied Health Research Berlin,simple_name_variant,no_review_needed,Likely simple sponsor-name standardization.,InGef - Institute for Applied Health Research Berlin,InGef - Institute for Applied Health Research Berlin,Use dashboard_sponsor_name
UCB Biopharma SRL,UCB Biopharma,UCB,acquisition_rollup_candidate,needs_review,Parent identified via internal knowledge or explicit name string; keep operating name unless group approves rollup.,UCB Biopharma,UCB,Use dashboard_sponsor_name for now; parent rollup requires team decision
Dynamic Medical Services dba Acesso Biologics,Acesso Biologics,Dynamic Medical Services,acquisition_rollup_candidate,needs_review,"DBA  identified; mapped legal entity as parent, operating name as cleaned sponsor.",Acesso Biologics,Dynamic Medical Services,Use dashboard_sponsor_name for now; parent rollup requires team decision
Polares Medical SA,Polares Medical,Polares Medical,simple_name_variant,no_review_needed,Likely simple sponsor-name standardization.,Polares Medical,Polares Medical,Use dashboard_sponsor_name
medac GmbH,medac,medac,simple_name_variant,no_review_needed,Likely simple sponsor-name standardization.,medac,medac,Use dashboard_sponsor_name
"Scholar Rock, Inc.",Scholar Rock,Scholar Rock,simple_name_variant,no_review_needed,Likely simple sponsor-name standardization.,Scholar Rock,Scholar Rock,Use dashboard_sponsor_name
Kailera,Kailera,Kailera,left_as_is,no_review_needed,No related sponsor/parent mapping identified; kept as original sponsor name.,Kailera,Kailera,Use dashboard_sponsor_name
"Changchun GeneScience Pharmaceutical Co., Ltd.",Changchun GeneScience Pharmaceutical,Changchun GeneScience Pharmaceutical,simple_name_variant,no_review_needed,Likely simple sponsor-name standardization.,Changchun GeneScience Pharmaceutical,Changchun GeneScience Pharmaceutical,Use dashboard_sponsor_name
"Shanghai Longwood Biopharmaceuticals Co., Ltd.",Shanghai Longwood Biopharmaceuticals,Shanghai Longwood Biopharmaceuticals,simple_name_variant,no_review_needed,Likely simple sponsor-name standardization.,Shanghai Longwood Biopharmaceuticals,Shanghai Longwood Biopharmaceuticals,Use dashboard_sponsor_name
"Adaptive Phage Therapeutics, Inc.",Adaptive Phage Therapeutics,Adaptive Phage Therapeutics,simple_name_variant,no_review_needed,Likely simple sponsor-name standardization.,Adaptive Phage Therapeutics,Adaptive Phage Therapeutics,Use dashboard_sponsor_name
Impulse Dynamics,Impulse Dynamics,Impulse Dynamics,left_as_is,no_review_needed,No related sponsor/parent mapping identified; kept as original sponsor name.,Impulse Dynamics,Impulse Dynamics,Use dashboard_sponsor_name
Achieve Life Sciences,Achieve Life Sciences,Achieve Life Sciences,left_as_is,no_review_needed,No related sponsor/parent mapping identified; kept as original sponsor name.,Achieve Life Sciences,Achieve Life Sciences,Use dashboard_sponsor_name
Xeno Biosciences,Xeno Biosciences,Xeno Biosciences,left_as_is,no_review_needed,No related sponsor/parent mapping identified; kept as original sponsor name.,Xeno Biosciences,Xeno Biosciences,Use dashboard_sponsor_name
Laekna Limited,Laekna,Laekna,simple_name_variant,no_review_needed,Likely simple sponsor-name standardization.,Laekna,Laekna,Use dashboard_sponsor_name
Tenet Medicines,Tenet Medicines,Tenet Medicines,left_as_is,no_review_needed,No related sponsor/parent mapping identified; kept as original sponsor name.,Tenet Medicines,Tenet Medicines,Use dashboard_sponsor_name
Ardelyx,Ardelyx,Ardelyx,left_as_is,no_review_needed,No related sponsor/parent mapping identified; kept as original sponsor name.,Ardelyx,Ardelyx,Use dashboard_sponsor_name
Sam Chun Dang Pharm. Co. Ltd.,Sam Chun Dang Pharm,Sam Chun Dang Pharm,simple_name_variant,no_review_needed,Likely simple sponsor-name standardization.,Sam Chun Dang Pharm,Sam Chun Dang Pharm,Use dashboard_sponsor_name
Travera Inc,Travera,Travera,simple_name_variant,no_review_needed,Likely simple sponsor-name standardization.,Travera,Travera,Use dashboard_sponsor_name
Barinthus Biotherapeutics,Barinthus Biotherapeutics,Barinthus Biotherapeutics,left_as_is,no_review_needed,No related sponsor/parent mapping identified; kept as original sponsor name.,Barinthus Biotherapeutics,Barinthus Biotherapeutics,Use dashboard_sponsor_name
"Teijin America, Inc.",Teijin America,Teijin,acquisition_rollup_candidate,needs_review,Parent identified via internal knowledge or explicit name string; keep operating name unless group approves rollup.,Teijin America,Teijin,Use dashboard_sponsor_name for now; parent rollup requires team decision
"ZyVersa Therapeutics, Inc.",ZyVersa Therapeutics,ZyVersa Therapeutics,simple_name_variant,no_review_needed,Likely simple sponsor-name standardization.,ZyVersa Therapeutics,ZyVersa Therapeutics,Use dashboard_sponsor_name
Philips Clinical & Medical Affairs Global,Philips Clinical & Medical Affairs Global,Philips,acquisition_rollup_candidate,needs_review,Parent identified via internal knowledge or explicit name string; keep operating name unless group approves rollup.,Philips Clinical & Medical Affairs Global,Philips,Use dashboard_sponsor_name for now; parent rollup requires team decision
Abbott Rapid Dx,Abbott Rapid Dx,Abbott,acquisition_rollup_candidate,needs_review,Parent identified via internal knowledge or explicit name string; keep operating name unless group approves rollup.,Abbott Rapid Dx,Abbott,Use dashboard_sponsor_name for now; parent rollup requires team decision
ImmunAbs Inc.,ImmunAbs,ImmunAbs,simple_name_variant,no_review_needed,Likely simple sponsor-name standardization.,ImmunAbs,ImmunAbs,Use dashboard_sponsor_name
"Black Tie Medical, Inc.",Black Tie Medical,Black Tie Medical,simple_name_variant,no_review_needed,Likely simple sponsor-name standardization.,Black Tie Medical,Black Tie Medical,Use dashboard_sponsor_name
Protara Therapeutics,Protara Therapeutics,Protara Therapeutics,left_as_is,no_review_needed,No related sponsor/parent mapping identified; kept as original sponsor name.,Protara Therapeutics,Protara Therapeutics,Use dashboard_sponsor_name
"Lilac Therapeutics, Inc.",Lilac Therapeutics,Lilac Therapeutics,simple_name_variant,no_review_needed,Likely simple sponsor-name standardization.,Lilac Therapeutics,Lilac Therapeutics,Use dashboard_sponsor_name
"SAb Biotherapeutics, Inc.",SAb Biotherapeutics,SAb Biotherapeutics,simple_name_variant,no_review_needed,Likely simple sponsor-name standardization.,SAb Biotherapeutics,SAb Biotherapeutics,Use dashboard_sponsor_name
AbelZeta Inc.,AbelZeta,AbelZeta,simple_name_variant,no_review_needed,Likely simple sponsor-name standardization.,AbelZeta,AbelZeta,Use dashboard_sponsor_name
Certmedica International GmbH,Certmedica International,Certmedica International,simple_name_variant,no_review_needed,Likely simple sponsor-name standardization.,Certmedica International,Certmedica International,Use dashboard_sponsor_name
icometrix,icometrix,icometrix,left_as_is,no_review_needed,No related sponsor/parent mapping identified; kept as original sponsor name.,icometrix,icometrix,Use dashboard_sponsor_name
"Abbisko Therapeutics Co, Ltd",Abbisko Therapeutics,Abbisko Therapeutics,simple_name_variant,no_review_needed,Likely simple sponsor-name standardization.,Abbisko Therapeutics,Abbisko Therapeutics,Use dashboard_sponsor_name
"Hepion Pharmaceuticals, Inc.",Hepion Pharmaceuticals,Hepion Pharmaceuticals,simple_name_variant,no_review_needed,Likely simple sponsor-name standardization.,Hepion Pharmaceuticals,Hepion Pharmaceuticals,Use dashboard_sponsor_name
"Oryn Therapeutics, LLC",Oryn Therapeutics,Oryn Therapeutics,simple_name_variant,no_review_needed,Likely simple sponsor-name standardization.,Oryn Therapeutics,Oryn Therapeutics,Use dashboard_sponsor_name
"Neomorph, Inc",Neomorph,Neomorph,simple_name_variant,no_review_needed,Likely simple sponsor-name standardization.,Neomorph,Neomorph,Use dashboard_sponsor_name
Molecure S.A.,Molecure,Molecure,simple_name_variant,no_review_needed,Likely simple sponsor-name standardization.,Molecure,Molecure,Use dashboard_sponsor_name
"TIXiMED, Inc.",TIXiMED,TIXiMED,simple_name_variant,no_review_needed,Likely simple sponsor-name standardization.,TIXiMED,TIXiMED,Use dashboard_sponsor_name
"TaiRx, Inc.",TaiRx,TaiRx,simple_name_variant,no_review_needed,Likely simple sponsor-name standardization.,TaiRx,TaiRx,Use dashboard_sponsor_name
Fresenius Kabi,Fresenius Kabi,Fresenius Kabi,left_as_is,no_review_needed,No related sponsor/parent mapping identified; kept as original sponsor name.,Fresenius Kabi,Fresenius Kabi,Use dashboard_sponsor_name
Dragonfly Therapeutics,Dragonfly Therapeutics,Dragonfly Therapeutics,left_as_is,no_review_needed,No related sponsor/parent mapping identified; kept as original sponsor name.,Dragonfly Therapeutics,Dragonfly Therapeutics,Use dashboard_sponsor_name
DEKA Biosciences,DEKA Biosciences,DEKA Biosciences,left_as_is,no_review_needed,No related sponsor/parent mapping identified; kept as original sponsor name.,DEKA Biosciences,DEKA Biosciences,Use dashboard_sponsor_name
Chiesi SAS,Chiesi,Chiesi,simple_name_variant,no_review_needed,Likely simple sponsor-name standardization.,Chiesi,Chiesi,Use dashboard_sponsor_name
"Osel, Inc.",Osel,Osel,simple_name_variant,no_review_needed,Likely simple sponsor-name standardization.,Osel,Osel,Use dashboard_sponsor_name
UTC Therapeutics Inc.,UTC Therapeutics,UTC Therapeutics,simple_name_variant,no_review_needed,Likely simple sponsor-name standardization.,UTC Therapeutics,UTC Therapeutics,Use dashboard_sponsor_name
Gliknik Inc.,Gliknik,Gliknik,simple_name_variant,no_review_needed,Likely simple sponsor-name standardization.,Gliknik,Gliknik,Use dashboard_sponsor_name
"Prostasis, LLC, dba Tonum Health",Tonum Health,Prostasis,acquisition_rollup_candidate,needs_review,"DBA  identified; mapped legal entity as parent, operating name as cleaned sponsor.",Tonum Health,Prostasis,Use dashboard_sponsor_name for now; parent rollup requires team decision
"1Globe Biomedical Co., Ltd.",1Globe Biomedical,1Globe Biomedical,simple_name_variant,no_review_needed,Likely simple sponsor-name standardization.,1Globe Biomedical,1Globe Biomedical,Use dashboard_sponsor_name
Incannex Healthcare Ltd,Incannex Healthcare,Incannex Healthcare,simple_name_variant,no_review_needed,Likely simple sponsor-name standardization.,Incannex Healthcare,Incannex Healthcare,Use dashboard_sponsor_name
"Agios Pharmaceuticals, Inc.",Agios Pharmaceuticals,Agios Pharmaceuticals,simple_name_variant,no_review_needed,Likely simple sponsor-name standardization.,Agios Pharmaceuticals,Agios Pharmaceuticals,Use dashboard_sponsor_name
"Terns, Inc.",Terns,Terns,simple_name_variant,no_review_needed,Likely simple sponsor-name standardization.,Terns,Terns,Use dashboard_sponsor_name
A2 Healthcare Taiwan Corporation,A2 Healthcare Taiwan,A2 Healthcare Taiwan,simple_name_variant,no_review_needed,Likely simple sponsor-name standardization.,A2 Healthcare Taiwan,A2 Healthcare Taiwan,Use dashboard_sponsor_name
"Mabscale, LLC",Mabscale,Mabscale,simple_name_variant,no_review_needed,Likely simple sponsor-name standardization.,Mabscale,Mabscale,Use dashboard_sponsor_name
Closed Loop Medicine,Closed Loop Medicine,Closed Loop Medicine,left_as_is,no_review_needed,No related sponsor/parent mapping identified; kept as original sponsor name.,Closed Loop Medicine,Closed Loop Medicine,Use dashboard_sponsor_name
Pharmalyte Solutions LLC,Pharmalyte Solutions,Pharmalyte Solutions,simple_name_variant,no_review_needed,Likely simple sponsor-name standardization.,Pharmalyte Solutions,Pharmalyte Solutions,Use dashboard_sponsor_name
Nanjing Chia-tai Tianqing Pharmaceutical,Nanjing Chia-tai Tianqing Pharmaceutical,Nanjing Chia-tai Tianqing Pharmaceutical,left_as_is,no_review_needed,No related sponsor/parent mapping identified; kept as original sponsor name.,Nanjing Chia-tai Tianqing Pharmaceutical,Nanjing Chia-tai Tianqing Pharmaceutical,Use dashboard_sponsor_name
Cumberland Pharmaceuticals,Cumberland Pharmaceuticals,Cumberland Pharmaceuticals,left_as_is,no_review_needed,No related sponsor/parent mapping identified; kept as original sponsor name.,Cumberland Pharmaceuticals,Cumberland Pharmaceuticals,Use dashboard_sponsor_name
"Gila Therapeutics, Inc.",Gila Therapeutics,Gila Therapeutics,simple_name_variant,no_review_needed,Likely simple sponsor-name standardization.,Gila Therapeutics,Gila Therapeutics,Use dashboard_sponsor_name
"VM Discovery, Inc.",VM Discovery,VM Discovery,simple_name_variant,no_review_needed,Likely simple sponsor-name standardization.,VM Discovery,VM Discovery,Use dashboard_sponsor_name
Eureka Therapeutics Inc.,Eureka Therapeutics,Eureka Therapeutics,simple_name_variant,no_review_needed,Likely simple sponsor-name standardization.,Eureka Therapeutics,Eureka Therapeutics,Use dashboard_sponsor_name
Arialys Australia Pty Ltd,Arialys Australia,Arialys Australia,simple_name_variant,no_review_needed,Likely simple sponsor-name standardization.,Arialys Australia,Arialys Australia,Use dashboard_sponsor_name
LISCure Biosciences,LISCure Biosciences,LISCure Biosciences,left_as_is,no_review_needed,No related sponsor/parent mapping identified; kept as original sponsor name.,LISCure Biosciences,LISCure Biosciences,Use dashboard_sponsor_name
"TScan Therapeutics, Inc.",TScan Therapeutics,TScan Therapeutics,simple_name_variant,no_review_needed,Likely simple sponsor-name standardization.,TScan Therapeutics,TScan Therapeutics,Use dashboard_sponsor_name
"89bio, Inc.",89bio,89bio,simple_name_variant,no_review_needed,Likely simple sponsor-name standardization.,89bio,89bio,Use dashboard_sponsor_name
Qurgen Inc.,Qurgen,Qurgen,simple_name_variant,no_review_needed,Likely simple sponsor-name standardization.,Qurgen,Qurgen,Use dashboard_sponsor_name
Ingenia Therapeutics INC,Ingenia Therapeutics,Ingenia Therapeutics,simple_name_variant,no_review_needed,Likely simple sponsor-name standardization.,Ingenia Therapeutics,Ingenia Therapeutics,Use dashboard_sponsor_name
Zucara Therapeutics Inc.,Zucara Therapeutics,Zucara Therapeutics,simple_name_variant,no_review_needed,Likely simple sponsor-name standardization.,Zucara Therapeutics,Zucara Therapeutics,Use dashboard_sponsor_name
Anji Pharma,Anji Pharma,Anji Pharma,left_as_is,no_review_needed,No related sponsor/parent mapping identified; kept as original sponsor name.,Anji Pharma,Anji Pharma,Use dashboard_sponsor_name
MacroGenics,MacroGenics,MacroGenics,left_as_is,no_review_needed,No related sponsor/parent mapping identified; kept as original sponsor name.,MacroGenics,MacroGenics,Use dashboard_sponsor_name
"Jacobio Pharmaceuticals Co., Ltd.",Jacobio Pharmaceuticals,Jacobio Pharmaceuticals,simple_name_variant,no_review_needed,Likely simple sponsor-name standardization.,Jacobio Pharmaceuticals,Jacobio Pharmaceuticals,Use dashboard_sponsor_name
Antabio,Antabio,Antabio,left_as_is,no_review_needed,No related sponsor/parent mapping identified; kept as original sponsor name.,Antabio,Antabio,Use dashboard_sponsor_name
Quark Pharmaceuticals,Quark Pharmaceuticals,Quark Pharmaceuticals,left_as_is,no_review_needed,No related sponsor/parent mapping identified; kept as original sponsor name.,Quark Pharmaceuticals,Quark Pharmaceuticals,Use dashboard_sponsor_name
"Hangzhou Reprogenix Bioscience, Inc",Hangzhou Reprogenix Bioscience,Hangzhou Reprogenix Bioscience,simple_name_variant,no_review_needed,Likely simple sponsor-name standardization.,Hangzhou Reprogenix Bioscience,Hangzhou Reprogenix Bioscience,Use dashboard_sponsor_name
"Skye Bioscience, Inc.",Skye Bioscience,Skye Bioscience,simple_name_variant,no_review_needed,Likely simple sponsor-name standardization.,Skye Bioscience,Skye Bioscience,Use dashboard_sponsor_name
Febico Biomedical Corp.,Febico Biomedical,Febico Biomedical,simple_name_variant,no_review_needed,Likely simple sponsor-name standardization.,Febico Biomedical,Febico Biomedical,Use dashboard_sponsor_name
"Halia Therapeutics, Inc.",Halia Therapeutics,Halia Therapeutics,simple_name_variant,no_review_needed,Likely simple sponsor-name standardization.,Halia Therapeutics,Halia Therapeutics,Use dashboard_sponsor_name
BioVersys AG,BioVersys,BioVersys,simple_name_variant,no_review_needed,Likely simple sponsor-name standardization.,BioVersys,BioVersys,Use dashboard_sponsor_name
Omega Therapeutics,Omega Therapeutics,Omega Therapeutics,left_as_is,no_review_needed,No related sponsor/parent mapping identified; kept as original sponsor name.,Omega Therapeutics,Omega Therapeutics,Use dashboard_sponsor_name
Alentis Therapeutics AG,Alentis Therapeutics,Alentis Therapeutics,simple_name_variant,no_review_needed,Likely simple sponsor-name standardization.,Alentis Therapeutics,Alentis Therapeutics,Use dashboard_sponsor_name
Lipum AB,Lipum,Lipum,simple_name_variant,no_review_needed,Likely simple sponsor-name standardization.,Lipum,Lipum,Use dashboard_sponsor_name
Anokion SA,Anokion,Anokion,simple_name_variant,no_review_needed,Likely simple sponsor-name standardization.,Anokion,Anokion,Use dashboard_sponsor_name
Nanogen Pharmaceutical Biotechnology Joint Stock Company,Nanogen Pharmaceutical Biotechnology,Nanogen Pharmaceutical Biotechnology,simple_name_variant,no_review_needed,Likely simple sponsor-name standardization.,Nanogen Pharmaceutical Biotechnology,Nanogen Pharmaceutical Biotechnology,Use dashboard_sponsor_name
Delfi Diagnostics Inc.,Delfi Diagnostics,Delfi Diagnostics,simple_name_variant,no_review_needed,Likely simple sponsor-name standardization.,Delfi Diagnostics,Delfi Diagnostics,Use dashboard_sponsor_name
Legacy Medical Consultants,Legacy Medical Consultants,Legacy Medical Consultants,left_as_is,no_review_needed,No related sponsor/parent mapping identified; kept as original sponsor name.,Legacy Medical Consultants,Legacy Medical Consultants,Use dashboard_sponsor_name
Rise Therapeutics LLC,Rise Therapeutics,Rise Therapeutics,simple_name_variant,no_review_needed,Likely simple sponsor-name standardization.,Rise Therapeutics,Rise Therapeutics,Use dashboard_sponsor_name
Prolaio,Prolaio,Prolaio,left_as_is,no_review_needed,No related sponsor/parent mapping identified; kept as original sponsor name.,Prolaio,Prolaio,Use dashboard_sponsor_name
A. Menarini International Licensing S.A.,A. Menarini International Licensing,Menarini Group,acquisition_rollup_candidate,needs_review,Parent identified via internal knowledge or explicit name string; keep operating name unless group approves rollup.,A. Menarini International Licensing,Menarini Group,Use dashboard_sponsor_name for now; parent rollup requires team decision
Shanghai Qilu Pharmaceutical Research and Development Center LTD,Shanghai Qilu Pharmaceutical Research and Development Cente,Shanghai Qilu Pharmaceutical Research and Development Cente,left_as_is,no_review_needed,No related sponsor/parent mapping identified; kept as original sponsor name.,Shanghai Qilu Pharmaceutical Research and Development Cente,Shanghai Qilu Pharmaceutical Research and Development Cente,Use dashboard_sponsor_name
"Corregene Biotechnology Co., Ltd",Corregene Biotechnology,Corregene Biotechnology,simple_name_variant,no_review_needed,Likely simple sponsor-name standardization.,Corregene Biotechnology,Corregene Biotechnology,Use dashboard_sponsor_name
MagIA Diagnostics,MagIA Diagnostics,MagIA Diagnostics,left_as_is,no_review_needed,No related sponsor/parent mapping identified; kept as original sponsor name.,MagIA Diagnostics,MagIA Diagnostics,Use dashboard_sponsor_name
NMD Pharma A/S,NMD Pharma,NMD Pharma,simple_name_variant,no_review_needed,Likely simple sponsor-name standardization.,NMD Pharma,NMD Pharma,Use dashboard_sponsor_name
Javier Toledo,Javier Toledo,Javier Toledo,left_as_is,no_review_needed,No related sponsor/parent mapping identified; kept as original sponsor name.,Javier Toledo,Javier Toledo,Use dashboard_sponsor_name
Gubra A/S,Gubra,Gubra,simple_name_variant,no_review_needed,Likely simple sponsor-name standardization.,Gubra,Gubra,Use dashboard_sponsor_name
"Kashiv BioSciences, LLC",Kashiv BioSciences,Kashiv BioSciences,simple_name_variant,no_review_needed,Likely simple sponsor-name standardization.,Kashiv BioSciences,Kashiv BioSciences,Use dashboard_sponsor_name
"Suzhou Zelgen Biopharmaceuticals Co.,Ltd",Suzhou Zelgen Biopharmaceuticals,Suzhou Zelgen Biopharmaceuticals,simple_name_variant,no_review_needed,Likely simple sponsor-name standardization.,Suzhou Zelgen Biopharmaceuticals,Suzhou Zelgen Biopharmaceuticals,Use dashboard_sponsor_name
SOTIO Biotech AG,SOTIO Biotech,SOTIO Biotech,simple_name_variant,no_review_needed,Likely simple sponsor-name standardization.,SOTIO Biotech,SOTIO Biotech,Use dashboard_sponsor_name
Momentum Data,Momentum Data,Momentum Data,left_as_is,no_review_needed,No related sponsor/parent mapping identified; kept as original sponsor name.,Momentum Data,Momentum Data,Use dashboard_sponsor_name
Biotheus Inc.,Biotheus,Biotheus,simple_name_variant,no_review_needed,Likely simple sponsor-name standardization.,Biotheus,Biotheus,Use dashboard_sponsor_name
"GI Innovation, Inc.",GI Innovation,GI Innovation,simple_name_variant,no_review_needed,Likely simple sponsor-name standardization.,GI Innovation,GI Innovation,Use dashboard_sponsor_name
Lassen Therapeutics Inc.,Lassen Therapeutics,Lassen Therapeutics,simple_name_variant,no_review_needed,Likely simple sponsor-name standardization.,Lassen Therapeutics,Lassen Therapeutics,Use dashboard_sponsor_name
"Lifordi Immunotherapeutics, Inc.",Lifordi Immunotherapeutics,Lifordi Immunotherapeutics,simple_name_variant,no_review_needed,Likely simple sponsor-name standardization.,Lifordi Immunotherapeutics,Lifordi Immunotherapeutics,Use dashboard_sponsor_name
Biocells Medical,Biocells Medical,Biocells Medical,left_as_is,no_review_needed,No related sponsor/parent mapping identified; kept as original sponsor name.,Biocells Medical,Biocells Medical,Use dashboard_sponsor_name
"Chengdu Kangnuoxing Biopharma,Inc.",Chengdu Kangnuoxing Biopharma,Chengdu Kangnuoxing Biopharma,simple_name_variant,no_review_needed,Likely simple sponsor-name standardization.,Chengdu Kangnuoxing Biopharma,Chengdu Kangnuoxing Biopharma,Use dashboard_sponsor_name
"Clarion Cells, Inc.",Clarion Cells,Clarion Cells,simple_name_variant,no_review_needed,Likely simple sponsor-name standardization.,Clarion Cells,Clarion Cells,Use dashboard_sponsor_name
Biophytis,Biophytis,Biophytis,left_as_is,no_review_needed,No related sponsor/parent mapping identified; kept as original sponsor name.,Biophytis,Biophytis,Use dashboard_sponsor_name
"Sling Therapeutics, Inc.",Sling Therapeutics,Sling Therapeutics,simple_name_variant,no_review_needed,Likely simple sponsor-name standardization.,Sling Therapeutics,Sling Therapeutics,Use dashboard_sponsor_name
Hovid Berhad,Hovid Berhad,Hovid Berhad,left_as_is,no_review_needed,No related sponsor/parent mapping identified; kept as original sponsor name.,Hovid Berhad,Hovid Berhad,Use dashboard_sponsor_name
Alethia Biotherapeutics,Alethia Biotherapeutics,Alethia Biotherapeutics,left_as_is,no_review_needed,No related sponsor/parent mapping identified; kept as original sponsor name.,Alethia Biotherapeutics,Alethia Biotherapeutics,Use dashboard_sponsor_name
OrbusNeich,OrbusNeich,OrbusNeich,left_as_is,no_review_needed,No related sponsor/parent mapping identified; kept as original sponsor name.,OrbusNeich,OrbusNeich,Use dashboard_sponsor_name
Arctic Therapeutics,Arctic Therapeutics,Arctic Therapeutics,left_as_is,no_review_needed,No related sponsor/parent mapping identified; kept as original sponsor name.,Arctic Therapeutics,Arctic Therapeutics,Use dashboard_sponsor_name
"Novelty Nobility, Inc.",Novelty Nobility,Novelty Nobility,simple_name_variant,no_review_needed,Likely simple sponsor-name standardization.,Novelty Nobility,Novelty Nobility,Use dashboard_sponsor_name
Allysta Pharmaceutical,Allysta Pharmaceutical,Allysta Pharmaceutical,left_as_is,no_review_needed,No related sponsor/parent mapping identified; kept as original sponsor name.,Allysta Pharmaceutical,Allysta Pharmaceutical,Use dashboard_sponsor_name
Arecor Limited,Arecor,Arecor,simple_name_variant,no_review_needed,Likely simple sponsor-name standardization.,Arecor,Arecor,Use dashboard_sponsor_name
Immunocore Ltd,Immunocore,Immunocore,simple_name_variant,no_review_needed,Likely simple sponsor-name standardization.,Immunocore,Immunocore,Use dashboard_sponsor_name
Prokidney,Prokidney,Prokidney,left_as_is,no_review_needed,No related sponsor/parent mapping identified; kept as original sponsor name.,Prokidney,Prokidney,Use dashboard_sponsor_name
"Sentien Biotechnologies, Inc.",Sentien Biotechnologies,Sentien Biotechnologies,simple_name_variant,no_review_needed,Likely simple sponsor-name standardization.,Sentien Biotechnologies,Sentien Biotechnologies,Use dashboard_sponsor_name
"Versanis Bio, Inc.",Versanis Bio,Eli Lilly,acquisition_rollup_candidate,needs_review,Parent identified via internal knowledge or explicit name string; keep operating name unless group approves rollup.,Versanis Bio,Eli Lilly,Use dashboard_sponsor_name for now; parent rollup requires team decision
GEK Srl,GEK,GEK,simple_name_variant,no_review_needed,Likely simple sponsor-name standardization.,GEK,GEK,Use dashboard_sponsor_name
"Portal Diabetes, Inc.",Portal Diabetes,Portal Diabetes,simple_name_variant,no_review_needed,Likely simple sponsor-name standardization.,Portal Diabetes,Portal Diabetes,Use dashboard_sponsor_name
DeuterOncology,DeuterOncology,DeuterOncology,left_as_is,no_review_needed,No related sponsor/parent mapping identified; kept as original sponsor name.,DeuterOncology,DeuterOncology,Use dashboard_sponsor_name
Medtronic Cardiac Surgery,Medtronic Cardiac Surgery,Medtronic,acquisition_rollup_candidate,needs_review,Parent identified via internal knowledge or explicit name string; keep operating name unless group approves rollup.,Medtronic Cardiac Surgery,Medtronic,Use dashboard_sponsor_name for now; parent rollup requires team decision
EicOsis Human Health Inc.,EicOsis Human Health,EicOsis Human Health,simple_name_variant,no_review_needed,Likely simple sponsor-name standardization.,EicOsis Human Health,EicOsis Human Health,Use dashboard_sponsor_name
AlgoTherapeutix,AlgoTherapeutix,AlgoTherapeutix,left_as_is,no_review_needed,No related sponsor/parent mapping identified; kept as original sponsor name.,AlgoTherapeutix,AlgoTherapeutix,Use dashboard_sponsor_name
"Beijing Supreme Life Pharmaceutical Technology Co., Ltd.",Beijing Supreme Life Pharmaceutical Technology,Beijing Supreme Life Pharmaceutical Technology,simple_name_variant,no_review_needed,Likely simple sponsor-name standardization.,Beijing Supreme Life Pharmaceutical Technology,Beijing Supreme Life Pharmaceutical Technology,Use dashboard_sponsor_name
"Spyre Therapeutics, Inc.",Spyre Therapeutics,Spyre Therapeutics,simple_name_variant,no_review_needed,Likely simple sponsor-name standardization.,Spyre Therapeutics,Spyre Therapeutics,Use dashboard_sponsor_name
"Kowa Research Institute, Inc.",Kowa Research Institute,Kowa Company,acquisition_rollup_candidate,needs_review,Parent identified via internal knowledge or explicit name string; keep operating name unless group approves rollup.,Kowa Research Institute,Kowa Company,Use dashboard_sponsor_name for now; parent rollup requires team decision
"Progentec Diagnostics, Inc.",Progentec Diagnostics,Progentec Diagnostics,simple_name_variant,no_review_needed,Likely simple sponsor-name standardization.,Progentec Diagnostics,Progentec Diagnostics,Use dashboard_sponsor_name
Tingting Xu,Tingting Xu,Tingting Xu,left_as_is,no_review_needed,No related sponsor/parent mapping identified; kept as original sponsor name.,Tingting Xu,Tingting Xu,Use dashboard_sponsor_name
"Guangdong Ruishun Biotech Co., Ltd",Guangdong Ruishun Biotech,Guangdong Ruishun Biotech,simple_name_variant,no_review_needed,Likely simple sponsor-name standardization.,Guangdong Ruishun Biotech,Guangdong Ruishun Biotech,Use dashboard_sponsor_name
"Tizona Therapeutics, Inc",Tizona Therapeutics,Tizona Therapeutics,simple_name_variant,no_review_needed,Likely simple sponsor-name standardization.,Tizona Therapeutics,Tizona Therapeutics,Use dashboard_sponsor_name
Shanghai Life Science & Technology,Shanghai Life Science & Technology,Shanghai Life Science & Technology,left_as_is,no_review_needed,No related sponsor/parent mapping identified; kept as original sponsor name.,Shanghai Life Science & Technology,Shanghai Life Science & Technology,Use dashboard_sponsor_name
Eledon Pharmaceuticals,Eledon Pharmaceuticals,Eledon Pharmaceuticals,left_as_is,no_review_needed,No related sponsor/parent mapping identified; kept as original sponsor name.,Eledon Pharmaceuticals,Eledon Pharmaceuticals,Use dashboard_sponsor_name
"Kiora Pharmaceuticals, Inc.",Kiora Pharmaceuticals,Kiora Pharmaceuticals,simple_name_variant,no_review_needed,Likely simple sponsor-name standardization.,Kiora Pharmaceuticals,Kiora Pharmaceuticals,Use dashboard_sponsor_name
Arbutus Biopharma Corporation,Arbutus Biopharma,Arbutus Biopharma,simple_name_variant,no_review_needed,Likely simple sponsor-name standardization.,Arbutus Biopharma,Arbutus Biopharma,Use dashboard_sponsor_name
Bespoke Clinical Research,Bespoke Clinical Research,Bespoke Clinical Research,left_as_is,no_review_needed,No related sponsor/parent mapping identified; kept as original sponsor name.,Bespoke Clinical Research,Bespoke Clinical Research,Use dashboard_sponsor_name
"SUNHO?China?BioPharmaceutical CO., Ltd.",SUNHO BioPharmaceutical,SUNHO BioPharmaceutical,simple_name_variant,no_review_needed,Likely simple sponsor-name standardization.,SUNHO BioPharmaceutical,SUNHO BioPharmaceutical,Use dashboard_sponsor_name
Brii Biosciences Limited,Brii Biosciences,Brii Biosciences,simple_name_variant,no_review_needed,Likely simple sponsor-name standardization.,Brii Biosciences,Brii Biosciences,Use dashboard_sponsor_name
"NGM Biopharmaceuticals, Inc",NGM Biopharmaceuticals,NGM Biopharmaceuticals,simple_name_variant,no_review_needed,Likely simple sponsor-name standardization.,NGM Biopharmaceuticals,NGM Biopharmaceuticals,Use dashboard_sponsor_name
Inreda Diabetic B.V.,Inreda Diabetic,Inreda Diabetic,simple_name_variant,no_review_needed,Likely simple sponsor-name standardization.,Inreda Diabetic,Inreda Diabetic,Use dashboard_sponsor_name
"Attune Health Research, Inc.",Attune Health Research,Attune Health Research,simple_name_variant,no_review_needed,Likely simple sponsor-name standardization.,Attune Health Research,Attune Health Research,Use dashboard_sponsor_name
"Suzhou Siran Biotechnology Co.,Ltd.",Suzhou Siran Biotechnology,Suzhou Siran Biotechnology,simple_name_variant,no_review_needed,Likely simple sponsor-name standardization.,Suzhou Siran Biotechnology,Suzhou Siran Biotechnology,Use dashboard_sponsor_name
Therenva,Therenva,Therenva,left_as_is,no_review_needed,No related sponsor/parent mapping identified; kept as original sponsor name.,Therenva,Therenva,Use dashboard_sponsor_name
"Tr1X, Inc.",Tr1X,Tr1X,simple_name_variant,no_review_needed,Likely simple sponsor-name standardization.,Tr1X,Tr1X,Use dashboard_sponsor_name
"Newish Technology (Beijing) Co., Ltd.",Newish Technology ,Newish Technology ,simple_name_variant,no_review_needed,Likely simple sponsor-name standardization.,Newish Technology ,Newish Technology ,Use dashboard_sponsor_name
"Akero Therapeutics, Inc",Akero Therapeutics,Akero Therapeutics,simple_name_variant,no_review_needed,Likely simple sponsor-name standardization.,Akero Therapeutics,Akero Therapeutics,Use dashboard_sponsor_name
Enyo Pharma,Enyo Pharma,Enyo Pharma,left_as_is,no_review_needed,No related sponsor/parent mapping identified; kept as original sponsor name.,Enyo Pharma,Enyo Pharma,Use dashboard_sponsor_name
AdAlta Limited,AdAlta,AdAlta,simple_name_variant,no_review_needed,Likely simple sponsor-name standardization.,AdAlta,AdAlta,Use dashboard_sponsor_name
Calliditas Therapeutics AB,Calliditas Therapeutics,Calliditas Therapeutics,acquisition_rollup_candidate,needs_review,Parent identified via internal knowledge or explicit name string; keep operating name unless group approves rollup.,Calliditas Therapeutics,Calliditas Therapeutics,Use dashboard_sponsor_name for now; parent rollup requires team decision
Galecto Biotech AB,Galecto Biotech,Galecto Biotech,simple_name_variant,no_review_needed,Likely simple sponsor-name standardization.,Galecto Biotech,Galecto Biotech,Use dashboard_sponsor_name
"Guangzhou Chia Tai Innovative Pharmaceutical Co., Ltd.",Guangzhou Chia Tai Innovative Pharmaceutical,Guangzhou Chia Tai Innovative Pharmaceutical,simple_name_variant,no_review_needed,Likely simple sponsor-name standardization.,Guangzhou Chia Tai Innovative Pharmaceutical,Guangzhou Chia Tai Innovative Pharmaceutical,Use dashboard_sponsor_name
"Clinical Nutrition Research Center, Illinois Institute of Technology","Clinical Nutrition Research Center, Illinois Institute of Technology","Clinical Nutrition Research Center, Illinois Institute of Technology",left_as_is,no_review_needed,No related sponsor/parent mapping identified; kept as original sponsor name.,"Clinical Nutrition Research Center, Illinois Institute of Technology","Clinical Nutrition Research Center, Illinois Institute of Technology",Use dashboard_sponsor_name
Geropharm,Geropharm,Geropharm,left_as_is,no_review_needed,No related sponsor/parent mapping identified; kept as original sponsor name.,Geropharm,Geropharm,Use dashboard_sponsor_name
Air Liquide Healthcare Spain,Air Liquide Healthcare Spain,Air Liquide,acquisition_rollup_candidate,needs_review,Parent identified via internal knowledge or explicit name string; keep operating name unless group approves rollup.,Air Liquide Healthcare Spain,Air Liquide,Use dashboard_sponsor_name for now; parent rollup requires team decision
Ophiomics,Ophiomics,Ophiomics,left_as_is,no_review_needed,No related sponsor/parent mapping identified; kept as original sponsor name.,Ophiomics,Ophiomics,Use dashboard_sponsor_name
AllerPops Corp,AllerPops,AllerPops,simple_name_variant,no_review_needed,Likely simple sponsor-name standardization.,AllerPops,AllerPops,Use dashboard_sponsor_name
Portage Biotech,Portage Biotech,Portage Biotech,left_as_is,no_review_needed,No related sponsor/parent mapping identified; kept as original sponsor name.,Portage Biotech,Portage Biotech,Use dashboard_sponsor_name
"Atea Pharmaceuticals, Inc.",Atea Pharmaceuticals,Atea Pharmaceuticals,simple_name_variant,no_review_needed,Likely simple sponsor-name standardization.,Atea Pharmaceuticals,Atea Pharmaceuticals,Use dashboard_sponsor_name
Dompé Farmaceutici S.p.A,Dompé Farmaceutici,Dompé Farmaceutici,simple_name_variant,no_review_needed,Likely simple sponsor-name standardization.,Dompé Farmaceutici,Dompé Farmaceutici,Use dashboard_sponsor_name
"Portal Therapeutics, Inc.",Portal Therapeutics,Portal Therapeutics,simple_name_variant,no_review_needed,Likely simple sponsor-name standardization.,Portal Therapeutics,Portal Therapeutics,Use dashboard_sponsor_name
"R-Pharm International, LLC",R-Pharm International,R-Pharm International,simple_name_variant,no_review_needed,Likely simple sponsor-name standardization.,R-Pharm International,R-Pharm International,Use dashboard_sponsor_name
"Ausper Biopharma Co., Ltd.",Ausper Biopharma,Ausper Biopharma,simple_name_variant,no_review_needed,Likely simple sponsor-name standardization.,Ausper Biopharma,Ausper Biopharma,Use dashboard_sponsor_name
Kobe University,Kobe University,Kobe University,left_as_is,no_review_needed,No related sponsor/parent mapping identified; kept as original sponsor name.,Kobe University,Kobe University,Use dashboard_sponsor_name
Groupe Éthique et Santé,Groupe Éthique et Santé,Groupe Éthique et Santé,left_as_is,no_review_needed,No related sponsor/parent mapping identified; kept as original sponsor name.,Groupe Éthique et Santé,Groupe Éthique et Santé,Use dashboard_sponsor_name
BioPorto Diagnostics,BioPorto Diagnostics,BioPorto Diagnostics,left_as_is,no_review_needed,No related sponsor/parent mapping identified; kept as original sponsor name.,BioPorto Diagnostics,BioPorto Diagnostics,Use dashboard_sponsor_name
"Vivacta Biotechnology  Co., Ltd.",Vivacta Biotechnology ,Vivacta Biotechnology ,simple_name_variant,no_review_needed,Likely simple sponsor-name standardization.,Vivacta Biotechnology ,Vivacta Biotechnology ,Use dashboard_sponsor_name
Faron Pharmaceuticals Ltd,Faron Pharmaceuticals,Faron Pharmaceuticals,simple_name_variant,no_review_needed,Likely simple sponsor-name standardization.,Faron Pharmaceuticals,Faron Pharmaceuticals,Use dashboard_sponsor_name
"Viking Therapeutics, Inc.",Viking Therapeutics,Viking Therapeutics,simple_name_variant,no_review_needed,Likely simple sponsor-name standardization.,Viking Therapeutics,Viking Therapeutics,Use dashboard_sponsor_name
Elephas,Elephas,Elephas,left_as_is,no_review_needed,No related sponsor/parent mapping identified; kept as original sponsor name.,Elephas,Elephas,Use dashboard_sponsor_name
EdiGene Inc.,EdiGene,EdiGene,simple_name_variant,no_review_needed,Likely simple sponsor-name standardization.,EdiGene,EdiGene,Use dashboard_sponsor_name
MedImmune LLC,MedImmune,AstraZeneca,acquisition_rollup_candidate,needs_review,Parent identified via internal knowledge or explicit name string; keep operating name unless group approves rollup.,MedImmune,AstraZeneca,Use dashboard_sponsor_name for now; parent rollup requires team decision
Genoscience Pharma,Genoscience Pharma,Genoscience Pharma,left_as_is,no_review_needed,No related sponsor/parent mapping identified; kept as original sponsor name.,Genoscience Pharma,Genoscience Pharma,Use dashboard_sponsor_name
"Kezar Life Sciences, Inc.",Kezar Life Sciences,Kezar Life Sciences,simple_name_variant,no_review_needed,Likely simple sponsor-name standardization.,Kezar Life Sciences,Kezar Life Sciences,Use dashboard_sponsor_name
"Bostal Drug Delivery Co., Ltd",Bostal Drug Delivery,Bostal Drug Delivery,simple_name_variant,no_review_needed,Likely simple sponsor-name standardization.,Bostal Drug Delivery,Bostal Drug Delivery,Use dashboard_sponsor_name
eMyosound SAS,eMyosound,eMyosound,simple_name_variant,no_review_needed,Likely simple sponsor-name standardization.,eMyosound,eMyosound,Use dashboard_sponsor_name
Neukidney Inc.,Neukidney,Neukidney,simple_name_variant,no_review_needed,Likely simple sponsor-name standardization.,Neukidney,Neukidney,Use dashboard_sponsor_name
"Genexine, Inc.",Genexine,Genexine,simple_name_variant,no_review_needed,Likely simple sponsor-name standardization.,Genexine,Genexine,Use dashboard_sponsor_name
GeneCradle Inc,GeneCradle,GeneCradle,simple_name_variant,no_review_needed,Likely simple sponsor-name standardization.,GeneCradle,GeneCradle,Use dashboard_sponsor_name
"Ventus Therapeutics U.S., Inc.",Ventus Therapeutics U.S.,Ventus Therapeutics U.S.,simple_name_variant,no_review_needed,Likely simple sponsor-name standardization.,Ventus Therapeutics U.S.,Ventus Therapeutics U.S.,Use dashboard_sponsor_name
"Century Therapeutics, Inc.",Century Therapeutics,Century Therapeutics,simple_name_variant,no_review_needed,Likely simple sponsor-name standardization.,Century Therapeutics,Century Therapeutics,Use dashboard_sponsor_name
"Corium Innovations, Inc.",Corium Innovations,Corium Innovations,simple_name_variant,no_review_needed,Likely simple sponsor-name standardization.,Corium Innovations,Corium Innovations,Use dashboard_sponsor_name
Camurus AB,Camurus,Camurus,simple_name_variant,no_review_needed,Likely simple sponsor-name standardization.,Camurus,Camurus,Use dashboard_sponsor_name
Celregen Therapeutics,Celregen Therapeutics,Celregen Therapeutics,left_as_is,no_review_needed,No related sponsor/parent mapping identified; kept as original sponsor name.,Celregen Therapeutics,Celregen Therapeutics,Use dashboard_sponsor_name
Diasome Pharmaceuticals,Diasome Pharmaceuticals,Diasome Pharmaceuticals,left_as_is,no_review_needed,No related sponsor/parent mapping identified; kept as original sponsor name.,Diasome Pharmaceuticals,Diasome Pharmaceuticals,Use dashboard_sponsor_name
"Endeavor Biomedicines, Inc.",Endeavor Biomedicines,Endeavor Biomedicines,simple_name_variant,no_review_needed,Likely simple sponsor-name standardization.,Endeavor Biomedicines,Endeavor Biomedicines,Use dashboard_sponsor_name
"Aldeyra Therapeutics, Inc.",Aldeyra Therapeutics,Aldeyra Therapeutics,simple_name_variant,no_review_needed,Likely simple sponsor-name standardization.,Aldeyra Therapeutics,Aldeyra Therapeutics,Use dashboard_sponsor_name
Angel Argiles,Angel Argiles,Angel Argiles,left_as_is,no_review_needed,No related sponsor/parent mapping identified; kept as original sponsor name.,Angel Argiles,Angel Argiles,Use dashboard_sponsor_name
Oxurion,Oxurion,Oxurion,left_as_is,no_review_needed,No related sponsor/parent mapping identified; kept as original sponsor name.,Oxurion,Oxurion,Use dashboard_sponsor_name
"Phraxis, Inc.",Phraxis,Phraxis,simple_name_variant,no_review_needed,Likely simple sponsor-name standardization.,Phraxis,Phraxis,Use dashboard_sponsor_name
Renata PLC,Renata,Renata,simple_name_variant,no_review_needed,Likely simple sponsor-name standardization.,Renata,Renata,Use dashboard_sponsor_name
Sitala Bio LTD,Sitala Bio,Sitala Bio,simple_name_variant,no_review_needed,Likely simple sponsor-name standardization.,Sitala Bio,Sitala Bio,Use dashboard_sponsor_name
Nurea,Nurea,Nurea,left_as_is,no_review_needed,No related sponsor/parent mapping identified; kept as original sponsor name.,Nurea,Nurea,Use dashboard_sponsor_name
Zhejiang Biostar Biotechnology Co.,Zhejiang Biostar Biotechnology,Zhejiang Biostar Biotechnology,simple_name_variant,no_review_needed,Likely simple sponsor-name standardization.,Zhejiang Biostar Biotechnology,Zhejiang Biostar Biotechnology,Use dashboard_sponsor_name
"Aqtual, Inc.",Aqtual,Aqtual,simple_name_variant,no_review_needed,Likely simple sponsor-name standardization.,Aqtual,Aqtual,Use dashboard_sponsor_name
NC Medial Research Inc,NC Medial Research,NC Medial Research,simple_name_variant,no_review_needed,Likely simple sponsor-name standardization.,NC Medial Research,NC Medial Research,Use dashboard_sponsor_name
Veralox Therapeutics,Veralox Therapeutics,Veralox Therapeutics,left_as_is,no_review_needed,No related sponsor/parent mapping identified; kept as original sponsor name.,Veralox Therapeutics,Veralox Therapeutics,Use dashboard_sponsor_name
Astellas Gene Therapies,Astellas Gene Therapies,Astellas Pharma,acquisition_rollup_candidate,needs_review,Parent identified via internal knowledge or explicit name string; keep operating name unless group approves rollup.,Astellas Gene Therapies,Astellas Pharma,Use dashboard_sponsor_name for now; parent rollup requires team decision
"Anelixis Therapeutics, LLC",Anelixis Therapeutics,Anelixis Therapeutics,simple_name_variant,no_review_needed,Likely simple sponsor-name standardization.,Anelixis Therapeutics,Anelixis Therapeutics,Use dashboard_sponsor_name
"Epigenic Therapeutics, Inc",Epigenic Therapeutics,Epigenic Therapeutics,simple_name_variant,no_review_needed,Likely simple sponsor-name standardization.,Epigenic Therapeutics,Epigenic Therapeutics,Use dashboard_sponsor_name
"NanOlogy, LLC",NanOlogy,NanOlogy,simple_name_variant,no_review_needed,Likely simple sponsor-name standardization.,NanOlogy,NanOlogy,Use dashboard_sponsor_name
Walden Biosciences,Walden Biosciences,Walden Biosciences,left_as_is,no_review_needed,No related sponsor/parent mapping identified; kept as original sponsor name.,Walden Biosciences,Walden Biosciences,Use dashboard_sponsor_name
Whole Endo,Whole Endo,Whole Endo,left_as_is,no_review_needed,No related sponsor/parent mapping identified; kept as original sponsor name.,Whole Endo,Whole Endo,Use dashboard_sponsor_name
"Tvardi Therapeutics, Incorporated",Tvardi Therapeutics,Tvardi Therapeutics,simple_name_variant,no_review_needed,Likely simple sponsor-name standardization.,Tvardi Therapeutics,Tvardi Therapeutics,Use dashboard_sponsor_name
"Shanghai Haiyan Pharmaceutical Technology Co., Ltd.",Shanghai Haiyan Pharmaceutical Technology,Shanghai Haiyan Pharmaceutical Technology,simple_name_variant,no_review_needed,Likely simple sponsor-name standardization.,Shanghai Haiyan Pharmaceutical Technology,Shanghai Haiyan Pharmaceutical Technology,Use dashboard_sponsor_name
Concert Pharmaceuticals,Concert Pharmaceuticals,Sun Pharma,acquisition_rollup_candidate,needs_review,Parent identified via internal knowledge or explicit name string; keep operating name unless group approves rollup.,Concert Pharmaceuticals,Sun Pharma,Use dashboard_sponsor_name for now; parent rollup requires team decision
ZS Associates,ZS Associates,ZS Associates,left_as_is,no_review_needed,No related sponsor/parent mapping identified; kept as original sponsor name.,ZS Associates,ZS Associates,Use dashboard_sponsor_name
"Immunomolecular Therapeutics, Inc.",Immunomolecular Therapeutics,Immunomolecular Therapeutics,simple_name_variant,no_review_needed,Likely simple sponsor-name standardization.,Immunomolecular Therapeutics,Immunomolecular Therapeutics,Use dashboard_sponsor_name
"Aulos Bioscience, Inc.",Aulos Bioscience,Aulos Bioscience,simple_name_variant,no_review_needed,Likely simple sponsor-name standardization.,Aulos Bioscience,Aulos Bioscience,Use dashboard_sponsor_name
Entero Therapeutics,Entero Therapeutics,Entero Therapeutics,left_as_is,no_review_needed,No related sponsor/parent mapping identified; kept as original sponsor name.,Entero Therapeutics,Entero Therapeutics,Use dashboard_sponsor_name
Apnimed,Apnimed,Apnimed,left_as_is,no_review_needed,No related sponsor/parent mapping identified; kept as original sponsor name.,Apnimed,Apnimed,Use dashboard_sponsor_name
AB Science,AB Science,AB Science,left_as_is,no_review_needed,No related sponsor/parent mapping identified; kept as original sponsor name.,AB Science,AB Science,Use dashboard_sponsor_name
Biolexis Therapeutics,Biolexis Therapeutics,Biolexis Therapeutics,left_as_is,no_review_needed,No related sponsor/parent mapping identified; kept as original sponsor name.,Biolexis Therapeutics,Biolexis Therapeutics,Use dashboard_sponsor_name
Neutec Ar-Ge San ve Tic A.?,Neutec Ar-Ge,Neutec Ar-Ge,simple_name_variant,no_review_needed,Likely simple sponsor-name standardization.,Neutec Ar-Ge,Neutec Ar-Ge,Use dashboard_sponsor_name
"Shanghai Ming Ju Biotechnology Co., Ltd.",Shanghai Ming Ju Biotechnology,Shanghai Ming Ju Biotechnology,simple_name_variant,no_review_needed,Likely simple sponsor-name standardization.,Shanghai Ming Ju Biotechnology,Shanghai Ming Ju Biotechnology,Use dashboard_sponsor_name
Athos Therapeutics Inc,Athos Therapeutics,Athos Therapeutics,simple_name_variant,no_review_needed,Likely simple sponsor-name standardization.,Athos Therapeutics,Athos Therapeutics,Use dashboard_sponsor_name
Memo Therapeutics AG,Memo Therapeutics,Memo Therapeutics,simple_name_variant,no_review_needed,Likely simple sponsor-name standardization.,Memo Therapeutics,Memo Therapeutics,Use dashboard_sponsor_name
Agenus Inc.,Agenus,Agenus,simple_name_variant,no_review_needed,Likely simple sponsor-name standardization.,Agenus,Agenus,Use dashboard_sponsor_name
"RayzeBio, Inc.",RayzeBio,Bristol Myers Squibb,acquisition_rollup_candidate,needs_review,Parent identified via internal knowledge or explicit name string; keep operating name unless group approves rollup.,RayzeBio,Bristol Myers Squibb,Use dashboard_sponsor_name for now; parent rollup requires team decision
TherOx,TherOx,ZOLL Medical,acquisition_rollup_candidate,needs_review,Parent identified via internal knowledge or explicit name string; keep operating name unless group approves rollup.,TherOx,ZOLL Medical,Use dashboard_sponsor_name for now; parent rollup requires team decision
Shanton Pharma Pte. Ltd.,Shanton Pharma,Shanton Pharma,simple_name_variant,no_review_needed,Likely simple sponsor-name standardization.,Shanton Pharma,Shanton Pharma,Use dashboard_sponsor_name
Xi'An Aolitai Pharmaceutical Technology Co Ltd,Xi'An Aolitai Pharmaceutical Technology,Xi'An Aolitai Pharmaceutical Technology,simple_name_variant,no_review_needed,Likely simple sponsor-name standardization.,Xi'An Aolitai Pharmaceutical Technology,Xi'An Aolitai Pharmaceutical Technology,Use dashboard_sponsor_name
Satelia,Satelia,Satelia,left_as_is,no_review_needed,No related sponsor/parent mapping identified; kept as original sponsor name.,Satelia,Satelia,Use dashboard_sponsor_name
"Shanghai Jiaolian Drug Research and Development Co., Ltd",Shanghai Jiaolian Drug Research and Development,Shanghai Jiaolian Drug Research and Development,simple_name_variant,no_review_needed,Likely simple sponsor-name standardization.,Shanghai Jiaolian Drug Research and Development,Shanghai Jiaolian Drug Research and Development,Use dashboard_sponsor_name
Prenome,Prenome,Prenome,left_as_is,no_review_needed,No related sponsor/parent mapping identified; kept as original sponsor name.,Prenome,Prenome,Use dashboard_sponsor_name
Novome Biotechnologies Inc,Novome Biotechnologies,Novome Biotechnologies,simple_name_variant,no_review_needed,Likely simple sponsor-name standardization.,Novome Biotechnologies,Novome Biotechnologies,Use dashboard_sponsor_name
"Rigerna Therapeutics Co., Ltd.; Rigerna Therapeutics (Beijing) Co., Ltd.",Rigerna Therapeutics,Rigerna Therapeutics,simple_name_variant,no_review_needed,Likely simple sponsor-name standardization.,Rigerna Therapeutics,Rigerna Therapeutics,Use dashboard_sponsor_name
Artelus AI,Artelus AI,Artelus AI,left_as_is,no_review_needed,No related sponsor/parent mapping identified; kept as original sponsor name.,Artelus AI,Artelus AI,Use dashboard_sponsor_name
Kyverna Therapeutics,Kyverna Therapeutics,Kyverna Therapeutics,left_as_is,no_review_needed,No related sponsor/parent mapping identified; kept as original sponsor name.,Kyverna Therapeutics,Kyverna Therapeutics,Use dashboard_sponsor_name
"Lynk Pharmaceuticals Co., Ltd",Lynk Pharmaceuticals,Lynk Pharmaceuticals,simple_name_variant,no_review_needed,Likely simple sponsor-name standardization.,Lynk Pharmaceuticals,Lynk Pharmaceuticals,Use dashboard_sponsor_name
PharmaEssentia,PharmaEssentia,PharmaEssentia,left_as_is,no_review_needed,No related sponsor/parent mapping identified; kept as original sponsor name.,PharmaEssentia,PharmaEssentia,Use dashboard_sponsor_name
"Transplant Genomics, Inc.",Transplant Genomics,Eurofins Scientific,acquisition_rollup_candidate,needs_review,Parent identified via internal knowledge or explicit name string; keep operating name unless group approves rollup.,Transplant Genomics,Eurofins Scientific,Use dashboard_sponsor_name for now; parent rollup requires team decision
"Ashvattha Therapeutics, Inc.",Ashvattha Therapeutics,Ashvattha Therapeutics,simple_name_variant,no_review_needed,Likely simple sponsor-name standardization.,Ashvattha Therapeutics,Ashvattha Therapeutics,Use dashboard_sponsor_name
Dexa Medica Group,Dexa Medica Group,Dexa Medica Group,left_as_is,no_review_needed,No related sponsor/parent mapping identified; kept as original sponsor name.,Dexa Medica Group,Dexa Medica Group,Use dashboard_sponsor_name
Rapa Therapeutics LLC,Rapa Therapeutics,Rapa Therapeutics,simple_name_variant,no_review_needed,Likely simple sponsor-name standardization.,Rapa Therapeutics,Rapa Therapeutics,Use dashboard_sponsor_name
Nova Biomedical,Nova Biomedical,Nova Biomedical,left_as_is,no_review_needed,No related sponsor/parent mapping identified; kept as original sponsor name.,Nova Biomedical,Nova Biomedical,Use dashboard_sponsor_name
Ligand Pharmaceuticals,Ligand Pharmaceuticals,Ligand Pharmaceuticals,left_as_is,no_review_needed,No related sponsor/parent mapping identified; kept as original sponsor name.,Ligand Pharmaceuticals,Ligand Pharmaceuticals,Use dashboard_sponsor_name
Hutchmed,Hutchmed,Hutchmed,left_as_is,no_review_needed,No related sponsor/parent mapping identified; kept as original sponsor name.,Hutchmed,Hutchmed,Use dashboard_sponsor_name
Cabaletta Bio,Cabaletta Bio,Cabaletta Bio,left_as_is,no_review_needed,No related sponsor/parent mapping identified; kept as original sponsor name.,Cabaletta Bio,Cabaletta Bio,Use dashboard_sponsor_name
Terumo Europe N.V.,Terumo Europe,Terumo,acquisition_rollup_candidate,needs_review,Parent identified via internal knowledge or explicit name string; keep operating name unless group approves rollup.,Terumo Europe,Terumo,Use dashboard_sponsor_name for now; parent rollup requires team decision
Inversago Pharma Inc.,Inversago Pharma,Novo Nordisk,acquisition_rollup_candidate,needs_review,Parent identified via internal knowledge or explicit name string; keep operating name unless group approves rollup.,Inversago Pharma,Novo Nordisk,Use dashboard_sponsor_name for now; parent rollup requires team decision
SOS Oxygene Mediterranee,SOS Oxygene Mediterranee,SOS Oxygene Mediterranee,left_as_is,no_review_needed,No related sponsor/parent mapping identified; kept as original sponsor name.,SOS Oxygene Mediterranee,SOS Oxygene Mediterranee,Use dashboard_sponsor_name
Hercules,Hercules,Hercules,left_as_is,no_review_needed,No related sponsor/parent mapping identified; kept as original sponsor name.,Hercules,Hercules,Use dashboard_sponsor_name
Cell>Point LLC,Cell>Point,Cell>Point,simple_name_variant,no_review_needed,Likely simple sponsor-name standardization.,Cell>Point,Cell>Point,Use dashboard_sponsor_name
"OPKO Health, Inc.",OPKO Health,OPKO Health,simple_name_variant,no_review_needed,Likely simple sponsor-name standardization.,OPKO Health,OPKO Health,Use dashboard_sponsor_name
F2G Biotech GmbH,F2G Biotech,F2G Biotech,simple_name_variant,no_review_needed,Likely simple sponsor-name standardization.,F2G Biotech,F2G Biotech,Use dashboard_sponsor_name
Dynavax Technologies Corporation,Dynavax Technologies,Dynavax Technologies,simple_name_variant,no_review_needed,Likely simple sponsor-name standardization.,Dynavax Technologies,Dynavax Technologies,Use dashboard_sponsor_name
Navidea Biopharmaceuticals,Navidea Biopharmaceuticals,Navidea Biopharmaceuticals,left_as_is,no_review_needed,No related sponsor/parent mapping identified; kept as original sponsor name.,Navidea Biopharmaceuticals,Navidea Biopharmaceuticals,Use dashboard_sponsor_name
"Sciwind Biosciences USA Co., Ltd.",Sciwind Biosciences USA,Sciwind Biosciences USA,simple_name_variant,no_review_needed,Likely simple sponsor-name standardization.,Sciwind Biosciences USA,Sciwind Biosciences USA,Use dashboard_sponsor_name
"Base Therapeutics (Shanghai) Co., Ltd.",Base Therapeutics ,Base Therapeutics ,simple_name_variant,no_review_needed,Likely simple sponsor-name standardization.,Base Therapeutics ,Base Therapeutics ,Use dashboard_sponsor_name
"Jiangsu BioJeTay Biotechnology Co., Ltd.",Jiangsu BioJeTay Biotechnology,Jiangsu BioJeTay Biotechnology,simple_name_variant,no_review_needed,Likely simple sponsor-name standardization.,Jiangsu BioJeTay Biotechnology,Jiangsu BioJeTay Biotechnology,Use dashboard_sponsor_name
"Bausch Health Americas, Inc.",Bausch Health Americas,Bausch Health,acquisition_rollup_candidate,needs_review,Parent identified via internal knowledge or explicit name string; keep operating name unless group approves rollup.,Bausch Health Americas,Bausch Health,Use dashboard_sponsor_name for now; parent rollup requires team decision
"Suzhou HepaThera Biotech Co., Ltd.",Suzhou HepaThera Biotech,Suzhou HepaThera Biotech,simple_name_variant,no_review_needed,Likely simple sponsor-name standardization.,Suzhou HepaThera Biotech,Suzhou HepaThera Biotech,Use dashboard_sponsor_name
"CalciMedica, Inc.",CalciMedica,CalciMedica,simple_name_variant,no_review_needed,Likely simple sponsor-name standardization.,CalciMedica,CalciMedica,Use dashboard_sponsor_name
Capstan Therapeutics,Capstan Therapeutics,Capstan Therapeutics,left_as_is,no_review_needed,No related sponsor/parent mapping identified; kept as original sponsor name.,Capstan Therapeutics,Capstan Therapeutics,Use dashboard_sponsor_name
EMS,EMS,EMS,left_as_is,no_review_needed,No related sponsor/parent mapping identified; kept as original sponsor name.,EMS,EMS,Use dashboard_sponsor_name
Withings,Withings,Withings,left_as_is,no_review_needed,No related sponsor/parent mapping identified; kept as original sponsor name.,Withings,Withings,Use dashboard_sponsor_name
Corbus Pharmaceuticals Inc.,Corbus Pharmaceuticals,Corbus Pharmaceuticals,simple_name_variant,no_review_needed,Likely simple sponsor-name standardization.,Corbus Pharmaceuticals,Corbus Pharmaceuticals,Use dashboard_sponsor_name
VectivBio AG,VectivBio,VectivBio,simple_name_variant,no_review_needed,Likely simple sponsor-name standardization.,VectivBio,VectivBio,Use dashboard_sponsor_name
Vidya Therapeutics Inc,Vidya Therapeutics,Vidya Therapeutics,simple_name_variant,no_review_needed,Likely simple sponsor-name standardization.,Vidya Therapeutics,Vidya Therapeutics,Use dashboard_sponsor_name
"Nihon Pharmaceutical Co., Ltd",Nihon Pharmaceutical,Nihon Pharmaceutical,simple_name_variant,no_review_needed,Likely simple sponsor-name standardization.,Nihon Pharmaceutical,Nihon Pharmaceutical,Use dashboard_sponsor_name
Harbour BioMed (Guangzhou) Co. Ltd.,Harbour BioMed ,Harbour BioMed ,simple_name_variant,no_review_needed,Likely simple sponsor-name standardization.,Harbour BioMed ,Harbour BioMed ,Use dashboard_sponsor_name
Jiangsu Renocell Biotech Company,Jiangsu Renocell Biotech,Jiangsu Renocell Biotech,simple_name_variant,no_review_needed,Likely simple sponsor-name standardization.,Jiangsu Renocell Biotech,Jiangsu Renocell Biotech,Use dashboard_sponsor_name
Aktiia SA,Aktiia,Aktiia,simple_name_variant,no_review_needed,Likely simple sponsor-name standardization.,Aktiia,Aktiia,Use dashboard_sponsor_name
"COUR Pharmaceutical Development Company, Inc.",COUR Pharmaceutical Development,COUR Pharmaceutical Development,simple_name_variant,no_review_needed,Likely simple sponsor-name standardization.,COUR Pharmaceutical Development,COUR Pharmaceutical Development,Use dashboard_sponsor_name
"DNAtrix, Inc.",DNAtrix,DNAtrix,simple_name_variant,no_review_needed,Likely simple sponsor-name standardization.,DNAtrix,DNAtrix,Use dashboard_sponsor_name
"Sichuan Baili Pharmaceutical Co., Ltd.",Sichuan Baili Pharmaceutical,Sichuan Baili Pharmaceutical,simple_name_variant,no_review_needed,Likely simple sponsor-name standardization.,Sichuan Baili Pharmaceutical,Sichuan Baili Pharmaceutical,Use dashboard_sponsor_name
Yangtze River Pharmaceutical Group Jiangsu Zilong Pharmaceutical Co. Ltd,Yangtze River Pharmaceutical Group Jiangsu Zilong Pharmaceuti,Yangtze River Pharmaceutical Group Jiangsu Zilong Pharmaceuti,left_as_is,no_review_needed,No related sponsor/parent mapping identified; kept as original sponsor name.,Yangtze River Pharmaceutical Group Jiangsu Zilong Pharmaceuti,Yangtze River Pharmaceutical Group Jiangsu Zilong Pharmaceuti,Use dashboard_sponsor_name
BioSensics,BioSensics,BioSensics,left_as_is,no_review_needed,No related sponsor/parent mapping identified; kept as original sponsor name.,BioSensics,BioSensics,Use dashboard_sponsor_name
Telix Pharmaceuticals (Innovations) Pty Limited,Telix Pharmaceuticals ,Telix Pharmaceuticals ,simple_name_variant,no_review_needed,Likely simple sponsor-name standardization.,Telix Pharmaceuticals ,Telix Pharmaceuticals ,Use dashboard_sponsor_name
"Cassava Sciences, Inc.",Cassava Sciences,Cassava Sciences,simple_name_variant,no_review_needed,Likely simple sponsor-name standardization.,Cassava Sciences,Cassava Sciences,Use dashboard_sponsor_name
"Cara Therapeutics, Inc.",Cara Therapeutics,Cara Therapeutics,simple_name_variant,no_review_needed,Likely simple sponsor-name standardization.,Cara Therapeutics,Cara Therapeutics,Use dashboard_sponsor_name
"TJ Biopharma Co., Ltd.",TJ Biopharma,TJ Biopharma,simple_name_variant,no_review_needed,Likely simple sponsor-name standardization.,TJ Biopharma,TJ Biopharma,Use dashboard_sponsor_name
"Jiangsu Topcel-KH Pharmaceutical Co., Ltd.",Jiangsu Topcel-KH Pharmaceutical,Jiangsu Topcel-KH Pharmaceutical,simple_name_variant,no_review_needed,Likely simple sponsor-name standardization.,Jiangsu Topcel-KH Pharmaceutical,Jiangsu Topcel-KH Pharmaceutical,Use dashboard_sponsor_name
Nektar Therapeutics,Nektar Therapeutics,Nektar Therapeutics,left_as_is,no_review_needed,No related sponsor/parent mapping identified; kept as original sponsor name.,Nektar Therapeutics,Nektar Therapeutics,Use dashboard_sponsor_name
OSE Immunotherapeutics,OSE Immunotherapeutics,OSE Immunotherapeutics,left_as_is,no_review_needed,No related sponsor/parent mapping identified; kept as original sponsor name.,OSE Immunotherapeutics,OSE Immunotherapeutics,Use dashboard_sponsor_name
"DyAnsys, Inc.",DyAnsys,DyAnsys,simple_name_variant,no_review_needed,Likely simple sponsor-name standardization.,DyAnsys,DyAnsys,Use dashboard_sponsor_name
Taproot Health,Taproot Health,Taproot Health,left_as_is,no_review_needed,No related sponsor/parent mapping identified; kept as original sponsor name.,Taproot Health,Taproot Health,Use dashboard_sponsor_name
"Astute Medical, Inc.",Astute Medical,Astute Medical,simple_name_variant,no_review_needed,Likely simple sponsor-name standardization.,Astute Medical,Astute Medical,Use dashboard_sponsor_name
Exelixis,Exelixis,Exelixis,left_as_is,no_review_needed,No related sponsor/parent mapping identified; kept as original sponsor name.,Exelixis,Exelixis,Use dashboard_sponsor_name
Arthesys,Arthesys,Arthesys,left_as_is,no_review_needed,No related sponsor/parent mapping identified; kept as original sponsor name.,Arthesys,Arthesys,Use dashboard_sponsor_name
"AION Healthspan, Inc.",AION Healthspan,AION Healthspan,simple_name_variant,no_review_needed,Likely simple sponsor-name standardization.,AION Healthspan,AION Healthspan,Use dashboard_sponsor_name
Serodus AS,Serodus,Serodus,simple_name_variant,no_review_needed,Likely simple sponsor-name standardization.,Serodus,Serodus,Use dashboard_sponsor_name
Lubris Bio Pty Ltd,Lubris Bio,Lubris Bio,simple_name_variant,no_review_needed,Likely simple sponsor-name standardization.,Lubris Bio,Lubris Bio,Use dashboard_sponsor_name
Davita Clinical Research,Davita Clinical Research,Davita Clinical Research,left_as_is,no_review_needed,No related sponsor/parent mapping identified; kept as original sponsor name.,Davita Clinical Research,Davita Clinical Research,Use dashboard_sponsor_name
Diamontech AG,Diamontech,Diamontech,simple_name_variant,no_review_needed,Likely simple sponsor-name standardization.,Diamontech,Diamontech,Use dashboard_sponsor_name
"Beijing InnoCare Pharma Tech Co., Ltd.",Beijing InnoCare Pharma Tech,Beijing InnoCare Pharma Tech,simple_name_variant,no_review_needed,Likely simple sponsor-name standardization.,Beijing InnoCare Pharma Tech,Beijing InnoCare Pharma Tech,Use dashboard_sponsor_name
"REMD Biotherapeutics, Inc.",REMD Biotherapeutics,REMD Biotherapeutics,simple_name_variant,no_review_needed,Likely simple sponsor-name standardization.,REMD Biotherapeutics,REMD Biotherapeutics,Use dashboard_sponsor_name
"Otsuka Pharmaceutical Factory, Inc.",Otsuka Pharmaceutical Factory,Otsuka Pharmaceutical Factory,simple_name_variant,no_review_needed,Likely simple sponsor-name standardization.,Otsuka Pharmaceutical Factory,Otsuka Pharmaceutical Factory,Use dashboard_sponsor_name
Tempest Therapeutics,Tempest Therapeutics,Tempest Therapeutics,left_as_is,no_review_needed,No related sponsor/parent mapping identified; kept as original sponsor name.,Tempest Therapeutics,Tempest Therapeutics,Use dashboard_sponsor_name
"WinSanTor, Inc",WinSanTor,WinSanTor,simple_name_variant,no_review_needed,Likely simple sponsor-name standardization.,WinSanTor,WinSanTor,Use dashboard_sponsor_name
"Lepu Biopharma Co., Ltd.",Lepu Biopharma,Lepu Biopharma,simple_name_variant,no_review_needed,Likely simple sponsor-name standardization.,Lepu Biopharma,Lepu Biopharma,Use dashboard_sponsor_name
vTv Therapeutics,vTv Therapeutics,vTv Therapeutics,left_as_is,no_review_needed,No related sponsor/parent mapping identified; kept as original sponsor name.,vTv Therapeutics,vTv Therapeutics,Use dashboard_sponsor_name
Arialys Therapeutics,Arialys Therapeutics,Arialys Therapeutics,left_as_is,no_review_needed,No related sponsor/parent mapping identified; kept as original sponsor name.,Arialys Therapeutics,Arialys Therapeutics,Use dashboard_sponsor_name
"Invero Pharma, Inc.",Invero Pharma,Invero Pharma,simple_name_variant,no_review_needed,Likely simple sponsor-name standardization.,Invero Pharma,Invero Pharma,Use dashboard_sponsor_name
Tobias Moeller-Bertram,Tobias Moeller-Bertram,Tobias Moeller-Bertram,left_as_is,no_review_needed,No related sponsor/parent mapping identified; kept as original sponsor name.,Tobias Moeller-Bertram,Tobias Moeller-Bertram,Use dashboard_sponsor_name
"Connecta Therapeutics, S.L.",Connecta Therapeutics,Connecta Therapeutics,simple_name_variant,no_review_needed,Likely simple sponsor-name standardization.,Connecta Therapeutics,Connecta Therapeutics,Use dashboard_sponsor_name
Joined Bio,Joined Bio,Joined Bio,left_as_is,no_review_needed,No related sponsor/parent mapping identified; kept as original sponsor name.,Joined Bio,Joined Bio,Use dashboard_sponsor_name
Arbele Pty Ltd,Arbele,Arbele,simple_name_variant,no_review_needed,Likely simple sponsor-name standardization.,Arbele,Arbele,Use dashboard_sponsor_name
"Guardant Health, Inc.",Guardant Health,Guardant Health,simple_name_variant,no_review_needed,Likely simple sponsor-name standardization.,Guardant Health,Guardant Health,Use dashboard_sponsor_name
Sanaria Inc.,Sanaria,Sanaria,simple_name_variant,no_review_needed,Likely simple sponsor-name standardization.,Sanaria,Sanaria,Use dashboard_sponsor_name
"HI-Bio, A Biogen Company",HI-Bio,Biogen,acquisition_rollup_candidate,needs_review,Parent identified via internal knowledge or explicit name string; keep operating name unless group approves rollup.,HI-Bio,Biogen,Use dashboard_sponsor_name for now; parent rollup requires team decision
Emergency Call for Heart Attack and Stroke (ECHAS),Emergency Call for Heart Attack and Stroke ,Emergency Call for Heart Attack and Stroke ,left_as_is,no_review_needed,No related sponsor/parent mapping identified; kept as original sponsor name.,Emergency Call for Heart Attack and Stroke ,Emergency Call for Heart Attack and Stroke ,Use dashboard_sponsor_name
Menarini International Operations Luxembourg SA,Menarini International Operations Luxembourg,Menarini International Operations Luxembourg,simple_name_variant,no_review_needed,Likely simple sponsor-name standardization.,Menarini International Operations Luxembourg,Menarini International Operations Luxembourg,Use dashboard_sponsor_name
"HongKong Curegene Innovation Co., Limited",HongKong Curegene Innovation,HongKong Curegene Innovation,simple_name_variant,no_review_needed,Likely simple sponsor-name standardization.,HongKong Curegene Innovation,HongKong Curegene Innovation,Use dashboard_sponsor_name
Arbor Biotechnologies,Arbor Biotechnologies,Arbor Biotechnologies,left_as_is,no_review_needed,No related sponsor/parent mapping identified; kept as original sponsor name.,Arbor Biotechnologies,Arbor Biotechnologies,Use dashboard_sponsor_name
Chiome Bioscience Inc.,Chiome Bioscience,Chiome Bioscience,simple_name_variant,no_review_needed,Likely simple sponsor-name standardization.,Chiome Bioscience,Chiome Bioscience,Use dashboard_sponsor_name
"Suzhou Kintor Pharmaceutical Inc,",Suzhou Kintor Pharmaceutical,Suzhou Kintor Pharmaceutical,simple_name_variant,no_review_needed,Likely simple sponsor-name standardization.,Suzhou Kintor Pharmaceutical,Suzhou Kintor Pharmaceutical,Use dashboard_sponsor_name
Scaled Insights,Scaled Insights,Scaled Insights,left_as_is,no_review_needed,No related sponsor/parent mapping identified; kept as original sponsor name.,Scaled Insights,Scaled Insights,Use dashboard_sponsor_name
iVascular S.L.U.,iVascular,iVascular,simple_name_variant,no_review_needed,Likely simple sponsor-name standardization.,iVascular,iVascular,Use dashboard_sponsor_name
"Ourotech, Inc.",Ourotech,Ourotech,simple_name_variant,no_review_needed,Likely simple sponsor-name standardization.,Ourotech,Ourotech,Use dashboard_sponsor_name
Cilcare SAS,Cilcare,Cilcare,simple_name_variant,no_review_needed,Likely simple sponsor-name standardization.,Cilcare,Cilcare,Use dashboard_sponsor_name
"Yooyoung Pharmaceutical Co., Ltd.",Yooyoung Pharmaceutical,Yooyoung Pharmaceutical,simple_name_variant,no_review_needed,Likely simple sponsor-name standardization.,Yooyoung Pharmaceutical,Yooyoung Pharmaceutical,Use dashboard_sponsor_name
Geneplus-Beijing Co. Ltd.,Geneplus-Beijing,Geneplus-Beijing,simple_name_variant,no_review_needed,Likely simple sponsor-name standardization.,Geneplus-Beijing,Geneplus-Beijing,Use dashboard_sponsor_name
Emerald Clinical Inc.,Emerald Clinical,Emerald Clinical,simple_name_variant,no_review_needed,Likely simple sponsor-name standardization.,Emerald Clinical,Emerald Clinical,Use dashboard_sponsor_name
Hepanova Inc.,Hepanova,Hepanova,simple_name_variant,no_review_needed,Likely simple sponsor-name standardization.,Hepanova,Hepanova,Use dashboard_sponsor_name
HiFiBiO Therapeutics,HiFiBiO Therapeutics,HiFiBiO Therapeutics,left_as_is,no_review_needed,No related sponsor/parent mapping identified; kept as original sponsor name.,HiFiBiO Therapeutics,HiFiBiO Therapeutics,Use dashboard_sponsor_name
"Huabo Biopharm Co., Ltd.",Huabo Biopharma,Huabo Biopharma,simple_name_variant,no_review_needed,Likely simple sponsor-name standardization.,Huabo Biopharma,Huabo Biopharma,Use dashboard_sponsor_name
"Tango Therapeutics, Inc.",Tango Therapeutics,Tango Therapeutics,simple_name_variant,no_review_needed,Likely simple sponsor-name standardization.,Tango Therapeutics,Tango Therapeutics,Use dashboard_sponsor_name
"Sichuan Jishengtang Pharmaceutical Co., Ltd.",Sichuan Jishengtang Pharmaceutical,Sichuan Jishengtang Pharmaceutical,simple_name_variant,no_review_needed,Likely simple sponsor-name standardization.,Sichuan Jishengtang Pharmaceutical,Sichuan Jishengtang Pharmaceutical,Use dashboard_sponsor_name
Navitas Pharma,Navitas Pharma,Navitas Pharma,left_as_is,no_review_needed,No related sponsor/parent mapping identified; kept as original sponsor name.,Navitas Pharma,Navitas Pharma,Use dashboard_sponsor_name
Stem Cell Medicine Ltd.,Stem Cell Medicine,Stem Cell Medicine,simple_name_variant,no_review_needed,Likely simple sponsor-name standardization.,Stem Cell Medicine,Stem Cell Medicine,Use dashboard_sponsor_name
Aurigene Discovery Technologies Limited,Aurigene Discovery Technologies,Aurigene Discovery Technologies,simple_name_variant,no_review_needed,Likely simple sponsor-name standardization.,Aurigene Discovery Technologies,Aurigene Discovery Technologies,Use dashboard_sponsor_name
Mina Alpha Limited,Mina Alpha,Mina Alpha,simple_name_variant,no_review_needed,Likely simple sponsor-name standardization.,Mina Alpha,Mina Alpha,Use dashboard_sponsor_name
Akebia Therapeutics,Akebia Therapeutics,Akebia Therapeutics,left_as_is,no_review_needed,No related sponsor/parent mapping identified; kept as original sponsor name.,Akebia Therapeutics,Akebia Therapeutics,Use dashboard_sponsor_name
Hope Biosciences Research Foundation,Hope Biosciences Research Foundation,Hope Biosciences Research Foundation,left_as_is,no_review_needed,No related sponsor/parent mapping identified; kept as original sponsor name.,Hope Biosciences Research Foundation,Hope Biosciences Research Foundation,Use dashboard_sponsor_name
Tracon Pharmaceuticals Inc.,Tracon Pharmaceuticals,Tracon Pharmaceuticals,simple_name_variant,no_review_needed,Likely simple sponsor-name standardization.,Tracon Pharmaceuticals,Tracon Pharmaceuticals,Use dashboard_sponsor_name
"Werewolf Therapeutics, Inc.",Werewolf Therapeutics,Werewolf Therapeutics,simple_name_variant,no_review_needed,Likely simple sponsor-name standardization.,Werewolf Therapeutics,Werewolf Therapeutics,Use dashboard_sponsor_name
Sirnaomics,Sirnaomics,Sirnaomics,left_as_is,no_review_needed,No related sponsor/parent mapping identified; kept as original sponsor name.,Sirnaomics,Sirnaomics,Use dashboard_sponsor_name
"Biocity Biopharmaceutics Co., Ltd.",Biocity Biopharmaceutics,Biocity Biopharmaceutics,simple_name_variant,no_review_needed,Likely simple sponsor-name standardization.,Biocity Biopharmaceutics,Biocity Biopharmaceutics,Use dashboard_sponsor_name
"Aribio Lab Co., Ltd.",Aribio Lab,Aribio Lab,simple_name_variant,no_review_needed,Likely simple sponsor-name standardization.,Aribio Lab,Aribio Lab,Use dashboard_sponsor_name
Oncorena AB,Oncorena,Oncorena,simple_name_variant,no_review_needed,Likely simple sponsor-name standardization.,Oncorena,Oncorena,Use dashboard_sponsor_name
"Newsoara Biopharma Co., Ltd.",Newsoara Biopharma,Newsoara Biopharma,simple_name_variant,no_review_needed,Likely simple sponsor-name standardization.,Newsoara Biopharma,Newsoara Biopharma,Use dashboard_sponsor_name
Biomica Ltd.,Biomica,Biomica,simple_name_variant,no_review_needed,Likely simple sponsor-name standardization.,Biomica,Biomica,Use dashboard_sponsor_name
LABORATORIOS INDUFAR,LABORATORIOS INDUFAR,LABORATORIOS INDUFAR,left_as_is,no_review_needed,No related sponsor/parent mapping identified; kept as original sponsor name.,LABORATORIOS INDUFAR,LABORATORIOS INDUFAR,Use dashboard_sponsor_name
"Chengdu Easton Biopharmaceuticals Co,Ltd",Chengdu Easton Biopharmaceuticals,Chengdu Easton Biopharmaceuticals,simple_name_variant,no_review_needed,Likely simple sponsor-name standardization.,Chengdu Easton Biopharmaceuticals,Chengdu Easton Biopharmaceuticals,Use dashboard_sponsor_name
"Shenyang Sunshine Pharmaceutical Co., LTD.",Shenyang Sunshine Pharmaceutical,Shenyang Sunshine Pharmaceutical,simple_name_variant,no_review_needed,Likely simple sponsor-name standardization.,Shenyang Sunshine Pharmaceutical,Shenyang Sunshine Pharmaceutical,Use dashboard_sponsor_name
Centrexion Therapeutics,Centrexion Therapeutics,Centrexion Therapeutics,left_as_is,no_review_needed,No related sponsor/parent mapping identified; kept as original sponsor name.,Centrexion Therapeutics,Centrexion Therapeutics,Use dashboard_sponsor_name
Virogin Biotech Canada Ltd,Virogin Biotech Canada,Virogin Biotech Canada,simple_name_variant,no_review_needed,Likely simple sponsor-name standardization.,Virogin Biotech Canada,Virogin Biotech Canada,Use dashboard_sponsor_name
Nimble Science Ltd.,Nimble Science,Nimble Science,simple_name_variant,no_review_needed,Likely simple sponsor-name standardization.,Nimble Science,Nimble Science,Use dashboard_sponsor_name
"Targeted Therapy Technologies, LLC",Targeted Therapy Technologies,Targeted Therapy Technologies,simple_name_variant,no_review_needed,Likely simple sponsor-name standardization.,Targeted Therapy Technologies,Targeted Therapy Technologies,Use dashboard_sponsor_name
Respyr,Respyr,Respyr,left_as_is,no_review_needed,No related sponsor/parent mapping identified; kept as original sponsor name.,Respyr,Respyr,Use dashboard_sponsor_name
Genetron Health,Genetron Health,Genetron Health,left_as_is,no_review_needed,No related sponsor/parent mapping identified; kept as original sponsor name.,Genetron Health,Genetron Health,Use dashboard_sponsor_name
Z Factor Limited,Z Factor,Z Factor,simple_name_variant,no_review_needed,Likely simple sponsor-name standardization.,Z Factor,Z Factor,Use dashboard_sponsor_name
Holoclara Aus Pty Ltd,Holoclara Aus,Holoclara Aus,simple_name_variant,no_review_needed,Likely simple sponsor-name standardization.,Holoclara Aus,Holoclara Aus,Use dashboard_sponsor_name
Emerald Health Pharmaceuticals,Emerald Health Pharmaceuticals,Emerald Health Pharmaceuticals,left_as_is,no_review_needed,No related sponsor/parent mapping identified; kept as original sponsor name.,Emerald Health Pharmaceuticals,Emerald Health Pharmaceuticals,Use dashboard_sponsor_name
Hutchison Medipharma Limited,Hutchison Medipharma,Hutchison Medipharma,simple_name_variant,no_review_needed,Likely simple sponsor-name standardization.,Hutchison Medipharma,Hutchison Medipharma,Use dashboard_sponsor_name
Munich Leukemia Laboratory,Munich Leukemia Laboratory,Munich Leukemia Laboratory,left_as_is,no_review_needed,No related sponsor/parent mapping identified; kept as original sponsor name.,Munich Leukemia Laboratory,Munich Leukemia Laboratory,Use dashboard_sponsor_name
Kazia Therapeutics Limited,Kazia Therapeutics,Kazia Therapeutics,simple_name_variant,no_review_needed,Likely simple sponsor-name standardization.,Kazia Therapeutics,Kazia Therapeutics,Use dashboard_sponsor_name
"ArriVent BioPharma, Inc.",ArriVent BioPharma,ArriVent BioPharma,simple_name_variant,no_review_needed,Likely simple sponsor-name standardization.,ArriVent BioPharma,ArriVent BioPharma,Use dashboard_sponsor_name
Celldex Therapeutics,Celldex Therapeutics,Celldex Therapeutics,left_as_is,no_review_needed,No related sponsor/parent mapping identified; kept as original sponsor name.,Celldex Therapeutics,Celldex Therapeutics,Use dashboard_sponsor_name
"Singular Wings Medical Co., Ltd.",Singular Wings Medical,Singular Wings Medical,simple_name_variant,no_review_needed,Likely simple sponsor-name standardization.,Singular Wings Medical,Singular Wings Medical,Use dashboard_sponsor_name
"Aclaris Therapeutics, Inc.",Aclaris Therapeutics,Aclaris Therapeutics,simple_name_variant,no_review_needed,Likely simple sponsor-name standardization.,Aclaris Therapeutics,Aclaris Therapeutics,Use dashboard_sponsor_name
Connect Biopharma Australia Pty Ltd,Connect Biopharma Australia,Connect Biopharma Australia,simple_name_variant,no_review_needed,Likely simple sponsor-name standardization.,Connect Biopharma Australia,Connect Biopharma Australia,Use dashboard_sponsor_name
ImmuneSensor Therapeutics Inc.,ImmuneSensor Therapeutics,ImmuneSensor Therapeutics,simple_name_variant,no_review_needed,Likely simple sponsor-name standardization.,ImmuneSensor Therapeutics,ImmuneSensor Therapeutics,Use dashboard_sponsor_name
AKARI Therapeutics,AKARI Therapeutics,AKARI Therapeutics,left_as_is,no_review_needed,No related sponsor/parent mapping identified; kept as original sponsor name.,AKARI Therapeutics,AKARI Therapeutics,Use dashboard_sponsor_name
Akrikhin,Akrikhin,Akrikhin,left_as_is,no_review_needed,No related sponsor/parent mapping identified; kept as original sponsor name.,Akrikhin,Akrikhin,Use dashboard_sponsor_name
"Alpine Immune Sciences Inc, A Subsidiary of Vertex",Alpine Immune Sciences Inc,Vertex Pharmaceuticals,acquisition_rollup_candidate,needs_review,Parent identified via internal knowledge or explicit name string; keep operating name unless group approves rollup.,Alpine Immune Sciences Inc,Vertex Pharmaceuticals,Use dashboard_sponsor_name for now; parent rollup requires team decision
"Boryung Biopharma Co., Ltd.",Boryung Biopharma,Boryung Biopharma,simple_name_variant,no_review_needed,Likely simple sponsor-name standardization.,Boryung Biopharma,Boryung Biopharma,Use dashboard_sponsor_name
CGenetix,CGenetix,CGenetix,left_as_is,no_review_needed,No related sponsor/parent mapping identified; kept as original sponsor name.,CGenetix,CGenetix,Use dashboard_sponsor_name
Aligos Therapeutics,Aligos Therapeutics,Aligos Therapeutics,left_as_is,no_review_needed,No related sponsor/parent mapping identified; kept as original sponsor name.,Aligos Therapeutics,Aligos Therapeutics,Use dashboard_sponsor_name
"Olfactive Biosolutions, Inc.",Olfactive Biosolutions,Olfactive Biosolutions,simple_name_variant,no_review_needed,Likely simple sponsor-name standardization.,Olfactive Biosolutions,Olfactive Biosolutions,Use dashboard_sponsor_name
Cajal Therapeutics Inc.,Cajal Therapeutics,Cajal Therapeutics,simple_name_variant,no_review_needed,Likely simple sponsor-name standardization.,Cajal Therapeutics,Cajal Therapeutics,Use dashboard_sponsor_name
"Beijing Shenogen Biomedical Co., Ltd",Beijing Shenogen Biomedical,Beijing Shenogen Biomedical,simple_name_variant,no_review_needed,Likely simple sponsor-name standardization.,Beijing Shenogen Biomedical,Beijing Shenogen Biomedical,Use dashboard_sponsor_name
River 3 Renal Corp.,River 3 Renal,River 3 Renal,simple_name_variant,no_review_needed,Likely simple sponsor-name standardization.,River 3 Renal,River 3 Renal,Use dashboard_sponsor_name
"Xeno Holdings (US), LLC dba ChoironeX",ChoironeX,Xeno Holdings ,acquisition_rollup_candidate,needs_review,"DBA  identified; mapped legal entity as parent, operating name as cleaned sponsor.",ChoironeX,Xeno Holdings ,Use dashboard_sponsor_name for now; parent rollup requires team decision
"Tarus Therapeutics, Inc.",Tarus Therapeutics,Tarus Therapeutics,simple_name_variant,no_review_needed,Likely simple sponsor-name standardization.,Tarus Therapeutics,Tarus Therapeutics,Use dashboard_sponsor_name
"Kura Oncology, Inc.",Kura Oncology,Kura Oncology,simple_name_variant,no_review_needed,Likely simple sponsor-name standardization.,Kura Oncology,Kura Oncology,Use dashboard_sponsor_name
Mirvie,Mirvie,Mirvie,left_as_is,no_review_needed,No related sponsor/parent mapping identified; kept as original sponsor name.,Mirvie,Mirvie,Use dashboard_sponsor_name
Intelligem Therapeutics Australia Pty Ltd.,Intelligem Therapeutics Australia,Intelligem Therapeutics Australia,simple_name_variant,no_review_needed,Likely simple sponsor-name standardization.,Intelligem Therapeutics Australia,Intelligem Therapeutics Australia,Use dashboard_sponsor_name
BioSyngen Pte Ltd,BioSyngen,BioSyngen,simple_name_variant,no_review_needed,Likely simple sponsor-name standardization.,BioSyngen,BioSyngen,Use dashboard_sponsor_name
Atrogi AB,Atrogi,Atrogi,simple_name_variant,no_review_needed,Likely simple sponsor-name standardization.,Atrogi,Atrogi,Use dashboard_sponsor_name
"Silk Road Therapies, Inc.",Silk Road Therapies,Silk Road Therapies,simple_name_variant,no_review_needed,Likely simple sponsor-name standardization.,Silk Road Therapies,Silk Road Therapies,Use dashboard_sponsor_name
Shenzhen Xinhe Biomedical,Shenzhen Xinhe Biomedical,Shenzhen Xinhe Biomedical,left_as_is,no_review_needed,No related sponsor/parent mapping identified; kept as original sponsor name.,Shenzhen Xinhe Biomedical,Shenzhen Xinhe Biomedical,Use dashboard_sponsor_name
"Abfero Pharmaceuticals, Inc",Abfero Pharmaceuticals,Abfero Pharmaceuticals,simple_name_variant,no_review_needed,Likely simple sponsor-name standardization.,Abfero Pharmaceuticals,Abfero Pharmaceuticals,Use dashboard_sponsor_name
Alvogen Korea,Alvogen Korea,Alvogen Korea,left_as_is,no_review_needed,No related sponsor/parent mapping identified; kept as original sponsor name.,Alvogen Korea,Alvogen Korea,Use dashboard_sponsor_name
Tempus AI,Tempus AI,Tempus AI,left_as_is,no_review_needed,No related sponsor/parent mapping identified; kept as original sponsor name.,Tempus AI,Tempus AI,Use dashboard_sponsor_name
Owlstone Ltd,Owlstone,Owlstone,simple_name_variant,no_review_needed,Likely simple sponsor-name standardization.,Owlstone,Owlstone,Use dashboard_sponsor_name
CRISPR Therapeutics,CRISPR Therapeutics,CRISPR Therapeutics,left_as_is,no_review_needed,No related sponsor/parent mapping identified; kept as original sponsor name.,CRISPR Therapeutics,CRISPR Therapeutics,Use dashboard_sponsor_name
Pathalys Pharma,Pathalys Pharma,Pathalys Pharma,left_as_is,no_review_needed,No related sponsor/parent mapping identified; kept as original sponsor name.,Pathalys Pharma,Pathalys Pharma,Use dashboard_sponsor_name
"Oasis Pharmaceuticals, LLC",Oasis Pharmaceuticals,Oasis Pharmaceuticals,simple_name_variant,no_review_needed,Likely simple sponsor-name standardization.,Oasis Pharmaceuticals,Oasis Pharmaceuticals,Use dashboard_sponsor_name
Oscotec Inc.,Oscotec,Oscotec,simple_name_variant,no_review_needed,Likely simple sponsor-name standardization.,Oscotec,Oscotec,Use dashboard_sponsor_name
"Mirror Biologics, Inc.",Mirror Biologics,Mirror Biologics,simple_name_variant,no_review_needed,Likely simple sponsor-name standardization.,Mirror Biologics,Mirror Biologics,Use dashboard_sponsor_name
SYSNAV,SYSNAV,SYSNAV,left_as_is,no_review_needed,No related sponsor/parent mapping identified; kept as original sponsor name.,SYSNAV,SYSNAV,Use dashboard_sponsor_name
UroGen Pharma Ltd.,UroGen Pharma,UroGen Pharma,simple_name_variant,no_review_needed,Likely simple sponsor-name standardization.,UroGen Pharma,UroGen Pharma,Use dashboard_sponsor_name
George (Beijing) Clinical Research Co. Ltd.,George  Clinical Research,George  Clinical Research,simple_name_variant,no_review_needed,Likely simple sponsor-name standardization.,George  Clinical Research,George  Clinical Research,Use dashboard_sponsor_name
"S1 Biopharma, Inc.",S1 Biopharma,S1 Biopharma,simple_name_variant,no_review_needed,Likely simple sponsor-name standardization.,S1 Biopharma,S1 Biopharma,Use dashboard_sponsor_name
MindRank AI Ltd,MindRank AI,MindRank AI,simple_name_variant,no_review_needed,Likely simple sponsor-name standardization.,MindRank AI,MindRank AI,Use dashboard_sponsor_name
"Ono Pharmaceutical Co., Ltd.",Ono Pharmaceutical,Ono Pharmaceutical,simple_name_variant,no_review_needed,Likely simple sponsor-name standardization.,Ono Pharmaceutical,Ono Pharmaceutical,Use dashboard_sponsor_name
Soterios Ltd,Soterios,Soterios,simple_name_variant,no_review_needed,Likely simple sponsor-name standardization.,Soterios,Soterios,Use dashboard_sponsor_name
ChromX Health,ChromX Health,ChromX Health,left_as_is,no_review_needed,No related sponsor/parent mapping identified; kept as original sponsor name.,ChromX Health,ChromX Health,Use dashboard_sponsor_name
"Immunis, Inc.",Immunis,Immunis,simple_name_variant,no_review_needed,Likely simple sponsor-name standardization.,Immunis,Immunis,Use dashboard_sponsor_name
Rain Oncology Inc,Rain Oncology,Rain Oncology,simple_name_variant,no_review_needed,Likely simple sponsor-name standardization.,Rain Oncology,Rain Oncology,Use dashboard_sponsor_name
Singulera Therapeutics Inc.,Singulera Therapeutics,Singulera Therapeutics,simple_name_variant,no_review_needed,Likely simple sponsor-name standardization.,Singulera Therapeutics,Singulera Therapeutics,Use dashboard_sponsor_name
Elypta,Elypta,Elypta,left_as_is,no_review_needed,No related sponsor/parent mapping identified; kept as original sponsor name.,Elypta,Elypta,Use dashboard_sponsor_name
Guard Therapeutics AB,Guard Therapeutics,Guard_Therapeutics,simple_name_variant,no_review_needed,Likely simple sponsor-name standardization.,Guard Therapeutics,Guard_Therapeutics,Use dashboard_sponsor_name
"Xuanzhu Biopharmaceutical Co., Ltd.",Xuanzhu Biopharmaceutical,Xuanzhu Biopharmaceutical,simple_name_variant,no_review_needed,Likely simple sponsor-name standardization.,Xuanzhu Biopharmaceutical,Xuanzhu Biopharmaceutical,Use dashboard_sponsor_name
Inipharm Australia Pty Ltd,Inipharm Australia,Inipharm Australia,simple_name_variant,no_review_needed,Likely simple sponsor-name standardization.,Inipharm Australia,Inipharm Australia,Use dashboard_sponsor_name
Hinge Bio,Hinge Bio,Hinge Bio,left_as_is,no_review_needed,No related sponsor/parent mapping identified; kept as original sponsor name.,Hinge Bio,Hinge Bio,Use dashboard_sponsor_name
"Shenzhen MagicRNA Biotechnology Co., Ltd",Shenzhen MagicRNA Biotechnology,Shenzhen MagicRNA Biotechnology,simple_name_variant,no_review_needed,Likely simple sponsor-name standardization.,Shenzhen MagicRNA Biotechnology,Shenzhen MagicRNA Biotechnology,Use dashboard_sponsor_name
"Cellenkos, Inc.",Cellenkos,Cellenkos,simple_name_variant,no_review_needed,Likely simple sponsor-name standardization.,Cellenkos,Cellenkos,Use dashboard_sponsor_name
Urovant Sciences GmbH,Urovant Sciences,Urovant Sciences,simple_name_variant,no_review_needed,Likely simple sponsor-name standardization.,Urovant Sciences,Urovant Sciences,Use dashboard_sponsor_name
"Replimune, Inc.",Replimune,Replimune,simple_name_variant,no_review_needed,Likely simple sponsor-name standardization.,Replimune,Replimune,Use dashboard_sponsor_name
"Curacle Co., Ltd.",Curacle,Curacle,simple_name_variant,no_review_needed,Likely simple sponsor-name standardization.,Curacle,Curacle,Use dashboard_sponsor_name
Vifor (International) Inc.,Vifor ,Vifor ,simple_name_variant,no_review_needed,Likely simple sponsor-name standardization.,Vifor ,Vifor ,Use dashboard_sponsor_name
Shanghai Yunying Medical Technology,Shanghai Yunying Medical Technology,Shanghai Yunying Medical Technology,left_as_is,no_review_needed,No related sponsor/parent mapping identified; kept as original sponsor name.,Shanghai Yunying Medical Technology,Shanghai Yunying Medical Technology,Use dashboard_sponsor_name
"Beijing Wehand-Bio Pharmaceutical Co., Ltd",Beijing Wehand-Bio Pharmaceutical,Beijing Wehand-Bio Pharmaceutical,simple_name_variant,no_review_needed,Likely simple sponsor-name standardization.,Beijing Wehand-Bio Pharmaceutical,Beijing Wehand-Bio Pharmaceutical,Use dashboard_sponsor_name
Chugai Pharmaceutical,Chugai Pharmaceutical,Chugai Pharmaceutical,left_as_is,no_review_needed,No related sponsor/parent mapping identified; kept as original sponsor name.,Chugai Pharmaceutical,Chugai Pharmaceutical,Use dashboard_sponsor_name
Nucleix Ltd.,Nucleix,Nucleix,simple_name_variant,no_review_needed,Likely simple sponsor-name standardization.,Nucleix,Nucleix,Use dashboard_sponsor_name
"Tonghua Dongbao Pharmaceutical Co.,Ltd",Tonghua Dongbao Pharmaceutical,Tonghua Dongbao Pharmaceutical,simple_name_variant,no_review_needed,Likely simple sponsor-name standardization.,Tonghua Dongbao Pharmaceutical,Tonghua Dongbao Pharmaceutical,Use dashboard_sponsor_name
Virion Therapeutics,Virion Therapeutics,Virion Therapeutics,left_as_is,no_review_needed,No related sponsor/parent mapping identified; kept as original sponsor name.,Virion Therapeutics,Virion Therapeutics,Use dashboard_sponsor_name
"Kyowa Kirin Korea Co., Ltd.",Kyowa Kirin Korea,Kyowa Kirin Korea,simple_name_variant,no_review_needed,Likely simple sponsor-name standardization.,Kyowa Kirin Korea,Kyowa Kirin Korea,Use dashboard_sponsor_name
"Turnstone Biologics, Corp.",Turnstone Biologics,Turnstone Biologics,simple_name_variant,no_review_needed,Likely simple sponsor-name standardization.,Turnstone Biologics,Turnstone Biologics,Use dashboard_sponsor_name
"Zentiva, k.s.",Zentiva,Zentiva,simple_name_variant,no_review_needed,Likely simple sponsor-name standardization.,Zentiva,Zentiva,Use dashboard_sponsor_name
AngioInsight,AngioInsight,AngioInsight,left_as_is,no_review_needed,No related sponsor/parent mapping identified; kept as original sponsor name.,AngioInsight,AngioInsight,Use dashboard_sponsor_name
Grifols Therapeutics LLC,Grifols Therapeutics,Grifols Therapeutics,simple_name_variant,no_review_needed,Likely simple sponsor-name standardization.,Grifols Therapeutics,Grifols Therapeutics,Use dashboard_sponsor_name
"Zhejiang Anglikang Pharmaceutical Co., Ltd.",Zhejiang Anglikang Pharmaceutical,Zhejiang Anglikang Pharmaceutical,simple_name_variant,no_review_needed,Likely simple sponsor-name standardization.,Zhejiang Anglikang Pharmaceutical,Zhejiang Anglikang Pharmaceutical,Use dashboard_sponsor_name
Iperboreal Pharma Srl,Iperboreal Pharma,Iperboreal Pharma,simple_name_variant,no_review_needed,Likely simple sponsor-name standardization.,Iperboreal Pharma,Iperboreal Pharma,Use dashboard_sponsor_name
"Ampel BioSolutions, LLC",Ampel BioSolutions,Ampel BioSolutions,simple_name_variant,no_review_needed,Likely simple sponsor-name standardization.,Ampel BioSolutions,Ampel BioSolutions,Use dashboard_sponsor_name
Biocad,Biocad,Biocad,left_as_is,no_review_needed,No related sponsor/parent mapping identified; kept as original sponsor name.,Biocad,Biocad,Use dashboard_sponsor_name
Guangdong GD Kongming Biotech LLC,Guangdong GD Kongming Biotech,Guangdong GD Kongming Biotech,simple_name_variant,no_review_needed,Likely simple sponsor-name standardization.,Guangdong GD Kongming Biotech,Guangdong GD Kongming Biotech,Use dashboard_sponsor_name
Wuxi Hisky Medical Technology Co Ltd,Wuxi Hisky Medical Technology,Wuxi Hisky Medical Technology,simple_name_variant,no_review_needed,Likely simple sponsor-name standardization.,Wuxi Hisky Medical Technology,Wuxi Hisky Medical Technology,Use dashboard_sponsor_name
"OrsoBio, Inc",OrsoBio,OrsoBio,simple_name_variant,no_review_needed,Likely simple sponsor-name standardization.,OrsoBio,OrsoBio,Use dashboard_sponsor_name
Biopharma Plasma LLC,Biopharma Plasma,Biopharma Plasma,simple_name_variant,no_review_needed,Likely simple sponsor-name standardization.,Biopharma Plasma,Biopharma Plasma,Use dashboard_sponsor_name
PantherTec,PantherTec,PantherTec,left_as_is,no_review_needed,No related sponsor/parent mapping identified; kept as original sponsor name.,PantherTec,PantherTec,Use dashboard_sponsor_name
ITB-Med LLC,ITB-Med,ITB-Med,simple_name_variant,no_review_needed,Likely simple sponsor-name standardization.,ITB-Med,ITB-Med,Use dashboard_sponsor_name
"Sunshine Lake Pharma Co., Ltd.",Sunshine Lake Pharma,Sunshine Lake Pharma,simple_name_variant,no_review_needed,Likely simple sponsor-name standardization.,Sunshine Lake Pharma,Sunshine Lake Pharma,Use dashboard_sponsor_name
Argon Medical Devices,Argon Medical Devices,Argon Medical Devices,left_as_is,no_review_needed,No related sponsor/parent mapping identified; kept as original sponsor name.,Argon Medical Devices,Argon Medical Devices,Use dashboard_sponsor_name
Medtronic Endovascular,Medtronic Endovascular,Medtronic,acquisition_rollup_candidate,needs_review,Parent identified via internal knowledge or explicit name string; keep operating name unless group approves rollup.,Medtronic Endovascular,Medtronic,Use dashboard_sponsor_name for now; parent rollup requires team decision
Cvaid Medical,Cvaid Medical,Cvaid Medical,left_as_is,no_review_needed,No related sponsor/parent mapping identified; kept as original sponsor name.,Cvaid Medical,Cvaid Medical,Use dashboard_sponsor_name
Robocath,Robocath,Robocath,left_as_is,no_review_needed,No related sponsor/parent mapping identified; kept as original sponsor name.,Robocath,Robocath,Use dashboard_sponsor_name
Volta Medical,Volta Medical,Volta Medical,left_as_is,no_review_needed,No related sponsor/parent mapping identified; kept as original sponsor name.,Volta Medical,Volta Medical,Use dashboard_sponsor_name
Myomo,Myomo,Myomo,left_as_is,no_review_needed,No related sponsor/parent mapping identified; kept as original sponsor name.,Myomo,Myomo,Use dashboard_sponsor_name
Medistim ASA,Medistim,Medistim,simple_name_variant,no_review_needed,Likely simple sponsor-name standardization.,Medistim,Medistim,Use dashboard_sponsor_name
Medtronic Neurovascular Clinical Affairs,Medtronic Neurovascular Clinical Affairs,Medtronic,acquisition_rollup_candidate,needs_review,Parent identified via internal knowledge or explicit name string; keep operating name unless group approves rollup.,Medtronic Neurovascular Clinical Affairs,Medtronic,Use dashboard_sponsor_name for now; parent rollup requires team decision
Dynamic Light,Dynamic Light,Dynamic Light,left_as_is,no_review_needed,No related sponsor/parent mapping identified; kept as original sponsor name.,Dynamic Light,Dynamic Light,Use dashboard_sponsor_name
NeuraSignal Inc dba NovaSignal,NovaSignal,NeuraSignal,acquisition_rollup_candidate,needs_review,"DBA (doing business as) identified; mapped legal entity as parent, operating name as cleaned sponsor.",NovaSignal,NeuraSignal,Use dashboard_sponsor_name for now; parent rollup requires team decision
Heartstream US LLC,Heartstream US,Philips,acquisition_rollup_candidate,needs_review,Parent identified via internal knowledge or explicit name string; keep operating name unless group approves rollup.,Heartstream US,Philips,Use dashboard_sponsor_name for now; parent rollup requires team decision
Bitbrain,Bitbrain,Bitbrain,left_as_is,no_review_needed,No related sponsor/parent mapping identified; kept as original sponsor name.,Bitbrain,Bitbrain,Use dashboard_sponsor_name
MicroPort CRM,MicroPort CRM,MicroPort CRM,left_as_is,no_review_needed,No related sponsor/parent mapping identified; kept as original sponsor name.,MicroPort CRM,MicroPort CRM,Use dashboard_sponsor_name
Alvimedica,Alvimedica,Alvimedica,left_as_is,no_review_needed,No related sponsor/parent mapping identified; kept as original sponsor name.,Alvimedica,Alvimedica,Use dashboard_sponsor_name
Endologix,Endologix,Endologix,left_as_is,no_review_needed,No related sponsor/parent mapping identified; kept as original sponsor name.,Endologix,Endologix,Use dashboard_sponsor_name
Potrero Medical,Potrero Medical,Potrero Medical,left_as_is,no_review_needed,No related sponsor/parent mapping identified; kept as original sponsor name.,Potrero Medical,Potrero Medical,Use dashboard_sponsor_name
Angel Medical Systems,Angel Medical Systems,Angel Medical Systems,left_as_is,no_review_needed,No related sponsor/parent mapping identified; kept as original sponsor name.,Angel Medical Systems,Angel Medical Systems,Use dashboard_sponsor_name
Cardiologs Technologies,Cardiologs Technologies,Cardiologs Technologies,left_as_is,no_review_needed,No related sponsor/parent mapping identified; kept as original sponsor name.,Cardiologs Technologies,Cardiologs Technologies,Use dashboard_sponsor_name
Perflow Medical,Perflow Medical,Perflow Medical,left_as_is,no_review_needed,No related sponsor/parent mapping identified; kept as original sponsor name.,Perflow Medical,Perflow Medical,Use dashboard_sponsor_name
Biostable Science & Engineering,Biostable Science & Engineering,Biostable Science & Engineering,left_as_is,no_review_needed,No related sponsor/parent mapping identified; kept as original sponsor name.,Biostable Science & Engineering,Biostable Science & Engineering,Use dashboard_sponsor_name
Balt Extrusion,Balt Extrusion,Balt Extrusion,left_as_is,no_review_needed,No related sponsor/parent mapping identified; kept as original sponsor name.,Balt Extrusion,Balt Extrusion,Use dashboard_sponsor_name
VivaQuant,VivaQuant,VivaQuant,left_as_is,no_review_needed,No related sponsor/parent mapping identified; kept as original sponsor name.,VivaQuant,VivaQuant,Use dashboard_sponsor_name
Heartfelt Technologies,Heartfelt Technologies,Heartfelt Technologies,left_as_is,no_review_needed,No related sponsor/parent mapping identified; kept as original sponsor name.,Heartfelt Technologies,Heartfelt Technologies,Use dashboard_sponsor_name
Humanis Saglık Anonim Sirketi,Humanis Saglık Anonim Sirketi,Humanis Saglık Anonim Sirketi,left_as_is,no_review_needed,No related sponsor/parent mapping identified; kept as original sponsor name.,Humanis Saglık Anonim Sirketi,Humanis Saglık Anonim Sirketi,Use dashboard_sponsor_name
Spectrocor,Spectrocor,Spectrocor,left_as_is,no_review_needed,No related sponsor/parent mapping identified; kept as original sponsor name.,Spectrocor,Spectrocor,Use dashboard_sponsor_name
BrightHeart,BrightHeart,BrightHeart,left_as_is,no_review_needed,No related sponsor/parent mapping identified; kept as original sponsor name.,BrightHeart,BrightHeart,Use dashboard_sponsor_name
Nihon Kohden,Nihon Kohden,Nihon Kohden,left_as_is,no_review_needed,No related sponsor/parent mapping identified; kept as original sponsor name.,Nihon Kohden,Nihon Kohden,Use dashboard_sponsor_name
Medtronic Cardiovascular,Medtronic Cardiovascular,Medtronic,acquisition_rollup_candidate,needs_review,Parent identified via internal knowledge or explicit name string; keep operating name unless group approves rollup.,Medtronic Cardiovascular,Medtronic,Use dashboard_sponsor_name for now; parent rollup requires team decision
Scitech Produtos Medicos SA,Scitech Produtos Medicos,Scitech Produtos Medicos,simple_name_variant,no_review_needed,Likely simple sponsor-name standardization.,Scitech Produtos Medicos,Scitech Produtos Medicos,Use dashboard_sponsor_name
Carmat SAS,Carmat,Carmat,simple_name_variant,no_review_needed,Likely simple sponsor-name standardization.,Carmat,Carmat,Use dashboard_sponsor_name
SoftOx Solutions AS,SoftOx Solutions,SoftOx Solutions,simple_name_variant,no_review_needed,Likely simple sponsor-name standardization.,SoftOx Solutions,SoftOx Solutions,Use dashboard_sponsor_name
NeoChord,NeoChord,NeoChord,left_as_is,no_review_needed,No related sponsor/parent mapping identified; kept as original sponsor name.,NeoChord,NeoChord,Use dashboard_sponsor_name
Lohmann & Rauscher,Lohmann & Rauscher,Lohmann & Rauscher,left_as_is,no_review_needed,No related sponsor/parent mapping identified; kept as original sponsor name.,Lohmann & Rauscher,Lohmann & Rauscher,Use dashboard_sponsor_name
Vektor Medical,Vektor Medical,Vektor Medical,left_as_is,no_review_needed,No related sponsor/parent mapping identified; kept as original sponsor name.,Vektor Medical,Vektor Medical,Use dashboard_sponsor_name
Renata Medical,Renata Medical,Renata Medical,left_as_is,no_review_needed,No related sponsor/parent mapping identified; kept as original sponsor name.,Renata Medical,Renata Medical,Use dashboard_sponsor_name
Alcis,Alcis,Alcis,left_as_is,no_review_needed,No related sponsor/parent mapping identified; kept as original sponsor name.,Alcis,Alcis,Use dashboard_sponsor_name
Miracor Medical SA,Miracor Medical,Miracor Medical,simple_name_variant,no_review_needed,Likely simple sponsor-name standardization.,Miracor Medical,Miracor Medical,Use dashboard_sponsor_name
Cardiac Success,Cardiac Success,Cardiac Success,left_as_is,no_review_needed,No related sponsor/parent mapping identified; kept as original sponsor name.,Cardiac Success,Cardiac Success,Use dashboard_sponsor_name
80 Beats Medical,80 Beats Medical,80 Beats Medical,left_as_is,no_review_needed,No related sponsor/parent mapping identified; kept as original sponsor name.,80 Beats Medical,80 Beats Medical,Use dashboard_sponsor_name
"Shanghai MicroPort Endovascular MedTech（Group） Co., Ltd",Shanghai MicroPort Endovascular MedTech (Group),Shanghai MicroPort Endovascular MedTech (Group),simple_name_variant,no_review_needed,Likely simple sponsor-name standardization.,Shanghai MicroPort Endovascular MedTech (Group),Shanghai MicroPort Endovascular MedTech (Group),Use dashboard_sponsor_name
C. R. Bard,C. R. Bard,Becton Dickinson,acquisition_rollup_candidate,needs_review,Parent identified via internal knowledge or explicit name string; keep operating name unless group approves rollup.,C. R. Bard,Becton Dickinson,Use dashboard_sponsor_name for now; parent rollup requires team decision
ViTAA Medical Solutions,ViTAA Medical Solutions,ViTAA Medical Solutions,left_as_is,no_review_needed,No related sponsor/parent mapping identified; kept as original sponsor name.,ViTAA Medical Solutions,ViTAA Medical Solutions,Use dashboard_sponsor_name
Stereotaxis,Stereotaxis,Stereotaxis,left_as_is,no_review_needed,No related sponsor/parent mapping identified; kept as original sponsor name.,Stereotaxis,Stereotaxis,Use dashboard_sponsor_name
Intervascular,Intervascular,Getinge,acquisition_rollup_candidate,needs_review,Parent identified via internal knowledge or explicit name string; keep operating name unless group approves rollup.,Intervascular,Getinge,Use dashboard_sponsor_name for now; parent rollup requires team decision
Neutec Ar-Ge San ve Tic A.Ş,Neutec Ar-Ge,Neutec Ar-Ge,simple_name_variant,no_review_needed,Likely simple sponsor-name standardization.,Neutec Ar-Ge,Neutec Ar-Ge,Use dashboard_sponsor_name
Methinks Software SL,Methinks Software,Methinks Software,simple_name_variant,no_review_needed,Likely simple sponsor-name standardization.,Methinks Software,Methinks Software,Use dashboard_sponsor_name
PulseOn Oy,PulseOn,PulseOn,simple_name_variant,no_review_needed,Likely simple sponsor-name standardization.,PulseOn,PulseOn,Use dashboard_sponsor_name
Paragonix Technologies,Paragonix Technologies,Paragonix Technologies,left_as_is,no_review_needed,No related sponsor/parent mapping identified; kept as original sponsor name.,Paragonix Technologies,Paragonix Technologies,Use dashboard_sponsor_name
Cardiawave SA,Cardiawave,Cardiawave,simple_name_variant,no_review_needed,Likely simple sponsor-name standardization.,Cardiawave,Cardiawave,Use dashboard_sponsor_name
Cordio Medical,Cordio Medical,Cordio Medical,left_as_is,no_review_needed,No related sponsor/parent mapping identified; kept as original sponsor name.,Cordio Medical,Cordio Medical,Use dashboard_sponsor_name
"Rohit Khanna, MD","Rohit Khanna, MD","Rohit Khanna, MD",left_as_is,no_review_needed,No related sponsor/parent mapping identified; kept as original sponsor name.,"Rohit Khanna, MD","Rohit Khanna, MD",Use dashboard_sponsor_name
Medos International SARL,Medos International,Johnson & Johnson,acquisition_rollup_candidate,needs_review,Parent identified via internal knowledge or explicit name string; keep operating name unless group approves rollup.,Medos International,Johnson & Johnson,Use dashboard_sponsor_name for now; parent rollup requires team decision
Perouse Medical,Perouse Medical,Perouse Medical,left_as_is,no_review_needed,No related sponsor/parent mapping identified; kept as original sponsor name.,Perouse Medical,Perouse Medical,Use dashboard_sponsor_name
atHeart Medical,atHeart Medical,atHeart Medical,left_as_is,no_review_needed,No related sponsor/parent mapping identified; kept as original sponsor name.,atHeart Medical,atHeart Medical,Use dashboard_sponsor_name
QuantalX Neuroscience,QuantalX Neuroscience,QuantalX Neuroscience,left_as_is,no_review_needed,No related sponsor/parent mapping identified; kept as original sponsor name.,QuantalX Neuroscience,QuantalX Neuroscience,Use dashboard_sponsor_name
"HK Surgical, Inc.",HK Surgical,HK Surgical,simple_name_variant,no_review_needed,Likely simple sponsor-name standardization.,HK Surgical,HK Surgical,Use dashboard_sponsor_name
Dilemma Solutions S.L.,Dilemma Solutions,Dilemma Solutions,simple_name_variant,no_review_needed,Likely simple sponsor-name standardization.,Dilemma Solutions,Dilemma Solutions,Use dashboard_sponsor_name
NVMedTech,NVMedTech,NVMedTech,left_as_is,no_review_needed,No related sponsor/parent mapping identified; kept as original sponsor name.,NVMedTech,NVMedTech,Use dashboard_sponsor_name
"Clinical Research Center, Intercard Sp. z o.o.","Clinical Research Center, Intercard Sp. z o.o.","Clinical Research Center, Intercard Sp. z o.o.",left_as_is,no_review_needed,No related sponsor/parent mapping identified; kept as original sponsor name.,"Clinical Research Center, Intercard Sp. z o.o.","Clinical Research Center, Intercard Sp. z o.o.",Use dashboard_sponsor_name
Carebot s.r.o.,Carebot,Carebot,simple_name_variant,no_review_needed,Likely simple sponsor-name standardization.,Carebot,Carebot,Use dashboard_sponsor_name
Norbert Health,Norbert Health,Norbert Health,left_as_is,no_review_needed,No related sponsor/parent mapping identified; kept as original sponsor name.,Norbert Health,Norbert Health,Use dashboard_sponsor_name
"Caption Health, Inc.",Caption Health,Caption Health,simple_name_variant,no_review_needed,Likely simple sponsor-name standardization.,Caption Health,Caption Health,Use dashboard_sponsor_name
Nucor,Nucor,Nucor,left_as_is,no_review_needed,No related sponsor/parent mapping identified; kept as original sponsor name.,Nucor,Nucor,Use dashboard_sponsor_name
LeMaitre Vascular,LeMaitre Vascular,LeMaitre Vascular,left_as_is,no_review_needed,No related sponsor/parent mapping identified; kept as original sponsor name.,LeMaitre Vascular,LeMaitre Vascular,Use dashboard_sponsor_name
Medtronic Vascular,Medtronic Vascular,Medtronic,acquisition_rollup_candidate,needs_review,Parent identified via internal knowledge or explicit name string; keep operating name unless group approves rollup.,Medtronic Vascular,Medtronic,Use dashboard_sponsor_name for now; parent rollup requires team decision
TidalSense,TidalSense,TidalSense,left_as_is,no_review_needed,No related sponsor/parent mapping identified; kept as original sponsor name.,TidalSense,TidalSense,Use dashboard_sponsor_name
Hemovent GmbH,Hemovent,Hemovent,simple_name_variant,no_review_needed,Likely simple sponsor-name standardization.,Hemovent,Hemovent,Use dashboard_sponsor_name
Asklepios proresearch,Asklepios proresearch,Asklepios proresearch,left_as_is,no_review_needed,No related sponsor/parent mapping identified; kept as original sponsor name.,Asklepios proresearch,Asklepios proresearch,Use dashboard_sponsor_name
VDI Technologies,VDI Technologies,VDI Technologies,left_as_is,no_review_needed,No related sponsor/parent mapping identified; kept as original sponsor name.,VDI Technologies,VDI Technologies,Use dashboard_sponsor_name
"Organ, Tissue, Regeneration, Repair and Replacement","Organ, Tissue, Regeneration, Repair and Replacement","Organ, Tissue, Regeneration, Repair and Replacement",left_as_is,no_review_needed,No related sponsor/parent mapping identified; kept as original sponsor name.,"Organ, Tissue, Regeneration, Repair and Replacement","Organ, Tissue, Regeneration, Repair and Replacement",Use dashboard_sponsor_name
Emboline,Emboline,Emboline,left_as_is,no_review_needed,No related sponsor/parent mapping identified; kept as original sponsor name.,Emboline,Emboline,Use dashboard_sponsor_name
Corify Care S.L.,Corify Care,Corify Care,simple_name_variant,no_review_needed,Likely simple sponsor-name standardization.,Corify Care,Corify Care,Use dashboard_sponsor_name
"Calyxo, Inc.",Calyxo,Calyxo,simple_name_variant,no_review_needed,Likely simple sponsor-name standardization.,Calyxo,Calyxo,Use dashboard_sponsor_name
Outset Medical,Outset Medical,Outset Medical,left_as_is,no_review_needed,No related sponsor/parent mapping identified; kept as original sponsor name.,Outset Medical,Outset Medical,Use dashboard_sponsor_name
Dascena,Dascena,Dascena,left_as_is,no_review_needed,No related sponsor/parent mapping identified; kept as original sponsor name.,Dascena,Dascena,Use dashboard_sponsor_name
Entia Ltd,Entia,Entia,simple_name_variant,no_review_needed,Likely simple sponsor-name standardization.,Entia,Entia,Use dashboard_sponsor_name
Theranica,Theranica,Theranica,left_as_is,no_review_needed,No related sponsor/parent mapping identified; kept as original sponsor name.,Theranica,Theranica,Use dashboard_sponsor_name
"Medical Components, Inc dba MedComp",MedComp,Medical Components,acquisition_rollup_candidate,needs_review,"DBA (doing business as) identified; mapped legal entity as parent, operating name as cleaned sponsor.",MedComp,Medical Components,Use dashboard_sponsor_name for now; parent rollup requires team decision
Intuitive Surgical,Intuitive Surgical,Intuitive Surgical,left_as_is,no_review_needed,No related sponsor/parent mapping identified; kept as original sponsor name.,Intuitive Surgical,Intuitive Surgical,Use dashboard_sponsor_name
ImpediMed Limited,ImpediMed,ImpediMed,simple_name_variant,no_review_needed,Likely simple sponsor-name standardization.,ImpediMed,ImpediMed,Use dashboard_sponsor_name
SeaStar Medical,SeaStar Medical,SeaStar Medical,left_as_is,no_review_needed,No related sponsor/parent mapping identified; kept as original sponsor name.,SeaStar Medical,SeaStar Medical,Use dashboard_sponsor_name
Mozarc Medical US LLC,Mozarc Medical US,Mozarc Medical US,simple_name_variant,no_review_needed,Likely simple sponsor-name standardization.,Mozarc Medical US,Mozarc Medical US,Use dashboard_sponsor_name
"AccurKardia, Inc.",AccurKardia,AccurKardia,simple_name_variant,no_review_needed,Likely simple sponsor-name standardization.,AccurKardia,AccurKardia,Use dashboard_sponsor_name
Teleflex,Teleflex,Teleflex,left_as_is,no_review_needed,No related sponsor/parent mapping identified; kept as original sponsor name.,Teleflex,Teleflex,Use dashboard_sponsor_name
Scancell Ltd,Scancell,Scancell,simple_name_variant,no_review_needed,Likely simple sponsor-name standardization.,Scancell,Scancell,Use dashboard_sponsor_name
"Hexaell Biotech Co., Ltd.",Hexaell Biotech,Hexaell Biotech,simple_name_variant,no_review_needed,Likely simple sponsor-name standardization.,Hexaell Biotech,Hexaell Biotech,Use dashboard_sponsor_name
Therakos LLC,Therakos,Therakos,simple_name_variant,no_review_needed,Likely simple sponsor-name standardization.,Therakos,Therakos,Use dashboard_sponsor_name
"Ethicon, Inc.",Ethicon,Johnson & Johnson,acquisition_rollup_candidate,needs_review,Parent identified via internal knowledge or explicit name string; keep operating name unless group approves rollup.,Ethicon,Johnson & Johnson,Use dashboard_sponsor_name for now; parent rollup requires team decision
Bridge to Life Ltd.,Bridge to Life,Bridge to Life,simple_name_variant,no_review_needed,Likely simple sponsor-name standardization.,Bridge to Life,Bridge to Life,Use dashboard_sponsor_name
"Xilis, Inc.",Xilis,Xilis,simple_name_variant,no_review_needed,Likely simple sponsor-name standardization.,Xilis,Xilis,Use dashboard_sponsor_name
Exact Sciences Corporation,Exact Sciences,Exact Sciences,simple_name_variant,no_review_needed,Likely simple sponsor-name standardization.,Exact Sciences,Exact Sciences,Use dashboard_sponsor_name
Esaote S.p.A.,Esaote,Esaote,simple_name_variant,no_review_needed,Likely simple sponsor-name standardization.,Esaote,Esaote,Use dashboard_sponsor_name
"eGenesis, INC",eGenesis,eGenesis,simple_name_variant,no_review_needed,Likely simple sponsor-name standardization.,eGenesis,eGenesis,Use dashboard_sponsor_name
Techsomed Medical Technologies LTD,Techsomed Medical Technologies,Techsomed Medical Technologies,simple_name_variant,no_review_needed,Likely simple sponsor-name standardization.,Techsomed Medical Technologies,Techsomed Medical Technologies,Use dashboard_sponsor_name
Olympus Corporation of the Americas,Olympus Corporation of the Americas,Olympus Corporation of the Americas,left_as_is,no_review_needed,No related sponsor/parent mapping identified; kept as original sponsor name.,Olympus Corporation of the Americas,Olympus Corporation of the Americas,Use dashboard_sponsor_name
"HistoSonics, Inc.",HistoSonics,HistoSonics,simple_name_variant,no_review_needed,Likely simple sponsor-name standardization.,HistoSonics,HistoSonics,Use dashboard_sponsor_name
bioLytical Laboratories,bioLytical Laboratories,bioLytical Laboratories,left_as_is,no_review_needed,No related sponsor/parent mapping identified; kept as original sponsor name.,bioLytical Laboratories,bioLytical Laboratories,Use dashboard_sponsor_name
Insulet Corporation,Insulet Corporation,Insulet Corporation,left_as_is,no_review_needed,No related sponsor/parent mapping identified; kept as original sponsor name.,Insulet Corporation,Insulet Corporation,Use dashboard_sponsor_name
"DexCom, Inc.",DexCom,DexCom,simple_name_variant,no_review_needed,Likely simple sponsor-name standardization.,DexCom,DexCom,Use dashboard_sponsor_name
Ascensia Diabetes Care,Ascensia Diabetes Care,Ascensia Diabetes Care,left_as_is,no_review_needed,No related sponsor/parent mapping identified; kept as original sponsor name.,Ascensia Diabetes Care,Ascensia Diabetes Care,Use dashboard_sponsor_name
"Tandem Diabetes Care, Inc.",Tandem Diabetes Care,Tandem Diabetes Care,simple_name_variant,no_review_needed,Likely simple sponsor-name standardization.,Tandem Diabetes Care,Tandem Diabetes Care,Use dashboard_sponsor_name
HiDO Technologies,HiDO Technologies,HiDO Technologies,left_as_is,no_review_needed,No related sponsor/parent mapping identified; kept as original sponsor name.,HiDO Technologies,HiDO Technologies,Use dashboard_sponsor_name
Better Therapeutics,Better Therapeutics,Better Therapeutics,left_as_is,no_review_needed,No related sponsor/parent mapping identified; kept as original sponsor name.,Better Therapeutics,Better Therapeutics,Use dashboard_sponsor_name
"Medtronic MiniMed, Inc.",Medtronic MiniMed,Medtronic,acquisition_rollup_candidate,needs_review,Parent identified via internal knowledge or explicit name string; keep operating name unless group approves rollup.,Medtronic MiniMed,Medtronic,Use dashboard_sponsor_name for now; parent rollup requires team decision
LifeScan Scotland Ltd,LifeScan Scotland,LifeScan,acquisition_rollup_candidate,needs_review,Parent identified via internal knowledge or explicit name string; keep operating name unless group approves rollup.,LifeScan Scotland,LifeScan,Use dashboard_sponsor_name for now; parent rollup requires team decision
PKVitality,PKVitality,PKVitality,left_as_is,no_review_needed,No related sponsor/parent mapping identified; kept as original sponsor name.,PKVitality,PKVitality,Use dashboard_sponsor_name
Ural Telekomunikasyon Sanayi Ticaret Anonim Sirketi,Ural Telekomunikasyon Sanayi Ticaret Anonim Sirketi,Ural Telekomunikasyon Sanayi Ticaret Anonim Sirketi,left_as_is,no_review_needed,No related sponsor/parent mapping identified; kept as original sponsor name.,Ural Telekomunikasyon Sanayi Ticaret Anonim Sirketi,Ural Telekomunikasyon Sanayi Ticaret Anonim Sirketi,Use dashboard_sponsor_name
Centervue SpA,Centervue,Centervue,simple_name_variant,no_review_needed,Likely simple sponsor-name standardization.,Centervue,Centervue,Use dashboard_sponsor_name
Medtrum France,Medtrum France,Medtrum France,left_as_is,no_review_needed,No related sponsor/parent mapping identified; kept as original sponsor name.,Medtrum France,Medtrum France,Use dashboard_sponsor_name
Biointelligent Technology Systems SL,Biointelligent Technology Systems,Biointelligent Technology Systems,simple_name_variant,no_review_needed,Likely simple sponsor-name standardization.,Biointelligent Technology Systems,Biointelligent Technology Systems,Use dashboard_sponsor_name
Deka Research and Development,Deka Research and Development,Deka Research and Development,left_as_is,no_review_needed,No related sponsor/parent mapping identified; kept as original sponsor name.,Deka Research and Development,Deka Research and Development,Use dashboard_sponsor_name
Optain Health,Optain Health,Optain Health,left_as_is,no_review_needed,No related sponsor/parent mapping identified; kept as original sponsor name.,Optain Health,Optain Health,Use dashboard_sponsor_name
Klick Inc.,Klick,Klick,simple_name_variant,no_review_needed,Likely simple sponsor-name standardization.,Klick,Klick,Use dashboard_sponsor_name
"Beta Bionics, Inc.",Beta Bionics,Beta Bionics,simple_name_variant,no_review_needed,Likely simple sponsor-name standardization.,Beta Bionics,Beta Bionics,Use dashboard_sponsor_name
Ward Photonics LLC,Ward Photonics,Ward Photonics,simple_name_variant,no_review_needed,Likely simple sponsor-name standardization.,Ward Photonics,Ward Photonics,Use dashboard_sponsor_name
Bigfoot Biomedical Inc.,Bigfoot Biomedical,Abbott,acquisition_rollup_candidate,needs_review,Parent identified via internal knowledge or explicit name string; keep operating name unless group approves rollup.,Bigfoot Biomedical,Abbott,Use dashboard_sponsor_name for now; parent rollup requires team decision
BioHealing s.r.o.,BioHealing,BioHealing,simple_name_variant,no_review_needed,Likely simple sponsor-name standardization.,BioHealing,BioHealing,Use dashboard_sponsor_name
Afon Technology,Afon Technology,Afon Technology,left_as_is,no_review_needed,No related sponsor/parent mapping identified; kept as original sponsor name.,Afon Technology,Afon Technology,Use dashboard_sponsor_name
Mahesh Pattabiraman,Mahesh Pattabiraman,Mahesh Pattabiraman,left_as_is,no_review_needed,No related sponsor/parent mapping identified; kept as original sponsor name.,Mahesh Pattabiraman,Mahesh Pattabiraman,Use dashboard_sponsor_name
Duomed,Duomed,Duomed,left_as_is,no_review_needed,No related sponsor/parent mapping identified; kept as original sponsor name.,Duomed,Duomed,Use dashboard_sponsor_name
"Apollo Endosurgery, Inc.",Apollo Endosurgery,Boston Scientific,acquisition_rollup_candidate,needs_review,Parent identified via internal knowledge or explicit name string; keep operating name unless group approves rollup.,Apollo Endosurgery,Boston Scientific,Use dashboard_sponsor_name for now; parent rollup requires team decision
Lexington Medical Inc.,Lexington Medical,Lexington Medical,simple_name_variant,no_review_needed,Likely simple sponsor-name standardization.,Lexington Medical,Lexington Medical,Use dashboard_sponsor_name
Hamilton Medical AG,Hamilton Medical,Hamilton Medical,simple_name_variant,no_review_needed,Likely simple sponsor-name standardization.,Hamilton Medical,Hamilton Medical,Use dashboard_sponsor_name
AI Labs Group S.L,AI Labs Group,AI Labs Group,simple_name_variant,no_review_needed,Likely simple sponsor-name standardization.,AI Labs Group,AI Labs Group,Use dashboard_sponsor_name
SetPoint Medical Corporation,SetPoint Medical Corporation,SetPoint Medical Corporation,left_as_is,no_review_needed,No related sponsor/parent mapping identified; kept as original sponsor name.,SetPoint Medical Corporation,SetPoint Medical Corporation,Use dashboard_sponsor_name
Helius Medical Inc,Helius Medical,Helius Medical,simple_name_variant,no_review_needed,Likely simple sponsor-name standardization.,Helius Medical,Helius Medical,Use dashboard_sponsor_name
Innodem Neurosciences,Innodem Neurosciences,Innodem Neurosciences,left_as_is,no_review_needed,No related sponsor/parent mapping identified; kept as original sponsor name.,Innodem Neurosciences,Innodem Neurosciences,Use dashboard_sponsor_name
Limacorporate S.p.a,Limacorporate,Limacorporate,simple_name_variant,no_review_needed,Likely simple sponsor-name standardization.,Limacorporate,Limacorporate,Use dashboard_sponsor_name
MicroPort Orthopedics Inc.,MicroPort Orthopedics,MicroPort Orthopedics,simple_name_variant,no_review_needed,Likely simple sponsor-name standardization.,MicroPort Orthopedics,MicroPort Orthopedics,Use dashboard_sponsor_name
THYROSCOPE INC.,THYROSCOPE,THYROSCOPE,simple_name_variant,no_review_needed,Likely simple sponsor-name standardization.,THYROSCOPE,THYROSCOPE,Use dashboard_sponsor_name
Stryker Trauma and Extremities,Stryker Trauma and Extremities,Stryker,acquisition_rollup_candidate,needs_review,Parent identified via internal knowledge or explicit name string; keep operating name unless group approves rollup.,Stryker Trauma and Extremities,Stryker,Use dashboard_sponsor_name for now; parent rollup requires team decision
"SUNHO（China） BioPharmaceutical CO., Ltd.",SUNHO(China) BioPharmaceutical,SUNHO(China) BioPharmaceutical,simple_name_variant,no_review_needed,Likely simple sponsor-name standardization.,SUNHO(China) BioPharmaceutical,SUNHO(China) BioPharmaceutical,Use dashboard_sponsor_name
"Vivacta Biotechnology (Shanghai) Co., Ltd.",Vivacta Biotechnology (Shanghai),Vivacta Biotechnology (Shanghai),simple_name_variant,no_review_needed,Likely simple sponsor-name standardization.,Vivacta Biotechnology (Shanghai),Vivacta Biotechnology (Shanghai),Use dashboard_sponsor_name
LinkBio Corp.,LinkBio,LinkBio,simple_name_variant,no_review_needed,Likely simple sponsor-name standardization.,LinkBio,LinkBio,Use dashboard_sponsor_name
Medacta International SA,Medacta International,Medacta International,simple_name_variant,no_review_needed,Likely simple sponsor-name standardization.,Medacta International,Medacta International,Use dashboard_sponsor_name
Wandercraft,Wandercraft,Wandercraft,left_as_is,no_review_needed,No related sponsor/parent mapping identified; kept as original sponsor name.,Wandercraft,Wandercraft,Use dashboard_sponsor_name
TIPMED Medical Device Manufacturing Ltd. Co.,TIPMED Medical Device Manufacturing,TIPMED Medical Device Manufacturing,simple_name_variant,no_review_needed,Likely simple sponsor-name standardization.,TIPMED Medical Device Manufacturing,TIPMED Medical Device Manufacturing,Use dashboard_sponsor_name
Keri Medical SA,Keri Medical,Keri Medical,simple_name_variant,no_review_needed,Likely simple sponsor-name standardization.,Keri Medical,Keri Medical,Use dashboard_sponsor_name
Alcon Research,Alcon Research,Alcon,acquisition_rollup_candidate,needs_review,Parent identified via internal knowledge or explicit name string; keep operating name unless group approves rollup.,Alcon Research,Alcon,Use dashboard_sponsor_name for now; parent rollup requires team decision
Orthofix s.r.l.,Orthofix,Orthofix,simple_name_variant,no_review_needed,Likely simple sponsor-name standardization.,Orthofix,Orthofix,Use dashboard_sponsor_name
