seed_term,sponsor,total_trials_since_2020,active_trials_since_2020,early_phase_trials_since_2020,active_early_trials_since_2020,total_trials_since_2020_score,active_trials_since_2020_score,early_phase_trials_since_2020_score,active_early_trials_since_2020_score,trial_activity_score,sponsor_total_active_early,therapeutic_focus_score,activity_trajectory_score,start_slope,starts_early_period,starts_recent_period,effective_indication_breadth,breadth_score,prospect_score
autoimmune diseases,"China Immunotech (Beijing) Biotechnology Co., Ltd.",8,7,8,7,1.0,1.0,1.0,1.0,1.0,7,1.0,0.9926829268292683,0.15000000000000002,0.0,8.0,1.8615384615384616,0.7940259472305706,97.79391800889107
autoimmune diseases,"Nanjing Bioheng Biotech Co., Ltd.",6,4,6,4,0.75,0.6666666666666666,1.0,1.0,0.9375,5,0.8,0.988,0.06666666666666662,0.0,6.0,2.909090909090909,1.0,92.635
autoimmune diseases,Candid Therapeutics,5,5,5,5,0.625,0.8333333333333334,0.8333333333333334,1.0,0.93125,5,1.0,0.9837837837837838,0.11666666666666667,0.0,5.0,1.0,0.5234906775131802,91.47308245080748
autoimmune diseases,Kyverna Therapeutics,7,6,6,5,0.875,1.0,1.0,1.0,0.99375,5,1.0,0.58,-0.03333333333333335,2.0,5.0,1.6896551724137931,0.7472417035095585,88.75991703509558
autoimmune diseases,Juventas Cell Therapy Ltd.,6,6,6,6,0.75,1.0,1.0,1.0,0.9875,9,0.6666666666666666,0.9400000000000001,0.049999999999999996,1.0,5.0,1.0,0.5234906775131802,86.74324010846513
autoimmune diseases,"Juno Therapeutics, Inc., a Bristol-Myers Squibb Company",5,5,5,5,0.625,0.8333333333333334,0.8333333333333334,1.0,0.93125,9,0.5555555555555556,0.9837837837837838,0.049999999999999996,0.0,5.0,1.6896551724137931,0.7472417035095585,84.82170382188237
autoimmune diseases,Grit Biotechnology,6,6,6,6,0.75,1.0,1.0,1.0,0.9875,15,0.4,0.988,0.11666666666666665,0.0,6.0,1.6842105263157894,0.7457113333721297,84.5921133337213
autoimmune diseases,Cabaletta Bio,7,5,7,5,0.875,0.8333333333333334,1.0,1.0,0.96875,5,1.0,0.44117647058823534,-0.11666666666666668,2.0,4.0,1.3846153846153844,0.6563298879113609,83.82432829087831
autoimmune diseases,AstraZeneca,43,32,11,8,1.0,1.0,1.0,1.0,1.0,151,0.052980132450331126,0.9732030704815073,0.24999999999999997,7.0,36.0,5.731343283582089,1.0,80.52366405863677
autoimmune diseases,"Chongqing Precision Biotech Co., Ltd",6,6,6,6,0.75,1.0,1.0,1.0,0.9875,29,0.20689655172413793,0.9769230769230769,0.05000000000000001,0.0,4.0,1.6,0.7216379836168889,80.26777240911318
autoimmune diseases,"Guangdong Hengrui Pharmaceutical Co., Ltd",10,5,10,5,1.0,0.8333333333333334,1.0,1.0,0.9750000000000001,29,0.1724137931034483,0.9260273972602739,0.05000000000000001,2.0,7.0,2.1333333333333333,0.8625546764069086,79.34437057134353
autoimmune diseases,"Otsuka Pharmaceutical Development & Commercialization, Inc.",9,7,7,5,1.0,1.0,1.0,1.0,1.0,9,0.5555555555555556,0.3540983606557377,-0.0666666666666667,4.0,5.0,2.8139534883720936,1.0,78.19307832422588
autoimmune diseases,Miltenyi Biomedicine GmbH,4,4,4,4,0.5,0.6666666666666666,0.6666666666666666,1.0,0.875,10,0.4,0.9647058823529412,0.016666666666666666,0.0,3.0,1.4705882352941173,0.6830792089404902,77.87490973646374
autoimmune diseases,"Zenas BioPharma (USA), LLC",7,6,4,3,0.875,1.0,0.6666666666666666,0.75,0.78125,3,1.0,0.6658536585365855,1.433291761649753e-17,3.0,4.0,1.0,0.5234906775131802,77.61447994586351
autoimmune diseases,"Qilu Pharmaceutical Co., Ltd.",6,6,4,4,0.75,1.0,0.6666666666666666,1.0,0.9375,58,0.06896551724137931,0.9837837837837838,0.11666666666666674,0.0,5.0,2.578947368421052,0.9629795950629876,77.55978197113313
autoimmune diseases,"Shenzhen MagicRNA Biotechnology Co., Ltd",3,3,3,3,0.375,0.5,0.5,0.75,0.65625,3,1.0,0.9647058823529412,0.08333333333333333,0.0,3.0,1.0,0.5234906775131802,77.34152442219062
autoimmune diseases,Cullinan Therapeutics Inc.,4,4,4,4,0.5,0.6666666666666666,0.6666666666666666,1.0,0.875,9,0.4444444444444444,0.9647058823529412,0.05,0.0,3.0,1.0,0.5234906775131802,77.16791331107952
autoimmune diseases,"Tr1X, Inc.",3,3,3,3,0.375,0.5,0.5,0.75,0.65625,3,1.0,0.9400000000000001,0.01666666666666666,0.0,2.0,1.0,0.5234906775131802,76.8474067751318
autoimmune diseases,"Changchun GeneScience Pharmaceutical Co., Ltd.",6,5,6,5,0.75,0.8333333333333334,1.0,1.0,0.9625,31,0.16129032258064516,0.988,0.11666666666666665,0.0,6.0,1.0,0.5234906775131802,76.3457132267447
autoimmune diseases,Immunovant Sciences GmbH,13,7,8,5,1.0,1.0,1.0,1.0,1.0,7,0.7142857142857143,0.3398230088495576,-0.05000000000000001,6.0,7.0,1.0,0.5234906775131802,76.31708123783724
autoimmune diseases,"Vera Therapeutics, Inc.",5,4,3,3,0.625,0.6666666666666666,0.5,0.75,0.69375,3,1.0,0.584,-0.016666666666666673,2.0,3.0,2.0,0.8297130933355026,74.66463093335503
autoimmune diseases,CytoCares Inc,3,3,3,3,0.375,0.5,0.5,0.75,0.65625,4,0.75,0.9647058823529412,0.03333333333333331,0.0,3.0,1.0,0.5234906775131802,72.34152442219063
autoimmune diseases,"Climb Bio, Inc.",3,3,3,3,0.375,0.5,0.5,0.75,0.65625,5,0.6,0.9647058823529412,0.05,0.0,3.0,1.923076923076923,0.8100954344062797,72.20757199112163
autoimmune diseases,Autolus Limited,3,3,3,3,0.375,0.5,0.5,0.75,0.65625,5,0.6,0.9647058823529412,0.05,0.0,3.0,1.6,0.7216379836168889,71.32299748322771
autoimmune diseases,Sanofi,32,17,13,5,1.0,1.0,1.0,1.0,1.0,54,0.09259259259259259,0.4337704918032787,-0.4000000000000001,12.0,20.0,2.7777777777777777,1.0,70.52726168791742
autoimmune diseases,argenx,38,22,13,9,1.0,1.0,1.0,1.0,1.0,22,0.4090909090909091,0.3458823529411765,-0.5666666666666668,17.0,20.0,1.0,0.5234906775131802,70.33437201577351
autoimmune diseases,Amgen,34,20,17,6,1.0,1.0,1.0,1.0,1.0,40,0.15,0.36585365853658536,-0.4000000000000001,15.0,19.0,3.169014084507042,1.0,70.3170731707317
autoimmune diseases,Novartis Pharmaceuticals,111,59,33,22,1.0,1.0,1.0,1.0,1.0,120,0.18333333333333332,0.3107108702582085,-1.8166666666666673,54.0,56.0,2.8221574344023326,1.0,69.88088407183083
autoimmune diseases,Nanjing Legend Biotech Co.,4,2,4,2,0.5,0.3333333333333333,0.6666666666666666,0.5,0.5,2,1.0,0.9769230769230769,0.08333333333333333,0.0,4.0,1.0,0.5234906775131802,69.77336831359334
autoimmune diseases,"Guangdong ProCapZoom Biosciences Co., Ltd.",3,3,3,3,0.375,0.5,0.5,0.75,0.65625,5,0.6,0.9647058823529412,0.05,0.0,3.0,1.0,0.5234906775131802,69.34152442219063
autoimmune diseases,"Artiva Biotherapeutics, Inc.",2,2,2,2,0.25,0.3333333333333333,0.3333333333333333,0.5,0.4375,2,1.0,0.9400000000000001,0.01666666666666666,0.0,2.0,1.7999999999999998,0.7776070961516035,68.45107096151604
autoimmune diseases,"COUR Pharmaceutical Development Company, Inc.",2,2,2,2,0.25,0.3333333333333333,0.3333333333333333,0.5,0.4375,2,1.0,0.9400000000000001,0.01666666666666666,0.0,2.0,1.7999999999999998,0.7776070961516035,68.45107096151604
autoimmune diseases,"Shanghai Jiaolian Drug Research and Development Co., Ltd",3,3,3,3,0.375,0.5,0.5,0.75,0.65625,6,0.5,0.8647058823529412,-7.166458808248764e-18,0.0,3.0,1.923076923076923,0.8100954344062797,68.20757199112163
autoimmune diseases,Keymed Biosciences Co.Ltd,6,5,6,5,0.75,0.8333333333333334,1.0,1.0,0.9625,22,0.22727272727272727,0.4,-0.03333333333333334,2.0,2.0,1.6896551724137931,0.7472417035095585,68.14287158055012
autoimmune diseases,"Sonoma Biotherapeutics, Inc.",3,3,2,2,0.375,0.5,0.3333333333333333,0.5,0.46875,2,1.0,0.9647058823529412,0.01666666666666666,0.0,3.0,1.0,0.5234906775131802,67.96652442219062
autoimmune diseases,Hoffmann-La Roche,37,24,14,11,1.0,1.0,1.0,1.0,1.0,82,0.13414634146341464,0.2541176470588235,-0.7666666666666668,20.0,17.0,3.7142857142857144,1.0,67.76527977044476
autoimmune diseases,"Chia Tai Tianqing Pharmaceutical Group Co., Ltd.",8,4,7,3,1.0,0.6666666666666666,1.0,0.75,0.7875000000000001,42,0.07142857142857142,0.8172413793103448,0.0,1.0,4.0,2.5789473684210527,0.9629795950629878,66.7781949654082
autoimmune diseases,"Kali Therapeutics, Inc.",2,2,2,2,0.25,0.3333333333333333,0.3333333333333333,0.5,0.4375,2,1.0,0.9400000000000001,0.06666666666666667,0.0,2.0,1.0,0.5234906775131802,65.9099067751318
autoimmune diseases,Lakefront Biotherapeutics West LLC,2,2,2,2,0.25,0.3333333333333333,0.3333333333333333,0.5,0.4375,2,1.0,0.9400000000000001,0.03333333333333333,0.0,2.0,1.0,0.5234906775131802,65.9099067751318
autoimmune diseases,"Nuvig Therapeutics, Inc.",2,2,2,2,0.25,0.3333333333333333,0.3333333333333333,0.5,0.4375,2,1.0,0.9400000000000001,0.03333333333333333,0.0,2.0,1.0,0.5234906775131802,65.9099067751318
autoimmune diseases,"Shanghai IASO Biotechnology Co., Ltd",2,2,2,2,0.25,0.3333333333333333,0.3333333333333333,0.5,0.4375,2,1.0,0.9400000000000001,0.03333333333333333,0.0,2.0,1.0,0.5234906775131802,65.9099067751318
autoimmune diseases,Eli Lilly and Company,18,9,12,5,1.0,1.0,1.0,1.0,1.0,111,0.04504504504504504,0.24059405940594059,-0.28333333333333344,10.0,8.0,3.6337209302325575,1.0,65.71278208901971
autoimmune diseases,Hope Biosciences Research Foundation,4,2,4,2,0.5,0.3333333333333333,0.6666666666666666,0.5,0.5,2,1.0,0.7153846153846154,-7.166458808248764e-18,1.0,2.0,1.0,0.5234906775131802,64.5425990828241
autoimmune diseases,Cartesian Therapeutics,3,3,2,2,0.375,0.5,0.3333333333333333,0.5,0.46875,3,0.6666666666666666,0.9647058823529412,0.05,0.0,3.0,1.7999999999999998,0.7776070961516035,63.841021941908195
autoimmune diseases,Adicet Therapeutics,2,2,2,2,0.25,0.3333333333333333,0.3333333333333333,0.5,0.4375,3,0.6666666666666666,0.9400000000000001,0.01666666666666666,0.0,2.0,2.0,0.8297130933355026,62.30546426668836
autoimmune diseases,"Rigerna Therapeutics Co., Ltd.; Rigerna Therapeutics (Beijing) Co., Ltd.",2,2,2,2,0.25,0.3333333333333333,0.3333333333333333,0.5,0.4375,3,0.6666666666666666,0.9400000000000001,0.05000000000000001,0.0,2.0,2.0,0.8297130933355026,62.30546426668836
autoimmune diseases,"TG Therapeutics, Inc.",6,6,2,2,0.75,1.0,0.3333333333333333,0.5,0.5625,5,0.4,0.988,0.1,0.0,6.0,1.0,0.5234906775131802,61.1199067751318
autoimmune diseases,"Sling Therapeutics, Inc.",3,3,2,2,0.375,0.5,0.3333333333333333,0.5,0.46875,2,1.0,0.6153846153846154,-0.01666666666666667,1.0,2.0,1.0,0.5234906775131802,60.980099082824104
autoimmune diseases,GlaxoSmithKline,17,7,8,3,1.0,1.0,1.0,0.75,0.8375000000000001,88,0.03409090909090909,0.3924324324324324,-0.3333333333333334,7.0,10.0,2.73972602739726,0.9961674666339388,60.367141496806234
autoimmune diseases,"Beijing Mabworks Biotech Co., Ltd.",5,5,3,3,0.625,0.8333333333333334,0.5,0.75,0.71875,6,0.5,0.31599999999999995,-0.03333333333333336,3.0,2.0,1.923076923076923,0.8100954344062797,60.35845434406279
autoimmune diseases,"Alpine Immune Sciences, Inc.",2,2,2,2,0.25,0.3333333333333333,0.3333333333333333,0.5,0.4375,2,1.0,0.4000000000000001,-0.03333333333333333,1.0,1.0,2.6666666666666665,0.9812671085154541,59.68767108515455
autoimmune diseases,"Chengdu Ucello Biotechnology Co., Ltd.",2,2,2,2,0.25,0.3333333333333333,0.3333333333333333,0.5,0.4375,3,0.6666666666666666,0.9400000000000001,0.03333333333333333,0.0,2.0,1.0,0.5234906775131802,59.24324010846513
autoimmune diseases,"Nkarta, Inc.",2,2,2,2,0.25,0.3333333333333333,0.3333333333333333,0.5,0.4375,4,0.5,0.8400000000000001,-3.583229404124382e-18,0.0,2.0,2.6666666666666665,0.9812671085154541,58.487671085154545
autoimmune diseases,AbelZeta Inc.,2,1,2,1,0.25,0.16666666666666666,0.3333333333333333,0.25,0.25,1,1.0,0.88,0.03333333333333333,0.0,1.0,2.0,0.8297130933355026,58.39713093335502
autoimmune diseases,Biohaven Therapeutics Ltd.,4,4,2,2,0.5,0.6666666666666666,0.3333333333333333,0.5,0.5,10,0.2,0.9647058823529412,0.06666666666666667,0.0,3.0,3.571428571428571,1.0,58.294117647058826
autoimmune diseases,Aurinia Pharmaceuticals Inc.,5,2,1,1,0.625,0.3333333333333333,0.16666666666666666,0.25,0.26875,1,1.0,0.9172413793103448,0.01666666666666666,1.0,4.0,1.0,0.5234906775131802,57.01723436133869
autoimmune diseases,Fate Therapeutics,2,2,2,2,0.25,0.3333333333333333,0.3333333333333333,0.5,0.4375,5,0.4,0.9400000000000001,0.03333333333333333,0.0,2.0,2.0,0.8297130933355026,56.972130933355025
autoimmune diseases,CRISPR Therapeutics,1,1,1,1,0.125,0.16666666666666666,0.16666666666666666,0.25,0.21875,1,1.0,0.88,0.016666666666666666,0.0,1.0,2.0,0.8297130933355026,56.83463093335502
autoimmune diseases,"Century Therapeutics, Inc.",1,1,1,1,0.125,0.16666666666666666,0.16666666666666666,0.25,0.21875,1,1.0,0.88,0.016666666666666666,0.0,1.0,2.0,0.8297130933355026,56.83463093335502
autoimmune diseases,"Everest Medicines (China) Co.,Ltd.",1,1,1,1,0.125,0.16666666666666666,0.16666666666666666,0.25,0.21875,1,1.0,0.88,0.03333333333333333,0.0,1.0,2.0,0.8297130933355026,56.83463093335502
autoimmune diseases,"Hangzhou Reprogenix Bioscience, Inc",1,1,1,1,0.125,0.16666666666666666,0.16666666666666666,0.25,0.21875,1,1.0,0.88,0.016666666666666666,0.0,1.0,2.0,0.8297130933355026,56.83463093335502
autoimmune diseases,"Otsuka Pharmaceutical Factory, Inc.",1,1,1,1,0.125,0.16666666666666666,0.16666666666666666,0.25,0.21875,1,1.0,0.88,0.016666666666666666,0.0,1.0,2.0,0.8297130933355026,56.83463093335502
autoimmune diseases,PolTREG S.A.,1,1,1,1,0.125,0.16666666666666666,0.16666666666666666,0.25,0.21875,1,1.0,0.88,0.016666666666666666,0.0,1.0,2.0,0.8297130933355026,56.83463093335502
autoimmune diseases,"Portal Diabetes, Inc.",1,1,1,1,0.125,0.16666666666666666,0.16666666666666666,0.25,0.21875,1,1.0,0.88,0.03333333333333333,0.0,1.0,2.0,0.8297130933355026,56.83463093335502
autoimmune diseases,Purespring Therapeutics Limited,1,1,1,1,0.125,0.16666666666666666,0.16666666666666666,0.25,0.21875,1,1.0,0.88,0.03333333333333333,0.0,1.0,2.0,0.8297130933355026,56.83463093335502
autoimmune diseases,Walden Biosciences,1,1,1,1,0.125,0.16666666666666666,0.16666666666666666,0.25,0.21875,1,1.0,0.78,-1.791614702062191e-18,0.0,1.0,3.0,1.0,56.53750000000001
autoimmune diseases,Bioray Laboratories,2,2,2,2,0.25,0.3333333333333333,0.3333333333333333,0.5,0.4375,4,0.5,0.8400000000000001,-3.583229404124382e-18,0.0,2.0,1.7999999999999998,0.7776070961516035,56.45107096151604
autoimmune diseases,"ADARx Pharmaceuticals, Inc.",2,2,2,2,0.25,0.3333333333333333,0.3333333333333333,0.5,0.4375,7,0.2857142857142857,0.9400000000000001,0.05000000000000001,0.0,2.0,2.7777777777777772,1.0,56.38928571428572
autoimmune diseases,"Shanghai Escugen Biotechnology Co., Ltd",2,2,2,2,0.25,0.3333333333333333,0.3333333333333333,0.5,0.4375,4,0.5,0.9400000000000001,0.05000000000000001,0.0,2.0,1.0,0.5234906775131802,55.9099067751318
autoimmune diseases,AbbVie,19,7,6,3,1.0,1.0,1.0,0.75,0.8375000000000001,107,0.028037383177570093,0.1648068669527897,-0.5833333333333333,12.0,7.0,3.813559322033898,1.0,55.73188500260721
autoimmune diseases,Tiziana Life Sciences LTD,3,2,3,2,0.375,0.3333333333333333,0.5,0.5,0.46875,4,0.5,0.8400000000000001,-3.583229404124382e-18,0.0,2.0,1.0,0.5234906775131802,55.4724067751318
autoimmune diseases,"Genentech, Inc.",5,3,3,2,0.625,0.5,0.5,0.5,0.5062500000000001,29,0.06896551724137931,0.9172413793103448,0.050000000000000024,1.0,4.0,3.571428571428571,1.0,55.03663793103449
autoimmune diseases,Sinocelltech Ltd.,4,3,4,3,0.5,0.5,0.6666666666666666,0.75,0.6875,19,0.15789473684210525,0.5,,,,1.6,0.7216379836168889,54.749274573010986
autoimmune diseases,"Alexion Pharmaceuticals, Inc.",25,14,11,2,1.0,1.0,1.0,0.5,0.675,8,0.25,0.3,-0.2833333333333334,12.0,12.0,2.6666666666666665,0.9812671085154541,54.56267108515455
autoimmune diseases,"Beijing Immunochina Medical Science & Technology Co., Ltd.",2,2,2,2,0.25,0.3333333333333333,0.3333333333333333,0.5,0.4375,7,0.2857142857142857,0.9400000000000001,0.01666666666666666,0.0,2.0,1.7999999999999998,0.7776070961516035,54.16535667580176
autoimmune diseases,"Kite, A Gilead Company",2,2,2,2,0.25,0.3333333333333333,0.3333333333333333,0.5,0.4375,7,0.2857142857142857,0.9400000000000001,0.05000000000000001,0.0,2.0,1.7999999999999998,0.7776070961516035,54.16535667580176
autoimmune diseases,"Haisco Pharmaceutical Group Co., Ltd.",4,3,3,2,0.5,0.5,0.5,0.5,0.5,34,0.058823529411764705,0.9769230769230769,0.06666666666666667,0.0,4.0,2.0,0.8297130933355026,54.012063060051865
autoimmune diseases,Luminary Therapeutics,2,2,2,2,0.25,0.3333333333333333,0.3333333333333333,0.5,0.4375,6,0.3333333333333333,0.88,0.016666666666666666,0.0,1.0,1.7999999999999998,0.7776070961516035,53.91773762818271
autoimmune diseases,Arialys Australia Pty Ltd,1,1,1,1,0.125,0.16666666666666666,0.16666666666666666,0.25,0.21875,1,1.0,0.88,0.03333333333333333,0.0,1.0,1.0,0.5234906775131802,53.7724067751318
autoimmune diseases,Baylx Inc.,1,1,1,1,0.125,0.16666666666666666,0.16666666666666666,0.25,0.21875,1,1.0,0.88,0.03333333333333333,0.0,1.0,1.0,0.5234906775131802,53.7724067751318
autoimmune diseases,"Black Tie Medical, Inc.",1,1,1,1,0.125,0.16666666666666666,0.16666666666666666,0.25,0.21875,1,1.0,0.88,0.03333333333333333,0.0,1.0,1.0,0.5234906775131802,53.7724067751318
autoimmune diseases,Capstan Therapeutics,1,1,1,1,0.125,0.16666666666666666,0.16666666666666666,0.25,0.21875,1,1.0,0.88,0.016666666666666666,0.0,1.0,1.0,0.5234906775131802,53.7724067751318
autoimmune diseases,"Circunited BioPharma (Shenzhen) Co., Ltd.",1,1,1,1,0.125,0.16666666666666666,0.16666666666666666,0.25,0.21875,1,1.0,0.88,0.03333333333333333,0.0,1.0,1.0,0.5234906775131802,53.7724067751318
autoimmune diseases,"Hangzhou Qihan Biotech Co., Ltd.",1,1,1,1,0.125,0.16666666666666666,0.16666666666666666,0.25,0.21875,1,1.0,0.88,0.016666666666666666,0.0,1.0,1.0,0.5234906775131802,53.7724067751318
autoimmune diseases,ImmunAbs Inc.,1,1,1,1,0.125,0.16666666666666666,0.16666666666666666,0.25,0.21875,1,1.0,0.88,0.03333333333333333,0.0,1.0,1.0,0.5234906775131802,53.7724067751318
autoimmune diseases,"Jiangsu BioJeTay Biotechnology Co., Ltd.",1,1,1,1,0.125,0.16666666666666666,0.16666666666666666,0.25,0.21875,1,1.0,0.88,0.016666666666666666,0.0,1.0,1.0,0.5234906775131802,53.7724067751318
autoimmune diseases,"Lifordi Immunotherapeutics, Inc.",1,1,1,1,0.125,0.16666666666666666,0.16666666666666666,0.25,0.21875,1,1.0,0.88,0.016666666666666666,0.0,1.0,1.0,0.5234906775131802,53.7724067751318
autoimmune diseases,LiveKidney.Bio,1,1,1,1,0.125,0.16666666666666666,0.16666666666666666,0.25,0.21875,1,1.0,0.88,0.016666666666666666,0.0,1.0,1.0,0.5234906775131802,53.7724067751318
autoimmune diseases,Merida Biosciences,1,1,1,1,0.125,0.16666666666666666,0.16666666666666666,0.25,0.21875,1,1.0,0.88,0.016666666666666666,0.0,1.0,1.0,0.5234906775131802,53.7724067751318
autoimmune diseases,"Neukio Biotherapeutics (Shanghai) Co., Ltd.",1,1,1,1,0.125,0.16666666666666666,0.16666666666666666,0.25,0.21875,1,1.0,0.88,0.016666666666666666,0.0,1.0,1.0,0.5234906775131802,53.7724067751318
autoimmune diseases,NeuroGenesis Ltd.,1,1,1,1,0.125,0.16666666666666666,0.16666666666666666,0.25,0.21875,1,1.0,0.88,0.016666666666666666,0.0,1.0,1.0,0.5234906775131802,53.7724067751318
autoimmune diseases,Neutrolis,1,1,1,1,0.125,0.16666666666666666,0.16666666666666666,0.25,0.21875,1,1.0,0.88,0.03333333333333333,0.0,1.0,1.0,0.5234906775131802,53.7724067751318
autoimmune diseases,Renata PLC,1,1,1,1,0.125,0.16666666666666666,0.16666666666666666,0.25,0.21875,1,1.0,0.88,0.016666666666666666,0.0,1.0,1.0,0.5234906775131802,53.7724067751318
autoimmune diseases,SciRhom GmbH,1,1,1,1,0.125,0.16666666666666666,0.16666666666666666,0.25,0.21875,1,1.0,0.88,0.03333333333333333,0.0,1.0,1.0,0.5234906775131802,53.7724067751318
autoimmune diseases,"Shenzhen Beike Bio-Technology Co., Ltd.",1,1,1,1,0.125,0.16666666666666666,0.16666666666666666,0.25,0.21875,1,1.0,0.88,0.016666666666666666,0.0,1.0,1.0,0.5234906775131802,53.7724067751318
autoimmune diseases,TargED Biopharmaceuticals B.V.,1,1,1,1,0.125,0.16666666666666666,0.16666666666666666,0.25,0.21875,1,1.0,0.88,0.03333333333333333,0.0,1.0,1.0,0.5234906775131802,53.7724067751318
autoimmune diseases,"Ventus Therapeutics U.S., Inc.",1,1,1,1,0.125,0.16666666666666666,0.16666666666666666,0.25,0.21875,1,1.0,0.88,0.016666666666666666,0.0,1.0,1.0,0.5234906775131802,53.7724067751318
autoimmune diseases,"Viatris Pharmaceuticals Co., Ltd.",1,1,1,1,0.125,0.16666666666666666,0.16666666666666666,0.25,0.21875,1,1.0,0.88,0.03333333333333333,0.0,1.0,1.0,0.5234906775131802,53.7724067751318
autoimmune diseases,Vidya Therapeutics Inc,1,1,1,1,0.125,0.16666666666666666,0.16666666666666666,0.25,0.21875,1,1.0,0.88,0.016666666666666666,0.0,1.0,1.0,0.5234906775131802,53.7724067751318
autoimmune diseases,"Vivacta Biotechnology (Shanghai) Co., Ltd.",1,1,1,1,0.125,0.16666666666666666,0.16666666666666666,0.25,0.21875,1,1.0,0.88,0.03333333333333333,0.0,1.0,1.0,0.5234906775131802,53.7724067751318
autoimmune diseases,"Yarrow Bioscience, Inc.",1,1,1,1,0.125,0.16666666666666666,0.16666666666666666,0.25,0.21875,1,1.0,0.88,0.03333333333333333,0.0,1.0,1.0,0.5234906775131802,53.7724067751318
autoimmune diseases,HC Biopharma Inc.,2,2,2,2,0.25,0.3333333333333333,0.3333333333333333,0.5,0.4375,8,0.25,0.9400000000000001,0.01666666666666666,0.0,2.0,1.7999999999999998,0.7776070961516035,53.45107096151603
autoimmune diseases,"Xencor, Inc.",2,2,2,2,0.25,0.3333333333333333,0.3333333333333333,0.5,0.4375,8,0.25,0.9400000000000001,0.05000000000000001,0.0,2.0,1.7999999999999998,0.7776070961516035,53.45107096151603
autoimmune diseases,Merck Sharp & Dohme LLC,3,2,3,2,0.375,0.3333333333333333,0.5,0.5,0.46875,121,0.01652892561983471,0.9647058823529412,0.03333333333333334,0.0,3.0,3.4186046511627914,1.0,53.062196159455524
autoimmune diseases,"Kira Pharmacenticals (US), LLC.",2,2,2,2,0.25,0.3333333333333333,0.3333333333333333,0.5,0.4375,3,0.6666666666666666,0.5,,,,1.7999999999999998,0.7776070961516035,52.98440429484936
autoimmune diseases,"Hangzhou Sumgen Biotech Co., Ltd.",3,2,3,2,0.375,0.3333333333333333,0.5,0.5,0.46875,8,0.25,0.9647058823529412,0.05,0.0,3.0,1.0,0.5234906775131802,52.966524422190616
autoimmune diseases,Nanjing Chia-tai Tianqing Pharmaceutical,2,2,2,2,0.25,0.3333333333333333,0.3333333333333333,0.5,0.4375,7,0.2857142857142857,0.88,0.03333333333333333,0.0,1.0,1.7999999999999998,0.7776070961516035,52.96535667580176
autoimmune diseases,Rise Therapeutics LLC,2,2,2,2,0.25,0.3333333333333333,0.3333333333333333,0.5,0.4375,6,0.3333333333333333,0.9400000000000001,0.01666666666666666,0.0,2.0,1.0,0.5234906775131802,52.576573441798466
autoimmune diseases,Abata Therapeutics,1,1,1,1,0.125,0.16666666666666666,0.16666666666666666,0.25,0.21875,1,1.0,0.78,-1.791614702062191e-18,0.0,1.0,1.0,0.5234906775131802,51.772406775131806
autoimmune diseases,EdiGene Inc.,1,1,1,1,0.125,0.16666666666666666,0.16666666666666666,0.25,0.21875,1,1.0,0.78,-1.791614702062191e-18,0.0,1.0,1.0,0.5234906775131802,51.772406775131806
autoimmune diseases,NMD Pharma A/S,1,1,1,1,0.125,0.16666666666666666,0.16666666666666666,0.25,0.21875,1,1.0,0.78,-1.791614702062191e-18,0.0,1.0,1.0,0.5234906775131802,51.772406775131806
autoimmune diseases,"Tourmaline Bio, Inc., a Novartis Company",1,1,1,1,0.125,0.16666666666666666,0.16666666666666666,0.25,0.21875,1,1.0,0.78,-1.791614702062191e-18,0.0,1.0,1.0,0.5234906775131802,51.772406775131806
autoimmune diseases,"PersonGen BioTherapeutics (Suzhou) Co., Ltd.",3,2,3,2,0.375,0.3333333333333333,0.5,0.5,0.46875,10,0.2,0.9400000000000001,0.01666666666666666,0.0,2.0,1.0,0.5234906775131802,51.47240677513181
autoimmune diseases,Chugai Pharmaceutical,2,2,2,2,0.25,0.3333333333333333,0.3333333333333333,0.5,0.4375,8,0.25,0.8400000000000001,-3.583229404124382e-18,0.0,2.0,1.7999999999999998,0.7776070961516035,51.451070961516045
autoimmune diseases,Bristol-Myers Squibb,21,16,5,2,1.0,1.0,0.8333333333333334,0.5,0.65,60,0.03333333333333333,0.3260377358490566,-0.2833333333333334,10.0,11.0,2.6129032258064515,0.9701112571628944,49.38853395527674
autoimmune diseases,"Sichuan Baili Pharmaceutical Co., Ltd.",2,2,2,2,0.25,0.3333333333333333,0.3333333333333333,0.5,0.4375,98,0.02040816326530612,0.9400000000000001,0.03333333333333333,0.0,2.0,1.923076923076923,0.8100954344062797,49.18411760936892
autoimmune diseases,Diamyd Medical AB,2,2,1,1,0.25,0.3333333333333333,0.16666666666666666,0.25,0.25,1,1.0,0.4,-0.03333333333333334,1.0,1.0,2.0,0.8297130933355026,48.79713093335503
autoimmune diseases,"TIXiMED, Inc.",1,1,1,1,0.125,0.16666666666666666,0.16666666666666666,0.25,0.21875,2,0.5,0.88,0.03333333333333333,0.0,1.0,3.0,1.0,48.5375
autoimmune diseases,"Chengdu Suncadia Medicine Co., Ltd.",4,2,3,1,0.5,0.3333333333333333,0.5,0.25,0.3125,6,0.16666666666666666,0.9769230769230769,0.05000000000000001,0.0,4.0,3.0,1.0,48.49679487179487
autoimmune diseases,Dianthus Therapeutics,3,3,1,1,0.375,0.5,0.16666666666666666,0.25,0.28125,2,0.5,0.9400000000000001,0.01666666666666666,0.0,2.0,1.0,0.5234906775131802,48.09740677513181
autoimmune diseases,iCell Gene Therapeutics,3,2,3,2,0.375,0.3333333333333333,0.5,0.5,0.46875,5,0.4,0.4,-0.03333333333333334,1.0,1.0,1.7999999999999998,0.7776070961516035,47.21357096151604
autoimmune diseases,NovelMed Therapeutics,2,2,2,2,0.25,0.3333333333333333,0.3333333333333333,0.5,0.4375,8,0.25,0.5,,,,2.7777777777777772,1.0,46.875
autoimmune diseases,Hinge Bio,1,1,1,1,0.125,0.16666666666666666,0.16666666666666666,0.25,0.21875,2,0.5,0.88,0.03333333333333333,0.0,1.0,2.0,0.8297130933355026,46.83463093335503
autoimmune diseases,"Shanghai Lanyi Therapeutics Co., Ltd.",1,1,1,1,0.125,0.16666666666666666,0.16666666666666666,0.25,0.21875,2,0.5,0.88,0.03333333333333333,0.0,1.0,2.0,0.8297130933355026,46.83463093335503
autoimmune diseases,Innovent Biologics (Suzhou) Co. Ltd.,6,3,3,1,0.75,0.5,0.5,0.25,0.35,39,0.02564102564102564,0.9400000000000001,0.049999999999999996,1.0,5.0,3.266666666666667,1.0,46.81282051282052
autoimmune diseases,Dr. Reddy's Laboratories Limited,3,1,2,1,0.375,0.16666666666666666,0.3333333333333333,0.25,0.25625,1,1.0,0.4153846153846156,-0.049999999999999975,1.0,2.0,1.0,0.5234906775131802,46.35509908282411
autoimmune diseases,Polpharma Biologics International AG,1,1,1,1,0.125,0.16666666666666666,0.16666666666666666,0.25,0.21875,1,1.0,0.5,,,,1.0,0.5234906775131802,46.172406775131805
autoimmune diseases,UCB Biopharma SRL,21,11,4,2,1.0,1.0,0.6666666666666666,0.5,0.625,10,0.2,0.2739622641509434,-0.45000000000000007,11.0,10.0,1.0,0.5234906775131802,45.964152058150674
autoimmune diseases,Suzhou Sanegene Bio Inc.,1,1,1,1,0.125,0.16666666666666666,0.16666666666666666,0.25,0.21875,3,0.3333333333333333,0.88,0.016666666666666666,0.0,1.0,3.0,1.0,45.204166666666666
autoimmune diseases,"Travere Therapeutics, Inc.",4,1,3,1,0.5,0.16666666666666666,0.5,0.25,0.28750000000000003,1,1.0,0.02307692307692306,-0.16666666666666669,4.0,0.0,3.0,1.0,44.83653846153847
autoimmune diseases,Encellin,1,1,1,1,0.125,0.16666666666666666,0.16666666666666666,0.25,0.21875,2,0.5,0.78,-1.791614702062191e-18,0.0,1.0,2.0,0.8297130933355026,44.83463093335502
autoimmune diseases,Toll Biotech Co. Ltd. (Beijing),2,1,2,1,0.25,0.16666666666666666,0.3333333333333333,0.25,0.25,2,0.5,0.8400000000000001,-3.583229404124382e-18,0.0,2.0,1.0,0.5234906775131802,44.5349067751318
autoimmune diseases,Athos Therapeutics Inc,2,1,2,1,0.25,0.16666666666666666,0.3333333333333333,0.25,0.25,1,1.0,0.32000000000000006,-0.016666666666666666,1.0,0.0,1.0,0.5234906775131802,44.1349067751318
autoimmune diseases,"Acepodia Biotech, Inc.",1,1,1,1,0.125,0.16666666666666666,0.16666666666666666,0.25,0.21875,2,0.5,0.88,0.03333333333333333,0.0,1.0,1.0,0.5234906775131802,43.772406775131806
autoimmune diseases,"Arcellx, Inc.",1,1,1,1,0.125,0.16666666666666666,0.16666666666666666,0.25,0.21875,2,0.5,0.88,0.016666666666666666,0.0,1.0,1.0,0.5234906775131802,43.772406775131806
autoimmune diseases,Gliknik Inc.,1,1,1,1,0.125,0.16666666666666666,0.16666666666666666,0.25,0.21875,2,0.5,0.88,0.03333333333333333,0.0,1.0,1.0,0.5234906775131802,43.772406775131806
autoimmune diseases,Lubris Bio Pty Ltd,1,1,1,1,0.125,0.16666666666666666,0.16666666666666666,0.25,0.21875,2,0.5,0.88,0.016666666666666666,0.0,1.0,1.0,0.5234906775131802,43.772406775131806
autoimmune diseases,Oscotec Inc.,1,1,1,1,0.125,0.16666666666666666,0.16666666666666666,0.25,0.21875,2,0.5,0.88,0.03333333333333333,0.0,1.0,1.0,0.5234906775131802,43.772406775131806
autoimmune diseases,R-Pharm,1,1,1,1,0.125,0.16666666666666666,0.16666666666666666,0.25,0.21875,2,0.5,0.88,0.016666666666666666,0.0,1.0,1.0,0.5234906775131802,43.772406775131806
autoimmune diseases,Reunion Neuroscience Inc,1,1,1,1,0.125,0.16666666666666666,0.16666666666666666,0.25,0.21875,2,0.5,0.88,0.016666666666666666,0.0,1.0,1.0,0.5234906775131802,43.772406775131806
autoimmune diseases,RiboX Therapeutics Ltd.,1,1,1,1,0.125,0.16666666666666666,0.16666666666666666,0.25,0.21875,2,0.5,0.88,0.05000000000000002,0.0,1.0,1.0,0.5234906775131802,43.772406775131806
autoimmune diseases,Therorna,1,1,1,1,0.125,0.16666666666666666,0.16666666666666666,0.25,0.21875,2,0.5,0.88,0.03333333333333333,0.0,1.0,1.0,0.5234906775131802,43.772406775131806
autoimmune diseases,Zura Bio Inc,1,1,1,1,0.125,0.16666666666666666,0.16666666666666666,0.25,0.21875,2,0.5,0.88,0.016666666666666666,0.0,1.0,1.0,0.5234906775131802,43.772406775131806
autoimmune diseases,Red de Terapia Celular,1,1,1,1,0.125,0.16666666666666666,0.16666666666666666,0.25,0.21875,1,1.0,0.22000000000000008,-0.03333333333333333,1.0,0.0,2.0,0.8297130933355026,43.634630933355034
autoimmune diseases,"Linno Pharmaceuticals, Inc.",1,1,1,1,0.125,0.16666666666666666,0.16666666666666666,0.25,0.21875,3,0.3333333333333333,0.88,0.03333333333333333,0.0,1.0,2.0,0.8297130933355026,43.501297600021694
autoimmune diseases,Synthekine,1,1,1,1,0.125,0.16666666666666666,0.16666666666666666,0.25,0.21875,3,0.3333333333333333,0.88,0.016666666666666666,0.0,1.0,2.0,0.8297130933355026,43.501297600021694
autoimmune diseases,Thomas Advanced Medical LLC,1,1,1,1,0.125,0.16666666666666666,0.16666666666666666,0.25,0.21875,1,1.0,0.12,-0.06666666666666667,1.0,0.0,3.0,1.0,43.337500000000006
autoimmune diseases,Akebia Therapeutics,1,1,1,1,0.125,0.16666666666666666,0.16666666666666666,0.25,0.21875,3,0.3333333333333333,0.88,0.03333333333333333,0.0,1.0,1.7999999999999998,0.7776070961516035,42.98023762818271
autoimmune diseases,"Janssen Research & Development, LLC",19,7,12,2,1.0,1.0,1.0,0.5,0.675,76,0.02631578947368421,0.1648068669527897,-0.5166666666666667,12.0,7.0,1.0,0.5234906775131802,42.807359903661286
autoimmune diseases,Boehringer Ingelheim,3,2,1,1,0.375,0.3333333333333333,0.16666666666666666,0.25,0.25625,63,0.015873015873015872,0.9647058823529412,0.03333333333333334,0.0,3.0,2.571428571428571,0.9613912928910499,42.03799089342964
autoimmune diseases,Hansoh BioMedical R&D Company,3,2,2,2,0.375,0.3333333333333333,0.3333333333333333,0.5,0.44375,26,0.07692307692307693,0.5,-0.01666666666666667,1.0,1.0,2.0,0.8297130933355026,42.02309247181656
autoimmune diseases,"Jade Biosciences, Inc.",1,1,1,1,0.125,0.16666666666666666,0.16666666666666666,0.25,0.21875,4,0.25,0.88,0.03333333333333333,0.0,1.0,2.0,0.8297130933355026,41.83463093335502
autoimmune diseases,"Inventage Lab., Inc.",1,1,1,1,0.125,0.16666666666666666,0.16666666666666666,0.25,0.21875,2,0.5,0.78,-1.791614702062191e-18,0.0,1.0,1.0,0.5234906775131802,41.772406775131806
autoimmune diseases,"Shanghai Simnova Biotechnology Co.,Ltd.",1,1,1,1,0.125,0.16666666666666666,0.16666666666666666,0.25,0.21875,2,0.5,0.78,-1.791614702062191e-18,0.0,1.0,1.0,0.5234906775131802,41.772406775131806
autoimmune diseases,"XBiotech, Inc.",3,1,3,1,0.375,0.16666666666666666,0.5,0.25,0.28125,2,0.5,0.6153846153846154,-0.01666666666666667,1.0,2.0,1.0,0.5234906775131802,41.60509908282411
autoimmune diseases,Sana Biotechnology,1,1,1,1,0.125,0.16666666666666666,0.16666666666666666,0.25,0.21875,3,0.3333333333333333,0.78,-1.791614702062191e-18,0.0,1.0,2.0,0.8297130933355026,41.501297600021694
autoimmune diseases,"Shanghai Bao Pharmaceuticals Co., Ltd.",1,1,1,1,0.125,0.16666666666666666,0.16666666666666666,0.25,0.21875,3,0.3333333333333333,0.78,-1.791614702062191e-18,0.0,1.0,2.0,0.8297130933355026,41.501297600021694
autoimmune diseases,"Hangzhou Highlightll Pharmaceutical Co., Ltd",4,3,2,1,0.5,0.5,0.3333333333333333,0.25,0.3125,4,0.25,0.78,-7.166458808248764e-18,1.0,3.0,1.0,0.5234906775131802,41.459906775131806
autoimmune diseases,Allogene Therapeutics,1,1,1,1,0.125,0.16666666666666666,0.16666666666666666,0.25,0.21875,4,0.25,0.88,0.016666666666666666,0.0,1.0,1.7999999999999998,0.7776070961516035,41.313570961516035
autoimmune diseases,"Nanjing Immunophage Biotech Co., Ltd",1,1,1,1,0.125,0.16666666666666666,0.16666666666666666,0.25,0.21875,5,0.2,0.88,0.016666666666666666,0.0,1.0,2.0,0.8297130933355026,40.83463093335503
autoimmune diseases,Biogen,23,10,3,2,1.0,1.0,0.5,0.5,0.6000000000000001,10,0.2,0.07882037533512062,-0.6833333333333337,17.0,6.0,1.0,0.5234906775131802,40.81131428183423
autoimmune diseases,Quell Therapeutics Limited,2,2,1,1,0.25,0.3333333333333333,0.16666666666666666,0.25,0.25,2,0.5,0.5,-0.01666666666666668,1.0,1.0,2.0,0.8297130933355026,40.79713093335503
autoimmune diseases,"ILAb Co., Ltd.",1,1,1,1,0.125,0.16666666666666666,0.16666666666666666,0.25,0.21875,1,1.0,0.22000000000000008,-0.03333333333333333,1.0,0.0,1.0,0.5234906775131802,40.57240677513181
autoimmune diseases,Urovant Sciences GmbH,1,1,1,1,0.125,0.16666666666666666,0.16666666666666666,0.25,0.21875,1,1.0,0.22000000000000008,-0.03333333333333333,1.0,0.0,1.0,0.5234906775131802,40.57240677513181
autoimmune diseases,Antengene Biologics Limited,1,1,1,1,0.125,0.16666666666666666,0.16666666666666666,0.25,0.21875,3,0.3333333333333333,0.88,0.03333333333333333,0.0,1.0,1.0,0.5234906775131802,40.43907344179847
autoimmune diseases,Shanghai Qilu Pharmaceutical Research and Development Center LTD,1,1,1,1,0.125,0.16666666666666666,0.16666666666666666,0.25,0.21875,3,0.3333333333333333,0.88,0.016666666666666666,0.0,1.0,1.0,0.5234906775131802,40.43907344179847
autoimmune diseases,"Wuhan Createrna Science and Technology Co., Ltd",1,1,1,1,0.125,0.16666666666666666,0.16666666666666666,0.25,0.21875,4,0.25,0.78,-1.791614702062191e-18,0.0,1.0,2.0,0.8297130933355026,39.83463093335503
autoimmune diseases,"AnaptysBio, Inc.",1,1,1,1,0.125,0.16666666666666666,0.16666666666666666,0.25,0.21875,2,0.5,0.68,-0.016666666666666666,0.0,1.0,1.0,0.5234906775131802,39.7724067751318
autoimmune diseases,"Eisai Co., Ltd.",2,1,2,1,0.25,0.16666666666666666,0.3333333333333333,0.25,0.25,2,0.5,0.6000000000000001,-3.583229404124382e-18,1.0,1.0,1.0,0.5234906775131802,39.734906775131805
autoimmune diseases,"Xiamen Amoytop Biotech Co., Ltd.",1,1,1,1,0.125,0.16666666666666666,0.16666666666666666,0.25,0.21875,6,0.16666666666666666,0.88,0.03333333333333333,0.0,1.0,1.7999999999999998,0.7776070961516035,39.64690429484937
autoimmune diseases,Jiangsu Renocell Biotech Company,1,1,1,1,0.125,0.16666666666666666,0.16666666666666666,0.25,0.21875,3,0.3333333333333333,0.68,-0.016666666666666666,0.0,1.0,2.0,0.8297130933355026,39.50129760002169
autoimmune diseases,"Biocity Biopharmaceutics Co., Ltd.",2,2,1,1,0.25,0.3333333333333333,0.16666666666666666,0.25,0.25,4,0.25,0.6000000000000001,-3.583229404124382e-18,1.0,1.0,3.0,1.0,39.5
autoimmune diseases,"Nanjing IASO Biotechnology Co., Ltd.",1,1,1,1,0.125,0.16666666666666666,0.16666666666666666,0.25,0.21875,8,0.125,0.88,0.016666666666666666,0.0,1.0,2.0,0.8297130933355026,39.33463093335503
autoimmune diseases,Curocell Inc.,1,1,1,1,0.125,0.16666666666666666,0.16666666666666666,0.25,0.21875,2,0.5,0.5,,,,2.0,0.8297130933355026,39.23463093335503
autoimmune diseases,Excyte Biopharma Ltd,1,1,1,1,0.125,0.16666666666666666,0.16666666666666666,0.25,0.21875,7,0.14285714285714285,0.88,0.016666666666666666,0.0,1.0,1.7999999999999998,0.7776070961516035,39.170713818658896
autoimmune diseases,Beijing Biotech,1,1,1,1,0.125,0.16666666666666666,0.16666666666666666,0.25,0.21875,32,0.03125,0.88,0.03333333333333333,0.0,1.0,2.7777777777777772,1.0,39.1625
autoimmune diseases,"Jiangsu Hansoh Pharmaceutical Co., Ltd.",1,1,1,1,0.125,0.16666666666666666,0.16666666666666666,0.25,0.21875,42,0.023809523809523808,0.88,0.03333333333333333,0.0,1.0,3.5555555555555554,1.0,39.013690476190476
autoimmune diseases,Incyte Corporation,1,1,1,1,0.125,0.16666666666666666,0.16666666666666666,0.25,0.21875,31,0.03225806451612903,0.88,0.016666666666666666,0.0,1.0,2.571428571428571,0.9613912928910499,38.79657421923308
autoimmune diseases,Citryll BV,1,1,1,1,0.125,0.16666666666666666,0.16666666666666666,0.25,0.21875,4,0.25,0.88,0.016666666666666666,0.0,1.0,1.0,0.5234906775131802,38.7724067751318
autoimmune diseases,Daewoong Pharmaceutical Co. LTD.,1,1,1,1,0.125,0.16666666666666666,0.16666666666666666,0.25,0.21875,9,0.1111111111111111,0.78,-1.791614702062191e-18,0.0,1.0,3.0,1.0,38.75972222222222
autoimmune diseases,Shanghai Henlius Biotech,1,1,1,1,0.125,0.16666666666666666,0.16666666666666666,0.25,0.21875,46,0.021739130434782608,0.88,0.016666666666666666,0.0,1.0,2.571428571428571,0.9613912928910499,38.58619553760615
autoimmune diseases,Beeline Medicines Corporation,1,1,1,1,0.125,0.16666666666666666,0.16666666666666666,0.25,0.21875,1,1.0,0.12,-0.05000000000000002,1.0,0.0,1.0,0.5234906775131802,38.57240677513181
autoimmune diseases,"Beijing Baylx Biotech Co., Ltd.",1,1,1,1,0.125,0.16666666666666666,0.16666666666666666,0.25,0.21875,1,1.0,0.12,-0.05000000000000002,1.0,0.0,1.0,0.5234906775131802,38.57240677513181
autoimmune diseases,ImStem Biotechnology,1,1,1,1,0.125,0.16666666666666666,0.16666666666666666,0.25,0.21875,1,1.0,0.12,-0.05000000000000002,1.0,0.0,1.0,0.5234906775131802,38.57240677513181
autoimmune diseases,"Gracell Biotechnologies (Shanghai) Co., Ltd.",1,1,1,1,0.125,0.16666666666666666,0.16666666666666666,0.25,0.21875,3,0.3333333333333333,0.78,-1.791614702062191e-18,0.0,1.0,1.0,0.5234906775131802,38.43907344179847
autoimmune diseases,"Guangdong Ruishun Biotech Co., Ltd",1,1,1,1,0.125,0.16666666666666666,0.16666666666666666,0.25,0.21875,3,0.3333333333333333,0.78,-1.791614702062191e-18,0.0,1.0,1.0,0.5234906775131802,38.43907344179847
autoimmune diseases,LAPIX Therapeutics Inc.,3,1,2,1,0.375,0.16666666666666666,0.3333333333333333,0.25,0.25625,2,0.5,0.5153846153846154,-0.03333333333333333,1.0,2.0,1.0,0.5234906775131802,38.35509908282411
autoimmune diseases,"CSPC ZhongQi Pharmaceutical Technology Co., Ltd.",1,1,1,1,0.125,0.16666666666666666,0.16666666666666666,0.25,0.21875,25,0.04,0.88,0.016666666666666666,0.0,1.0,2.0,0.8297130933355026,37.63463093335503
autoimmune diseases,"Ever Supreme Bio Technology Co., Ltd.",1,1,1,1,0.125,0.16666666666666666,0.16666666666666666,0.25,0.21875,4,0.25,0.68,-0.016666666666666666,0.0,1.0,1.7999999999999998,0.7776070961516035,37.313570961516035
autoimmune diseases,"Genrix (Shanghai) Biopharmaceutical Co., Ltd.",3,2,2,2,0.375,0.3333333333333333,0.3333333333333333,0.5,0.44375,10,0.2,0.2846153846153847,-0.03333333333333333,2.0,1.0,1.0,0.5234906775131802,37.1147144674395
autoimmune diseases,"NS Pharma, Inc.",1,1,1,1,0.125,0.16666666666666666,0.16666666666666666,0.25,0.21875,5,0.2,0.68,-0.016666666666666666,0.0,1.0,2.0,0.8297130933355026,36.83463093335503
autoimmune diseases,Takeda,9,4,4,1,1.0,0.6666666666666666,0.6666666666666666,0.25,0.4125,26,0.038461538461538464,0.3540983606557377,-0.11666666666666664,4.0,5.0,2.0,0.8297130933355026,36.773328915700546
autoimmune diseases,"Hebei Senlang Biotechnology Inc., Ltd.",1,1,1,1,0.125,0.16666666666666666,0.16666666666666666,0.25,0.21875,7,0.14285714285714285,0.88,0.016666666666666666,0.0,1.0,1.0,0.5234906775131802,36.62954963227467
autoimmune diseases,"Jacobio Pharmaceuticals Co., Ltd.",1,1,1,1,0.125,0.16666666666666666,0.16666666666666666,0.25,0.21875,7,0.14285714285714285,0.88,0.03333333333333333,0.0,1.0,1.0,0.5234906775131802,36.62954963227467
autoimmune diseases,"Spyre Therapeutics, Inc.",1,1,1,1,0.125,0.16666666666666666,0.16666666666666666,0.25,0.21875,7,0.14285714285714285,0.88,0.016666666666666666,0.0,1.0,1.0,0.5234906775131802,36.62954963227467
autoimmune diseases,Philogen S.p.A.,2,1,2,1,0.25,0.16666666666666666,0.3333333333333333,0.25,0.25,13,0.07692307692307693,0.7,0.01666666666666666,1.0,1.0,2.0,0.8297130933355026,36.33559247181656
autoimmune diseases,DualityBio Inc.,1,1,1,1,0.125,0.16666666666666666,0.16666666666666666,0.25,0.21875,9,0.1111111111111111,0.78,-1.791614702062191e-18,0.0,1.0,1.6,0.7216379836168889,35.97610205839112
autoimmune diseases,"SUNHO（China）BioPharmaceutical CO., Ltd.",1,1,1,1,0.125,0.16666666666666666,0.16666666666666666,0.25,0.21875,10,0.1,0.88,0.03333333333333333,0.0,1.0,1.0,0.5234906775131802,35.77240677513181
autoimmune diseases,"Nanjing Leads Biolabs Co.,Ltd",1,1,1,1,0.125,0.16666666666666666,0.16666666666666666,0.25,0.21875,11,0.09090909090909091,0.88,0.016666666666666666,0.0,1.0,1.0,0.5234906775131802,35.590588593313626
autoimmune diseases,Dizal Pharmaceuticals,1,1,1,1,0.125,0.16666666666666666,0.16666666666666666,0.25,0.21875,13,0.07692307692307693,0.88,0.03333333333333333,0.0,1.0,1.0,0.5234906775131802,35.31086831359334
autoimmune diseases,"ModernaTX, Inc.",1,1,1,1,0.125,0.16666666666666666,0.16666666666666666,0.25,0.21875,18,0.05555555555555555,0.88,0.016666666666666666,0.0,1.0,1.0,0.5234906775131802,34.88351788624291
autoimmune diseases,"Chongqing Peg-Bio Biopharm Co., Ltd.",2,1,2,1,0.25,0.16666666666666666,0.3333333333333333,0.25,0.25,5,0.2,0.5,-0.01666666666666667,1.0,1.0,2.0,0.8297130933355026,34.79713093335503
autoimmune diseases,Gilead Sciences,4,1,4,1,0.5,0.16666666666666666,0.6666666666666666,0.25,0.31250000000000006,37,0.02702702702702703,0.41538461538461535,-0.06666666666666667,1.0,2.0,3.571428571428571,1.0,34.47323284823285
autoimmune diseases,Immunocore Ltd,1,1,1,1,0.125,0.16666666666666666,0.16666666666666666,0.25,0.21875,4,0.25,0.5,,,,2.0,0.8297130933355026,34.23463093335503
autoimmune diseases,Celltex Therapeutics Corporation,1,1,1,1,0.125,0.16666666666666666,0.16666666666666666,0.25,0.21875,3,0.3333333333333333,0.5,,,,1.0,0.5234906775131802,32.83907344179847
autoimmune diseases,Seismic Therapeutic AU Pty Ltd,1,1,1,1,0.125,0.16666666666666666,0.16666666666666666,0.25,0.21875,3,0.3333333333333333,0.5,,,,1.0,0.5234906775131802,32.83907344179847
autoimmune diseases,Mannkind Corporation,4,1,1,1,0.5,0.16666666666666666,0.16666666666666666,0.25,0.2375,3,0.3333333333333333,0.3,-0.08333333333333336,2.0,2.0,2.0,0.8297130933355026,32.8387976000217
autoimmune diseases,SynAct Pharma Aps,3,1,3,1,0.375,0.16666666666666666,0.5,0.25,0.28125,3,0.3333333333333333,0.18461538461538463,-0.06666666666666668,2.0,1.0,2.0,0.8297130933355026,32.718605292329386
autoimmune diseases,Alumis Inc,1,1,1,1,0.125,0.16666666666666666,0.16666666666666666,0.25,0.21875,2,0.5,0.32000000000000006,-0.016666666666666666,1.0,0.0,1.0,0.5234906775131802,32.57240677513181
autoimmune diseases,"Mabscale, LLC",1,1,1,1,0.125,0.16666666666666666,0.16666666666666666,0.25,0.21875,2,0.5,0.32000000000000006,-0.016666666666666666,1.0,0.0,1.0,0.5234906775131802,32.57240677513181
autoimmune diseases,Vertex Pharmaceuticals Incorporated,2,2,1,1,0.25,0.3333333333333333,0.16666666666666666,0.25,0.25,14,0.07142857142857142,0.5,-0.01666666666666668,1.0,1.0,2.0,0.8297130933355026,32.22570236192646
autoimmune diseases,"Kriya Therapeutics, Inc.",1,1,1,1,0.125,0.16666666666666666,0.16666666666666666,0.25,0.21875,4,0.25,0.5,,,,1.0,0.5234906775131802,31.172406775131805
autoimmune diseases,"RemeGen Co., Ltd.",9,3,6,1,1.0,0.5,1.0,0.25,0.4375,23,0.043478260869565216,0.028235294117647056,-0.23333333333333336,8.0,1.0,1.7999999999999998,0.7776070961516035,31.085342061260278
autoimmune diseases,"Q Therapeutics, Inc.",1,1,1,1,0.125,0.16666666666666666,0.16666666666666666,0.25,0.21875,2,0.5,0.22000000000000008,-0.03333333333333333,1.0,0.0,1.0,0.5234906775131802,30.572406775131807
autoimmune diseases,"Merck Healthcare KGaA, Darmstadt, Germany, an affiliate of Merck KGaA, Darmstadt, Germany",8,3,3,1,1.0,0.5,0.5,0.25,0.3625,4,0.25,0.09310344827586205,-0.31666666666666665,6.0,2.0,1.0,0.5234906775131802,30.221975740649043
autoimmune diseases,Pfizer,18,2,4,1,1.0,0.3333333333333333,0.6666666666666666,0.25,0.3625,90,0.011111111111111112,0.09310344827586205,-0.7333333333333334,13.0,5.0,3.4489795918367343,1.0,30.209291187739463
autoimmune diseases,"R-Pharm International, LLC",4,2,2,1,0.5,0.3333333333333333,0.3333333333333333,0.25,0.28750000000000003,5,0.2,0.2846153846153846,-0.03333333333333335,2.0,1.0,1.0,0.5234906775131802,29.302214467439498
autoimmune diseases,"Ashvattha Therapeutics, Inc.",1,1,1,1,0.125,0.16666666666666666,0.16666666666666666,0.25,0.21875,3,0.3333333333333333,0.32000000000000006,-0.016666666666666666,1.0,0.0,1.0,0.5234906775131802,29.239073441798467
autoimmune diseases,"Shanghai Cell Therapy Group Co.,Ltd",1,1,1,1,0.125,0.16666666666666666,0.16666666666666666,0.25,0.21875,8,0.125,0.5,,,,1.0,0.5234906775131802,28.672406775131805
autoimmune diseases,Minghui Pharmaceutical (Hangzhou) Ltd,6,6,0,0,0.75,1.0,0.0,0.0,0.1875,10,0.0,0.9647058823529412,0.08333333333333333,0.0,3.0,,0.0,28.66911764705883
autoimmune diseases,Regeneron Pharmaceuticals,4,2,3,1,0.5,0.3333333333333333,0.5,0.25,0.3125,60,0.016666666666666666,0.12,-0.16666666666666669,3.0,1.0,4.94392523364486,1.0,28.35833333333333
autoimmune diseases,CRISPR Therapeutics AG,3,1,3,1,0.375,0.16666666666666666,0.5,0.25,0.28125,4,0.25,0.060000000000000026,-0.05000000000000001,2.0,0.0,1.7999999999999998,0.7776070961516035,28.038570961516037
autoimmune diseases,"Sunshine Guojian Pharmaceutical (Shanghai) Co., Ltd.",2,1,2,1,0.25,0.16666666666666666,0.3333333333333333,0.25,0.25,11,0.09090909090909091,0.4000000000000001,-0.03333333333333333,1.0,1.0,1.0,0.5234906775131802,27.553088593313625
autoimmune diseases,"Kyowa Kirin Co., Ltd.",1,1,1,1,0.125,0.16666666666666666,0.16666666666666666,0.25,0.21875,11,0.09090909090909091,0.22000000000000008,-0.03333333333333333,1.0,0.0,3.0,1.0,27.15568181818182
autoimmune diseases,H. Lundbeck A/S,2,1,2,1,0.25,0.16666666666666666,0.3333333333333333,0.25,0.25,7,0.14285714285714285,0.3,-0.05000000000000002,1.0,1.0,1.0,0.5234906775131802,26.592049632274662
autoimmune diseases,"Guangzhou JOYO Pharma Co., Ltd",1,1,1,1,0.125,0.16666666666666666,0.16666666666666666,0.25,0.21875,5,0.2,0.32000000000000006,-0.016666666666666666,1.0,0.0,1.0,0.5234906775131802,26.572406775131807
autoimmune diseases,Novo Nordisk A/S,4,1,2,1,0.5,0.16666666666666666,0.3333333333333333,0.25,0.2625,45,0.022222222222222223,0.12,-0.13333333333333336,3.0,1.0,2.410691003911343,0.9266120329616099,25.235564774060542
autoimmune diseases,"Shanghai Pharmaceuticals Holding Co., Ltd",1,1,1,1,0.125,0.16666666666666666,0.16666666666666666,0.25,0.21875,14,0.07142857142857142,0.22000000000000008,-0.03333333333333333,1.0,0.0,1.7999999999999998,0.7776070961516035,24.542142390087466
autoimmune diseases,Ace Cells Lab Limited,1,1,0,0,0.125,0.16666666666666666,0.0,0.0,0.03125,1,0.0,0.88,0.016666666666666666,0.0,1.0,1.0,0.5234906775131802,24.397406775131806
autoimmune diseases,Celgene,3,1,1,1,0.375,0.16666666666666666,0.16666666666666666,0.25,0.23125,7,0.14285714285714285,0.18461538461538463,-0.10000000000000002,2.0,1.0,1.0,0.5234906775131802,23.346857324582356
autoimmune diseases,Kedrion S.p.A.,3,3,0,0,0.375,0.5,0.0,0.0,0.09375,0,0.0,0.88,0.016666666666666666,0.0,1.0,,0.0,22.2875
autoimmune diseases,"Beijing InnoCare Pharma Tech Co., Ltd.",4,1,4,1,0.5,0.16666666666666666,0.6666666666666666,0.25,0.31250000000000006,21,0.047619047619047616,0.02307692307692306,-0.16666666666666669,4.0,0.0,1.0,0.5234906775131802,22.273826189051217
autoimmune diseases,Arialys Therapeutics,2,0,2,0,0.25,0.0,0.3333333333333333,0.0,0.0625,0,0.0,0.9400000000000001,0.01666666666666666,0.0,2.0,,0.0,21.925000000000004
autoimmune diseases,BioSensics,2,2,0,0,0.25,0.3333333333333333,0.0,0.0,0.0625,0,0.0,0.9400000000000001,0.06666666666666667,0.0,2.0,,0.0,21.925000000000004
autoimmune diseases,"Target PharmaSolutions, Inc.",2,2,0,0,0.25,0.3333333333333333,0.0,0.0,0.0625,0,0.0,0.9400000000000001,0.03333333333333333,0.0,2.0,,0.0,21.925000000000004
autoimmune diseases,Vitaccess Ltd,2,2,0,0,0.25,0.3333333333333333,0.0,0.0,0.0625,0,0.0,0.9400000000000001,0.01666666666666666,0.0,2.0,,0.0,21.925000000000004
autoimmune diseases,SYSNAV,2,1,0,0,0.25,0.16666666666666666,0.0,0.0,0.0375,0,0.0,0.9400000000000001,0.03333333333333333,0.0,2.0,,0.0,20.675
autoimmune diseases,ZS Associates,2,1,0,0,0.25,0.16666666666666666,0.0,0.0,0.0375,0,0.0,0.9400000000000001,0.01666666666666666,0.0,2.0,,0.0,20.675
autoimmune diseases,Jemincare,1,0,1,0,0.125,0.0,0.16666666666666666,0.0,0.03125,16,0.0,0.68,-0.016666666666666666,0.0,1.0,1.0,0.5234906775131802,20.397406775131806
autoimmune diseases,Vifor Fresenius Medical Care Renal Pharma,1,1,0,0,0.125,0.16666666666666666,0.0,0.0,0.03125,1,0.0,0.68,-0.016666666666666666,0.0,1.0,1.0,0.5234906775131802,20.397406775131806
autoimmune diseases,mAbxience Research S.L.,2,1,1,0,0.25,0.16666666666666666,0.16666666666666666,0.0,0.0625,0,0.0,0.8400000000000001,-3.583229404124382e-18,0.0,2.0,,0.0,19.925000000000004
autoimmune diseases,Atara Biotherapeutics,1,0,1,0,0.125,0.0,0.16666666666666666,0.0,0.03125,0,0.0,0.88,0.016666666666666666,0.0,1.0,,0.0,19.1625
autoimmune diseases,"Chengdu Kangnuoxing Biopharma,Inc.",1,1,0,0,0.125,0.16666666666666666,0.0,0.0,0.03125,1,0.0,0.88,0.016666666666666666,0.0,1.0,,0.0,19.1625
autoimmune diseases,"Clinical Nutrition Research Center, Illinois Institute of Technology",1,1,0,0,0.125,0.16666666666666666,0.0,0.0,0.03125,0,0.0,0.88,0.03333333333333333,0.0,1.0,,0.0,19.1625
autoimmune diseases,Getz Pharma,1,1,0,0,0.125,0.16666666666666666,0.0,0.0,0.03125,0,0.0,0.88,0.016666666666666666,0.0,1.0,,0.0,19.1625
autoimmune diseases,"Grand Shuyang Life Sciences (Chengdu) Co., Ltd.",1,1,0,0,0.125,0.16666666666666666,0.0,0.0,0.03125,0,0.0,0.88,0.016666666666666666,0.0,1.0,,0.0,19.1625
autoimmune diseases,Grifols Therapeutics LLC,1,1,0,0,0.125,0.16666666666666666,0.0,0.0,0.03125,0,0.0,0.88,0.03333333333333333,0.0,1.0,,0.0,19.1625
autoimmune diseases,"Indapta Therapeutics, INC.",1,0,1,0,0.125,0.0,0.16666666666666666,0.0,0.03125,1,0.0,0.88,0.03333333333333333,0.0,1.0,,0.0,19.1625
autoimmune diseases,"Instituto Grifols, S.A.",1,0,1,0,0.125,0.0,0.16666666666666666,0.0,0.03125,0,0.0,0.88,0.016666666666666666,0.0,1.0,,0.0,19.1625
autoimmune diseases,Octapharma,1,1,0,0,0.125,0.16666666666666666,0.0,0.0,0.03125,0,0.0,0.88,0.03333333333333333,0.0,1.0,,0.0,19.1625
autoimmune diseases,Oculis,1,1,0,0,0.125,0.16666666666666666,0.0,0.0,0.03125,1,0.0,0.88,0.03333333333333333,0.0,1.0,,0.0,19.1625
autoimmune diseases,"Otsuka Pharmaceutical Co., Ltd.",1,1,0,0,0.125,0.16666666666666666,0.0,0.0,0.03125,3,0.0,0.88,0.016666666666666666,0.0,1.0,,0.0,19.1625
autoimmune diseases,Precia Group,1,1,0,0,0.125,0.16666666666666666,0.0,0.0,0.03125,0,0.0,0.88,0.016666666666666666,0.0,1.0,,0.0,19.1625
autoimmune diseases,Rallybio,1,0,1,0,0.125,0.0,0.16666666666666666,0.0,0.03125,0,0.0,0.88,0.016666666666666666,0.0,1.0,,0.0,19.1625
autoimmune diseases,Savara Inc.,1,1,0,0,0.125,0.16666666666666666,0.0,0.0,0.03125,0,0.0,0.88,0.016666666666666666,0.0,1.0,,0.0,19.1625
autoimmune diseases,"Zai Lab (Shanghai) Co., Ltd.",1,1,0,0,0.125,0.16666666666666666,0.0,0.0,0.03125,5,0.0,0.88,0.016666666666666666,0.0,1.0,,0.0,19.1625
autoimmune diseases,"Viridian Therapeutics, Inc.",7,3,0,0,0.875,0.5,0.0,0.0,0.11875,0,0.0,0.6547169811320754,-0.03333333333333335,1.0,6.0,,0.0,19.03183962264151
autoimmune diseases,Arrowhead Pharmaceuticals,2,0,2,0,0.25,0.0,0.3333333333333333,0.0,0.0625,7,0.0,0.4,-0.03333333333333334,1.0,1.0,1.7999999999999998,0.7776070961516035,18.901070961516037
autoimmune diseases,Eisai Korea Inc.,2,1,0,0,0.25,0.16666666666666666,0.0,0.0,0.0375,0,0.0,0.8400000000000001,-3.583229404124382e-18,0.0,2.0,,0.0,18.675000000000004
autoimmune diseases,Alfasigma S.p.A.,5,3,1,0,0.625,0.5,0.16666666666666666,0.0,0.13124999999999998,0,0.0,0.5839999999999999,-0.016666666666666694,2.0,3.0,,0.0,18.242499999999996
autoimmune diseases,BeiGene,3,0,3,0,0.375,0.0,0.5,0.0,0.09375,9,0.0,0.4153846153846154,-0.05000000000000001,1.0,2.0,1.0,0.5234906775131802,18.230099082824115
autoimmune diseases,Vor Biopharma,4,2,0,0,0.5,0.3333333333333333,0.0,0.0,0.075,0,0.0,0.7153846153846154,-7.166458808248764e-18,1.0,2.0,,0.0,18.057692307692307
autoimmune diseases,"Corium Innovations, Inc.",1,0,0,0,0.125,0.0,0.0,0.0,0.00625,1,0.0,0.88,0.016666666666666666,0.0,1.0,,0.0,17.9125
autoimmune diseases,Bayer,4,1,0,0,0.5,0.16666666666666666,0.0,0.0,0.05,22,0.0,0.3,-0.11666666666666667,2.0,2.0,2.2727272727272725,0.895427339846409,17.45427339846409
autoimmune diseases,"Artivila (Shenzhen) Innovation Center, Ltd",1,0,1,0,0.125,0.0,0.16666666666666666,0.0,0.03125,0,0.0,0.78,-1.791614702062191e-18,0.0,1.0,,0.0,17.1625
autoimmune diseases,"Astellas Pharma Global Development, Inc.",1,0,1,0,0.125,0.0,0.16666666666666666,0.0,0.03125,18,0.0,0.78,-1.791614702062191e-18,0.0,1.0,,0.0,17.1625
autoimmune diseases,Cellerys AG,1,0,1,0,0.125,0.0,0.16666666666666666,0.0,0.03125,0,0.0,0.78,-1.791614702062191e-18,0.0,1.0,,0.0,17.1625
autoimmune diseases,Holoclara Aus Pty Ltd,1,0,1,0,0.125,0.0,0.16666666666666666,0.0,0.03125,0,0.0,0.78,-1.791614702062191e-18,0.0,1.0,,0.0,17.1625
autoimmune diseases,"Kashiv BioSciences, LLC",1,0,1,0,0.125,0.0,0.16666666666666666,0.0,0.03125,1,0.0,0.78,-1.791614702062191e-18,0.0,1.0,,0.0,17.1625
autoimmune diseases,"Kine Sciences Co., Ltd.",1,0,1,0,0.125,0.0,0.16666666666666666,0.0,0.03125,0,0.0,0.78,-1.791614702062191e-18,0.0,1.0,,0.0,17.1625
autoimmune diseases,Lassen Therapeutics Inc.,1,0,1,0,0.125,0.0,0.16666666666666666,0.0,0.03125,0,0.0,0.78,-1.791614702062191e-18,0.0,1.0,,0.0,17.1625
autoimmune diseases,"Loxo Oncology, Inc.",1,0,1,0,0.125,0.0,0.16666666666666666,0.0,0.03125,1,0.0,0.78,-1.791614702062191e-18,0.0,1.0,,0.0,17.1625
autoimmune diseases,"Lyell Immunopharma, Inc.",1,0,1,0,0.125,0.0,0.16666666666666666,0.0,0.03125,2,0.0,0.78,-1.791614702062191e-18,0.0,1.0,,0.0,17.1625
autoimmune diseases,Med2Measure,1,1,0,0,0.125,0.16666666666666666,0.0,0.0,0.03125,0,0.0,0.78,-1.791614702062191e-18,0.0,1.0,,0.0,17.1625
autoimmune diseases,Reveal Pharmaceuticals Inc.,1,0,1,0,0.125,0.0,0.16666666666666666,0.0,0.03125,0,0.0,0.78,-1.791614702062191e-18,0.0,1.0,,0.0,17.1625
autoimmune diseases,"S-INFINITY Pharmaceuticals Co., Ltd",1,0,1,0,0.125,0.0,0.16666666666666666,0.0,0.03125,3,0.0,0.78,-1.791614702062191e-18,0.0,1.0,,0.0,17.1625
autoimmune diseases,"Shanghai Kanda Biotechnology Co., Ltd.",1,0,1,0,0.125,0.0,0.16666666666666666,0.0,0.03125,0,0.0,0.78,-1.791614702062191e-18,0.0,1.0,,0.0,17.1625
autoimmune diseases,Stem Cell Medicine Ltd.,1,0,1,0,0.125,0.0,0.16666666666666666,0.0,0.03125,0,0.0,0.78,-1.791614702062191e-18,0.0,1.0,,0.0,17.1625
autoimmune diseases,X4 Pharmaceuticals,1,1,0,0,0.125,0.16666666666666666,0.0,0.0,0.03125,0,0.0,0.78,-1.791614702062191e-18,0.0,1.0,,0.0,17.1625
autoimmune diseases,xCures,1,1,0,0,0.125,0.16666666666666666,0.0,0.0,0.03125,0,0.0,0.78,-1.791614702062191e-18,0.0,1.0,,0.0,17.1625
autoimmune diseases,Seraxis,1,0,1,0,0.125,0.0,0.16666666666666666,0.0,0.03125,1,0.0,0.5,,,,1.0,0.5234906775131802,16.797406775131805
autoimmune diseases,"Carmot Therapeutics, Inc.",1,0,1,0,0.125,0.0,0.16666666666666666,0.0,0.03125,1,0.0,0.32000000000000006,-0.016666666666666666,1.0,0.0,2.0,0.8297130933355026,16.25963093335503
autoimmune diseases,Viatris Innovation GmbH,4,4,0,0,0.5,0.6666666666666666,0.0,0.0,0.125,1,0.0,0.5000000000000001,-0.016666666666666666,2.0,2.0,,0.0,16.250000000000004
autoimmune diseases,"Jiangsu HengRui Medicine Co., Ltd.",11,0,8,0,1.0,0.0,1.0,0.0,0.2,64,0.0,0.04954128440366973,-0.4000000000000001,9.0,2.0,1.0,0.5234906775131802,16.225732463205198
autoimmune diseases,Celestra Health Systems,1,1,0,0,0.125,0.16666666666666666,0.0,0.0,0.03125,0,0.0,0.68,-0.016666666666666666,0.0,1.0,,0.0,15.162500000000001
autoimmune diseases,"DAS-MG, Inc",1,0,1,0,0.125,0.0,0.16666666666666666,0.0,0.03125,0,0.0,0.68,-0.016666666666666666,0.0,1.0,,0.0,15.162500000000001
autoimmune diseases,"Daehwa Pharmaceutical Co., Ltd.",1,0,1,0,0.125,0.0,0.16666666666666666,0.0,0.03125,0,0.0,0.68,-0.016666666666666666,0.0,1.0,,0.0,15.162500000000001
autoimmune diseases,Incannex Healthcare Ltd,1,0,1,0,0.125,0.0,0.16666666666666666,0.0,0.03125,1,0.0,0.68,-0.016666666666666666,0.0,1.0,,0.0,15.162500000000001
autoimmune diseases,Motric Bio,1,0,1,0,0.125,0.0,0.16666666666666666,0.0,0.03125,0,0.0,0.68,-0.016666666666666666,0.0,1.0,,0.0,15.162500000000001
autoimmune diseases,Veralox Therapeutics,1,0,1,0,0.125,0.0,0.16666666666666666,0.0,0.03125,0,0.0,0.68,-0.016666666666666666,0.0,1.0,,0.0,15.162500000000001
autoimmune diseases,"EMD Serono Research & Development Institute, Inc.",5,2,1,0,0.625,0.3333333333333333,0.16666666666666666,0.0,0.10625,10,0.0,0.216,-0.0666666666666667,3.0,2.0,1.0,0.5234906775131802,14.867406775131803
autoimmune diseases,Zealand Pharma,1,0,0,0,0.125,0.0,0.0,0.0,0.00625,5,0.0,0.32000000000000006,-0.016666666666666666,1.0,0.0,1.7999999999999998,0.7776070961516035,14.488570961516038
autoimmune diseases,CSL Behring,2,1,1,0,0.25,0.16666666666666666,0.16666666666666666,0.0,0.0625,6,0.0,0.059999999999999984,-0.1,2.0,0.0,2.882352941176471,1.0,14.325
autoimmune diseases,"Ampel BioSolutions, LLC",1,0,0,0,0.125,0.0,0.0,0.0,0.00625,0,0.0,0.68,-0.016666666666666666,0.0,1.0,,0.0,13.9125
autoimmune diseases,"Attune Health Research, Inc.",1,0,0,0,0.125,0.0,0.0,0.0,0.00625,0,0.0,0.68,-0.016666666666666666,0.0,1.0,,0.0,13.9125
autoimmune diseases,Mabion SA,1,0,0,0,0.125,0.0,0.0,0.0,0.00625,0,0.0,0.68,-0.016666666666666666,0.0,1.0,,0.0,13.9125
autoimmune diseases,RwHealth,1,0,0,0,0.125,0.0,0.0,0.0,0.00625,0,0.0,0.68,-0.016666666666666666,0.0,1.0,,0.0,13.9125
autoimmune diseases,Apurano Pharmaceuticals GmbH,2,0,0,0,0.25,0.0,0.0,0.0,0.0125,0,0.0,0.6400000000000001,-0.03333333333333333,0.0,2.0,,0.0,13.425000000000004
autoimmune diseases,"Jiangsu vcare pharmaceutical technology co., LTD",1,0,1,0,0.125,0.0,0.16666666666666666,0.0,0.03125,7,0.0,0.32000000000000006,-0.016666666666666666,1.0,0.0,1.0,0.5234906775131802,13.197406775131803
autoimmune diseases,"Beijing Kanghong Biological Medicine Co., Ltd.",2,2,0,0,0.25,0.3333333333333333,0.0,0.0,0.0625,0,0.0,0.5,,,,,0.0,13.125
autoimmune diseases,Power Life Sciences Inc.,2,2,0,0,0.25,0.3333333333333333,0.0,0.0,0.0625,0,0.0,0.5,,,,,0.0,13.125
autoimmune diseases,"TaiwanJ Pharmaceuticals Co., Ltd",2,0,2,0,0.25,0.0,0.3333333333333333,0.0,0.0625,0,0.0,0.5,,,,,0.0,13.125
autoimmune diseases,"Kezar Life Sciences, Inc.",3,0,3,0,0.375,0.0,0.5,0.0,0.09375,0,0.0,0.4000000000000001,-0.03333333333333333,1.0,1.0,,0.0,12.687500000000002
autoimmune diseases,Daiichi Sankyo,2,0,2,0,0.25,0.0,0.3333333333333333,0.0,0.0625,30,0.0,0.060000000000000026,-0.05000000000000001,2.0,0.0,2.0,0.8297130933355026,12.622130933355027
autoimmune diseases,"Staidson (Beijing) Biopharmaceuticals Co., Ltd",4,1,3,0,0.5,0.16666666666666666,0.5,0.0,0.125,2,0.0,0.30000000000000004,-0.05000000000000001,2.0,2.0,,0.0,12.250000000000002
autoimmune diseases,"HI-Bio, A Biogen Company",4,0,4,0,0.5,0.0,0.6666666666666666,0.0,0.125,0,0.0,0.3,-0.13333333333333336,2.0,2.0,,0.0,12.25
autoimmune diseases,Elpen Pharmaceutical Co. Inc.,2,1,0,0,0.25,0.16666666666666666,0.0,0.0,0.0375,0,0.0,0.5,-0.01666666666666667,1.0,1.0,,0.0,11.875
autoimmune diseases,icometrix,2,1,0,0,0.25,0.16666666666666666,0.0,0.0,0.0375,0,0.0,0.5,-0.01666666666666667,1.0,1.0,,0.0,11.875
autoimmune diseases,"Caribou Biosciences, Inc.",1,0,1,0,0.125,0.0,0.16666666666666666,0.0,0.03125,1,0.0,0.5,,,,,0.0,11.5625
autoimmune diseases,"Cellenkos, Inc.",1,0,1,0,0.125,0.0,0.16666666666666666,0.0,0.03125,4,0.0,0.5,,,,,0.0,11.5625
autoimmune diseases,"ImmuneMed, Inc.",1,0,1,0,0.125,0.0,0.16666666666666666,0.0,0.03125,0,0.0,0.5,,,,,0.0,11.5625
autoimmune diseases,Thymia Limited,1,1,0,0,0.125,0.16666666666666666,0.0,0.0,0.03125,0,0.0,0.5,,,,,0.0,11.5625
autoimmune diseases,Guangzhou Lupeng Pharmaceutical Company LTD.,1,0,1,0,0.125,0.0,0.16666666666666666,0.0,0.03125,9,0.0,0.22000000000000008,-0.03333333333333333,1.0,0.0,1.0,0.5234906775131802,11.197406775131805
autoimmune diseases,"Ono Pharmaceutical Co., Ltd.",1,1,0,0,0.125,0.16666666666666666,0.0,0.0,0.03125,24,0.0,0.22000000000000008,-0.03333333333333333,1.0,0.0,1.0,0.5234906775131802,11.197406775131805
autoimmune diseases,"IGM Biosciences, Inc.",2,0,2,0,0.25,0.0,0.3333333333333333,0.0,0.0625,0,0.0,0.4000000000000001,-0.03333333333333333,1.0,1.0,,0.0,11.125000000000002
autoimmune diseases,Eurofarma Laboratorios S.A.,1,0,0,0,0.125,0.0,0.0,0.0,0.00625,0,0.0,0.5,,,,,0.0,10.3125
autoimmune diseases,Inner Group Inc.,1,0,0,0,0.125,0.0,0.0,0.0,0.00625,0,0.0,0.5,,,,,0.0,10.3125
autoimmune diseases,Zimmer Biomet,1,0,0,0,0.125,0.0,0.0,0.0,0.00625,0,0.0,0.5,,,,,0.0,10.3125
autoimmune diseases,Hansa Biopharma AB,1,0,0,0,0.125,0.0,0.0,0.0,0.00625,1,0.0,0.22000000000000008,-0.03333333333333333,1.0,0.0,1.0,0.5234906775131802,9.947406775131805
autoimmune diseases,Biocells Medical,2,1,1,0,0.25,0.16666666666666666,0.16666666666666666,0.0,0.0625,3,0.0,0.059999999999999984,-0.1,2.0,0.0,1.0,0.5234906775131802,9.559906775131802
autoimmune diseases,Eledon Pharmaceuticals,2,0,2,0,0.25,0.0,0.3333333333333333,0.0,0.0625,2,0.0,0.059999999999999984,-0.06666666666666667,2.0,0.0,1.0,0.5234906775131802,9.559906775131802
autoimmune diseases,"Shanghai Ming Ju Biotechnology Co., Ltd.",2,0,2,0,0.25,0.0,0.3333333333333333,0.0,0.0625,3,0.0,0.32000000000000006,-0.016666666666666666,1.0,0.0,,0.0,9.525000000000002
autoimmune diseases,Apollo Therapeutics Ltd,1,0,1,0,0.125,0.0,0.16666666666666666,0.0,0.03125,5,0.0,0.12,-0.05000000000000002,1.0,0.0,1.0,0.5234906775131802,9.197406775131803
autoimmune diseases,Bio-Thera Solutions,1,0,1,0,0.125,0.0,0.16666666666666666,0.0,0.03125,8,0.0,0.12,-0.06666666666666667,1.0,0.0,1.0,0.5234906775131802,9.197406775131803
autoimmune diseases,Zucara Therapeutics Inc.,1,0,1,0,0.125,0.0,0.16666666666666666,0.0,0.03125,1,0.0,0.12,-0.05000000000000002,1.0,0.0,1.0,0.5234906775131802,9.197406775131803
autoimmune diseases,"Alpine Immune Sciences Inc, A Subsidiary of Vertex",2,1,1,0,0.25,0.16666666666666666,0.16666666666666666,0.0,0.0625,0,0.0,0.3,-0.05000000000000002,1.0,1.0,,0.0,9.125
autoimmune diseases,"Lynk Pharmaceuticals Co., Ltd",2,1,1,0,0.25,0.16666666666666666,0.16666666666666666,0.0,0.0625,0,0.0,0.3,-0.06666666666666668,1.0,1.0,,0.0,9.125
autoimmune diseases,Contineum Therapeutics,4,0,4,0,0.5,0.0,0.6666666666666666,0.0,0.125,1,0.0,0.12,-0.1166666666666667,3.0,1.0,,0.0,8.649999999999999
autoimmune diseases,Scipher Medicine,2,0,0,0,0.25,0.0,0.0,0.0,0.0125,0,0.0,0.4,-0.03333333333333334,1.0,1.0,,0.0,8.625000000000002
autoimmune diseases,"Beijing VDJBio Co., LTD.",3,1,2,0,0.375,0.16666666666666666,0.3333333333333333,0.0,0.09375,1,0.0,0.18461538461538463,-0.0666666666666667,2.0,1.0,,0.0,8.379807692307692
autoimmune diseases,Swedish Orphan Biovitrum,7,1,0,0,0.875,0.16666666666666666,0.0,0.0,0.06875,1,0.0,0.23414634146341462,-0.13333333333333336,4.0,3.0,,0.0,8.120426829268293
autoimmune diseases,ACELYRIN Inc.,1,0,1,0,0.125,0.0,0.16666666666666666,0.0,0.03125,0,0.0,0.32000000000000006,-0.016666666666666666,1.0,0.0,,0.0,7.962500000000001
autoimmune diseases,AndHealth,1,1,0,0,0.125,0.16666666666666666,0.0,0.0,0.03125,0,0.0,0.32000000000000006,-0.016666666666666666,1.0,0.0,,0.0,7.962500000000001
autoimmune diseases,"Aqtual, Inc.",1,1,0,0,0.125,0.16666666666666666,0.0,0.0,0.03125,0,0.0,0.32000000000000006,-0.016666666666666666,1.0,0.0,,0.0,7.962500000000001
autoimmune diseases,Audubon Bioscience,1,1,0,0,0.125,0.16666666666666666,0.0,0.0,0.03125,0,0.0,0.32000000000000006,-0.016666666666666666,1.0,0.0,,0.0,7.962500000000001
autoimmune diseases,"Chengdu Zenitar Biomedical Technology Co., Ltd",1,0,1,0,0.125,0.0,0.16666666666666666,0.0,0.03125,12,0.0,0.32000000000000006,-0.016666666666666666,1.0,0.0,,0.0,7.962500000000001
autoimmune diseases,"Kiora Pharmaceuticals, Inc.",1,0,1,0,0.125,0.0,0.16666666666666666,0.0,0.03125,2,0.0,0.32000000000000006,-0.016666666666666666,1.0,0.0,,0.0,7.962500000000001
autoimmune diseases,"Shanghai Longwood Biopharmaceuticals Co., Ltd.",1,0,1,0,0.125,0.0,0.16666666666666666,0.0,0.03125,2,0.0,0.32000000000000006,-0.016666666666666666,1.0,0.0,,0.0,7.962500000000001
autoimmune diseases,"TScan Therapeutics, Inc.",1,1,0,0,0.125,0.16666666666666666,0.0,0.0,0.03125,2,0.0,0.32000000000000006,-0.016666666666666666,1.0,0.0,,0.0,7.962500000000001
autoimmune diseases,Yuhan Corporation,1,1,0,0,0.125,0.16666666666666666,0.0,0.0,0.03125,6,0.0,0.32000000000000006,-0.016666666666666666,1.0,0.0,,0.0,7.962500000000001
autoimmune diseases,Calliditas Therapeutics AB,2,1,0,0,0.25,0.16666666666666666,0.0,0.0,0.0375,0,0.0,0.3,-0.06666666666666665,1.0,1.0,,0.0,7.875
autoimmune diseases,Dompé Farmaceutici S.p.A,2,0,1,0,0.25,0.0,0.16666666666666666,0.0,0.0375,1,0.0,0.3,-0.05000000000000002,1.0,1.0,,0.0,7.875
autoimmune diseases,Fresenius Kabi SwissBioSim GmbH,2,1,0,0,0.25,0.16666666666666666,0.0,0.0,0.0375,0,0.0,0.3,-0.06666666666666665,1.0,1.0,,0.0,7.875
autoimmune diseases,Hutchmed,2,0,1,0,0.25,0.0,0.16666666666666666,0.0,0.0375,11,0.0,0.3,-0.05000000000000002,1.0,1.0,,0.0,7.875
autoimmune diseases,"Annexon, Inc.",4,1,2,0,0.5,0.16666666666666666,0.3333333333333333,0.0,0.1,0,0.0,0.12,-0.15,3.0,1.0,,0.0,7.400000000000001
autoimmune diseases,Biocad,5,3,0,0,0.625,0.5,0.0,0.0,0.10625,11,0.0,0.08275862068965517,-0.1333333333333334,4.0,1.0,,0.0,6.967672413793104
autoimmune diseases,Jazz Pharmaceuticals,3,0,0,0,0.375,0.0,0.0,0.0,0.018750000000000003,12,0.0,0.03529411764705883,-0.18333333333333338,3.0,0.0,1.0,0.5234906775131802,6.87828912807298
autoimmune diseases,Alvotech Swiss AG,1,0,0,0,0.125,0.0,0.0,0.0,0.00625,1,0.0,0.32000000000000006,-0.016666666666666666,1.0,0.0,,0.0,6.712500000000002
autoimmune diseases,Jamp Pharma Corporation,1,0,0,0,0.125,0.0,0.0,0.0,0.00625,0,0.0,0.32000000000000006,-0.016666666666666666,1.0,0.0,,0.0,6.712500000000002
autoimmune diseases,"Xiamen Innovax Biotech Co., Ltd",1,0,0,0,0.125,0.0,0.0,0.0,0.00625,0,0.0,0.32000000000000006,-0.016666666666666666,1.0,0.0,,0.0,6.712500000000002
autoimmune diseases,"Bioverativ, a Sanofi company",4,0,4,0,0.5,0.0,0.6666666666666666,0.0,0.125,0,0.0,0.02307692307692306,-0.21666666666666667,4.0,0.0,,0.0,6.711538461538462
autoimmune diseases,Lakefront Biotherapeutics NV,4,0,4,0,0.5,0.0,0.6666666666666666,0.0,0.125,0,0.0,0.02307692307692306,-0.20000000000000012,4.0,0.0,,0.0,6.711538461538462
autoimmune diseases,Diamontech AG,2,0,0,0,0.25,0.0,0.0,0.0,0.0125,0,0.0,0.3,-0.06666666666666668,1.0,1.0,,0.0,6.625
autoimmune diseases,Celltrion,4,2,0,0,0.5,0.3333333333333333,0.0,0.0,0.075,1,0.0,0.12,-0.06666666666666668,3.0,1.0,,0.0,6.15
autoimmune diseases,Allakos Inc.,1,0,1,0,0.125,0.0,0.16666666666666666,0.0,0.03125,0,0.0,0.22000000000000008,-0.03333333333333333,1.0,0.0,,0.0,5.962500000000002
autoimmune diseases,AllerPops Corp,1,0,1,0,0.125,0.0,0.16666666666666666,0.0,0.03125,0,0.0,0.22000000000000008,-0.03333333333333333,1.0,0.0,,0.0,5.962500000000002
autoimmune diseases,"Almirall, S.A.",1,0,1,0,0.125,0.0,0.16666666666666666,0.0,0.03125,4,0.0,0.22000000000000008,-0.03333333333333333,1.0,0.0,,0.0,5.962500000000002
autoimmune diseases,BioCryst Pharmaceuticals,1,0,1,0,0.125,0.0,0.16666666666666666,0.0,0.03125,1,0.0,0.22000000000000008,-0.03333333333333333,1.0,0.0,,0.0,5.962500000000002
autoimmune diseases,"CSPC Zhongnuo Pharmaceutical (Shijiazhuang) Co., Ltd.",1,0,1,0,0.125,0.0,0.16666666666666666,0.0,0.03125,7,0.0,0.22000000000000008,-0.03333333333333333,1.0,0.0,,0.0,5.962500000000002
autoimmune diseases,Celon Pharma SA,1,0,1,0,0.125,0.0,0.16666666666666666,0.0,0.03125,0,0.0,0.22000000000000008,-0.03333333333333333,1.0,0.0,,0.0,5.962500000000002
autoimmune diseases,Inversago Pharma Inc.,1,0,1,0,0.125,0.0,0.16666666666666666,0.0,0.03125,0,0.0,0.22000000000000008,-0.03333333333333333,1.0,0.0,,0.0,5.962500000000002
autoimmune diseases,Jung Diagnostics GmbH,1,1,0,0,0.125,0.16666666666666666,0.0,0.0,0.03125,0,0.0,0.22000000000000008,-0.03333333333333333,1.0,0.0,,0.0,5.962500000000002
autoimmune diseases,"Kissei Pharmaceutical Co., Ltd.",1,1,0,0,0.125,0.16666666666666666,0.0,0.0,0.03125,2,0.0,0.22000000000000008,-0.03333333333333333,1.0,0.0,,0.0,5.962500000000002
autoimmune diseases,LISCure Biosciences,1,0,1,0,0.125,0.0,0.16666666666666666,0.0,0.03125,1,0.0,0.22000000000000008,-0.03333333333333333,1.0,0.0,,0.0,5.962500000000002
autoimmune diseases,Laboratorios Richmond S.A.C.I.F.,1,0,1,0,0.125,0.0,0.16666666666666666,0.0,0.03125,0,0.0,0.22000000000000008,-0.03333333333333333,1.0,0.0,,0.0,5.962500000000002
autoimmune diseases,"Lannett Company, Inc.",1,0,1,0,0.125,0.0,0.16666666666666666,0.0,0.03125,0,0.0,0.22000000000000008,-0.03333333333333333,1.0,0.0,,0.0,5.962500000000002
autoimmune diseases,Lassen Therapeutics 1 PTY LTD,1,0,1,0,0.125,0.0,0.16666666666666666,0.0,0.03125,0,0.0,0.22000000000000008,-0.03333333333333333,1.0,0.0,,0.0,5.962500000000002
autoimmune diseases,Lipum AB,1,0,1,0,0.125,0.0,0.16666666666666666,0.0,0.03125,0,0.0,0.22000000000000008,-0.03333333333333333,1.0,0.0,,0.0,5.962500000000002
autoimmune diseases,Modern Biosciences Ltd,1,0,1,0,0.125,0.0,0.16666666666666666,0.0,0.03125,1,0.0,0.22000000000000008,-0.03333333333333333,1.0,0.0,,0.0,5.962500000000002
autoimmune diseases,"Provention Bio, a Sanofi Company",1,0,1,0,0.125,0.0,0.16666666666666666,0.0,0.03125,0,0.0,0.22000000000000008,-0.03333333333333333,1.0,0.0,,0.0,5.962500000000002
autoimmune diseases,Soterios Ltd,1,0,1,0,0.125,0.0,0.16666666666666666,0.0,0.03125,0,0.0,0.22000000000000008,-0.03333333333333333,1.0,0.0,,0.0,5.962500000000002
autoimmune diseases,"Teijin America, Inc.",1,0,1,0,0.125,0.0,0.16666666666666666,0.0,0.03125,0,0.0,0.22000000000000008,-0.03333333333333333,1.0,0.0,,0.0,5.962500000000002
autoimmune diseases,Banner Life Sciences LLC,3,0,1,0,0.375,0.0,0.16666666666666666,0.0,0.04375,0,0.0,0.18461538461538463,-0.1166666666666667,2.0,1.0,,0.0,5.8798076923076925
autoimmune diseases,Harbour BioMed (Guangzhou) Co. Ltd.,5,0,3,0,0.625,0.0,0.5,0.0,0.10625,1,0.0,0.016216216216216217,-0.2666666666666668,5.0,0.0,,0.0,5.636824324324325
autoimmune diseases,Tenet Medicines,2,0,2,0,0.25,0.0,0.3333333333333333,0.0,0.0625,0,0.0,0.12,-0.05000000000000002,1.0,0.0,,0.0,5.525
autoimmune diseases,"Immune Response BioPharma, Inc.",3,0,3,0,0.375,0.0,0.5,0.0,0.09375,0,0.0,0.03529411764705883,-0.19999999999999998,3.0,0.0,,0.0,5.393382352941177
autoimmune diseases,Immunic AG,3,2,1,0,0.375,0.3333333333333333,0.16666666666666666,0.0,0.09375,0,0.0,0.03529411764705883,-0.1333333333333334,3.0,0.0,,0.0,5.393382352941177
autoimmune diseases,AB Science,1,0,0,0,0.125,0.0,0.0,0.0,0.00625,1,0.0,0.22000000000000008,-0.03333333333333333,1.0,0.0,,0.0,4.712500000000002
autoimmune diseases,AKARI Therapeutics,1,0,0,0,0.125,0.0,0.0,0.0,0.00625,0,0.0,0.22000000000000008,-0.03333333333333333,1.0,0.0,,0.0,4.712500000000002
autoimmune diseases,Biopharma Plasma LLC,1,0,0,0,0.125,0.0,0.0,0.0,0.00625,0,0.0,0.22000000000000008,-0.03333333333333333,1.0,0.0,,0.0,4.712500000000002
autoimmune diseases,Celltrion HealthCare France,1,0,0,0,0.125,0.0,0.0,0.0,0.00625,0,0.0,0.22000000000000008,-0.03333333333333333,1.0,0.0,,0.0,4.712500000000002
autoimmune diseases,DxTerity Diagnostics,1,0,0,0,0.125,0.0,0.0,0.0,0.00625,0,0.0,0.22000000000000008,-0.03333333333333333,1.0,0.0,,0.0,4.712500000000002
autoimmune diseases,"Fresenius Kabi, France",1,0,0,0,0.125,0.0,0.0,0.0,0.00625,0,0.0,0.22000000000000008,-0.03333333333333333,1.0,0.0,,0.0,4.712500000000002
autoimmune diseases,Neuroganics LLC,1,0,0,0,0.125,0.0,0.0,0.0,0.00625,0,0.0,0.22000000000000008,-0.03333333333333333,1.0,0.0,,0.0,4.712500000000002
autoimmune diseases,"Nihon Pharmaceutical Co., Ltd",1,0,0,0,0.125,0.0,0.0,0.0,0.00625,0,0.0,0.22000000000000008,-0.03333333333333333,1.0,0.0,,0.0,4.712500000000002
autoimmune diseases,"Aclaris Therapeutics, Inc.",2,0,2,0,0.25,0.0,0.3333333333333333,0.0,0.0625,1,0.0,0.059999999999999984,-0.1,2.0,0.0,,0.0,4.324999999999999
autoimmune diseases,Cugene Inc.,2,0,2,0,0.25,0.0,0.3333333333333333,0.0,0.0625,0,0.0,0.059999999999999984,-0.06666666666666668,2.0,0.0,,0.0,4.324999999999999
autoimmune diseases,"Daewon Pharmaceutical Co., Ltd.",2,0,2,0,0.25,0.0,0.3333333333333333,0.0,0.0625,6,0.0,0.059999999999999984,-0.13333333333333333,2.0,0.0,,0.0,4.324999999999999
autoimmune diseases,GeNeuro Innovation SAS,2,0,2,0,0.25,0.0,0.3333333333333333,0.0,0.0625,0,0.0,0.059999999999999984,-0.11666666666666668,2.0,0.0,,0.0,4.324999999999999
autoimmune diseases,HoHo Biotech,2,0,2,0,0.25,0.0,0.3333333333333333,0.0,0.0625,0,0.0,0.059999999999999984,-0.08333333333333336,2.0,0.0,,0.0,4.324999999999999
autoimmune diseases,Imcyse SA,2,0,2,0,0.25,0.0,0.3333333333333333,0.0,0.0625,0,0.0,0.059999999999999984,-0.1,2.0,0.0,,0.0,4.324999999999999
autoimmune diseases,"Principia Biopharma, a Sanofi Company",2,1,1,0,0.25,0.16666666666666666,0.16666666666666666,0.0,0.0625,0,0.0,0.059999999999999984,-0.13333333333333333,2.0,0.0,,0.0,4.324999999999999
autoimmune diseases,Navidea Biopharmaceuticals,3,0,2,0,0.375,0.0,0.3333333333333333,0.0,0.06875,0,0.0,0.03529411764705883,-0.1333333333333334,3.0,0.0,,0.0,4.1433823529411775
autoimmune diseases,"Alkahest, Inc.",1,0,1,0,0.125,0.0,0.16666666666666666,0.0,0.03125,0,0.0,0.12,-0.06666666666666667,1.0,0.0,,0.0,3.9625
autoimmune diseases,"Anelixis Therapeutics, LLC",1,0,1,0,0.125,0.0,0.16666666666666666,0.0,0.03125,0,0.0,0.12,-0.05000000000000002,1.0,0.0,,0.0,3.9625
autoimmune diseases,Anokion SA,1,0,1,0,0.125,0.0,0.16666666666666666,0.0,0.03125,0,0.0,0.12,-0.06666666666666667,1.0,0.0,,0.0,3.9625
autoimmune diseases,Artax Biopharma Inc,1,0,1,0,0.125,0.0,0.16666666666666666,0.0,0.03125,0,0.0,0.12,-0.05000000000000002,1.0,0.0,,0.0,3.9625
autoimmune diseases,Clene Nanomedicine,1,0,1,0,0.125,0.0,0.16666666666666666,0.0,0.03125,1,0.0,0.12,-0.06666666666666667,1.0,0.0,,0.0,3.9625
autoimmune diseases,Connect Biopharma Australia Pty Ltd,1,0,1,0,0.125,0.0,0.16666666666666666,0.0,0.03125,0,0.0,0.12,-0.05000000000000002,1.0,0.0,,0.0,3.9625
autoimmune diseases,Emerald Health Pharmaceuticals,1,0,1,0,0.125,0.0,0.16666666666666666,0.0,0.03125,0,0.0,0.12,-0.05000000000000002,1.0,0.0,,0.0,3.9625
autoimmune diseases,"Genexine, Inc.",1,0,1,0,0.125,0.0,0.16666666666666666,0.0,0.03125,0,0.0,0.12,-0.06666666666666667,1.0,0.0,,0.0,3.9625
autoimmune diseases,George (Beijing) Clinical Research Co. Ltd.,1,1,0,0,0.125,0.16666666666666666,0.0,0.0,0.03125,0,0.0,0.12,-0.05000000000000002,1.0,0.0,,0.0,3.9625
autoimmune diseases,"Hanlim Pharm. Co., Ltd.",1,0,1,0,0.125,0.0,0.16666666666666666,0.0,0.03125,0,0.0,0.12,-0.06666666666666667,1.0,0.0,,0.0,3.9625
autoimmune diseases,I-Mab Biopharma US Limited,1,0,1,0,0.125,0.0,0.16666666666666666,0.0,0.03125,2,0.0,0.12,-0.06666666666666667,1.0,0.0,,0.0,3.9625
autoimmune diseases,"Immunomolecular Therapeutics, Inc.",1,0,1,0,0.125,0.0,0.16666666666666666,0.0,0.03125,0,0.0,0.12,-0.06666666666666667,1.0,0.0,,0.0,3.9625
autoimmune diseases,"Kiniksa Pharmaceuticals, Ltd.",1,0,1,0,0.125,0.0,0.16666666666666666,0.0,0.03125,0,0.0,0.12,-0.05000000000000002,1.0,0.0,,0.0,3.9625
autoimmune diseases,Longevity Inc.,1,0,1,0,0.125,0.0,0.16666666666666666,0.0,0.03125,0,0.0,0.12,-0.05000000000000002,1.0,0.0,,0.0,3.9625
autoimmune diseases,Minghui Pharmaceutical Pty Ltd,1,0,1,0,0.125,0.0,0.16666666666666666,0.0,0.03125,0,0.0,0.12,-0.05000000000000002,1.0,0.0,,0.0,3.9625
autoimmune diseases,Nektar Therapeutics,1,0,1,0,0.125,0.0,0.16666666666666666,0.0,0.03125,2,0.0,0.12,-0.06666666666666667,1.0,0.0,,0.0,3.9625
autoimmune diseases,Neurocrine UK Limited,1,0,1,0,0.125,0.0,0.16666666666666666,0.0,0.03125,0,0.0,0.12,-0.05000000000000002,1.0,0.0,,0.0,3.9625
autoimmune diseases,"Oryn Therapeutics, LLC",1,0,1,0,0.125,0.0,0.16666666666666666,0.0,0.03125,0,0.0,0.12,-0.05000000000000002,1.0,0.0,,0.0,3.9625
autoimmune diseases,Prokidney,1,0,1,0,0.125,0.0,0.16666666666666666,0.0,0.03125,0,0.0,0.12,-0.05000000000000002,1.0,0.0,,0.0,3.9625
autoimmune diseases,Reistone Biopharma Company Limited,1,0,1,0,0.125,0.0,0.16666666666666666,0.0,0.03125,2,0.0,0.12,-0.05000000000000002,1.0,0.0,,0.0,3.9625
autoimmune diseases,"Smith & Nephew, Inc.",1,1,0,0,0.125,0.16666666666666666,0.0,0.0,0.03125,0,0.0,0.12,-0.05000000000000002,1.0,0.0,,0.0,3.9625
autoimmune diseases,"Solstice Neurosciences, LLC, a subsidiary of MDD US Operations, LLC",1,0,1,0,0.125,0.0,0.16666666666666666,0.0,0.03125,0,0.0,0.12,-0.05000000000000002,1.0,0.0,,0.0,3.9625
autoimmune diseases,"Suzhou Suncadia Biopharmaceuticals Co., Ltd.",1,0,1,0,0.125,0.0,0.16666666666666666,0.0,0.03125,49,0.0,0.12,-0.05000000000000002,1.0,0.0,,0.0,3.9625
autoimmune diseases,"TJ Biopharma Co., Ltd.",1,0,1,0,0.125,0.0,0.16666666666666666,0.0,0.03125,4,0.0,0.12,-0.05000000000000002,1.0,0.0,,0.0,3.9625
autoimmune diseases,"TNF Pharmaceuticals, Inc.",1,0,1,0,0.125,0.0,0.16666666666666666,0.0,0.03125,1,0.0,0.12,-0.05000000000000002,1.0,0.0,,0.0,3.9625
autoimmune diseases,"Taizhou Mabtech Pharmaceutical Co.,Ltd",1,0,1,0,0.125,0.0,0.16666666666666666,0.0,0.03125,3,0.0,0.12,-0.06666666666666667,1.0,0.0,,0.0,3.9625
autoimmune diseases,"Tianjin Hemay Pharmaceutical Co., Ltd",1,0,1,0,0.125,0.0,0.16666666666666666,0.0,0.03125,0,0.0,0.12,-0.05000000000000002,1.0,0.0,,0.0,3.9625
autoimmune diseases,Tobias Moeller-Bertram,1,1,0,0,0.125,0.16666666666666666,0.0,0.0,0.03125,0,0.0,0.12,-0.05000000000000002,1.0,0.0,,0.0,3.9625
autoimmune diseases,"Youngene Therapeutics Inc., Ltd.",1,0,1,0,0.125,0.0,0.16666666666666666,0.0,0.03125,0,0.0,0.12,-0.05000000000000002,1.0,0.0,,0.0,3.9625
autoimmune diseases,PTC Therapeutics,2,0,1,0,0.25,0.0,0.16666666666666666,0.0,0.0375,1,0.0,0.059999999999999984,-0.1,2.0,0.0,,0.0,3.0749999999999997
autoimmune diseases,Ayurai Private Limited,1,0,0,0,0.125,0.0,0.0,0.0,0.00625,0,0.0,0.12,-0.05000000000000002,1.0,0.0,,0.0,2.7125
autoimmune diseases,BeCare Link LLC,1,0,0,0,0.125,0.0,0.0,0.0,0.00625,0,0.0,0.12,-0.05000000000000002,1.0,0.0,,0.0,2.7125
autoimmune diseases,Catalyst Biosciences,1,0,0,0,0.125,0.0,0.0,0.0,0.00625,0,0.0,0.12,-0.05000000000000002,1.0,0.0,,0.0,2.7125
autoimmune diseases,"Coral Genomics, Inc.",1,0,0,0,0.125,0.0,0.0,0.0,0.00625,0,0.0,0.12,-0.06666666666666667,1.0,0.0,,0.0,2.7125
autoimmune diseases,M-DT1,1,0,0,0,0.125,0.0,0.0,0.0,0.00625,0,0.0,0.12,-0.05000000000000002,1.0,0.0,,0.0,2.7125
autoimmune diseases,Medical Valley Digital Health Application Center GmbH,1,0,0,0,0.125,0.0,0.0,0.0,0.00625,0,0.0,0.12,-0.05000000000000002,1.0,0.0,,0.0,2.7125
autoimmune diseases,Momentum Data,1,0,0,0,0.125,0.0,0.0,0.0,0.00625,0,0.0,0.12,-0.06666666666666667,1.0,0.0,,0.0,2.7125
autoimmune diseases,"Progentec Diagnostics, Inc.",1,0,0,0,0.125,0.0,0.0,0.0,0.00625,0,0.0,0.12,-0.06666666666666667,1.0,0.0,,0.0,2.7125
autoimmune diseases,Rigel Pharmaceuticals,1,0,0,0,0.125,0.0,0.0,0.0,0.00625,2,0.0,0.12,-0.05000000000000002,1.0,0.0,,0.0,2.7125
autoimmune diseases,Sanguine Biosciences,1,0,0,0,0.125,0.0,0.0,0.0,0.00625,0,0.0,0.12,-0.05000000000000002,1.0,0.0,,0.0,2.7125
autoimmune diseases,"Sylentis, S.A.",1,0,0,0,0.125,0.0,0.0,0.0,0.00625,0,0.0,0.12,-0.05000000000000002,1.0,0.0,,0.0,2.7125
autoimmune diseases,doc.ai inc,1,0,0,0,0.125,0.0,0.0,0.0,0.00625,0,0.0,0.12,-0.06666666666666667,1.0,0.0,,0.0,2.7125
autoimmune diseases,iSpecimen Inc,1,0,0,0,0.125,0.0,0.0,0.0,0.00625,0,0.0,0.12,-0.05000000000000002,1.0,0.0,,0.0,2.7125
autoimmune diseases,Novartis,5,0,0,0,0.625,0.0,0.0,0.0,0.03125,0,0.0,0.016216216216216217,-0.16666666666666669,5.0,0.0,,0.0,1.8868243243243246
autoimmune diseases,Fresenius Kabi,2,0,0,0,0.25,0.0,0.0,0.0,0.0125,0,0.0,0.059999999999999984,-0.1,2.0,0.0,,0.0,1.8249999999999995
autoimmune diseases,Hikma Pharmaceuticals LLC,2,0,0,0,0.25,0.0,0.0,0.0,0.0125,0,0.0,0.059999999999999984,-0.08333333333333336,2.0,0.0,,0.0,1.8249999999999995
autoimmune diseases,"Sobi, Inc.",4,0,0,0,0.5,0.0,0.0,0.0,0.025,0,0.0,0.02307692307692306,-0.18333333333333335,4.0,0.0,,0.0,1.7115384615384612
autoimmune diseases,AO GENERIUM,3,0,0,0,0.375,0.0,0.0,0.0,0.018750000000000003,4,0.0,0.03529411764705883,-0.10000000000000005,3.0,0.0,,0.0,1.6433823529411768
cardiovascular diseases,Lexeo Therapeutics,6,6,3,3,1.0,1.0,1.0,1.0,1.0,4,0.75,0.9400000000000001,0.03333333333333332,1.0,5.0,1.0,0.5234906775131802,89.0349067751318
cardiovascular diseases,"Beijing Inno Medicine Co., Ltd.",6,4,6,4,1.0,1.0,1.0,1.0,1.0,5,0.8,0.88,0.01666666666666666,1.0,3.0,1.0,0.5234906775131802,88.8349067751318
cardiovascular diseases,Aplagon Oy,2,2,2,2,0.3333333333333333,0.6666666666666666,0.6666666666666666,1.0,0.8666666666666667,2,1.0,0.9400000000000001,0.03333333333333333,0.0,2.0,1.0,0.5234906775131802,87.36824010846513
cardiovascular diseases,"Kiniksa Pharmaceuticals International, plc",3,3,2,2,0.5,1.0,0.6666666666666666,1.0,0.925,2,1.0,0.7487179487179487,-7.166458808248764e-18,1.0,2.0,1.0,0.5234906775131802,86.45926574949078
cardiovascular diseases,"Cardurion Pharmaceuticals, Inc.",8,2,8,2,1.0,0.6666666666666666,1.0,1.0,0.9500000000000001,2,1.0,0.6799999999999998,-0.033333333333333375,2.0,5.0,1.0,0.5234906775131802,86.3349067751318
cardiovascular diseases,Rocket Pharmaceuticals Inc.,6,6,3,3,1.0,1.0,1.0,1.0,1.0,4,0.75,0.6980392156862745,-0.05000000000000001,0.0,3.0,1.6,0.7216379836168889,86.17716414989438
cardiovascular diseases,Implicit Bioscience,3,2,3,2,0.5,0.6666666666666666,1.0,1.0,0.925,3,0.6666666666666666,0.9647058823529412,0.01666666666666666,0.0,3.0,1.0,0.5234906775131802,84.11235775552396
cardiovascular diseases,"Kardigan, Inc.",3,2,3,2,0.5,0.6666666666666666,1.0,1.0,0.925,3,0.6666666666666666,0.9647058823529412,0.06666666666666667,0.0,3.0,1.0,0.5234906775131802,84.11235775552396
cardiovascular diseases,"Sirius Therapeutics Co., Ltd.",4,2,4,2,0.6666666666666666,0.6666666666666666,1.0,1.0,0.9333333333333333,4,0.5,0.9769230769230769,0.03333333333333332,0.0,4.0,1.7999999999999998,0.7776070961516035,83.98119916664425
cardiovascular diseases,"XyloCor Therapeutics, Inc.",3,2,3,2,0.5,0.6666666666666666,1.0,1.0,0.925,2,1.0,0.6153846153846153,-0.03333333333333335,1.0,2.0,1.0,0.5234906775131802,83.79259908282411
cardiovascular diseases,Shin Poong Pharmaceutical Co. Ltd.,6,3,5,2,1.0,1.0,1.0,1.0,1.0,2,1.0,0.3,-0.10000000000000005,3.0,3.0,1.7999999999999998,0.7776070961516035,83.77607096151604
cardiovascular diseases,"Nanjing Bioheng Biotech Co., Ltd.",3,2,3,2,0.5,0.6666666666666666,1.0,1.0,0.925,5,0.4,0.9647058823529412,0.03333333333333331,0.0,3.0,2.909090909090909,1.0,83.54411764705883
cardiovascular diseases,"Beijing Suncadia Pharmaceuticals Co., Ltd",7,3,6,3,1.0,1.0,1.0,1.0,1.0,8,0.375,0.9172413793103448,0.03333333333333333,1.0,4.0,1.6,0.7216379836168889,83.06120742237579
cardiovascular diseases,"Shandong Suncadia Medicine Co., Ltd.",12,7,11,6,1.0,1.0,1.0,1.0,1.0,35,0.17142857142857143,0.9769230769230769,0.13333333333333333,1.0,9.0,2.2727272727272725,0.895427339846409,81.92130636549706
cardiovascular diseases,"Fujian Shengdi Pharmaceutical Co., Ltd.",5,3,4,2,0.8333333333333334,1.0,1.0,1.0,0.9916666666666667,22,0.09090909090909091,0.9769230769230769,0.06666666666666667,0.0,4.0,2.6825396825396823,0.9845294781861257,80.78527147183794
cardiovascular diseases,Regeneron Pharmaceuticals,19,11,11,3,1.0,1.0,1.0,1.0,1.0,60,0.05,0.9685245901639344,0.2666666666666666,3.0,16.0,4.94392523364486,1.0,80.37049180327868
cardiovascular diseases,CRISPR Therapeutics AG,2,2,2,2,0.3333333333333333,0.6666666666666666,0.6666666666666666,1.0,0.8666666666666667,4,0.5,0.9400000000000001,0.03333333333333333,0.0,2.0,1.7999999999999998,0.7776070961516035,79.90940429484937
cardiovascular diseases,"Translational Sciences, Inc.",2,2,2,2,0.3333333333333333,0.6666666666666666,0.6666666666666666,1.0,0.8666666666666667,2,1.0,0.5666666666666667,-0.01666666666666667,1.0,1.0,1.0,0.5234906775131802,79.90157344179846
cardiovascular diseases,"Tasly Pharmaceutical Group Co., Ltd",4,3,3,2,0.6666666666666666,1.0,1.0,1.0,0.9833333333333334,8,0.25,0.9769230769230769,0.06666666666666667,0.0,4.0,1.0,0.5234906775131802,78.94003498026001
cardiovascular diseases,Tenaya Therapeutics,4,4,2,2,0.6666666666666666,1.0,0.6666666666666666,1.0,0.9333333333333333,2,1.0,0.3,-0.08333333333333336,2.0,2.0,1.0,0.5234906775131802,77.90157344179848
cardiovascular diseases,"Boryung Pharmaceutical Co., Ltd",29,8,20,5,1.0,1.0,1.0,1.0,1.0,11,0.45454545454545453,0.5139823008849558,-0.11666666666666674,8.0,21.0,1.6896551724137931,0.7472417035095585,76.84297214370379
cardiovascular diseases,"Mercator MedSystems, Inc.",3,3,2,2,0.5,1.0,0.6666666666666666,1.0,0.925,2,1.0,0.2512820512820512,-0.0666666666666667,2.0,1.0,1.0,0.5234906775131802,76.51054780077283
cardiovascular diseases,"Jiangsu Hansoh Pharmaceutical Co., Ltd.",3,2,3,2,0.5,0.6666666666666666,1.0,1.0,0.925,42,0.047619047619047616,0.9647058823529412,0.03333333333333334,0.0,3.0,3.5555555555555554,1.0,76.49649859943978
cardiovascular diseases,Alnylam Pharmaceuticals,7,3,6,2,1.0,1.0,1.0,1.0,1.0,15,0.13333333333333333,0.6133333333333333,-0.05000000000000002,2.0,5.0,3.5555555555555554,1.0,74.93333333333332
cardiovascular diseases,"Neurotronic, Inc.",2,2,2,2,0.3333333333333333,0.6666666666666666,0.6666666666666666,1.0,0.8666666666666667,2,1.0,0.1266666666666667,-0.06666666666666667,2.0,0.0,2.0,0.8297130933355026,74.16379760002168
cardiovascular diseases,EyeBiotech Ltd.,2,2,2,2,0.3333333333333333,0.6666666666666666,0.6666666666666666,1.0,0.8666666666666667,6,0.3333333333333333,0.9400000000000001,0.01666666666666666,0.0,2.0,1.0,0.5234906775131802,74.0349067751318
cardiovascular diseases,"Shenzhen Salubris Pharmaceuticals Co., Ltd.",7,3,3,3,1.0,1.0,1.0,1.0,1.0,14,0.21428571428571427,0.5658536585365853,-0.03333333333333335,3.0,4.0,1.923076923076923,0.8100954344062797,73.70374180050878
cardiovascular diseases,"Clarion Cells, Inc.",2,2,2,2,0.3333333333333333,0.6666666666666666,0.6666666666666666,1.0,0.8666666666666667,2,1.0,0.2533333333333333,-0.05000000000000002,1.0,0.0,1.0,0.5234906775131802,73.6349067751318
cardiovascular diseases,CSL Behring,2,2,2,2,0.3333333333333333,0.6666666666666666,0.6666666666666666,1.0,0.8666666666666667,6,0.3333333333333333,0.6333333333333333,-3.583229404124382e-18,1.0,1.0,2.882352941176471,1.0,72.66666666666667
cardiovascular diseases,"Beijing Sungen Biomedical Technology Co., Ltd",3,1,3,1,0.5,0.3333333333333333,1.0,0.5,0.55,1,1.0,0.9647058823529412,0.05,0.0,3.0,1.0,0.5234906775131802,72.02902442219063
cardiovascular diseases,"Liquidia Technologies, Inc.",3,3,1,1,0.5,1.0,0.3333333333333333,0.5,0.55,1,1.0,0.9647058823529412,0.05,0.0,3.0,1.0,0.5234906775131802,72.02902442219063
cardiovascular diseases,Innervate Radiopharmaceuticals LLC (Formerly: Illumina Radiopharmaceuticals LLC),2,2,2,2,0.3333333333333333,0.6666666666666666,0.6666666666666666,1.0,0.8666666666666667,3,0.6666666666666666,0.5,-0.03333333333333333,1.0,1.0,1.0,0.5234906775131802,71.90157344179846
cardiovascular diseases,Cytokinetics,6,3,3,2,1.0,1.0,1.0,1.0,1.0,3,0.6666666666666666,0.1588235294117647,-0.15000000000000002,4.0,2.0,1.0,0.5234906775131802,71.74471069670042
cardiovascular diseases,"Bilix Co.,Ltd.",2,1,2,1,0.3333333333333333,0.3333333333333333,0.6666666666666666,0.5,0.49166666666666664,1,1.0,0.8733333333333334,-3.583229404124382e-18,0.0,2.0,2.0,0.8297130933355026,70.34713093335503
cardiovascular diseases,Innovent Biologics (Suzhou) Co. Ltd.,3,2,2,2,0.5,0.6666666666666666,0.6666666666666666,1.0,0.875,39,0.05128205128205128,0.7487179487179487,0.0,1.0,2.0,3.266666666666667,1.0,69.75
cardiovascular diseases,Addpharma Inc.,14,4,8,3,1.0,1.0,1.0,1.0,1.0,21,0.14285714285714285,0.3398230088495575,-0.2500000000000001,6.0,7.0,2.882352941176471,1.0,69.65360303413401
cardiovascular diseases,Sardocor Corp.,2,2,2,2,0.3333333333333333,0.6666666666666666,0.6666666666666666,1.0,0.8666666666666667,3,0.6666666666666666,0.36666666666666664,-0.06666666666666668,1.0,1.0,1.0,0.5234906775131802,69.2349067751318
cardiovascular diseases,Eli Lilly and Company,17,11,5,2,1.0,1.0,1.0,1.0,1.0,111,0.018018018018018018,0.42705882352941177,-0.08333333333333338,6.0,10.0,3.6337209302325575,1.0,68.90153683094859
cardiovascular diseases,Novo Nordisk A/S,31,13,9,4,1.0,1.0,1.0,1.0,1.0,45,0.08888888888888889,0.3888689407540395,-0.3000000000000001,13.0,18.0,2.410691003911343,0.9266120329616099,68.82127692247467
cardiovascular diseases,"Basking Biosciences, Inc.",2,1,2,1,0.3333333333333333,0.3333333333333333,0.6666666666666666,0.5,0.49166666666666664,1,1.0,0.9400000000000001,0.01666666666666666,0.0,2.0,1.0,0.5234906775131802,68.61824010846513
cardiovascular diseases,Novartis Pharmaceuticals,83,35,24,10,1.0,1.0,1.0,1.0,1.0,120,0.08333333333333333,0.3351724137931034,-1.0833333333333337,39.0,44.0,2.8221574344023326,1.0,68.37011494252874
cardiovascular diseases,"Thryv Therapeutics, Inc.",5,1,5,1,0.8333333333333334,0.3333333333333333,1.0,0.5,0.5666666666666667,1,1.0,0.7173333333333334,0.0,2.0,3.0,1.0,0.5234906775131802,67.9149067751318
cardiovascular diseases,"HELP Therapeutics Co., Ltd.",6,3,5,2,1.0,1.0,1.0,1.0,1.0,5,0.4,0.216,-0.1166666666666667,3.0,2.0,1.0,0.5234906775131802,67.55490677513181
cardiovascular diseases,Acesion Pharma,2,1,2,1,0.3333333333333333,0.3333333333333333,0.6666666666666666,0.5,0.49166666666666664,1,1.0,0.8733333333333334,-3.583229404124382e-18,0.0,2.0,1.0,0.5234906775131802,67.2849067751318
cardiovascular diseases,"Ever Supreme Bio Technology Co., Ltd.",2,2,2,2,0.3333333333333333,0.6666666666666666,0.6666666666666666,1.0,0.8666666666666667,4,0.5,0.3,-0.08333333333333334,1.0,1.0,1.7999999999999998,0.7776070961516035,67.10940429484936
cardiovascular diseases,Merck Sharp & Dohme LLC,10,6,7,4,1.0,1.0,1.0,1.0,1.0,121,0.03305785123966942,0.3,-0.1666666666666667,5.0,5.0,3.4186046511627914,1.0,66.6611570247934
cardiovascular diseases,AstraZeneca,68,19,33,3,1.0,1.0,1.0,1.0,1.0,151,0.019867549668874173,0.2323126510878324,-1.5333333333333337,38.0,30.0,5.731343283582089,1.0,65.04360401513414
cardiovascular diseases,4TEEN4 Pharmaceuticals GmbH,1,1,1,1,0.16666666666666666,0.3333333333333333,0.3333333333333333,0.5,0.43333333333333335,1,1.0,0.88,0.016666666666666666,0.0,1.0,1.0,0.5234906775131802,64.50157344179847
cardiovascular diseases,"Abrexa Pharmaceuticals, Inc.",1,1,1,1,0.16666666666666666,0.3333333333333333,0.3333333333333333,0.5,0.43333333333333335,1,1.0,0.88,0.03333333333333333,0.0,1.0,1.0,0.5234906775131802,64.50157344179847
cardiovascular diseases,Agiana Pharmaceuticals,1,1,1,1,0.16666666666666666,0.3333333333333333,0.3333333333333333,0.5,0.43333333333333335,1,1.0,0.88,0.03333333333333333,0.0,1.0,1.0,0.5234906775131802,64.50157344179847
cardiovascular diseases,"AllRock Bio, Inc.",1,1,1,1,0.16666666666666666,0.3333333333333333,0.3333333333333333,0.5,0.43333333333333335,1,1.0,0.88,0.016666666666666666,0.0,1.0,1.0,0.5234906775131802,64.50157344179847
cardiovascular diseases,AnaCardio AB,1,1,1,1,0.16666666666666666,0.3333333333333333,0.3333333333333333,0.5,0.43333333333333335,1,1.0,0.88,0.03333333333333333,0.0,1.0,1.0,0.5234906775131802,64.50157344179847
cardiovascular diseases,"Bichedam Co., Ltd.",1,1,1,1,0.16666666666666666,0.3333333333333333,0.3333333333333333,0.5,0.43333333333333335,1,1.0,0.88,0.016666666666666666,0.0,1.0,1.0,0.5234906775131802,64.50157344179847
cardiovascular diseases,"Cayuga Biotech, Inc.",1,1,1,1,0.16666666666666666,0.3333333333333333,0.3333333333333333,0.5,0.43333333333333335,1,1.0,0.88,0.016666666666666666,0.0,1.0,1.0,0.5234906775131802,64.50157344179847
cardiovascular diseases,Cell>Point LLC,1,1,1,1,0.16666666666666666,0.3333333333333333,0.3333333333333333,0.5,0.43333333333333335,1,1.0,0.88,0.016666666666666666,0.0,1.0,1.0,0.5234906775131802,64.50157344179847
cardiovascular diseases,"Cyclarity Therapeutics, Inc.",1,1,1,1,0.16666666666666666,0.3333333333333333,0.3333333333333333,0.5,0.43333333333333335,1,1.0,0.88,0.016666666666666666,0.0,1.0,1.0,0.5234906775131802,64.50157344179847
cardiovascular diseases,Gedeon Richter Plc.,1,1,1,1,0.16666666666666666,0.3333333333333333,0.3333333333333333,0.5,0.43333333333333335,1,1.0,0.88,0.016666666666666666,0.0,1.0,1.0,0.5234906775131802,64.50157344179847
cardiovascular diseases,HONYA Medical Co Ltd,1,1,1,1,0.16666666666666666,0.3333333333333333,0.3333333333333333,0.5,0.43333333333333335,1,1.0,0.88,0.03333333333333333,0.0,1.0,1.0,0.5234906775131802,64.50157344179847
cardiovascular diseases,Iperboreal Pharma Srl,1,1,1,1,0.16666666666666666,0.3333333333333333,0.3333333333333333,0.5,0.43333333333333335,1,1.0,0.88,0.016666666666666666,0.0,1.0,1.0,0.5234906775131802,64.50157344179847
cardiovascular diseases,Livzon Pharmaceutical Group Inc.,1,1,1,1,0.16666666666666666,0.3333333333333333,0.3333333333333333,0.5,0.43333333333333335,1,1.0,0.88,0.016666666666666666,0.0,1.0,1.0,0.5234906775131802,64.50157344179847
cardiovascular diseases,"Longwood Pharmaceuticals (Hangzhou) Co., Ltd.",1,1,1,1,0.16666666666666666,0.3333333333333333,0.3333333333333333,0.5,0.43333333333333335,1,1.0,0.88,0.03333333333333333,0.0,1.0,1.0,0.5234906775131802,64.50157344179847
cardiovascular diseases,Medley Therapeutics,1,1,1,1,0.16666666666666666,0.3333333333333333,0.3333333333333333,0.5,0.43333333333333335,1,1.0,0.88,0.016666666666666666,0.0,1.0,1.0,0.5234906775131802,64.50157344179847
cardiovascular diseases,NuSirt Biopharma,1,1,1,1,0.16666666666666666,0.3333333333333333,0.3333333333333333,0.5,0.43333333333333335,1,1.0,0.88,0.03333333333333333,0.0,1.0,1.0,0.5234906775131802,64.50157344179847
cardiovascular diseases,Nuevocor Pte. Ltd.,1,1,1,1,0.16666666666666666,0.3333333333333333,0.3333333333333333,0.5,0.43333333333333335,1,1.0,0.88,0.03333333333333333,0.0,1.0,1.0,0.5234906775131802,64.50157344179847
cardiovascular diseases,Nyrada Pty Ltd,1,1,1,1,0.16666666666666666,0.3333333333333333,0.3333333333333333,0.5,0.43333333333333335,1,1.0,0.88,0.03333333333333333,0.0,1.0,1.0,0.5234906775131802,64.50157344179847
cardiovascular diseases,Pharmosa Biopharm Inc.,1,1,1,1,0.16666666666666666,0.3333333333333333,0.3333333333333333,0.5,0.43333333333333335,1,1.0,0.88,0.016666666666666666,0.0,1.0,1.0,0.5234906775131802,64.50157344179847
cardiovascular diseases,Qifeng Zhang,1,1,1,1,0.16666666666666666,0.3333333333333333,0.3333333333333333,0.5,0.43333333333333335,1,1.0,0.88,0.03333333333333333,0.0,1.0,1.0,0.5234906775131802,64.50157344179847
cardiovascular diseases,Research Institute of Geroprotective Technologies,1,1,1,1,0.16666666666666666,0.3333333333333333,0.3333333333333333,0.5,0.43333333333333335,1,1.0,0.88,0.03333333333333333,0.0,1.0,1.0,0.5234906775131802,64.50157344179847
cardiovascular diseases,Retension Pharmaceuticals. Inc.,1,1,1,1,0.16666666666666666,0.3333333333333333,0.3333333333333333,0.5,0.43333333333333335,1,1.0,0.88,0.016666666666666666,0.0,1.0,1.0,0.5234906775131802,64.50157344179847
cardiovascular diseases,S&Ebio Co. Ltd.,1,1,1,1,0.16666666666666666,0.3333333333333333,0.3333333333333333,0.5,0.43333333333333335,1,1.0,0.88,0.03333333333333333,0.0,1.0,1.0,0.5234906775131802,64.50157344179847
cardiovascular diseases,"Shanghai QuietD Biotechnology Co., Ltd.",1,1,1,1,0.16666666666666666,0.3333333333333333,0.3333333333333333,0.5,0.43333333333333335,1,1.0,0.88,0.016666666666666666,0.0,1.0,1.0,0.5234906775131802,64.50157344179847
cardiovascular diseases,"Shenzhen Wingor Biotechnology Co., Ltd.",1,1,1,1,0.16666666666666666,0.3333333333333333,0.3333333333333333,0.5,0.43333333333333335,1,1.0,0.88,0.016666666666666666,0.0,1.0,1.0,0.5234906775131802,64.50157344179847
cardiovascular diseases,ThromBio Pty. Ltd.,1,1,1,1,0.16666666666666666,0.3333333333333333,0.3333333333333333,0.5,0.43333333333333335,1,1.0,0.88,0.016666666666666666,0.0,1.0,1.0,0.5234906775131802,64.50157344179847
cardiovascular diseases,Viscofan,1,1,1,1,0.16666666666666666,0.3333333333333333,0.3333333333333333,0.5,0.43333333333333335,1,1.0,0.88,0.016666666666666666,0.0,1.0,1.0,0.5234906775131802,64.50157344179847
cardiovascular diseases,VivaCell Biotechnology España,1,1,1,1,0.16666666666666666,0.3333333333333333,0.3333333333333333,0.5,0.43333333333333335,1,1.0,0.88,0.03333333333333333,0.0,1.0,1.0,0.5234906775131802,64.50157344179847
cardiovascular diseases,Zomagen Biosciences Ltd.,1,1,1,1,0.16666666666666666,0.3333333333333333,0.3333333333333333,0.5,0.43333333333333335,1,1.0,0.88,0.016666666666666666,0.0,1.0,1.0,0.5234906775131802,64.50157344179847
cardiovascular diseases,"NeuroTrauma Sciences, LLC",2,1,2,1,0.3333333333333333,0.3333333333333333,0.6666666666666666,0.5,0.49166666666666664,1,1.0,0.7,0.01666666666666666,1.0,1.0,1.0,0.5234906775131802,63.81824010846513
cardiovascular diseases,Chendu DIAO Nine Hong Pharmaceutical Factory,1,1,1,1,0.16666666666666666,0.3333333333333333,0.3333333333333333,0.5,0.43333333333333335,1,1.0,0.8133333333333334,-1.791614702062191e-18,0.0,1.0,1.0,0.5234906775131802,63.168240108465135
cardiovascular diseases,Helios Cardio Inc.,1,1,1,1,0.16666666666666666,0.3333333333333333,0.3333333333333333,0.5,0.43333333333333335,1,1.0,0.8133333333333334,-1.791614702062191e-18,0.0,1.0,1.0,0.5234906775131802,63.168240108465135
cardiovascular diseases,"Jiangsu Kanion Pharmaceutical Co., Ltd",1,1,1,1,0.16666666666666666,0.3333333333333333,0.3333333333333333,0.5,0.43333333333333335,1,1.0,0.8133333333333334,-1.791614702062191e-18,0.0,1.0,1.0,0.5234906775131802,63.168240108465135
cardiovascular diseases,ResoTher Pharma,1,1,1,1,0.16666666666666666,0.3333333333333333,0.3333333333333333,0.5,0.43333333333333335,1,1.0,0.8133333333333334,-1.791614702062191e-18,0.0,1.0,1.0,0.5234906775131802,63.168240108465135
cardiovascular diseases,Tectonic Therapeutic,1,1,1,1,0.16666666666666666,0.3333333333333333,0.3333333333333333,0.5,0.43333333333333335,1,1.0,0.8133333333333334,-1.791614702062191e-18,0.0,1.0,1.0,0.5234906775131802,63.168240108465135
cardiovascular diseases,"Vascudyne, Inc.",1,1,1,1,0.16666666666666666,0.3333333333333333,0.3333333333333333,0.5,0.43333333333333335,1,1.0,0.8133333333333334,-1.791614702062191e-18,0.0,1.0,1.0,0.5234906775131802,63.168240108465135
cardiovascular diseases,"Shanghai Pharmaceuticals Holding Co., Ltd",3,2,2,2,0.5,0.6666666666666666,0.6666666666666666,1.0,0.875,14,0.14285714285714285,0.3846153846153846,-0.03333333333333335,2.0,1.0,1.7999999999999998,0.7776070961516035,62.07552151096659
cardiovascular diseases,"Arnatar Therapeutics, Inc.",3,1,3,1,0.5,0.3333333333333333,1.0,0.5,0.55,2,0.5,0.9647058823529412,0.03333333333333331,0.0,3.0,1.0,0.5234906775131802,62.02902442219062
cardiovascular diseases,"BioCardia, Inc.",1,1,1,1,0.16666666666666666,0.3333333333333333,0.3333333333333333,0.5,0.43333333333333335,1,1.0,0.7466666666666667,-0.016666666666666666,0.0,1.0,1.0,0.5234906775131802,61.834906775131806
cardiovascular diseases,Cytopeutics Sdn. Bhd.,1,1,1,1,0.16666666666666666,0.3333333333333333,0.3333333333333333,0.5,0.43333333333333335,1,1.0,0.7466666666666667,-0.016666666666666666,0.0,1.0,1.0,0.5234906775131802,61.834906775131806
cardiovascular diseases,Ever Neuro Pharma GmbH,1,1,1,1,0.16666666666666666,0.3333333333333333,0.3333333333333333,0.5,0.43333333333333335,1,1.0,0.7466666666666667,-0.016666666666666666,0.0,1.0,1.0,0.5234906775131802,61.834906775131806
cardiovascular diseases,"Nectero Medical, Inc.",1,1,1,1,0.16666666666666666,0.3333333333333333,0.3333333333333333,0.5,0.43333333333333335,1,1.0,0.7466666666666667,-0.016666666666666666,0.0,1.0,1.0,0.5234906775131802,61.834906775131806
cardiovascular diseases,Moleac Pte Ltd.,4,1,3,1,0.6666666666666666,0.3333333333333333,1.0,0.5,0.5583333333333333,1,1.0,0.41538461538461535,-0.10000000000000002,1.0,2.0,1.0,0.5234906775131802,61.459265749490775
cardiovascular diseases,Annexin Pharmaceuticals AB,2,1,2,1,0.3333333333333333,0.3333333333333333,0.6666666666666666,0.5,0.49166666666666664,1,1.0,0.5666666666666667,-0.01666666666666667,1.0,1.0,1.0,0.5234906775131802,61.151573441798455
cardiovascular diseases,"Rohto Pharmaceutical Co., Ltd.",2,1,2,1,0.3333333333333333,0.3333333333333333,0.6666666666666666,0.5,0.49166666666666664,1,1.0,0.5666666666666667,-0.01666666666666668,1.0,1.0,1.0,0.5234906775131802,61.151573441798455
cardiovascular diseases,Pfizer,24,3,7,2,1.0,1.0,1.0,1.0,1.0,90,0.022222222222222223,0.03218884120171672,-0.9,20.0,4.0,3.4489795918367343,1.0,61.08822126847878
cardiovascular diseases,"Pharmazz, Inc.",3,3,1,1,0.5,1.0,0.3333333333333333,0.5,0.55,2,0.5,0.8980392156862744,-7.166458808248764e-18,0.0,3.0,1.0,0.5234906775131802,60.69569108885729
cardiovascular diseases,35Pharma Inc,2,1,2,1,0.3333333333333333,0.3333333333333333,0.6666666666666666,0.5,0.49166666666666664,2,0.5,0.88,0.016666666666666666,0.0,1.0,2.0,0.8297130933355026,60.48046426668836
cardiovascular diseases,"Changzhou Qianhong Bio-pharma Co., Ltd.",3,1,3,1,0.5,0.3333333333333333,1.0,0.5,0.55,1,1.0,0.3846153846153846,-0.03333333333333335,2.0,1.0,1.0,0.5234906775131802,60.42721446743949
cardiovascular diseases,"Beijing Northland Biotech. Co., Ltd.",2,1,1,1,0.3333333333333333,0.3333333333333333,0.3333333333333333,0.5,0.44166666666666665,1,1.0,0.6333333333333333,-3.583229404124382e-18,1.0,1.0,1.0,0.5234906775131802,59.9849067751318
cardiovascular diseases,Abcentra,2,1,2,1,0.3333333333333333,0.3333333333333333,0.6666666666666666,0.5,0.49166666666666664,1,1.0,0.5,-0.03333333333333333,1.0,1.0,1.0,0.5234906775131802,59.818240108465126
cardiovascular diseases,Honya Medical Inc,2,1,2,1,0.3333333333333333,0.3333333333333333,0.6666666666666666,0.5,0.49166666666666664,1,1.0,0.5,-0.03333333333333333,1.0,1.0,1.0,0.5234906775131802,59.818240108465126
cardiovascular diseases,"Humacyte, Inc.",2,2,1,1,0.3333333333333333,0.6666666666666666,0.3333333333333333,0.5,0.49166666666666664,1,1.0,0.5,,,,1.0,0.5234906775131802,59.818240108465126
cardiovascular diseases,iCoat Medical AB,2,1,2,1,0.3333333333333333,0.3333333333333333,0.6666666666666666,0.5,0.49166666666666664,1,1.0,0.32000000000000006,-0.03333333333333333,1.0,0.0,2.0,0.8297130933355026,59.28046426668836
cardiovascular diseases,Tisento Therapeutics,4,1,4,1,0.6666666666666666,0.3333333333333333,1.0,0.5,0.5583333333333333,1,1.0,0.3,-0.09999999999999999,2.0,2.0,1.0,0.5234906775131802,59.15157344179847
cardiovascular diseases,"Vincentage Pharma Co., Ltd",1,1,1,1,0.16666666666666666,0.3333333333333333,0.3333333333333333,0.5,0.43333333333333335,2,0.5,0.88,0.03333333333333333,0.0,1.0,2.6666666666666665,0.9812671085154541,59.079337751821214
cardiovascular diseases,"Kylonova (Xiamen) Biopharma co., LTD.",2,1,2,1,0.3333333333333333,0.3333333333333333,0.6666666666666666,0.5,0.49166666666666664,2,0.5,0.9400000000000001,0.01666666666666666,0.0,2.0,1.0,0.5234906775131802,58.61824010846514
cardiovascular diseases,"Shanghai Lanyi Therapeutics Co., Ltd.",1,1,1,1,0.16666666666666666,0.3333333333333333,0.3333333333333333,0.5,0.43333333333333335,2,0.5,0.88,0.03333333333333333,0.0,1.0,2.0,0.8297130933355026,57.563797600021694
cardiovascular diseases,Windtree Therapeutics,2,1,2,1,0.3333333333333333,0.3333333333333333,0.6666666666666666,0.5,0.49166666666666664,1,1.0,0.36666666666666675,-0.06666666666666665,1.0,1.0,1.0,0.5234906775131802,57.15157344179846
cardiovascular diseases,Affinia Therapeutics,1,1,1,1,0.16666666666666666,0.3333333333333333,0.3333333333333333,0.5,0.43333333333333335,1,1.0,0.5,,,,1.0,0.5234906775131802,56.90157344179847
cardiovascular diseases,"Antidote Therapeutics, Inc",1,1,1,1,0.16666666666666666,0.3333333333333333,0.3333333333333333,0.5,0.43333333333333335,1,1.0,0.5,,,,1.0,0.5234906775131802,56.90157344179847
cardiovascular diseases,Atrium Therapeutics,1,1,1,1,0.16666666666666666,0.3333333333333333,0.3333333333333333,0.5,0.43333333333333335,1,1.0,0.5,,,,1.0,0.5234906775131802,56.90157344179847
cardiovascular diseases,Concept Medical Inc.,1,1,1,1,0.16666666666666666,0.3333333333333333,0.3333333333333333,0.5,0.43333333333333335,1,1.0,0.5,,,,1.0,0.5234906775131802,56.90157344179847
cardiovascular diseases,Seismic Pharmaceuticals Operations LLC,1,1,1,1,0.16666666666666666,0.3333333333333333,0.3333333333333333,0.5,0.43333333333333335,1,1.0,0.5,,,,1.0,0.5234906775131802,56.90157344179847
cardiovascular diseases,"Shanghai CureGene Pharmaceutical Co., Ltd.",1,1,1,1,0.16666666666666666,0.3333333333333333,0.3333333333333333,0.5,0.43333333333333335,1,1.0,0.5,,,,1.0,0.5234906775131802,56.90157344179847
cardiovascular diseases,"StemCyte, Inc.",1,1,1,1,0.16666666666666666,0.3333333333333333,0.3333333333333333,0.5,0.43333333333333335,1,1.0,0.5,,,,1.0,0.5234906775131802,56.90157344179847
cardiovascular diseases,"Tectonic Operating Company, Inc.",1,1,1,1,0.16666666666666666,0.3333333333333333,0.3333333333333333,0.5,0.43333333333333335,1,1.0,0.5,,,,1.0,0.5234906775131802,56.90157344179847
cardiovascular diseases,"Travere Therapeutics, Inc.",1,1,1,1,0.16666666666666666,0.3333333333333333,0.3333333333333333,0.5,0.43333333333333335,1,1.0,0.2533333333333333,-0.05000000000000002,1.0,0.0,3.0,1.0,56.733333333333334
cardiovascular diseases,Arctic Therapeutics,1,1,1,1,0.16666666666666666,0.3333333333333333,0.3333333333333333,0.5,0.43333333333333335,2,0.5,0.8133333333333334,-1.791614702062191e-18,0.0,1.0,2.0,0.8297130933355026,56.230464266688365
cardiovascular diseases,"Imbria Pharmaceuticals, Inc.",4,1,4,1,0.6666666666666666,0.3333333333333333,1.0,0.5,0.5583333333333333,1,1.0,0.12,-0.15000000000000002,3.0,1.0,1.0,0.5234906775131802,55.55157344179846
cardiovascular diseases,Thomas Advanced Medical LLC,1,1,1,1,0.16666666666666666,0.3333333333333333,0.3333333333333333,0.5,0.43333333333333335,1,1.0,0.1866666666666667,-0.06666666666666667,1.0,0.0,3.0,1.0,55.400000000000006
cardiovascular diseases,"Verve Therapeutics, Inc.",3,2,2,1,0.5,0.6666666666666666,0.6666666666666666,0.5,0.55,2,0.5,0.6153846153846153,-0.03333333333333335,1.0,2.0,1.0,0.5234906775131802,55.042599082824104
cardiovascular diseases,NoNO Inc.,2,1,1,1,0.3333333333333333,0.3333333333333333,0.3333333333333333,0.5,0.44166666666666665,1,1.0,0.36666666666666675,-0.06666666666666665,1.0,1.0,1.0,0.5234906775131802,54.651573441798476
cardiovascular diseases,Algernon Pharmaceuticals,1,1,1,1,0.16666666666666666,0.3333333333333333,0.3333333333333333,0.5,0.43333333333333335,1,1.0,0.3866666666666667,-0.016666666666666666,1.0,0.0,1.0,0.5234906775131802,54.63490677513181
cardiovascular diseases,Ascendis Pharma Endocrinology Division A/S,1,1,1,1,0.16666666666666666,0.3333333333333333,0.3333333333333333,0.5,0.43333333333333335,1,1.0,0.3866666666666667,-0.016666666666666666,1.0,0.0,1.0,0.5234906775131802,54.63490677513181
cardiovascular diseases,Amckaus PTY LTD.,1,1,1,1,0.16666666666666666,0.3333333333333333,0.3333333333333333,0.5,0.43333333333333335,2,0.5,0.88,0.03333333333333333,0.0,1.0,1.0,0.5234906775131802,54.50157344179847
cardiovascular diseases,"BOE Technology Group Co., Ltd.",1,1,1,1,0.16666666666666666,0.3333333333333333,0.3333333333333333,0.5,0.43333333333333335,2,0.5,0.88,0.03333333333333333,0.0,1.0,1.0,0.5234906775131802,54.50157344179847
cardiovascular diseases,EIP Pharma Inc,1,1,1,1,0.16666666666666666,0.3333333333333333,0.3333333333333333,0.5,0.43333333333333335,2,0.5,0.88,0.016666666666666666,0.0,1.0,1.0,0.5234906775131802,54.50157344179847
cardiovascular diseases,Heartseed Inc.,1,1,1,1,0.16666666666666666,0.3333333333333333,0.3333333333333333,0.5,0.43333333333333335,2,0.5,0.88,0.03333333333333333,0.0,1.0,1.0,0.5234906775131802,54.50157344179847
cardiovascular diseases,"Hexun Biosciences Co., LTD.",1,1,1,1,0.16666666666666666,0.3333333333333333,0.3333333333333333,0.5,0.43333333333333335,2,0.5,0.88,0.016666666666666666,0.0,1.0,1.0,0.5234906775131802,54.50157344179847
cardiovascular diseases,"Zhejiang Yangli Pharmaceutical Technology Co., Ltd.",1,1,1,1,0.16666666666666666,0.3333333333333333,0.3333333333333333,0.5,0.43333333333333335,2,0.5,0.88,0.016666666666666666,0.0,1.0,1.0,0.5234906775131802,54.50157344179847
cardiovascular diseases,Solid Biosciences Inc.,1,1,1,1,0.16666666666666666,0.3333333333333333,0.3333333333333333,0.5,0.43333333333333335,3,0.3333333333333333,0.88,0.03333333333333333,0.0,1.0,2.0,0.8297130933355026,54.23046426668836
cardiovascular diseases,MediWound Ltd,2,2,1,1,0.3333333333333333,0.6666666666666666,0.3333333333333333,0.5,0.49166666666666664,3,0.3333333333333333,0.88,0.016666666666666666,0.0,1.0,1.0,0.5234906775131802,54.0849067751318
cardiovascular diseases,Cartesian Therapeutics,1,1,1,1,0.16666666666666666,0.3333333333333333,0.3333333333333333,0.5,0.43333333333333335,3,0.3333333333333333,0.88,0.03333333333333333,0.0,1.0,1.7999999999999998,0.7776070961516035,53.70940429484937
cardiovascular diseases,"Lumosa Therapeutics Co., Ltd.",4,1,4,1,0.6666666666666666,0.3333333333333333,1.0,0.5,0.5583333333333333,1,1.0,0.02307692307692306,-0.18333333333333338,4.0,0.0,1.0,0.5234906775131802,53.61311190333693
cardiovascular diseases,Cytora Ltd.,1,1,1,1,0.16666666666666666,0.3333333333333333,0.3333333333333333,0.5,0.43333333333333335,1,1.0,0.32000000000000006,-0.03333333333333333,1.0,0.0,1.0,0.5234906775131802,53.30157344179847
cardiovascular diseases,Merakris Therapeutics,1,1,1,1,0.16666666666666666,0.3333333333333333,0.3333333333333333,0.5,0.43333333333333335,1,1.0,0.32000000000000006,-0.03333333333333333,1.0,0.0,1.0,0.5234906775131802,53.30157344179847
cardiovascular diseases,"Suzhou Alphamab Co., Ltd.",1,1,1,1,0.16666666666666666,0.3333333333333333,0.3333333333333333,0.5,0.43333333333333335,5,0.2,0.88,0.016666666666666666,0.0,1.0,3.0,1.0,53.26666666666667
cardiovascular diseases,Amydis Inc.,1,1,1,1,0.16666666666666666,0.3333333333333333,0.3333333333333333,0.5,0.43333333333333335,2,0.5,0.8133333333333334,-1.791614702062191e-18,0.0,1.0,1.0,0.5234906775131802,53.168240108465135
cardiovascular diseases,Autotelicbio,2,1,1,1,0.3333333333333333,0.3333333333333333,0.3333333333333333,0.5,0.44166666666666665,2,0.5,0.6333333333333333,-3.583229404124382e-18,1.0,1.0,2.0,0.8297130933355026,53.04713093335502
cardiovascular diseases,"Nkarta, Inc.",1,1,1,1,0.16666666666666666,0.3333333333333333,0.3333333333333333,0.5,0.43333333333333335,4,0.25,0.8133333333333334,-1.791614702062191e-18,0.0,1.0,2.6666666666666665,0.9812671085154541,52.74600441848788
cardiovascular diseases,"Neurodawn Pharmaceutical Co., Ltd.",2,1,2,1,0.3333333333333333,0.3333333333333333,0.6666666666666666,0.5,0.49166666666666664,5,0.2,0.9400000000000001,0.03333333333333333,0.0,2.0,1.0,0.5234906775131802,52.61824010846513
cardiovascular diseases,"Chengdu Suncadia Medicine Co., Ltd.",1,1,1,1,0.16666666666666666,0.3333333333333333,0.3333333333333333,0.5,0.43333333333333335,6,0.16666666666666666,0.88,0.03333333333333333,0.0,1.0,3.0,1.0,52.6
cardiovascular diseases,"Atom Therapeutics Co., Ltd",1,1,1,1,0.16666666666666666,0.3333333333333333,0.3333333333333333,0.5,0.43333333333333335,4,0.25,0.88,0.03333333333333333,0.0,1.0,2.0,0.8297130933355026,52.56379760002169
cardiovascular diseases,Korea United Pharm. Inc.,1,1,1,1,0.16666666666666666,0.3333333333333333,0.3333333333333333,0.5,0.43333333333333335,4,0.25,0.88,0.03333333333333333,0.0,1.0,2.0,0.8297130933355026,52.56379760002169
cardiovascular diseases,"Beijing Continent Pharmaceutical Co, Ltd.",1,1,1,1,0.16666666666666666,0.3333333333333333,0.3333333333333333,0.5,0.43333333333333335,6,0.16666666666666666,0.88,0.016666666666666666,0.0,1.0,2.6666666666666665,0.9812671085154541,52.41267108515455
cardiovascular diseases,Hudson Biotech,1,1,1,1,0.16666666666666666,0.3333333333333333,0.3333333333333333,0.5,0.43333333333333335,7,0.14285714285714285,0.88,0.03333333333333333,0.0,1.0,3.571428571428571,1.0,52.12380952380953
cardiovascular diseases,DiaMedica Therapeutics Inc,1,1,1,1,0.16666666666666666,0.3333333333333333,0.3333333333333333,0.5,0.43333333333333335,1,1.0,0.2533333333333333,-0.05000000000000002,1.0,0.0,1.0,0.5234906775131802,51.96824010846514
cardiovascular diseases,Longeveron Inc.,1,1,1,1,0.16666666666666666,0.3333333333333333,0.3333333333333333,0.5,0.43333333333333335,1,1.0,0.2533333333333333,-0.05000000000000002,1.0,0.0,1.0,0.5234906775131802,51.96824010846514
cardiovascular diseases,"Anthos Therapeutics, Inc.",5,2,1,1,0.8333333333333334,0.6666666666666666,0.3333333333333333,0.5,0.5166666666666666,1,1.0,0.016216216216216217,-0.1833333333333334,5.0,0.0,1.0,0.5234906775131802,51.392564432789456
cardiovascular diseases,Biohaven Therapeutics Ltd.,1,1,1,1,0.16666666666666666,0.3333333333333333,0.3333333333333333,0.5,0.43333333333333335,10,0.1,0.88,0.03333333333333333,0.0,1.0,3.571428571428571,1.0,51.26666666666667
cardiovascular diseases,"Huons Co., Ltd.",1,1,1,1,0.16666666666666666,0.3333333333333333,0.3333333333333333,0.5,0.43333333333333335,4,0.25,0.8133333333333334,-1.791614702062191e-18,0.0,1.0,2.0,0.8297130933355026,51.23046426668836
cardiovascular diseases,Biocells Medical,1,1,1,1,0.16666666666666666,0.3333333333333333,0.3333333333333333,0.5,0.43333333333333335,3,0.3333333333333333,0.88,0.03333333333333333,0.0,1.0,1.0,0.5234906775131802,51.168240108465135
cardiovascular diseases,MODAG GmbH,1,1,1,1,0.16666666666666666,0.3333333333333333,0.3333333333333333,0.5,0.43333333333333335,3,0.3333333333333333,0.88,0.03333333333333333,0.0,1.0,1.0,0.5234906775131802,51.168240108465135
cardiovascular diseases,"Relay Therapeutics, Inc.",1,1,1,1,0.16666666666666666,0.3333333333333333,0.3333333333333333,0.5,0.43333333333333335,3,0.3333333333333333,0.88,0.016666666666666666,0.0,1.0,1.0,0.5234906775131802,51.168240108465135
cardiovascular diseases,"Shanghai Ark Biopharmaceutical Co., Ltd.",1,1,1,1,0.16666666666666666,0.3333333333333333,0.3333333333333333,0.5,0.43333333333333335,3,0.3333333333333333,0.88,0.03333333333333333,0.0,1.0,1.0,0.5234906775131802,51.168240108465135
cardiovascular diseases,"ADARx Pharmaceuticals, Inc.",1,1,1,1,0.16666666666666666,0.3333333333333333,0.3333333333333333,0.5,0.43333333333333335,7,0.14285714285714285,0.8133333333333334,-1.791614702062191e-18,0.0,1.0,2.7777777777777772,1.0,50.7904761904762
cardiovascular diseases,NC Medial Research Inc,1,1,1,1,0.16666666666666666,0.3333333333333333,0.3333333333333333,0.5,0.43333333333333335,1,1.0,0.1866666666666667,-0.06666666666666667,1.0,0.0,1.0,0.5234906775131802,50.6349067751318
cardiovascular diseases,Salubris Biotherapeutics Inc,4,1,4,1,0.6666666666666666,0.3333333333333333,1.0,0.5,0.5583333333333333,3,0.3333333333333333,0.30000000000000004,-0.08333333333333333,2.0,2.0,3.0,1.0,50.583333333333336
cardiovascular diseases,InSilico Medicine Hong Kong Limited,1,1,1,1,0.16666666666666666,0.3333333333333333,0.3333333333333333,0.5,0.43333333333333335,7,0.14285714285714285,0.88,0.03333333333333333,0.0,1.0,2.0,0.8297130933355026,50.420940457164555
cardiovascular diseases,"Kunming Pharmaceuticals, Inc.",3,1,3,1,0.5,0.3333333333333333,1.0,0.5,0.55,4,0.25,0.6333333333333333,-3.583229404124382e-18,1.0,1.0,1.0,0.5234906775131802,50.40157344179846
cardiovascular diseases,Hope Biosciences LLC,2,1,2,1,0.3333333333333333,0.3333333333333333,0.6666666666666666,0.5,0.49166666666666664,2,0.5,0.36666666666666675,-0.06666666666666665,1.0,1.0,2.0,0.8297130933355026,50.21379760002169
cardiovascular diseases,"Genentech, Inc.",1,1,1,1,0.16666666666666666,0.3333333333333333,0.3333333333333333,0.5,0.43333333333333335,29,0.034482758620689655,0.88,0.03333333333333333,0.0,1.0,3.571428571428571,1.0,49.956321839080466
cardiovascular diseases,GCP-Service International West GmbH,1,1,1,1,0.16666666666666666,0.3333333333333333,0.3333333333333333,0.5,0.43333333333333335,3,0.3333333333333333,0.8133333333333334,-1.791614702062191e-18,0.0,1.0,1.0,0.5234906775131802,49.834906775131806
cardiovascular diseases,Shijiazhuang Yiling Pharmaceutical Co. Ltd,2,1,2,1,0.3333333333333333,0.3333333333333333,0.6666666666666666,0.5,0.49166666666666664,2,0.5,0.5,-0.03333333333333334,1.0,1.0,1.0,0.5234906775131802,49.81824010846513
cardiovascular diseases,Bristol-Myers Squibb,30,13,8,1,1.0,1.0,1.0,0.5,0.675,60,0.016666666666666666,0.3,-0.6000000000000001,15.0,15.0,2.6129032258064515,0.9701112571628944,49.78444590496228
cardiovascular diseases,Vanda Pharmaceuticals,1,1,1,1,0.16666666666666666,0.3333333333333333,0.3333333333333333,0.5,0.43333333333333335,4,0.25,0.88,0.016666666666666666,0.0,1.0,1.0,0.5234906775131802,49.50157344179847
cardiovascular diseases,Corxel Pharmaceuticals,5,1,3,1,0.8333333333333334,0.3333333333333333,1.0,0.5,0.5666666666666667,3,0.3333333333333333,0.216,-0.10000000000000003,3.0,2.0,3.0,1.0,49.32
cardiovascular diseases,"Alpine Immune Sciences, Inc.",1,1,1,1,0.16666666666666666,0.3333333333333333,0.3333333333333333,0.5,0.43333333333333335,2,0.5,0.3866666666666667,-0.016666666666666666,1.0,0.0,2.6666666666666665,0.9812671085154541,49.21267108515454
cardiovascular diseases,"NS Pharma, Inc.",1,1,1,1,0.16666666666666666,0.3333333333333333,0.3333333333333333,0.5,0.43333333333333335,5,0.2,0.7466666666666667,-0.016666666666666666,0.0,1.0,2.0,0.8297130933355026,48.89713093335503
cardiovascular diseases,"Alexion Pharmaceuticals, Inc.",5,3,2,1,0.8333333333333334,1.0,0.6666666666666666,0.5,0.6166666666666666,8,0.125,0.2826666666666666,-0.06666666666666668,3.0,2.0,2.6666666666666665,0.9812671085154541,48.799337751821206
cardiovascular diseases,Elixir Medical Corporation,2,1,1,1,0.3333333333333333,0.3333333333333333,0.3333333333333333,0.5,0.44166666666666665,1,1.0,0.059999999999999984,-0.11666666666666668,2.0,0.0,1.0,0.5234906775131802,48.518240108465136
cardiovascular diseases,Apollo Therapeutics Ltd,1,1,1,1,0.16666666666666666,0.3333333333333333,0.3333333333333333,0.5,0.43333333333333335,5,0.2,0.88,0.016666666666666666,0.0,1.0,1.0,0.5234906775131802,48.50157344179848
cardiovascular diseases,Cellcolabs Clinical LTD.,1,1,1,1,0.16666666666666666,0.3333333333333333,0.3333333333333333,0.5,0.43333333333333335,3,0.3333333333333333,0.7466666666666667,-0.016666666666666666,0.0,1.0,1.0,0.5234906775131802,48.50157344179847
cardiovascular diseases,"ReAlta Life Sciences, Inc.",1,1,1,1,0.16666666666666666,0.3333333333333333,0.3333333333333333,0.5,0.43333333333333335,3,0.3333333333333333,0.7466666666666667,-0.016666666666666666,0.0,1.0,1.0,0.5234906775131802,48.50157344179847
cardiovascular diseases,BioMarin Pharmaceutical,1,1,1,1,0.16666666666666666,0.3333333333333333,0.3333333333333333,0.5,0.43333333333333335,10,0.1,0.8133333333333334,-1.791614702062191e-18,0.0,1.0,2.0,0.8297130933355026,48.230464266688365
cardiovascular diseases,Grit Biotechnology,1,1,1,1,0.16666666666666666,0.3333333333333333,0.3333333333333333,0.5,0.43333333333333335,15,0.06666666666666667,0.88,0.03333333333333333,0.0,1.0,1.6842105263157894,0.7457113333721297,48.057113333721304
cardiovascular diseases,Aphaia Pharma US LLC,1,1,1,1,0.16666666666666666,0.3333333333333333,0.3333333333333333,0.5,0.43333333333333335,2,0.5,0.32000000000000006,-0.03333333333333333,1.0,0.0,2.6666666666666665,0.9812671085154541,47.879337751821204
cardiovascular diseases,Bayer,38,9,10,1,1.0,1.0,1.0,0.5,0.675,22,0.045454545454545456,0.2119804400977995,-0.9000000000000001,22.0,16.0,2.2727272727272725,0.895427339846409,47.85297310951099
cardiovascular diseases,"Edgewise Therapeutics, Inc.",1,1,1,1,0.16666666666666666,0.3333333333333333,0.3333333333333333,0.5,0.43333333333333335,5,0.2,0.8133333333333334,-1.791614702062191e-18,0.0,1.0,1.0,0.5234906775131802,47.16824010846514
cardiovascular diseases,"Beijing Tide Pharmaceutical Co., Ltd",1,1,1,1,0.16666666666666666,0.3333333333333333,0.3333333333333333,0.5,0.43333333333333335,8,0.125,0.88,0.016666666666666666,0.0,1.0,1.0,0.5234906775131802,47.00157344179847
cardiovascular diseases,"Shaanxi Micot Pharmaceutical Technology Co., Ltd.",4,1,4,1,0.6666666666666666,0.3333333333333333,1.0,0.5,0.5583333333333333,3,0.3333333333333333,0.18461538461538463,-0.10000000000000002,2.0,1.0,2.0,0.8297130933355026,46.57277195899605
cardiovascular diseases,Sinotau Pharmaceutical Group,6,2,5,1,1.0,0.6666666666666666,1.0,0.5,0.625,3,0.3333333333333333,0.1588235294117647,-0.15000000000000005,4.0,2.0,1.0,0.5234906775131802,46.32804403003376
cardiovascular diseases,"Guangdong Hengrui Pharmaceutical Co., Ltd",1,1,1,1,0.16666666666666666,0.3333333333333333,0.3333333333333333,0.5,0.43333333333333335,29,0.034482758620689655,0.7466666666666667,-0.016666666666666666,0.0,1.0,2.1333333333333333,0.8625546764069086,45.91520193648288
cardiovascular diseases,AskBio Inc,1,1,1,1,0.16666666666666666,0.3333333333333333,0.3333333333333333,0.5,0.43333333333333335,5,0.2,0.7466666666666667,-0.016666666666666666,0.0,1.0,1.0,0.5234906775131802,45.834906775131806
cardiovascular diseases,NovelMed Therapeutics,1,1,1,1,0.16666666666666666,0.3333333333333333,0.3333333333333333,0.5,0.43333333333333335,8,0.125,0.5,,,,2.7777777777777772,1.0,44.166666666666664
cardiovascular diseases,GlaxoSmithKline,5,2,2,1,0.8333333333333334,0.6666666666666666,0.6666666666666666,0.5,0.5666666666666667,88,0.011363636363636364,0.216,-0.1166666666666667,3.0,2.0,2.73972602739726,0.9961674666339388,42.84228072694545
cardiovascular diseases,Chong Kun Dang Pharmaceutical,35,2,29,1,1.0,0.6666666666666666,1.0,0.5,0.625,6,0.16666666666666666,0.04528301886792452,-1.1333333333333335,27.0,7.0,1.0,0.5234906775131802,40.72390048582363
cardiovascular diseases,PT. Prodia Stem Cell Indonesia,1,1,1,1,0.16666666666666666,0.3333333333333333,0.3333333333333333,0.5,0.43333333333333335,8,0.125,0.32000000000000006,-0.03333333333333333,1.0,0.0,3.0,1.0,40.56666666666667
cardiovascular diseases,GE Healthcare,3,2,2,1,0.5,0.6666666666666666,0.6666666666666666,0.5,0.55,4,0.25,0.059999999999999984,-0.08333333333333336,2.0,0.0,1.0,0.5234906775131802,38.93490677513181
cardiovascular diseases,"HUYABIO International, LLC.",1,1,1,1,0.16666666666666666,0.3333333333333333,0.3333333333333333,0.5,0.43333333333333335,3,0.3333333333333333,0.2533333333333333,-0.05000000000000002,1.0,0.0,1.0,0.5234906775131802,38.6349067751318
cardiovascular diseases,Takeda,7,2,1,1,1.0,0.6666666666666666,0.3333333333333333,0.5,0.525,26,0.038461538461538464,0.12,-0.1833333333333334,5.0,2.0,2.0,0.8297130933355026,37.7163617025858
cardiovascular diseases,"Qilu Pharmaceutical Co., Ltd.",2,1,1,1,0.3333333333333333,0.3333333333333333,0.3333333333333333,0.5,0.44166666666666665,58,0.017241379310344827,0.1866666666666667,-0.06666666666666667,1.0,0.0,2.578947368421052,0.9629795950629876,35.791290203503436
cardiovascular diseases,"Erasca, Inc.",2,1,2,1,0.3333333333333333,0.3333333333333333,0.6666666666666666,0.5,0.49166666666666664,5,0.2,0.059999999999999984,-0.11666666666666668,2.0,0.0,1.0,0.5234906775131802,35.018240108465136
cardiovascular diseases,"Otsuka Pharmaceutical Development & Commercialization, Inc.",1,0,1,0,0.16666666666666666,0.0,0.3333333333333333,0.0,0.05833333333333333,9,0.0,0.88,0.016666666666666666,0.0,1.0,2.8139534883720936,1.0,30.51666666666667
cardiovascular diseases,Daewoong Pharmaceutical Co. LTD.,6,3,0,0,1.0,1.0,0.0,0.0,0.2,9,0.0,0.4999999999999999,-0.03333333333333336,3.0,3.0,3.0,1.0,30.0
cardiovascular diseases,"Sarfez Pharmaceuticals, Inc.",5,1,2,0,0.8333333333333334,0.3333333333333333,0.6666666666666666,0.0,0.19166666666666665,0,0.0,0.9837837837837838,0.050000000000000024,0.0,5.0,,0.0,29.259009009009006
cardiovascular diseases,Suzhou Sanegene Bio Inc.,1,0,1,0,0.16666666666666666,0.0,0.3333333333333333,0.0,0.05833333333333333,3,0.0,0.8133333333333334,-1.791614702062191e-18,0.0,1.0,3.0,1.0,29.183333333333337
cardiovascular diseases,Amgen,12,11,1,0,1.0,1.0,0.3333333333333333,0.0,0.25,40,0.0,0.3,-0.15000000000000002,6.0,6.0,3.169014084507042,1.0,28.500000000000004
cardiovascular diseases,Humanis Saglık Anonim Sirketi,3,0,3,0,0.5,0.0,1.0,0.0,0.175,0,0.0,0.9647058823529412,0.06666666666666667,0.0,3.0,,0.0,28.044117647058826
cardiovascular diseases,Noah Labs,3,3,0,0,0.5,1.0,0.0,0.0,0.175,0,0.0,0.9647058823529412,0.01666666666666666,0.0,3.0,,0.0,28.044117647058826
cardiovascular diseases,"Sclnow Biotechnology Co., Ltd.",3,0,3,0,0.5,0.0,1.0,0.0,0.175,1,0.0,0.9647058823529412,0.08333333333333333,0.0,3.0,,0.0,28.044117647058826
cardiovascular diseases,"Tenax Therapeutics, Inc.",3,3,0,0,0.5,1.0,0.0,0.0,0.175,0,0.0,0.9647058823529412,0.06666666666666667,0.0,3.0,,0.0,28.044117647058826
cardiovascular diseases,"Genoss Co., Ltd.",5,5,0,0,0.8333333333333334,1.0,0.0,0.0,0.19166666666666665,0,0.0,0.9172413793103448,0.03333333333333333,1.0,4.0,,0.0,27.92816091954023
cardiovascular diseases,Incyte Corporation,1,0,1,0,0.16666666666666666,0.0,0.3333333333333333,0.0,0.05833333333333333,31,0.0,0.7466666666666667,-0.016666666666666666,0.0,1.0,2.571428571428571,0.9613912928910499,27.4639129289105
cardiovascular diseases,"Xiamen Amoytop Biotech Co., Ltd.",2,1,1,0,0.3333333333333333,0.3333333333333333,0.3333333333333333,0.0,0.11666666666666665,6,0.0,0.6333333333333333,-3.583229404124382e-18,1.0,1.0,1.7999999999999998,0.7776070961516035,26.276070961516034
cardiovascular diseases,Shionogi,1,0,1,0,0.16666666666666666,0.0,0.3333333333333333,0.0,0.05833333333333333,8,0.0,0.7466666666666667,-0.016666666666666666,0.0,1.0,2.0,0.8297130933355026,26.14713093335503
cardiovascular diseases,Atridia Pty Ltd.,1,0,1,0,0.16666666666666666,0.0,0.3333333333333333,0.0,0.05833333333333333,6,0.0,0.88,0.016666666666666666,0.0,1.0,1.0,0.5234906775131802,25.75157344179847
cardiovascular diseases,Hyundai Pharm,1,1,0,0,0.16666666666666666,0.3333333333333333,0.0,0.0,0.05833333333333333,2,0.0,0.88,0.016666666666666666,0.0,1.0,1.0,0.5234906775131802,25.75157344179847
cardiovascular diseases,Jemincare,1,0,1,0,0.16666666666666666,0.0,0.3333333333333333,0.0,0.05833333333333333,16,0.0,0.88,0.016666666666666666,0.0,1.0,1.0,0.5234906775131802,25.75157344179847
cardiovascular diseases,Verdiva Bio Dev Limited,1,0,1,0,0.16666666666666666,0.0,0.3333333333333333,0.0,0.05833333333333333,2,0.0,0.88,0.016666666666666666,0.0,1.0,1.0,0.5234906775131802,25.75157344179847
cardiovascular diseases,Insmed Incorporated,4,2,2,0,0.6666666666666666,0.6666666666666666,0.6666666666666666,0.0,0.2333333333333333,3,0.0,0.7,0.01666666666666666,2.0,2.0,,0.0,25.666666666666664
cardiovascular diseases,Daiichi Sankyo,2,1,0,0,0.3333333333333333,0.3333333333333333,0.0,0.0,0.06666666666666667,30,0.0,0.7,0.01666666666666666,1.0,1.0,2.0,0.8297130933355026,25.630464266688357
cardiovascular diseases,"Mirum Pharmaceuticals, Inc.",3,2,1,0,0.5,0.6666666666666666,0.3333333333333333,0.0,0.175,6,0.0,0.5487179487179487,-0.05000000000000002,1.0,2.0,1.0,0.5234906775131802,24.95926574949078
cardiovascular diseases,Abiomed Inc.,2,2,0,0,0.3333333333333333,0.6666666666666666,0.0,0.0,0.11666666666666665,0,0.0,0.9400000000000001,0.01666666666666666,0.0,2.0,,0.0,24.633333333333336
cardiovascular diseases,"CSPC Mingfule Pharmaceutical (Guangzhou) Co., Ltd.",2,2,0,0,0.3333333333333333,0.6666666666666666,0.0,0.0,0.11666666666666665,0,0.0,0.9400000000000001,0.05000000000000001,0.0,2.0,,0.0,24.633333333333336
cardiovascular diseases,"HeartBeam, Inc.",2,2,0,0,0.3333333333333333,0.6666666666666666,0.0,0.0,0.11666666666666665,0,0.0,0.9400000000000001,0.06666666666666667,0.0,2.0,,0.0,24.633333333333336
cardiovascular diseases,HemoCept Inc.,2,2,0,0,0.3333333333333333,0.6666666666666666,0.0,0.0,0.11666666666666665,0,0.0,0.9400000000000001,0.03333333333333333,0.0,2.0,,0.0,24.633333333333336
cardiovascular diseases,Impulse Dynamics,2,2,0,0,0.3333333333333333,0.6666666666666666,0.0,0.0,0.11666666666666665,0,0.0,0.9400000000000001,0.03333333333333333,0.0,2.0,,0.0,24.633333333333336
cardiovascular diseases,Ipsen,2,2,0,0,0.3333333333333333,0.6666666666666666,0.0,0.0,0.11666666666666665,11,0.0,0.9400000000000001,0.05000000000000001,0.0,2.0,,0.0,24.633333333333336
cardiovascular diseases,Johnson & Johnson Medical (Shanghai) Ltd.,2,2,0,0,0.3333333333333333,0.6666666666666666,0.0,0.0,0.11666666666666665,0,0.0,0.9400000000000001,0.06666666666666667,0.0,2.0,,0.0,24.633333333333336
cardiovascular diseases,"Longevity Metrics, Inc.",2,2,0,0,0.3333333333333333,0.6666666666666666,0.0,0.0,0.11666666666666665,0,0.0,0.9400000000000001,0.05000000000000001,0.0,2.0,,0.0,24.633333333333336
cardiovascular diseases,Biogen,1,0,1,0,0.16666666666666666,0.0,0.3333333333333333,0.0,0.05833333333333333,10,0.0,0.8133333333333334,-1.791614702062191e-18,0.0,1.0,1.0,0.5234906775131802,24.418240108465138
cardiovascular diseases,River 2 Renal Corp.,1,0,1,0,0.16666666666666666,0.0,0.3333333333333333,0.0,0.05833333333333333,1,0.0,0.8133333333333334,-1.791614702062191e-18,0.0,1.0,1.0,0.5234906775131802,24.418240108465138
cardiovascular diseases,Boehringer Ingelheim,23,5,1,0,1.0,1.0,0.3333333333333333,0.0,0.25,63,0.0,0.10878186968838525,-0.6166666666666668,16.0,7.0,2.571428571428571,0.9613912928910499,24.289550322678206
cardiovascular diseases,"Wuhan Createrna Science and Technology Co., Ltd",2,1,1,0,0.3333333333333333,0.3333333333333333,0.3333333333333333,0.0,0.11666666666666665,4,0.0,0.5,-0.03333333333333334,1.0,1.0,2.0,0.8297130933355026,24.13046426668836
cardiovascular diseases,TR Therapeutics,2,2,0,0,0.3333333333333333,0.6666666666666666,0.0,0.0,0.11666666666666665,0,0.0,0.88,0.016666666666666666,0.0,1.0,,0.0,23.433333333333334
cardiovascular diseases,"Trust Bio-sonics, Inc.",2,2,0,0,0.3333333333333333,0.6666666666666666,0.0,0.0,0.11666666666666665,0,0.0,0.88,0.016666666666666666,0.0,1.0,,0.0,23.433333333333334
cardiovascular diseases,Hoffmann-La Roche,7,2,2,0,1.0,0.6666666666666666,0.6666666666666666,0.0,0.25,82,0.0,0.04528301886792452,-0.28333333333333344,6.0,1.0,3.7142857142857144,1.0,23.40566037735849
cardiovascular diseases,Cell Biopeutics Resources Sdn Bhd,2,2,0,0,0.3333333333333333,0.6666666666666666,0.0,0.0,0.11666666666666665,0,0.0,0.8733333333333334,-3.583229404124382e-18,0.0,2.0,,0.0,23.3
cardiovascular diseases,"Shenzhen Ausa Pharmed Co.,Ltd",2,2,0,0,0.3333333333333333,0.6666666666666666,0.0,0.0,0.11666666666666665,0,0.0,0.8733333333333334,-3.583229404124382e-18,0.0,2.0,,0.0,23.3
cardiovascular diseases,THPharm Corp.,2,1,1,0,0.3333333333333333,0.3333333333333333,0.3333333333333333,0.0,0.11666666666666665,0,0.0,0.8733333333333334,-3.583229404124382e-18,0.0,2.0,,0.0,23.3
cardiovascular diseases,"Ganzhou Hemay Pharmaceutical Co., Ltd",1,1,0,0,0.16666666666666666,0.3333333333333333,0.0,0.0,0.05833333333333333,6,0.0,0.7466666666666667,-0.016666666666666666,0.0,1.0,1.0,0.5234906775131802,23.084906775131806
cardiovascular diseases,NodThera Limited,1,0,1,0,0.16666666666666666,0.0,0.3333333333333333,0.0,0.05833333333333333,1,0.0,0.7466666666666667,-0.016666666666666666,0.0,1.0,1.0,0.5234906775131802,23.084906775131806
cardiovascular diseases,Vifor Fresenius Medical Care Renal Pharma,1,1,0,0,0.16666666666666666,0.3333333333333333,0.0,0.0,0.05833333333333333,1,0.0,0.7466666666666667,-0.016666666666666666,0.0,1.0,1.0,0.5234906775131802,23.084906775131806
cardiovascular diseases,"Jiangsu vcare pharmaceutical technology co., LTD",4,1,3,0,0.6666666666666666,0.3333333333333333,1.0,0.0,0.2333333333333333,7,0.0,0.3,-0.08333333333333336,2.0,2.0,1.0,0.5234906775131802,22.90157344179847
cardiovascular diseases,"Chia Tai Tianqing Pharmaceutical Group Co., Ltd.",1,0,1,0,0.16666666666666666,0.0,0.3333333333333333,0.0,0.05833333333333333,42,0.0,0.5,,,,2.5789473684210527,0.9629795950629878,22.546462617296548
cardiovascular diseases,AbbVie,3,1,2,0,0.5,0.3333333333333333,0.6666666666666666,0.0,0.175,107,0.0,0.18461538461538463,-0.1333333333333333,2.0,1.0,3.813559322033898,1.0,22.442307692307693
cardiovascular diseases,Hanmi Pharmaceutical Company Limited,10,1,2,0,1.0,0.3333333333333333,0.6666666666666666,0.0,0.2,11,0.0,0.12,-0.31666666666666665,7.0,3.0,2.6666666666666665,0.9812671085154541,22.21267108515454
cardiovascular diseases,Aktiia SA,2,1,0,0,0.3333333333333333,0.3333333333333333,0.0,0.0,0.06666666666666667,0,0.0,0.9400000000000001,0.01666666666666666,0.0,2.0,,0.0,22.133333333333336
cardiovascular diseases,Angiowave Imaging,2,1,0,0,0.3333333333333333,0.3333333333333333,0.0,0.0,0.06666666666666667,0,0.0,0.9400000000000001,0.03333333333333333,0.0,2.0,,0.0,22.133333333333336
cardiovascular diseases,Kerecis Ltd.,2,2,0,0,0.3333333333333333,0.6666666666666666,0.0,0.0,0.11666666666666665,0,0.0,0.8133333333333334,-1.791614702062191e-18,0.0,1.0,,0.0,22.1
cardiovascular diseases,W.L.Gore & Associates,2,2,0,0,0.3333333333333333,0.6666666666666666,0.0,0.0,0.11666666666666665,0,0.0,0.8133333333333334,-1.791614702062191e-18,0.0,1.0,,0.0,22.1
cardiovascular diseases,Mineralys Therapeutics Inc.,6,1,4,0,1.0,0.3333333333333333,1.0,0.0,0.25,0,0.0,0.44117647058823534,-0.10000000000000002,2.0,4.0,,0.0,21.323529411764707
cardiovascular diseases,"Supergene, LLC",5,4,0,0,0.8333333333333334,1.0,0.0,0.0,0.19166666666666665,0,0.0,0.5839999999999999,-0.033333333333333354,2.0,3.0,,0.0,21.26333333333333
cardiovascular diseases,SpinChip Diagnostics ASA,4,0,0,0,0.6666666666666666,0.0,0.0,0.0,0.03333333333333333,0,0.0,0.9769230769230769,0.01666666666666666,0.0,4.0,,0.0,21.205128205128204
cardiovascular diseases,Eurofarma Laboratorios S.A.,2,1,0,0,0.3333333333333333,0.3333333333333333,0.0,0.0,0.06666666666666667,0,0.0,0.88,0.03333333333333333,0.0,1.0,,0.0,20.933333333333334
cardiovascular diseases,"Allife Medical Science and Technology Co., Ltd.",2,0,2,0,0.3333333333333333,0.0,0.6666666666666666,0.0,0.11666666666666665,0,0.0,0.7466666666666667,-0.016666666666666666,0.0,1.0,,0.0,20.766666666666666
cardiovascular diseases,A. Menarini International Licensing S.A.,1,1,0,0,0.16666666666666666,0.3333333333333333,0.0,0.0,0.05833333333333333,0,0.0,0.88,0.03333333333333333,0.0,1.0,,0.0,20.51666666666667
cardiovascular diseases,ARKAY Therapeutics,1,0,1,0,0.16666666666666666,0.0,0.3333333333333333,0.0,0.05833333333333333,0,0.0,0.88,0.03333333333333333,0.0,1.0,,0.0,20.51666666666667
cardiovascular diseases,Acorai AB,1,1,0,0,0.16666666666666666,0.3333333333333333,0.0,0.0,0.05833333333333333,0,0.0,0.88,0.03333333333333333,0.0,1.0,,0.0,20.51666666666667
cardiovascular diseases,Aiatella Oy,1,1,0,0,0.16666666666666666,0.3333333333333333,0.0,0.0,0.05833333333333333,0,0.0,0.88,0.03333333333333333,0.0,1.0,,0.0,20.51666666666667
cardiovascular diseases,"Andon Health Co., Ltd",1,1,0,0,0.16666666666666666,0.3333333333333333,0.0,0.0,0.05833333333333333,0,0.0,0.88,0.03333333333333333,0.0,1.0,,0.0,20.51666666666667
cardiovascular diseases,Ascendis Pharma A/S,1,1,0,0,0.16666666666666666,0.3333333333333333,0.0,0.0,0.05833333333333333,2,0.0,0.88,0.016666666666666666,0.0,1.0,,0.0,20.51666666666667
cardiovascular diseases,BillionToOne Inc.,1,1,0,0,0.16666666666666666,0.3333333333333333,0.0,0.0,0.05833333333333333,0,0.0,0.88,0.03333333333333333,0.0,1.0,,0.0,20.51666666666667
cardiovascular diseases,Braile Biomedica Ind. Com. e Repr. Ltda.,1,1,0,0,0.16666666666666666,0.3333333333333333,0.0,0.0,0.05833333333333333,0,0.0,0.88,0.016666666666666666,0.0,1.0,,0.0,20.51666666666667
cardiovascular diseases,Caristo Diagnostics Limited,1,1,0,0,0.16666666666666666,0.3333333333333333,0.0,0.0,0.05833333333333333,0,0.0,0.88,0.016666666666666666,0.0,1.0,,0.0,20.51666666666667
cardiovascular diseases,Cell to Cure ApS,1,0,1,0,0.16666666666666666,0.0,0.3333333333333333,0.0,0.05833333333333333,0,0.0,0.88,0.03333333333333333,0.0,1.0,,0.0,20.51666666666667
cardiovascular diseases,Cellution Biologics,1,1,0,0,0.16666666666666666,0.3333333333333333,0.0,0.0,0.05833333333333333,0,0.0,0.88,0.03333333333333333,0.0,1.0,,0.0,20.51666666666667
cardiovascular diseases,"Digestive Care, Inc.",1,1,0,0,0.16666666666666666,0.3333333333333333,0.0,0.0,0.05833333333333333,0,0.0,0.88,0.03333333333333333,0.0,1.0,,0.0,20.51666666666667
cardiovascular diseases,Dompé Farmaceutici S.p.A,1,1,0,0,0.16666666666666666,0.3333333333333333,0.0,0.0,0.05833333333333333,1,0.0,0.88,0.03333333333333333,0.0,1.0,,0.0,20.51666666666667
cardiovascular diseases,Dr. Willmar Schwabe GmbH & Co. KG,1,1,0,0,0.16666666666666666,0.3333333333333333,0.0,0.0,0.05833333333333333,0,0.0,0.88,0.016666666666666666,0.0,1.0,,0.0,20.51666666666667
cardiovascular diseases,EBI Anti Sepsis BV,1,1,0,0,0.16666666666666666,0.3333333333333333,0.0,0.0,0.05833333333333333,0,0.0,0.88,0.03333333333333333,0.0,1.0,,0.0,20.51666666666667
cardiovascular diseases,ECRI bv,1,1,0,0,0.16666666666666666,0.3333333333333333,0.0,0.0,0.05833333333333333,0,0.0,0.88,0.016666666666666666,0.0,1.0,,0.0,20.51666666666667
cardiovascular diseases,"Eko Devices, Inc.",1,1,0,0,0.16666666666666666,0.3333333333333333,0.0,0.0,0.05833333333333333,0,0.0,0.88,0.016666666666666666,0.0,1.0,,0.0,20.51666666666667
cardiovascular diseases,Elutia Inc.,1,1,0,0,0.16666666666666666,0.3333333333333333,0.0,0.0,0.05833333333333333,0,0.0,0.88,0.016666666666666666,0.0,1.0,,0.0,20.51666666666667
cardiovascular diseases,"FlowPhysix, Inc.",1,1,0,0,0.16666666666666666,0.3333333333333333,0.0,0.0,0.05833333333333333,0,0.0,0.88,0.03333333333333333,0.0,1.0,,0.0,20.51666666666667
cardiovascular diseases,Getz Pharma,1,1,0,0,0.16666666666666666,0.3333333333333333,0.0,0.0,0.05833333333333333,0,0.0,0.88,0.03333333333333333,0.0,1.0,,0.0,20.51666666666667
cardiovascular diseases,"HUINNO Co., Ltd",1,1,0,0,0.16666666666666666,0.3333333333333333,0.0,0.0,0.05833333333333333,0,0.0,0.88,0.03333333333333333,0.0,1.0,,0.0,20.51666666666667
cardiovascular diseases,HighLife SAS,1,1,0,0,0.16666666666666666,0.3333333333333333,0.0,0.0,0.05833333333333333,0,0.0,0.88,0.03333333333333333,0.0,1.0,,0.0,20.51666666666667
cardiovascular diseases,Indication Bioscience LLC,1,0,1,0,0.16666666666666666,0.0,0.3333333333333333,0.0,0.05833333333333333,0,0.0,0.88,0.016666666666666666,0.0,1.0,,0.0,20.51666666666667
cardiovascular diseases,"InfraScan, Inc.",1,1,0,0,0.16666666666666666,0.3333333333333333,0.0,0.0,0.05833333333333333,0,0.0,0.88,0.016666666666666666,0.0,1.0,,0.0,20.51666666666667
cardiovascular diseases,Kaken Pharmaceutical,1,1,0,0,0.16666666666666666,0.3333333333333333,0.0,0.0,0.05833333333333333,0,0.0,0.88,0.03333333333333333,0.0,1.0,,0.0,20.51666666666667
cardiovascular diseases,MGAM LLC,1,0,1,0,0.16666666666666666,0.0,0.3333333333333333,0.0,0.05833333333333333,0,0.0,0.88,0.05000000000000002,0.0,1.0,,0.0,20.51666666666667
cardiovascular diseases,MIMOSA Diagnostics Inc.,1,1,0,0,0.16666666666666666,0.3333333333333333,0.0,0.0,0.05833333333333333,0,0.0,0.88,0.016666666666666666,0.0,1.0,,0.0,20.51666666666667
cardiovascular diseases,Neuravi Limited,1,1,0,0,0.16666666666666666,0.3333333333333333,0.0,0.0,0.05833333333333333,0,0.0,0.88,0.03333333333333333,0.0,1.0,,0.0,20.51666666666667
cardiovascular diseases,Noom Inc.,1,1,0,0,0.16666666666666666,0.3333333333333333,0.0,0.0,0.05833333333333333,0,0.0,0.88,0.03333333333333333,0.0,1.0,,0.0,20.51666666666667
cardiovascular diseases,OrbusNeich,1,1,0,0,0.16666666666666666,0.3333333333333333,0.0,0.0,0.05833333333333333,0,0.0,0.88,0.016666666666666666,0.0,1.0,,0.0,20.51666666666667
cardiovascular diseases,Ouraring Inc.,1,1,0,0,0.16666666666666666,0.3333333333333333,0.0,0.0,0.05833333333333333,0,0.0,0.88,0.016666666666666666,0.0,1.0,,0.0,20.51666666666667
cardiovascular diseases,Prolaio,1,1,0,0,0.16666666666666666,0.3333333333333333,0.0,0.0,0.05833333333333333,0,0.0,0.88,0.016666666666666666,0.0,1.0,,0.0,20.51666666666667
cardiovascular diseases,Quercis Pharma AG,1,1,0,0,0.16666666666666666,0.3333333333333333,0.0,0.0,0.05833333333333333,0,0.0,0.88,0.016666666666666666,0.0,1.0,,0.0,20.51666666666667
cardiovascular diseases,Richmond Research Institute,1,1,0,0,0.16666666666666666,0.3333333333333333,0.0,0.0,0.05833333333333333,0,0.0,0.88,0.016666666666666666,0.0,1.0,,0.0,20.51666666666667
cardiovascular diseases,"SPH Qingdao Growful Pharmacetical Co.,Ltd",1,1,0,0,0.16666666666666666,0.3333333333333333,0.0,0.0,0.05833333333333333,0,0.0,0.88,0.016666666666666666,0.0,1.0,,0.0,20.51666666666667
cardiovascular diseases,"Shandong New Time Pharmaceutical Co., LTD",1,1,0,0,0.16666666666666666,0.3333333333333333,0.0,0.0,0.05833333333333333,10,0.0,0.88,0.016666666666666666,0.0,1.0,,0.0,20.51666666666667
cardiovascular diseases,"Shanghai Bluesail Boyuan Medical Technology Co., Ltd.",1,1,0,0,0.16666666666666666,0.3333333333333333,0.0,0.0,0.05833333333333333,0,0.0,0.88,0.016666666666666666,0.0,1.0,,0.0,20.51666666666667
cardiovascular diseases,Skribe Medical,1,1,0,0,0.16666666666666666,0.3333333333333333,0.0,0.0,0.05833333333333333,0,0.0,0.88,0.016666666666666666,0.0,1.0,,0.0,20.51666666666667
cardiovascular diseases,Stealth BioTherapeutics Inc.,1,1,0,0,0.16666666666666666,0.3333333333333333,0.0,0.0,0.05833333333333333,0,0.0,0.88,0.03333333333333333,0.0,1.0,,0.0,20.51666666666667
cardiovascular diseases,"Tatchempharmpreparaty, JSC",1,1,0,0,0.16666666666666666,0.3333333333333333,0.0,0.0,0.05833333333333333,0,0.0,0.88,0.016666666666666666,0.0,1.0,,0.0,20.51666666666667
cardiovascular diseases,"Thiogenesis Therapeutics, Inc.",1,0,1,0,0.16666666666666666,0.0,0.3333333333333333,0.0,0.05833333333333333,1,0.0,0.88,0.016666666666666666,0.0,1.0,,0.0,20.51666666666667
cardiovascular diseases,Toku Eyes Ltd,1,1,0,0,0.16666666666666666,0.3333333333333333,0.0,0.0,0.05833333333333333,0,0.0,0.88,0.016666666666666666,0.0,1.0,,0.0,20.51666666666667
cardiovascular diseases,Trears,1,1,0,0,0.16666666666666666,0.3333333333333333,0.0,0.0,0.05833333333333333,0,0.0,0.88,0.016666666666666666,0.0,1.0,,0.0,20.51666666666667
cardiovascular diseases,Vesalio,1,1,0,0,0.16666666666666666,0.3333333333333333,0.0,0.0,0.05833333333333333,0,0.0,0.88,0.016666666666666666,0.0,1.0,,0.0,20.51666666666667
cardiovascular diseases,World Health Research Inc.,1,1,0,0,0.16666666666666666,0.3333333333333333,0.0,0.0,0.05833333333333333,0,0.0,0.88,0.016666666666666666,0.0,1.0,,0.0,20.51666666666667
cardiovascular diseases,"Zentiva, k.s.",1,1,0,0,0.16666666666666666,0.3333333333333333,0.0,0.0,0.05833333333333333,0,0.0,0.88,0.03333333333333333,0.0,1.0,,0.0,20.51666666666667
cardiovascular diseases,eMyosound SAS,1,1,0,0,0.16666666666666666,0.3333333333333333,0.0,0.0,0.05833333333333333,0,0.0,0.88,0.016666666666666666,0.0,1.0,,0.0,20.51666666666667
cardiovascular diseases,iVascular S.L.U.,1,1,0,0,0.16666666666666666,0.3333333333333333,0.0,0.0,0.05833333333333333,0,0.0,0.88,0.03333333333333333,0.0,1.0,,0.0,20.51666666666667
cardiovascular diseases,United Therapeutics,3,1,0,0,0.5,0.3333333333333333,0.0,0.0,0.075,2,0.0,0.5487179487179487,-0.05000000000000002,1.0,2.0,1.0,0.5234906775131802,19.959265749490775
cardiovascular diseases,"HeartFlow, Inc.",5,3,0,0,0.8333333333333334,1.0,0.0,0.0,0.19166666666666665,0,0.0,0.5173333333333332,-0.05000000000000003,2.0,3.0,,0.0,19.929999999999996
cardiovascular diseases,Sanofi,7,1,0,0,1.0,0.3333333333333333,0.0,0.0,0.1,54,0.0,0.23414634146341462,-0.08333333333333337,4.0,3.0,2.7777777777777777,1.0,19.682926829268293
cardiovascular diseases,Huinno AIM,2,0,0,0,0.3333333333333333,0.0,0.0,0.0,0.016666666666666666,0,0.0,0.9400000000000001,0.03333333333333333,0.0,2.0,,0.0,19.633333333333336
cardiovascular diseases,"Anhui HygeianCells BioMedical Co., Ltd.",1,0,1,0,0.16666666666666666,0.0,0.3333333333333333,0.0,0.05833333333333333,0,0.0,0.8133333333333334,-1.791614702062191e-18,0.0,1.0,,0.0,19.183333333333337
cardiovascular diseases,Ascilion AB,1,1,0,0,0.16666666666666666,0.3333333333333333,0.0,0.0,0.05833333333333333,0,0.0,0.8133333333333334,-1.791614702062191e-18,0.0,1.0,,0.0,19.183333333333337
cardiovascular diseases,Astellas Gene Therapies,1,0,1,0,0.16666666666666666,0.0,0.3333333333333333,0.0,0.05833333333333333,2,0.0,0.8133333333333334,-1.791614702062191e-18,0.0,1.0,,0.0,19.183333333333337
cardiovascular diseases,"Biocells (Beijing) Biotech Co.,Ltd",1,0,1,0,0.16666666666666666,0.0,0.3333333333333333,0.0,0.05833333333333333,0,0.0,0.8133333333333334,-1.791614702062191e-18,0.0,1.0,,0.0,19.183333333333337
cardiovascular diseases,"Bracco Diagnostics, Inc",1,1,0,0,0.16666666666666666,0.3333333333333333,0.0,0.0,0.05833333333333333,0,0.0,0.8133333333333334,-1.791614702062191e-18,0.0,1.0,,0.0,19.183333333333337
cardiovascular diseases,ChromX Health,1,1,0,0,0.16666666666666666,0.3333333333333333,0.0,0.0,0.05833333333333333,0,0.0,0.8133333333333334,-1.791614702062191e-18,0.0,1.0,,0.0,19.183333333333337
cardiovascular diseases,CoMind Technologies Limited,1,1,0,0,0.16666666666666666,0.3333333333333333,0.0,0.0,0.05833333333333333,0,0.0,0.8133333333333334,-1.791614702062191e-18,0.0,1.0,,0.0,19.183333333333337
cardiovascular diseases,Everbeat,1,1,0,0,0.16666666666666666,0.3333333333333333,0.0,0.0,0.05833333333333333,0,0.0,0.8133333333333334,-1.791614702062191e-18,0.0,1.0,,0.0,19.183333333333337
cardiovascular diseases,"Genuine Research Center, Egypt",1,1,0,0,0.16666666666666666,0.3333333333333333,0.0,0.0,0.05833333333333333,0,0.0,0.8133333333333334,-1.791614702062191e-18,0.0,1.0,,0.0,19.183333333333337
cardiovascular diseases,"Haisco-USA Pharmaceuticals, Inc.",1,0,1,0,0.16666666666666666,0.0,0.3333333333333333,0.0,0.05833333333333333,0,0.0,0.8133333333333334,-1.791614702062191e-18,0.0,1.0,,0.0,19.183333333333337
cardiovascular diseases,Hercules,1,1,0,0,0.16666666666666666,0.3333333333333333,0.0,0.0,0.05833333333333333,0,0.0,0.8133333333333334,-1.791614702062191e-18,0.0,1.0,,0.0,19.183333333333337
cardiovascular diseases,Ji Xing Pharmaceuticals Australia Pty Ltd,1,0,1,0,0.16666666666666666,0.0,0.3333333333333333,0.0,0.05833333333333333,0,0.0,0.8133333333333334,-1.791614702062191e-18,0.0,1.0,,0.0,19.183333333333337
cardiovascular diseases,"Kyoto Drug Discovery and Development Co., Ltd.",1,0,1,0,0.16666666666666666,0.0,0.3333333333333333,0.0,0.05833333333333333,0,0.0,0.8133333333333334,-1.791614702062191e-18,0.0,1.0,,0.0,19.183333333333337
cardiovascular diseases,Lee's Pharmaceutical Limited,1,1,0,0,0.16666666666666666,0.3333333333333333,0.0,0.0,0.05833333333333333,2,0.0,0.8133333333333334,-1.791614702062191e-18,0.0,1.0,,0.0,19.183333333333337
cardiovascular diseases,Les Laboratoires des Médicaments Stériles,1,1,0,0,0.16666666666666666,0.3333333333333333,0.0,0.0,0.05833333333333333,0,0.0,0.8133333333333334,-1.791614702062191e-18,0.0,1.0,,0.0,19.183333333333337
cardiovascular diseases,Lexicon Pharmaceuticals,1,1,0,0,0.16666666666666666,0.3333333333333333,0.0,0.0,0.05833333333333333,0,0.0,0.8133333333333334,-1.791614702062191e-18,0.0,1.0,,0.0,19.183333333333337
cardiovascular diseases,Lirio,1,1,0,0,0.16666666666666666,0.3333333333333333,0.0,0.0,0.05833333333333333,0,0.0,0.8133333333333334,-1.791614702062191e-18,0.0,1.0,,0.0,19.183333333333337
cardiovascular diseases,Medinice S.A.,1,1,0,0,0.16666666666666666,0.3333333333333333,0.0,0.0,0.05833333333333333,0,0.0,0.8133333333333334,-1.791614702062191e-18,0.0,1.0,,0.0,19.183333333333337
cardiovascular diseases,Medtronic Cardiac Ablation Solutions,1,1,0,0,0.16666666666666666,0.3333333333333333,0.0,0.0,0.05833333333333333,0,0.0,0.8133333333333334,-1.791614702062191e-18,0.0,1.0,,0.0,19.183333333333337
cardiovascular diseases,Octapharma,1,1,0,0,0.16666666666666666,0.3333333333333333,0.0,0.0,0.05833333333333333,0,0.0,0.8133333333333334,-1.791614702062191e-18,0.0,1.0,,0.0,19.183333333333337
cardiovascular diseases,"Palvella Therapeutics, Inc.",1,1,0,0,0.16666666666666666,0.3333333333333333,0.0,0.0,0.05833333333333333,2,0.0,0.8133333333333334,-1.791614702062191e-18,0.0,1.0,,0.0,19.183333333333337
cardiovascular diseases,Prolong Pharmaceuticals,1,0,1,0,0.16666666666666666,0.0,0.3333333333333333,0.0,0.05833333333333333,0,0.0,0.8133333333333334,-1.791614702062191e-18,0.0,1.0,,0.0,19.183333333333337
cardiovascular diseases,Rapid Medical,1,1,0,0,0.16666666666666666,0.3333333333333333,0.0,0.0,0.05833333333333333,0,0.0,0.8133333333333334,-1.791614702062191e-18,0.0,1.0,,0.0,19.183333333333337
cardiovascular diseases,RobotDreams GmbH,1,1,0,0,0.16666666666666666,0.3333333333333333,0.0,0.0,0.05833333333333333,0,0.0,0.8133333333333334,-1.791614702062191e-18,0.0,1.0,,0.0,19.183333333333337
cardiovascular diseases,Shanghai Life Science & Technology,1,0,1,0,0.16666666666666666,0.0,0.3333333333333333,0.0,0.05833333333333333,1,0.0,0.8133333333333334,-1.791614702062191e-18,0.0,1.0,,0.0,19.183333333333337
cardiovascular diseases,Siddhey LLC,1,1,0,0,0.16666666666666666,0.3333333333333333,0.0,0.0,0.05833333333333333,0,0.0,0.8133333333333334,-1.791614702062191e-18,0.0,1.0,,0.0,19.183333333333337
cardiovascular diseases,Soligenix,1,0,1,0,0.16666666666666666,0.0,0.3333333333333333,0.0,0.05833333333333333,0,0.0,0.8133333333333334,-1.791614702062191e-18,0.0,1.0,,0.0,19.183333333333337
cardiovascular diseases,"TCROSS Co., Ltd.",1,1,0,0,0.16666666666666666,0.3333333333333333,0.0,0.0,0.05833333333333333,0,0.0,0.8133333333333334,-1.791614702062191e-18,0.0,1.0,,0.0,19.183333333333337
cardiovascular diseases,The Searle Company Limited Pakistan,1,1,0,0,0.16666666666666666,0.3333333333333333,0.0,0.0,0.05833333333333333,0,0.0,0.8133333333333334,-1.791614702062191e-18,0.0,1.0,,0.0,19.183333333333337
cardiovascular diseases,TherOx,1,1,0,0,0.16666666666666666,0.3333333333333333,0.0,0.0,0.05833333333333333,0,0.0,0.8133333333333334,-1.791614702062191e-18,0.0,1.0,,0.0,19.183333333333337
cardiovascular diseases,Translumina Therapeutics Pvt Ltd.,1,1,0,0,0.16666666666666666,0.3333333333333333,0.0,0.0,0.05833333333333333,0,0.0,0.8133333333333334,-1.791614702062191e-18,0.0,1.0,,0.0,19.183333333333337
cardiovascular diseases,X4 Pharmaceuticals,1,1,0,0,0.16666666666666666,0.3333333333333333,0.0,0.0,0.05833333333333333,0,0.0,0.8133333333333334,-1.791614702062191e-18,0.0,1.0,,0.0,19.183333333333337
cardiovascular diseases,ReCode Therapeutics,4,0,3,0,0.6666666666666666,0.0,1.0,0.0,0.18333333333333332,1,0.0,0.5,-0.03333333333333334,2.0,2.0,,0.0,19.166666666666664
cardiovascular diseases,Quince Therapeutics S.p.A.,2,0,0,0,0.3333333333333333,0.0,0.0,0.0,0.016666666666666666,0,0.0,0.8733333333333334,-3.583229404124382e-18,0.0,2.0,,0.0,18.3
cardiovascular diseases,POLYSAN Scientific & Technological Pharmaceutical Company,4,1,0,0,0.6666666666666666,0.3333333333333333,0.0,0.0,0.08333333333333333,1,0.0,0.4333333333333333,-0.05000000000000002,2.0,2.0,1.0,0.5234906775131802,18.068240108465137
cardiovascular diseases,"Ablative Solutions, Inc.",1,0,0,0,0.16666666666666666,0.0,0.0,0.0,0.008333333333333333,0,0.0,0.88,0.016666666666666666,0.0,1.0,,0.0,18.01666666666667
cardiovascular diseases,"Anumana, Inc.",1,0,0,0,0.16666666666666666,0.0,0.0,0.0,0.008333333333333333,0,0.0,0.88,0.016666666666666666,0.0,1.0,,0.0,18.01666666666667
cardiovascular diseases,"Insight Lifetech Co., Ltd.",1,0,0,0,0.16666666666666666,0.0,0.0,0.0,0.008333333333333333,0,0.0,0.88,0.016666666666666666,0.0,1.0,,0.0,18.01666666666667
cardiovascular diseases,"Shanghai MicroPort CardioFlow Medtech Co., Ltd.",1,0,0,0,0.16666666666666666,0.0,0.0,0.0,0.008333333333333333,0,0.0,0.88,0.016666666666666666,0.0,1.0,,0.0,18.01666666666667
cardiovascular diseases,A.Menarini Asia-Pacific Holdings Pte Ltd,1,1,0,0,0.16666666666666666,0.3333333333333333,0.0,0.0,0.05833333333333333,0,0.0,0.7466666666666667,-0.016666666666666666,0.0,1.0,,0.0,17.85
cardiovascular diseases,Akros Pharma Inc.,1,0,1,0,0.16666666666666666,0.0,0.3333333333333333,0.0,0.05833333333333333,1,0.0,0.7466666666666667,-0.016666666666666666,0.0,1.0,,0.0,17.85
cardiovascular diseases,Auxilius Pharma sp.z.o.o.,1,0,1,0,0.16666666666666666,0.0,0.3333333333333333,0.0,0.05833333333333333,0,0.0,0.7466666666666667,-0.016666666666666666,0.0,1.0,,0.0,17.85
cardiovascular diseases,Bespoke Clinical Research,1,1,0,0,0.16666666666666666,0.3333333333333333,0.0,0.0,0.05833333333333333,0,0.0,0.7466666666666667,-0.016666666666666666,0.0,1.0,,0.0,17.85
cardiovascular diseases,Bioxodes S.A.,1,0,1,0,0.16666666666666666,0.0,0.3333333333333333,0.0,0.05833333333333333,0,0.0,0.7466666666666667,-0.016666666666666666,0.0,1.0,,0.0,17.85
cardiovascular diseases,Constant Therapeutics LLC,1,0,1,0,0.16666666666666666,0.0,0.3333333333333333,0.0,0.05833333333333333,0,0.0,0.7466666666666667,-0.016666666666666666,0.0,1.0,,0.0,17.85
cardiovascular diseases,DalCor Pharmaceuticals,1,1,0,0,0.16666666666666666,0.3333333333333333,0.0,0.0,0.05833333333333333,0,0.0,0.7466666666666667,-0.016666666666666666,0.0,1.0,,0.0,17.85
cardiovascular diseases,Groupe Éthique et Santé,1,1,0,0,0.16666666666666666,0.3333333333333333,0.0,0.0,0.05833333333333333,0,0.0,0.7466666666666667,-0.016666666666666666,0.0,1.0,,0.0,17.85
cardiovascular diseases,Hoskinson Health and Wellness Clinic,1,0,1,0,0.16666666666666666,0.0,0.3333333333333333,0.0,0.05833333333333333,0,0.0,0.7466666666666667,-0.016666666666666666,0.0,1.0,,0.0,17.85
cardiovascular diseases,Motric Bio,1,0,1,0,0.16666666666666666,0.0,0.3333333333333333,0.0,0.05833333333333333,0,0.0,0.7466666666666667,-0.016666666666666666,0.0,1.0,,0.0,17.85
cardiovascular diseases,"Pulnovo Medical (Wuxi) Co., Ltd.",1,1,0,0,0.16666666666666666,0.3333333333333333,0.0,0.0,0.05833333333333333,0,0.0,0.7466666666666667,-0.016666666666666666,0.0,1.0,,0.0,17.85
cardiovascular diseases,"Samsung Bioepis Co., Ltd.",1,0,1,0,0.16666666666666666,0.0,0.3333333333333333,0.0,0.05833333333333333,2,0.0,0.7466666666666667,-0.016666666666666666,0.0,1.0,,0.0,17.85
cardiovascular diseases,Sequana Medical N.V.,1,0,1,0,0.16666666666666666,0.0,0.3333333333333333,0.0,0.05833333333333333,0,0.0,0.7466666666666667,-0.016666666666666666,0.0,1.0,,0.0,17.85
cardiovascular diseases,"Suzhou Yabao Pharmaceutical R&D Co., Ltd.",1,0,1,0,0.16666666666666666,0.0,0.3333333333333333,0.0,0.05833333333333333,0,0.0,0.7466666666666667,-0.016666666666666666,0.0,1.0,,0.0,17.85
cardiovascular diseases,NewAmsterdam Pharma,7,2,3,0,1.0,0.6666666666666666,1.0,0.0,0.3,3,0.0,0.12,-0.21666666666666673,5.0,2.0,,0.0,17.4
cardiovascular diseases,HJN Sverige AB/Neko Health,2,2,0,0,0.3333333333333333,0.6666666666666666,0.0,0.0,0.11666666666666665,0,0.0,0.5666666666666667,-0.01666666666666667,1.0,1.0,,0.0,17.166666666666668
cardiovascular diseases,"Huxley Medical, Inc.",2,0,0,0,0.3333333333333333,0.0,0.0,0.0,0.016666666666666666,0,0.0,0.8133333333333334,-1.791614702062191e-18,0.0,1.0,,0.0,17.1
cardiovascular diseases,CathVision ApS,4,1,0,0,0.6666666666666666,0.3333333333333333,0.0,0.0,0.08333333333333333,0,0.0,0.6333333333333333,-7.166458808248764e-18,2.0,2.0,,0.0,16.833333333333332
cardiovascular diseases,AMCG,1,0,0,0,0.16666666666666666,0.0,0.0,0.0,0.008333333333333333,0,0.0,0.8133333333333334,-1.791614702062191e-18,0.0,1.0,,0.0,16.683333333333337
cardiovascular diseases,Avexima Diol LLC,1,0,0,0,0.16666666666666666,0.0,0.0,0.0,0.008333333333333333,0,0.0,0.8133333333333334,-1.791614702062191e-18,0.0,1.0,,0.0,16.683333333333337
cardiovascular diseases,"Gentuity, LLC",1,0,0,0,0.16666666666666666,0.0,0.0,0.0,0.008333333333333333,0,0.0,0.8133333333333334,-1.791614702062191e-18,0.0,1.0,,0.0,16.683333333333337
cardiovascular diseases,"Hasten Biopharmaceutical Co., Ltd.",1,0,0,0,0.16666666666666666,0.0,0.0,0.0,0.008333333333333333,1,0.0,0.8133333333333334,-1.791614702062191e-18,0.0,1.0,,0.0,16.683333333333337
cardiovascular diseases,Keuro MedTech,1,0,0,0,0.16666666666666666,0.0,0.0,0.0,0.008333333333333333,0,0.0,0.8133333333333334,-1.791614702062191e-18,0.0,1.0,,0.0,16.683333333333337
cardiovascular diseases,Laboratorios Richmond S.A.C.I.F.,1,0,0,0,0.16666666666666666,0.0,0.0,0.0,0.008333333333333333,0,0.0,0.8133333333333334,-1.791614702062191e-18,0.0,1.0,,0.0,16.683333333333337
cardiovascular diseases,"MindRhythm, Inc.",1,0,0,0,0.16666666666666666,0.0,0.0,0.0,0.008333333333333333,0,0.0,0.8133333333333334,-1.791614702062191e-18,0.0,1.0,,0.0,16.683333333333337
cardiovascular diseases,RE.DOCTOR LLC,1,0,0,0,0.16666666666666666,0.0,0.0,0.0,0.008333333333333333,0,0.0,0.8133333333333334,-1.791614702062191e-18,0.0,1.0,,0.0,16.683333333333337
cardiovascular diseases,"Staidson (Beijing) Biopharmaceuticals Co., Ltd",3,1,2,0,0.5,0.3333333333333333,0.6666666666666666,0.0,0.175,2,0.0,0.3846153846153846,-0.03333333333333335,2.0,1.0,,0.0,16.442307692307693
cardiovascular diseases,Boston Scientific Corporation,3,1,0,0,0.5,0.3333333333333333,0.0,0.0,0.075,2,0.0,0.6153846153846153,-0.03333333333333335,1.0,2.0,,0.0,16.057692307692307
cardiovascular diseases,Pharmasoft,2,1,0,0,0.3333333333333333,0.3333333333333333,0.0,0.0,0.06666666666666667,0,0.0,0.6333333333333333,-3.583229404124382e-18,1.0,1.0,,0.0,16.0
cardiovascular diseases,Cardior Pharmaceuticals GmbH,2,0,2,0,0.3333333333333333,0.0,0.6666666666666666,0.0,0.11666666666666665,0,0.0,0.5,-0.03333333333333334,1.0,1.0,,0.0,15.833333333333332
cardiovascular diseases,"Venturis Therapeutics, Inc.",2,0,2,0,0.3333333333333333,0.0,0.6666666666666666,0.0,0.11666666666666665,0,0.0,0.5,,,,,0.0,15.833333333333332
cardiovascular diseases,Apurano Pharmaceuticals GmbH,2,0,0,0,0.3333333333333333,0.0,0.0,0.0,0.016666666666666666,0,0.0,0.7400000000000001,-0.03333333333333333,0.0,2.0,,0.0,15.633333333333335
cardiovascular diseases,Beker Laboratories,1,0,0,0,0.16666666666666666,0.0,0.0,0.0,0.008333333333333333,0,0.0,0.7466666666666667,-0.016666666666666666,0.0,1.0,,0.0,15.350000000000003
cardiovascular diseases,CEN Biotech,1,0,0,0,0.16666666666666666,0.0,0.0,0.0,0.008333333333333333,0,0.0,0.7466666666666667,-0.016666666666666666,0.0,1.0,,0.0,15.350000000000003
cardiovascular diseases,Laboratoires Innothera,1,0,0,0,0.16666666666666666,0.0,0.0,0.0,0.008333333333333333,0,0.0,0.7466666666666667,-0.016666666666666666,0.0,1.0,,0.0,15.350000000000003
cardiovascular diseases,MedFact Engineering GmbH,1,0,0,0,0.16666666666666666,0.0,0.0,0.0,0.008333333333333333,0,0.0,0.7466666666666667,-0.016666666666666666,0.0,1.0,,0.0,15.350000000000003
cardiovascular diseases,Nunaps Inc,1,0,0,0,0.16666666666666666,0.0,0.0,0.0,0.008333333333333333,0,0.0,0.7466666666666667,-0.016666666666666666,0.0,1.0,,0.0,15.350000000000003
cardiovascular diseases,Organon and Co,1,0,0,0,0.16666666666666666,0.0,0.0,0.0,0.008333333333333333,0,0.0,0.7466666666666667,-0.016666666666666666,0.0,1.0,,0.0,15.350000000000003
cardiovascular diseases,"Qilu Pharmaceutical (Hainan) Co., Ltd.",1,0,0,0,0.16666666666666666,0.0,0.0,0.0,0.008333333333333333,1,0.0,0.7466666666666667,-0.016666666666666666,0.0,1.0,,0.0,15.350000000000003
cardiovascular diseases,Tricog Health Inc,1,0,0,0,0.16666666666666666,0.0,0.0,0.0,0.008333333333333333,0,0.0,0.7466666666666667,-0.016666666666666666,0.0,1.0,,0.0,15.350000000000003
cardiovascular diseases,Zoll Medical Corporation,1,0,0,0,0.16666666666666666,0.0,0.0,0.0,0.008333333333333333,0,0.0,0.7466666666666667,-0.016666666666666666,0.0,1.0,,0.0,15.350000000000003
cardiovascular diseases,"Lifetech Scientific (Shenzhen) Co., Ltd.",4,3,0,0,0.6666666666666666,1.0,0.0,0.0,0.18333333333333332,0,0.0,0.3,-0.11666666666666661,2.0,2.0,,0.0,15.166666666666668
cardiovascular diseases,"Janssen Research & Development, LLC",5,2,1,0,0.8333333333333334,0.6666666666666666,0.3333333333333333,0.0,0.19166666666666665,76,0.0,0.016216216216216217,-0.18333333333333338,5.0,0.0,1.0,0.5234906775131802,15.14256443278946
cardiovascular diseases,Cardiol Therapeutics Inc.,3,1,2,0,0.5,0.3333333333333333,0.6666666666666666,0.0,0.175,0,0.0,0.31794871794871793,-0.05000000000000002,2.0,1.0,,0.0,15.108974358974358
cardiovascular diseases,"Hanlim Pharm. Co., Ltd.",7,1,3,0,1.0,0.3333333333333333,1.0,0.0,0.25,0,0.0,0.12,-0.20000000000000004,5.0,2.0,,0.0,14.899999999999999
cardiovascular diseases,"Beckman Coulter, Inc.",3,0,0,0,0.5,0.0,0.0,0.0,0.025,0,0.0,0.6820512820512821,-0.01666666666666667,1.0,2.0,,0.0,14.891025641025642
cardiovascular diseases,"Jiangsu HengRui Medicine Co., Ltd.",3,0,3,0,0.5,0.0,1.0,0.0,0.175,64,0.0,0.03529411764705883,-0.18333333333333338,3.0,0.0,1.0,0.5234906775131802,14.690789128072979
cardiovascular diseases,IntraBio Inc,2,1,1,0,0.3333333333333333,0.3333333333333333,0.3333333333333333,0.0,0.11666666666666665,0,0.0,0.43333333333333335,-0.049999999999999996,1.0,1.0,,0.0,14.499999999999998
cardiovascular diseases,RHEACELL GmbH & Co. KG,2,1,1,0,0.3333333333333333,0.3333333333333333,0.3333333333333333,0.0,0.11666666666666665,0,0.0,0.4333333333333333,-0.05000000000000002,1.0,1.0,,0.0,14.499999999999998
cardiovascular diseases,EMS,4,1,0,0,0.6666666666666666,0.3333333333333333,0.0,0.0,0.08333333333333333,0,0.0,0.5,,,,,0.0,14.166666666666666
cardiovascular diseases,CoreAalst BV,5,4,0,0,0.8333333333333334,1.0,0.0,0.0,0.19166666666666665,0,0.0,0.216,-0.08333333333333336,3.0,2.0,,0.0,13.903333333333334
cardiovascular diseases,Khondrion BV,3,1,2,0,0.5,0.3333333333333333,0.6666666666666666,0.0,0.175,0,0.0,0.2512820512820513,-0.06666666666666668,2.0,1.0,,0.0,13.775641025641026
cardiovascular diseases,Power Life Sciences Inc.,3,1,0,0,0.5,0.3333333333333333,0.0,0.0,0.075,0,0.0,0.5,,,,,0.0,13.750000000000002
cardiovascular diseases,"Tasly Biopharmaceuticals Co., Ltd.",1,0,0,0,0.16666666666666666,0.0,0.0,0.0,0.008333333333333333,3,0.0,0.3866666666666667,-0.016666666666666666,1.0,0.0,1.0,0.5234906775131802,13.384906775131805
cardiovascular diseases,Edwards Lifesciences,2,1,0,0,0.3333333333333333,0.3333333333333333,0.0,0.0,0.06666666666666667,0,0.0,0.5,-0.03333333333333333,1.0,1.0,,0.0,13.333333333333334
cardiovascular diseases,Eisai Inc.,2,1,0,0,0.3333333333333333,0.3333333333333333,0.0,0.0,0.06666666666666667,8,0.0,0.5,-0.03333333333333333,1.0,1.0,,0.0,13.333333333333334
cardiovascular diseases,"Dong-A ST Co., Ltd.",1,1,0,0,0.16666666666666666,0.3333333333333333,0.0,0.0,0.05833333333333333,7,0.0,0.2533333333333333,-0.05000000000000002,1.0,0.0,1.0,0.5234906775131802,13.218240108465135
cardiovascular diseases,"Jiangsu Simcere Pharmaceutical Co., Ltd.",1,0,1,0,0.16666666666666666,0.0,0.3333333333333333,0.0,0.05833333333333333,17,0.0,0.2533333333333333,-0.05000000000000002,1.0,0.0,1.0,0.5234906775131802,13.218240108465135
cardiovascular diseases,"Madrigal Pharmaceuticals, Inc.",1,1,0,0,0.16666666666666666,0.3333333333333333,0.0,0.0,0.05833333333333333,2,0.0,0.2533333333333333,-0.05000000000000002,1.0,0.0,1.0,0.5234906775131802,13.218240108465135
cardiovascular diseases,Pharming Technologies B.V.,1,0,1,0,0.16666666666666666,0.0,0.3333333333333333,0.0,0.05833333333333333,5,0.0,0.2533333333333333,-0.05000000000000002,1.0,0.0,1.0,0.5234906775131802,13.218240108465135
cardiovascular diseases,Medtronic Cardiac Rhythm and Heart Failure,9,3,0,0,1.0,1.0,0.0,0.0,0.2,0,0.0,0.14769230769230765,-0.25000000000000006,6.0,3.0,,0.0,12.953846153846154
cardiovascular diseases,"AZTherapies, Inc.",1,0,1,0,0.16666666666666666,0.0,0.3333333333333333,0.0,0.05833333333333333,0,0.0,0.5,,,,,0.0,12.916666666666668
cardiovascular diseases,AngioInsight,1,1,0,0,0.16666666666666666,0.3333333333333333,0.0,0.0,0.05833333333333333,0,0.0,0.5,,,,,0.0,12.916666666666668
cardiovascular diseases,"Braveheart Bio, Inc.",1,1,0,0,0.16666666666666666,0.3333333333333333,0.0,0.0,0.05833333333333333,0,0.0,0.5,,,,,0.0,12.916666666666668
cardiovascular diseases,"Geneticure, LLC",1,0,1,0,0.16666666666666666,0.0,0.3333333333333333,0.0,0.05833333333333333,0,0.0,0.5,,,,,0.0,12.916666666666668
cardiovascular diseases,"Invero Pharma, Inc.",1,1,0,0,0.16666666666666666,0.3333333333333333,0.0,0.0,0.05833333333333333,0,0.0,0.5,,,,,0.0,12.916666666666668
cardiovascular diseases,Kent Imaging Inc,1,1,0,0,0.16666666666666666,0.3333333333333333,0.0,0.0,0.05833333333333333,0,0.0,0.5,,,,,0.0,12.916666666666668
cardiovascular diseases,"Matrix Biomed, Inc.",1,0,1,0,0.16666666666666666,0.0,0.3333333333333333,0.0,0.05833333333333333,0,0.0,0.5,,,,,0.0,12.916666666666668
cardiovascular diseases,Navitas Pharma,1,0,1,0,0.16666666666666666,0.0,0.3333333333333333,0.0,0.05833333333333333,0,0.0,0.5,,,,,0.0,12.916666666666668
cardiovascular diseases,"Protexa Endovascular, Inc.",1,1,0,0,0.16666666666666666,0.3333333333333333,0.0,0.0,0.05833333333333333,0,0.0,0.5,,,,,0.0,12.916666666666668
cardiovascular diseases,RECORDATI GROUP,1,1,0,0,0.16666666666666666,0.3333333333333333,0.0,0.0,0.05833333333333333,2,0.0,0.5,,,,,0.0,12.916666666666668
cardiovascular diseases,"Reven Pharmaceuticals, Inc.",1,0,1,0,0.16666666666666666,0.0,0.3333333333333333,0.0,0.05833333333333333,0,0.0,0.5,,,,,0.0,12.916666666666668
cardiovascular diseases,"Shanghai Gopherwood Biotech Co., Ltd.",1,0,1,0,0.16666666666666666,0.0,0.3333333333333333,0.0,0.05833333333333333,0,0.0,0.5,,,,,0.0,12.916666666666668
cardiovascular diseases,"Silk Road Therapies, Inc.",1,0,1,0,0.16666666666666666,0.0,0.3333333333333333,0.0,0.05833333333333333,0,0.0,0.5,,,,,0.0,12.916666666666668
cardiovascular diseases,"Taewoong Medical Co., Ltd.",1,1,0,0,0.16666666666666666,0.3333333333333333,0.0,0.0,0.05833333333333333,0,0.0,0.5,,,,,0.0,12.916666666666668
cardiovascular diseases,"Valo Health, Inc.",1,0,1,0,0.16666666666666666,0.0,0.3333333333333333,0.0,0.05833333333333333,0,0.0,0.5,,,,,0.0,12.916666666666668
cardiovascular diseases,Shanghai Hutchison Pharmaceuticals Limited,4,1,1,0,0.6666666666666666,0.3333333333333333,0.3333333333333333,0.0,0.13333333333333333,0,0.0,0.3,-0.10000000000000003,2.0,2.0,,0.0,12.666666666666664
cardiovascular diseases,"Genovate Biotechnology Co., Ltd.,",3,0,3,0,0.5,0.0,1.0,0.0,0.175,0,0.0,0.18461538461538463,-0.08333333333333336,2.0,1.0,,0.0,12.442307692307692
cardiovascular diseases,Grace Therapeutics Inc.,3,1,2,0,0.5,0.3333333333333333,0.6666666666666666,0.0,0.175,0,0.0,0.18461538461538463,-0.10000000000000005,2.0,1.0,,0.0,12.442307692307692
cardiovascular diseases,"Qlaris Bio, Inc.",2,0,2,0,0.3333333333333333,0.0,0.6666666666666666,0.0,0.11666666666666665,1,0.0,0.059999999999999984,-0.08333333333333336,2.0,0.0,1.0,0.5234906775131802,12.268240108465136
cardiovascular diseases,"R-Pharm International, LLC",2,1,1,0,0.3333333333333333,0.3333333333333333,0.3333333333333333,0.0,0.11666666666666665,5,0.0,0.059999999999999984,-0.13333333333333333,2.0,0.0,1.0,0.5234906775131802,12.268240108465136
cardiovascular diseases,IlDong Pharmaceutical Co Ltd,2,0,2,0,0.3333333333333333,0.0,0.6666666666666666,0.0,0.11666666666666665,1,0.0,0.32000000000000006,-0.03333333333333333,1.0,0.0,,0.0,12.233333333333334
cardiovascular diseases,"AJU Pharm Co., Ltd.",3,0,2,0,0.5,0.0,0.6666666666666666,0.0,0.125,7,0.0,0.03529411764705883,-0.1333333333333334,3.0,0.0,1.0,0.5234906775131802,12.190789128072979
cardiovascular diseases,"ModernaTX, Inc.",3,1,1,0,0.5,0.3333333333333333,0.3333333333333333,0.0,0.125,18,0.0,0.03529411764705883,-0.08333333333333336,3.0,0.0,1.0,0.5234906775131802,12.190789128072979
cardiovascular diseases,"Sunshine Guojian Pharmaceutical (Shanghai) Co., Ltd.",3,0,2,0,0.5,0.0,0.6666666666666666,0.0,0.125,11,0.0,0.03529411764705883,-0.1333333333333334,3.0,0.0,1.0,0.5234906775131802,12.190789128072979
cardiovascular diseases,"Changchun GeneScience Pharmaceutical Co., Ltd.",1,0,0,0,0.16666666666666666,0.0,0.0,0.0,0.008333333333333333,31,0.0,0.32000000000000006,-0.03333333333333333,1.0,0.0,1.0,0.5234906775131802,12.051573441798471
cardiovascular diseases,R-Pharm,1,0,0,0,0.16666666666666666,0.0,0.0,0.0,0.008333333333333333,2,0.0,0.32000000000000006,-0.03333333333333333,1.0,0.0,1.0,0.5234906775131802,12.051573441798471
cardiovascular diseases,JW Pharmaceutical,2,1,0,0,0.3333333333333333,0.3333333333333333,0.0,0.0,0.06666666666666667,2,0.0,0.4333333333333333,-0.05000000000000002,1.0,1.0,,0.0,12.0
cardiovascular diseases,LG Chem,1,0,0,0,0.16666666666666666,0.0,0.0,0.0,0.008333333333333333,5,0.0,0.1866666666666667,-0.06666666666666667,1.0,0.0,1.7999999999999998,0.7776070961516035,11.926070961516036
cardiovascular diseases,Akeso,1,0,1,0,0.16666666666666666,0.0,0.3333333333333333,0.0,0.05833333333333333,60,0.0,0.1866666666666667,-0.06666666666666667,1.0,0.0,1.0,0.5234906775131802,11.884906775131803
cardiovascular diseases,"Palatin Technologies, Inc",1,0,1,0,0.16666666666666666,0.0,0.3333333333333333,0.0,0.05833333333333333,2,0.0,0.1866666666666667,-0.06666666666666667,1.0,0.0,1.0,0.5234906775131802,11.884906775131803
cardiovascular diseases,Idoven 1903 S.L.,3,1,0,0,0.5,0.3333333333333333,0.0,0.0,0.075,0,0.0,0.3846153846153846,-0.03333333333333335,2.0,1.0,,0.0,11.442307692307693
cardiovascular diseases,"Otsuka Pharmaceutical Co., Ltd.",2,1,1,0,0.3333333333333333,0.3333333333333333,0.3333333333333333,0.0,0.11666666666666665,3,0.0,0.26000000000000006,-0.03333333333333333,2.0,0.0,,0.0,11.033333333333333
cardiovascular diseases,HemoSonics LLC,6,1,0,0,1.0,0.3333333333333333,0.0,0.0,0.1,0,0.0,0.3,-0.11666666666666668,3.0,3.0,,0.0,11.0
cardiovascular diseases,Servier Affaires Médicales,2,0,0,0,0.3333333333333333,0.0,0.0,0.0,0.016666666666666666,0,0.0,0.5,-0.03333333333333333,1.0,1.0,,0.0,10.833333333333334
cardiovascular diseases,Silk Road Medical,2,0,0,0,0.3333333333333333,0.0,0.0,0.0,0.016666666666666666,0,0.0,0.5,-0.03333333333333334,1.0,1.0,,0.0,10.833333333333334
cardiovascular diseases,Withings,2,1,0,0,0.3333333333333333,0.3333333333333333,0.0,0.0,0.06666666666666667,0,0.0,0.36666666666666675,-0.06666666666666665,1.0,1.0,,0.0,10.666666666666668
cardiovascular diseases,AlgoTherapeutix,1,0,1,0,0.16666666666666666,0.0,0.3333333333333333,0.0,0.05833333333333333,1,0.0,0.3866666666666667,-0.016666666666666666,1.0,0.0,,0.0,10.65
cardiovascular diseases,Ascension Health,1,0,1,0,0.16666666666666666,0.0,0.3333333333333333,0.0,0.05833333333333333,1,0.0,0.3866666666666667,-0.016666666666666666,1.0,0.0,,0.0,10.65
cardiovascular diseases,Audubon Bioscience,1,1,0,0,0.16666666666666666,0.3333333333333333,0.0,0.0,0.05833333333333333,0,0.0,0.3866666666666667,-0.016666666666666666,1.0,0.0,,0.0,10.65
cardiovascular diseases,"Betta Pharmaceuticals Co., Ltd.",1,0,1,0,0.16666666666666666,0.0,0.3333333333333333,0.0,0.05833333333333333,10,0.0,0.3866666666666667,-0.016666666666666666,1.0,0.0,,0.0,10.65
cardiovascular diseases,Cook Research Incorporated,1,1,0,0,0.16666666666666666,0.3333333333333333,0.0,0.0,0.05833333333333333,0,0.0,0.3866666666666667,-0.016666666666666666,1.0,0.0,,0.0,10.65
cardiovascular diseases,Dr. Noah Biotech Inc.,1,0,1,0,0.16666666666666666,0.0,0.3333333333333333,0.0,0.05833333333333333,0,0.0,0.3866666666666667,-0.016666666666666666,1.0,0.0,,0.0,10.65
cardiovascular diseases,GC Biopharma Corp,1,1,0,0,0.16666666666666666,0.3333333333333333,0.0,0.0,0.05833333333333333,5,0.0,0.3866666666666667,-0.016666666666666666,1.0,0.0,,0.0,10.65
cardiovascular diseases,Julius Clinical,1,1,0,0,0.16666666666666666,0.3333333333333333,0.0,0.0,0.05833333333333333,0,0.0,0.3866666666666667,-0.016666666666666666,1.0,0.0,,0.0,10.65
cardiovascular diseases,"Monyan Pharmaceutical (Shanghai) Co., Ltd.",1,0,1,0,0.16666666666666666,0.0,0.3333333333333333,0.0,0.05833333333333333,0,0.0,0.3866666666666667,-0.016666666666666666,1.0,0.0,,0.0,10.65
cardiovascular diseases,NuvOx LLC,1,0,1,0,0.16666666666666666,0.0,0.3333333333333333,0.0,0.05833333333333333,2,0.0,0.3866666666666667,-0.016666666666666666,1.0,0.0,,0.0,10.65
cardiovascular diseases,Omeicos Therapeutics GmbH,1,0,1,0,0.16666666666666666,0.0,0.3333333333333333,0.0,0.05833333333333333,0,0.0,0.3866666666666667,-0.016666666666666666,1.0,0.0,,0.0,10.65
cardiovascular diseases,Theravance Biopharma,1,1,0,0,0.16666666666666666,0.3333333333333333,0.0,0.0,0.05833333333333333,0,0.0,0.3866666666666667,-0.016666666666666666,1.0,0.0,,0.0,10.65
cardiovascular diseases,CHX Technologies Inc.,1,0,0,0,0.16666666666666666,0.0,0.0,0.0,0.008333333333333333,0,0.0,0.5,,,,,0.0,10.416666666666668
cardiovascular diseases,"Cirius Therapeutics, Inc.",1,0,0,0,0.16666666666666666,0.0,0.0,0.0,0.008333333333333333,0,0.0,0.5,,,,,0.0,10.416666666666668
cardiovascular diseases,Closed Loop Medicine,1,0,0,0,0.16666666666666666,0.0,0.0,0.0,0.008333333333333333,0,0.0,0.5,,,,,0.0,10.416666666666668
cardiovascular diseases,HBI Solutions Inc.,1,0,0,0,0.16666666666666666,0.0,0.0,0.0,0.008333333333333333,0,0.0,0.5,,,,,0.0,10.416666666666668
cardiovascular diseases,Idorsia Pharmaceuticals Ltd.,1,0,0,0,0.16666666666666666,0.0,0.0,0.0,0.008333333333333333,1,0.0,0.5,,,,,0.0,10.416666666666668
cardiovascular diseases,Integrative Phenomics,1,0,0,0,0.16666666666666666,0.0,0.0,0.0,0.008333333333333333,0,0.0,0.5,,,,,0.0,10.416666666666668
cardiovascular diseases,Natural Wellness Egypt,1,0,0,0,0.16666666666666666,0.0,0.0,0.0,0.008333333333333333,0,0.0,0.5,,,,,0.0,10.416666666666668
cardiovascular diseases,Perfusio Corp.,1,0,0,0,0.16666666666666666,0.0,0.0,0.0,0.008333333333333333,0,0.0,0.5,,,,,0.0,10.416666666666668
cardiovascular diseases,"Recardio, Inc.",1,0,0,0,0.16666666666666666,0.0,0.0,0.0,0.008333333333333333,0,0.0,0.5,,,,,0.0,10.416666666666668
cardiovascular diseases,"ZZ Biotech, LLC",1,0,0,0,0.16666666666666666,0.0,0.0,0.0,0.008333333333333333,0,0.0,0.5,,,,,0.0,10.416666666666668
cardiovascular diseases,"Ionis Pharmaceuticals, Inc.",6,0,5,0,1.0,0.0,1.0,0.0,0.2,7,0.0,0.011999999999999978,-0.2500000000000001,6.0,0.0,,0.0,10.24
cardiovascular diseases,Acandis GmbH,3,2,0,0,0.5,0.6666666666666666,0.0,0.0,0.125,0,0.0,0.18461538461538463,-0.08333333333333336,2.0,1.0,,0.0,9.942307692307692
cardiovascular diseases,"scPharmaceuticals, Inc.",3,0,2,0,0.5,0.0,0.6666666666666666,0.0,0.125,0,0.0,0.18461538461538463,-0.11666666666666667,2.0,1.0,,0.0,9.942307692307692
cardiovascular diseases,Corcept Therapeutics,2,0,1,0,0.3333333333333333,0.0,0.3333333333333333,0.0,0.06666666666666667,7,0.0,0.059999999999999984,-0.13333333333333333,2.0,0.0,1.0,0.5234906775131802,9.768240108465136
cardiovascular diseases,Alterity Therapeutics,2,0,2,0,0.3333333333333333,0.0,0.6666666666666666,0.0,0.11666666666666665,1,0.0,0.1933333333333333,-0.05000000000000001,2.0,0.0,,0.0,9.7
cardiovascular diseases,"Overseas Pharmaceuticals, Ltd.",2,0,2,0,0.3333333333333333,0.0,0.6666666666666666,0.0,0.11666666666666665,0,0.0,0.1933333333333333,-0.05000000000000001,2.0,0.0,,0.0,9.7
cardiovascular diseases,"Vectura, Inc.",2,0,2,0,0.3333333333333333,0.0,0.6666666666666666,0.0,0.11666666666666665,0,0.0,0.1933333333333333,-0.05000000000000001,2.0,0.0,,0.0,9.7
cardiovascular diseases,Actelion,4,2,1,0,0.6666666666666666,0.6666666666666666,0.3333333333333333,0.0,0.18333333333333332,0,0.0,0.02307692307692306,-0.21666666666666676,4.0,0.0,,0.0,9.628205128205128
cardiovascular diseases,Attgeno AB,4,0,3,0,0.6666666666666666,0.0,1.0,0.0,0.18333333333333332,0,0.0,0.02307692307692306,-0.20000000000000007,4.0,0.0,,0.0,9.628205128205128
cardiovascular diseases,"R-Pharm Overseas, Inc.",2,0,2,0,0.3333333333333333,0.0,0.6666666666666666,0.0,0.11666666666666665,0,0.0,0.1866666666666667,-0.06666666666666667,1.0,0.0,,0.0,9.566666666666668
cardiovascular diseases,"Shenzhen Raysight Intelligent Medical Technology Co., Ltd.",2,0,0,0,0.3333333333333333,0.0,0.0,0.0,0.016666666666666666,0,0.0,0.43333333333333335,-0.05000000000000001,1.0,1.0,,0.0,9.5
cardiovascular diseases,Medtronic,3,3,0,0,0.5,1.0,0.0,0.0,0.175,0,0.0,0.03529411764705883,-0.19999999999999998,3.0,0.0,,0.0,9.455882352941176
cardiovascular diseases,Brillian Pharma Inc.,1,0,1,0,0.16666666666666666,0.0,0.3333333333333333,0.0,0.05833333333333333,0,0.0,0.32000000000000006,-0.03333333333333333,1.0,0.0,,0.0,9.316666666666668
cardiovascular diseases,Cardionovum GmbH,1,1,0,0,0.16666666666666666,0.3333333333333333,0.0,0.0,0.05833333333333333,0,0.0,0.32000000000000006,-0.03333333333333333,1.0,0.0,,0.0,9.316666666666668
cardiovascular diseases,Cardix Therapeutics LLC,1,0,1,0,0.16666666666666666,0.0,0.3333333333333333,0.0,0.05833333333333333,0,0.0,0.32000000000000006,-0.03333333333333333,1.0,0.0,,0.0,9.316666666666668
cardiovascular diseases,Diagnostica Stago R&D,1,1,0,0,0.16666666666666666,0.3333333333333333,0.0,0.0,0.05833333333333333,0,0.0,0.32000000000000006,-0.03333333333333333,1.0,0.0,,0.0,9.316666666666668
cardiovascular diseases,Doasense GmbH,1,0,1,0,0.16666666666666666,0.0,0.3333333333333333,0.0,0.05833333333333333,0,0.0,0.32000000000000006,-0.03333333333333333,1.0,0.0,,0.0,9.316666666666668
cardiovascular diseases,"Energenesis Biomedical Co., Ltd.",1,0,1,0,0.16666666666666666,0.0,0.3333333333333333,0.0,0.05833333333333333,1,0.0,0.32000000000000006,-0.03333333333333333,1.0,0.0,,0.0,9.316666666666668
cardiovascular diseases,HALO Diagnostics,1,1,0,0,0.16666666666666666,0.3333333333333333,0.0,0.0,0.05833333333333333,0,0.0,0.32000000000000006,-0.03333333333333333,1.0,0.0,,0.0,9.316666666666668
cardiovascular diseases,JOTEC GmbH,1,1,0,0,0.16666666666666666,0.3333333333333333,0.0,0.0,0.05833333333333333,0,0.0,0.32000000000000006,-0.03333333333333333,1.0,0.0,,0.0,9.316666666666668
cardiovascular diseases,"Kissei Pharmaceutical Co., Ltd.",1,1,0,0,0.16666666666666666,0.3333333333333333,0.0,0.0,0.05833333333333333,2,0.0,0.32000000000000006,-0.03333333333333333,1.0,0.0,,0.0,9.316666666666668
cardiovascular diseases,Lysovant,1,0,1,0,0.16666666666666666,0.0,0.3333333333333333,0.0,0.05833333333333333,0,0.0,0.32000000000000006,-0.03333333333333333,1.0,0.0,,0.0,9.316666666666668
cardiovascular diseases,MedTrace Pharma A/S,1,1,0,0,0.16666666666666666,0.3333333333333333,0.0,0.0,0.05833333333333333,0,0.0,0.32000000000000006,-0.03333333333333333,1.0,0.0,,0.0,9.316666666666668
cardiovascular diseases,"Nexel Co., Ltd.",1,0,1,0,0.16666666666666666,0.0,0.3333333333333333,0.0,0.05833333333333333,0,0.0,0.32000000000000006,-0.03333333333333333,1.0,0.0,,0.0,9.316666666666668
cardiovascular diseases,"Nobias Therapeutics, Inc.",1,0,1,0,0.16666666666666666,0.0,0.3333333333333333,0.0,0.05833333333333333,0,0.0,0.32000000000000006,-0.03333333333333333,1.0,0.0,,0.0,9.316666666666668
cardiovascular diseases,P+F Products + Features GmbH,1,1,0,0,0.16666666666666666,0.3333333333333333,0.0,0.0,0.05833333333333333,0,0.0,0.32000000000000006,-0.03333333333333333,1.0,0.0,,0.0,9.316666666666668
cardiovascular diseases,Radiometer Medical ApS,1,1,0,0,0.16666666666666666,0.3333333333333333,0.0,0.0,0.05833333333333333,0,0.0,0.32000000000000006,-0.03333333333333333,1.0,0.0,,0.0,9.316666666666668
cardiovascular diseases,ReNeuron Limited,1,1,0,0,0.16666666666666666,0.3333333333333333,0.0,0.0,0.05833333333333333,0,0.0,0.32000000000000006,-0.03333333333333333,1.0,0.0,,0.0,9.316666666666668
cardiovascular diseases,"Scilex Pharmaceuticals, Inc.",1,0,1,0,0.16666666666666666,0.0,0.3333333333333333,0.0,0.05833333333333333,0,0.0,0.32000000000000006,-0.03333333333333333,1.0,0.0,,0.0,9.316666666666668
cardiovascular diseases,Silence Therapeutics plc,1,0,1,0,0.16666666666666666,0.0,0.3333333333333333,0.0,0.05833333333333333,1,0.0,0.32000000000000006,-0.03333333333333333,1.0,0.0,,0.0,9.316666666666668
cardiovascular diseases,Silver Creek Pharmaceuticals,1,0,1,0,0.16666666666666666,0.0,0.3333333333333333,0.0,0.05833333333333333,0,0.0,0.32000000000000006,-0.03333333333333333,1.0,0.0,,0.0,9.316666666666668
cardiovascular diseases,"TrueBinding, Inc.",1,0,1,0,0.16666666666666666,0.0,0.3333333333333333,0.0,0.05833333333333333,1,0.0,0.32000000000000006,-0.03333333333333333,1.0,0.0,,0.0,9.316666666666668
cardiovascular diseases,Xintela AB,1,0,1,0,0.16666666666666666,0.0,0.3333333333333333,0.0,0.05833333333333333,0,0.0,0.32000000000000006,-0.03333333333333333,1.0,0.0,,0.0,9.316666666666668
cardiovascular diseases,"Zhejiang Genfleet Therapeutics Co., Ltd.",1,0,1,0,0.16666666666666666,0.0,0.3333333333333333,0.0,0.05833333333333333,0,0.0,0.32000000000000006,-0.03333333333333333,1.0,0.0,,0.0,9.316666666666668
cardiovascular diseases,Ceric Sàrl,3,1,0,0,0.5,0.3333333333333333,0.0,0.0,0.075,0,0.0,0.2512820512820513,-0.06666666666666668,2.0,1.0,,0.0,8.775641025641026
cardiovascular diseases,Yuhan Corporation,5,2,0,0,0.8333333333333334,0.6666666666666666,0.0,0.0,0.14166666666666666,6,0.0,0.08275862068965517,-0.2,4.0,1.0,,0.0,8.738505747126437
cardiovascular diseases,Philips Clinical & Medical Affairs Global,2,0,0,0,0.3333333333333333,0.0,0.0,0.0,0.016666666666666666,0,0.0,0.36666666666666675,-0.06666666666666665,1.0,1.0,,0.0,8.166666666666668
cardiovascular diseases,Angionetics Inc.,1,0,0,0,0.16666666666666666,0.0,0.0,0.0,0.008333333333333333,0,0.0,0.3866666666666667,-0.016666666666666666,1.0,0.0,,0.0,8.150000000000002
cardiovascular diseases,Biotronik AG,1,0,0,0,0.16666666666666666,0.0,0.0,0.0,0.008333333333333333,0,0.0,0.3866666666666667,-0.016666666666666666,1.0,0.0,,0.0,8.150000000000002
cardiovascular diseases,"CSPC Zhongnuo Pharmaceutical (Shijiazhuang) Co., Ltd.",1,0,0,0,0.16666666666666666,0.0,0.0,0.0,0.008333333333333333,7,0.0,0.3866666666666667,-0.016666666666666666,1.0,0.0,,0.0,8.150000000000002
cardiovascular diseases,Egymedicalpedia,1,0,0,0,0.16666666666666666,0.0,0.0,0.0,0.008333333333333333,0,0.0,0.3866666666666667,-0.016666666666666666,1.0,0.0,,0.0,8.150000000000002
cardiovascular diseases,NVP Healthcare,1,0,0,0,0.16666666666666666,0.0,0.0,0.0,0.008333333333333333,0,0.0,0.3866666666666667,-0.016666666666666666,1.0,0.0,,0.0,8.150000000000002
cardiovascular diseases,Nurea,1,0,0,0,0.16666666666666666,0.0,0.0,0.0,0.008333333333333333,0,0.0,0.3866666666666667,-0.016666666666666666,1.0,0.0,,0.0,8.150000000000002
cardiovascular diseases,"Shanghai Auzone Biological Technology Co., Ltd.",1,0,0,0,0.16666666666666666,0.0,0.0,0.0,0.008333333333333333,2,0.0,0.3866666666666667,-0.016666666666666666,1.0,0.0,,0.0,8.150000000000002
cardiovascular diseases,Silverleaf Medical Sciences INC,1,0,0,0,0.16666666666666666,0.0,0.0,0.0,0.008333333333333333,0,0.0,0.3866666666666667,-0.016666666666666666,1.0,0.0,,0.0,8.150000000000002
cardiovascular diseases,"Sumitomo Pharma America, Inc.",1,0,0,0,0.16666666666666666,0.0,0.0,0.0,0.008333333333333333,6,0.0,0.3866666666666667,-0.016666666666666666,1.0,0.0,,0.0,8.150000000000002
cardiovascular diseases,Swalife Biotech,1,0,0,0,0.16666666666666666,0.0,0.0,0.0,0.008333333333333333,0,0.0,0.3866666666666667,-0.016666666666666666,1.0,0.0,,0.0,8.150000000000002
cardiovascular diseases,"The Emmes Company, LLC",1,0,0,0,0.16666666666666666,0.0,0.0,0.0,0.008333333333333333,0,0.0,0.3866666666666667,-0.016666666666666666,1.0,0.0,,0.0,8.150000000000002
cardiovascular diseases,Translumina GmbH,1,0,0,0,0.16666666666666666,0.0,0.0,0.0,0.008333333333333333,0,0.0,0.3866666666666667,-0.016666666666666666,1.0,0.0,,0.0,8.150000000000002
cardiovascular diseases,Acticor Biotech,1,0,1,0,0.16666666666666666,0.0,0.3333333333333333,0.0,0.05833333333333333,0,0.0,0.2533333333333333,-0.05000000000000002,1.0,0.0,,0.0,7.9833333333333325
cardiovascular diseases,"Albireo, an Ipsen Company",1,1,0,0,0.16666666666666666,0.3333333333333333,0.0,0.0,0.05833333333333333,0,0.0,0.2533333333333333,-0.05000000000000002,1.0,0.0,,0.0,7.9833333333333325
cardiovascular diseases,"Amnio Technology, LLC",1,0,1,0,0.16666666666666666,0.0,0.3333333333333333,0.0,0.05833333333333333,0,0.0,0.2533333333333333,-0.05000000000000002,1.0,0.0,,0.0,7.9833333333333325
cardiovascular diseases,"Anova Enterprises, Inc",1,1,0,0,0.16666666666666666,0.3333333333333333,0.0,0.0,0.05833333333333333,0,0.0,0.2533333333333333,-0.05000000000000002,1.0,0.0,,0.0,7.9833333333333325
cardiovascular diseases,Apnimed,1,0,1,0,0.16666666666666666,0.0,0.3333333333333333,0.0,0.05833333333333333,0,0.0,0.2533333333333333,-0.05000000000000002,1.0,0.0,,0.0,7.9833333333333325
cardiovascular diseases,Clinuvel Pharmaceuticals Limited,1,0,1,0,0.16666666666666666,0.0,0.3333333333333333,0.0,0.05833333333333333,0,0.0,0.2533333333333333,-0.05000000000000002,1.0,0.0,,0.0,7.9833333333333325
cardiovascular diseases,Corcym S.r.l,1,1,0,0,0.16666666666666666,0.3333333333333333,0.0,0.0,0.05833333333333333,0,0.0,0.2533333333333333,-0.05000000000000002,1.0,0.0,,0.0,7.9833333333333325
cardiovascular diseases,"GrandPharma (China) Co., Ltd.",1,0,1,0,0.16666666666666666,0.0,0.3333333333333333,0.0,0.05833333333333333,2,0.0,0.2533333333333333,-0.05000000000000002,1.0,0.0,,0.0,7.9833333333333325
cardiovascular diseases,"KalVista Pharmaceuticals, Ltd.",1,0,1,0,0.16666666666666666,0.0,0.3333333333333333,0.0,0.05833333333333333,0,0.0,0.2533333333333333,-0.05000000000000002,1.0,0.0,,0.0,7.9833333333333325
cardiovascular diseases,Mirvie,1,1,0,0,0.16666666666666666,0.3333333333333333,0.0,0.0,0.05833333333333333,0,0.0,0.2533333333333333,-0.05000000000000002,1.0,0.0,,0.0,7.9833333333333325
cardiovascular diseases,New Beta Innovation Limited,1,0,1,0,0.16666666666666666,0.0,0.3333333333333333,0.0,0.05833333333333333,0,0.0,0.2533333333333333,-0.05000000000000002,1.0,0.0,,0.0,7.9833333333333325
cardiovascular diseases,Occlutech International AB,1,1,0,0,0.16666666666666666,0.3333333333333333,0.0,0.0,0.05833333333333333,0,0.0,0.2533333333333333,-0.05000000000000002,1.0,0.0,,0.0,7.9833333333333325
cardiovascular diseases,"Pinotbio, Inc.",1,0,1,0,0.16666666666666666,0.0,0.3333333333333333,0.0,0.05833333333333333,0,0.0,0.2533333333333333,-0.05000000000000002,1.0,0.0,,0.0,7.9833333333333325
cardiovascular diseases,Reponex Pharmaceuticals A/S,1,0,1,0,0.16666666666666666,0.0,0.3333333333333333,0.0,0.05833333333333333,0,0.0,0.2533333333333333,-0.05000000000000002,1.0,0.0,,0.0,7.9833333333333325
cardiovascular diseases,Revalesio Corporation,1,0,1,0,0.16666666666666666,0.0,0.3333333333333333,0.0,0.05833333333333333,0,0.0,0.2533333333333333,-0.05000000000000002,1.0,0.0,,0.0,7.9833333333333325
cardiovascular diseases,"SQ Innovation, Inc.",1,0,1,0,0.16666666666666666,0.0,0.3333333333333333,0.0,0.05833333333333333,0,0.0,0.2533333333333333,-0.05000000000000002,1.0,0.0,,0.0,7.9833333333333325
cardiovascular diseases,"Sarepta Therapeutics, Inc.",1,1,0,0,0.16666666666666666,0.3333333333333333,0.0,0.0,0.05833333333333333,5,0.0,0.2533333333333333,-0.05000000000000002,1.0,0.0,,0.0,7.9833333333333325
cardiovascular diseases,Sealantium Medical Ltd.,1,0,1,0,0.16666666666666666,0.0,0.3333333333333333,0.0,0.05833333333333333,0,0.0,0.2533333333333333,-0.05000000000000002,1.0,0.0,,0.0,7.9833333333333325
cardiovascular diseases,"Shanghai BDgene Co., Ltd.",1,0,1,0,0.16666666666666666,0.0,0.3333333333333333,0.0,0.05833333333333333,3,0.0,0.2533333333333333,-0.05000000000000002,1.0,0.0,,0.0,7.9833333333333325
cardiovascular diseases,SolasCure Limited,1,0,1,0,0.16666666666666666,0.0,0.3333333333333333,0.0,0.05833333333333333,0,0.0,0.2533333333333333,-0.05000000000000002,1.0,0.0,,0.0,7.9833333333333325
cardiovascular diseases,"Solstice Neurosciences, LLC, a subsidiary of MDD US Operations, LLC",1,0,1,0,0.16666666666666666,0.0,0.3333333333333333,0.0,0.05833333333333333,0,0.0,0.2533333333333333,-0.05000000000000002,1.0,0.0,,0.0,7.9833333333333325
cardiovascular diseases,"Targeted Therapy Technologies, LLC",1,0,1,0,0.16666666666666666,0.0,0.3333333333333333,0.0,0.05833333333333333,1,0.0,0.2533333333333333,-0.05000000000000002,1.0,0.0,,0.0,7.9833333333333325
cardiovascular diseases,Tobias Moeller-Bertram,1,1,0,0,0.16666666666666666,0.3333333333333333,0.0,0.0,0.05833333333333333,0,0.0,0.2533333333333333,-0.05000000000000002,1.0,0.0,,0.0,7.9833333333333325
cardiovascular diseases,Vita Green Health Products Co. Ltd,1,0,1,0,0.16666666666666666,0.0,0.3333333333333333,0.0,0.05833333333333333,0,0.0,0.2533333333333333,-0.05000000000000002,1.0,0.0,,0.0,7.9833333333333325
cardiovascular diseases,Chiesi Farmaceutici S.p.A.,4,1,1,0,0.6666666666666666,0.3333333333333333,0.3333333333333333,0.0,0.13333333333333333,8,0.0,0.02307692307692306,-0.18333333333333338,4.0,0.0,,0.0,7.128205128205129
cardiovascular diseases,CeleCor Therapeutics,2,1,1,0,0.3333333333333333,0.3333333333333333,0.3333333333333333,0.0,0.11666666666666665,0,0.0,0.059999999999999984,-0.11666666666666668,2.0,0.0,,0.0,7.033333333333333
cardiovascular diseases,HK inno.N Corporation,2,0,2,0,0.3333333333333333,0.0,0.6666666666666666,0.0,0.11666666666666665,6,0.0,0.059999999999999984,-0.08333333333333336,2.0,0.0,,0.0,7.033333333333333
cardiovascular diseases,Vicore Pharma AB,2,0,2,0,0.3333333333333333,0.0,0.6666666666666666,0.0,0.11666666666666665,1,0.0,0.059999999999999984,-0.1,2.0,0.0,,0.0,7.033333333333333
cardiovascular diseases,aptaTargets S.L.,2,0,2,0,0.3333333333333333,0.0,0.6666666666666666,0.0,0.11666666666666665,0,0.0,0.059999999999999984,-0.1,2.0,0.0,,0.0,7.033333333333333
cardiovascular diseases,Celltrion,3,0,2,0,0.5,0.0,0.6666666666666666,0.0,0.125,1,0.0,0.03529411764705883,-0.11666666666666667,3.0,0.0,,0.0,6.955882352941177
cardiovascular diseases,Abbott Point of Care,1,0,0,0,0.16666666666666666,0.0,0.0,0.0,0.008333333333333333,0,0.0,0.32000000000000006,-0.03333333333333333,1.0,0.0,,0.0,6.816666666666668
cardiovascular diseases,Albert Saglik Hizmetleri ve Ticaret A.S.,1,0,0,0,0.16666666666666666,0.0,0.0,0.0,0.008333333333333333,0,0.0,0.32000000000000006,-0.03333333333333333,1.0,0.0,,0.0,6.816666666666668
cardiovascular diseases,"Angde Biotech Pharmaceutical Co., Ltd.",1,0,0,0,0.16666666666666666,0.0,0.0,0.0,0.008333333333333333,0,0.0,0.32000000000000006,-0.03333333333333333,1.0,0.0,,0.0,6.816666666666668
cardiovascular diseases,"Asklepion Pharmaceuticals, LLC",1,0,0,0,0.16666666666666666,0.0,0.0,0.0,0.008333333333333333,0,0.0,0.32000000000000006,-0.03333333333333333,1.0,0.0,,0.0,6.816666666666668
cardiovascular diseases,Brainfarma Industria Química e Farmacêutica S/A,1,0,0,0,0.16666666666666666,0.0,0.0,0.0,0.008333333333333333,0,0.0,0.32000000000000006,-0.03333333333333333,1.0,0.0,,0.0,6.816666666666668
cardiovascular diseases,Butterfly Network,1,0,0,0,0.16666666666666666,0.0,0.0,0.0,0.008333333333333333,0,0.0,0.32000000000000006,-0.03333333333333333,1.0,0.0,,0.0,6.816666666666668
cardiovascular diseases,"Celltrion Pharm, Inc.",1,0,0,0,0.16666666666666666,0.0,0.0,0.0,0.008333333333333333,0,0.0,0.32000000000000006,-0.03333333333333333,1.0,0.0,,0.0,6.816666666666668
cardiovascular diseases,Corteria Pharmaceuticals,1,0,0,0,0.16666666666666666,0.0,0.0,0.0,0.008333333333333333,0,0.0,0.32000000000000006,-0.03333333333333333,1.0,0.0,,0.0,6.816666666666668
cardiovascular diseases,DiA Imaging Analysis Ltd,1,0,0,0,0.16666666666666666,0.0,0.0,0.0,0.008333333333333333,0,0.0,0.32000000000000006,-0.03333333333333333,1.0,0.0,,0.0,6.816666666666668
cardiovascular diseases,Emergency Call for Heart Attack and Stroke (ECHAS),1,0,0,0,0.16666666666666666,0.0,0.0,0.0,0.008333333333333333,0,0.0,0.32000000000000006,-0.03333333333333333,1.0,0.0,,0.0,6.816666666666668
cardiovascular diseases,"Faraday Pharmaceuticals, Inc.",1,0,0,0,0.16666666666666666,0.0,0.0,0.0,0.008333333333333333,0,0.0,0.32000000000000006,-0.03333333333333333,1.0,0.0,,0.0,6.816666666666668
cardiovascular diseases,GEK Srl,1,0,0,0,0.16666666666666666,0.0,0.0,0.0,0.008333333333333333,0,0.0,0.32000000000000006,-0.03333333333333333,1.0,0.0,,0.0,6.816666666666668
cardiovascular diseases,"InCarda Therapeutics, Inc.",1,0,0,0,0.16666666666666666,0.0,0.0,0.0,0.008333333333333333,0,0.0,0.32000000000000006,-0.03333333333333333,1.0,0.0,,0.0,6.816666666666668
cardiovascular diseases,"Kyungdong Pharmaceutical Co., Ltd.",1,0,0,0,0.16666666666666666,0.0,0.0,0.0,0.008333333333333333,0,0.0,0.32000000000000006,-0.03333333333333333,1.0,0.0,,0.0,6.816666666666668
cardiovascular diseases,Laboratorios Silanes S.A. de C.V.,1,0,0,0,0.16666666666666666,0.0,0.0,0.0,0.008333333333333333,0,0.0,0.32000000000000006,-0.03333333333333333,1.0,0.0,,0.0,6.816666666666668
cardiovascular diseases,LeukoLifeDx Inc,1,0,0,0,0.16666666666666666,0.0,0.0,0.0,0.008333333333333333,0,0.0,0.32000000000000006,-0.03333333333333333,1.0,0.0,,0.0,6.816666666666668
cardiovascular diseases,Neuroganics LLC,1,0,0,0,0.16666666666666666,0.0,0.0,0.0,0.008333333333333333,0,0.0,0.32000000000000006,-0.03333333333333333,1.0,0.0,,0.0,6.816666666666668
cardiovascular diseases,Neutec Ar-Ge San ve Tic A.Ş,1,0,0,0,0.16666666666666666,0.0,0.0,0.0,0.008333333333333333,0,0.0,0.32000000000000006,-0.03333333333333333,1.0,0.0,,0.0,6.816666666666668
cardiovascular diseases,Novartis,1,0,0,0,0.16666666666666666,0.0,0.0,0.0,0.008333333333333333,0,0.0,0.32000000000000006,-0.03333333333333333,1.0,0.0,,0.0,6.816666666666668
cardiovascular diseases,OncoRadiomics,1,0,0,0,0.16666666666666666,0.0,0.0,0.0,0.008333333333333333,0,0.0,0.32000000000000006,-0.03333333333333333,1.0,0.0,,0.0,6.816666666666668
cardiovascular diseases,Optina Diagnostics Inc.,1,0,0,0,0.16666666666666666,0.0,0.0,0.0,0.008333333333333333,0,0.0,0.32000000000000006,-0.03333333333333333,1.0,0.0,,0.0,6.816666666666668
cardiovascular diseases,"Prolocor, Inc",1,0,0,0,0.16666666666666666,0.0,0.0,0.0,0.008333333333333333,0,0.0,0.32000000000000006,-0.03333333333333333,1.0,0.0,,0.0,6.816666666666668
cardiovascular diseases,"Vascular Therapies, Inc.",1,0,0,0,0.16666666666666666,0.0,0.0,0.0,0.008333333333333333,0,0.0,0.32000000000000006,-0.03333333333333333,1.0,0.0,,0.0,6.816666666666668
cardiovascular diseases,"Viz.ai, Inc.",1,0,0,0,0.16666666666666666,0.0,0.0,0.0,0.008333333333333333,0,0.0,0.32000000000000006,-0.03333333333333333,1.0,0.0,,0.0,6.816666666666668
cardiovascular diseases,Votis Subdermal Imaging Technologies LTD,1,0,0,0,0.16666666666666666,0.0,0.0,0.0,0.008333333333333333,0,0.0,0.32000000000000006,-0.03333333333333333,1.0,0.0,,0.0,6.816666666666668
cardiovascular diseases,"ARCA Biopharma, Inc.",1,0,1,0,0.16666666666666666,0.0,0.3333333333333333,0.0,0.05833333333333333,0,0.0,0.1866666666666667,-0.06666666666666667,1.0,0.0,,0.0,6.65
cardiovascular diseases,Aesculap AG,1,1,0,0,0.16666666666666666,0.3333333333333333,0.0,0.0,0.05833333333333333,0,0.0,0.1866666666666667,-0.06666666666666667,1.0,0.0,,0.0,6.65
cardiovascular diseases,"Allist Pharmaceuticals, Inc.",1,0,1,0,0.16666666666666666,0.0,0.3333333333333333,0.0,0.05833333333333333,7,0.0,0.1866666666666667,-0.06666666666666667,1.0,0.0,,0.0,6.65
cardiovascular diseases,Alucent Biomedical,1,0,1,0,0.16666666666666666,0.0,0.3333333333333333,0.0,0.05833333333333333,0,0.0,0.1866666666666667,-0.06666666666666667,1.0,0.0,,0.0,6.65
cardiovascular diseases,"AnGes USA, Inc.",1,0,1,0,0.16666666666666666,0.0,0.3333333333333333,0.0,0.05833333333333333,0,0.0,0.1866666666666667,-0.06666666666666667,1.0,0.0,,0.0,6.65
cardiovascular diseases,BIT Pharma GmbH,1,0,1,0,0.16666666666666666,0.0,0.3333333333333333,0.0,0.05833333333333333,0,0.0,0.1866666666666667,-0.06666666666666667,1.0,0.0,,0.0,6.65
cardiovascular diseases,Catalysis SL,1,0,1,0,0.16666666666666666,0.0,0.3333333333333333,0.0,0.05833333333333333,1,0.0,0.1866666666666667,-0.06666666666666667,1.0,0.0,,0.0,6.65
cardiovascular diseases,"Cleerly, Inc.",1,1,0,0,0.16666666666666666,0.3333333333333333,0.0,0.0,0.05833333333333333,0,0.0,0.1866666666666667,-0.06666666666666667,1.0,0.0,,0.0,6.65
cardiovascular diseases,Cumberland Pharmaceuticals,1,0,1,0,0.16666666666666666,0.0,0.3333333333333333,0.0,0.05833333333333333,1,0.0,0.1866666666666667,-0.06666666666666667,1.0,0.0,,0.0,6.65
cardiovascular diseases,"Harmony Biosciences Management, Inc.",1,0,1,0,0.16666666666666666,0.0,0.3333333333333333,0.0,0.05833333333333333,0,0.0,0.1866666666666667,-0.06666666666666667,1.0,0.0,,0.0,6.65
cardiovascular diseases,Hovid Berhad,1,0,1,0,0.16666666666666666,0.0,0.3333333333333333,0.0,0.05833333333333333,0,0.0,0.1866666666666667,-0.06666666666666667,1.0,0.0,,0.0,6.65
cardiovascular diseases,"Innolife Co., Ltd.",1,0,1,0,0.16666666666666666,0.0,0.3333333333333333,0.0,0.05833333333333333,0,0.0,0.1866666666666667,-0.06666666666666667,1.0,0.0,,0.0,6.65
cardiovascular diseases,"Lisata Therapeutics, Inc.",1,0,1,0,0.16666666666666666,0.0,0.3333333333333333,0.0,0.05833333333333333,0,0.0,0.1866666666666667,-0.06666666666666667,1.0,0.0,,0.0,6.65
cardiovascular diseases,Medtronic Cardiac Surgery,1,1,0,0,0.16666666666666666,0.3333333333333333,0.0,0.0,0.05833333333333333,0,0.0,0.1866666666666667,-0.06666666666666667,1.0,0.0,,0.0,6.65
cardiovascular diseases,"Microvention-Terumo, Inc.",1,1,0,0,0.16666666666666666,0.3333333333333333,0.0,0.0,0.05833333333333333,0,0.0,0.1866666666666667,-0.06666666666666667,1.0,0.0,,0.0,6.65
cardiovascular diseases,Norwegian Underwater Intervention (NUI),1,0,1,0,0.16666666666666666,0.0,0.3333333333333333,0.0,0.05833333333333333,0,0.0,0.1866666666666667,-0.06666666666666667,1.0,0.0,,0.0,6.65
cardiovascular diseases,"Oncoimmune, Inc., a subsidiary of Merck & Co., Inc. (Rahway, New Jersey USA)",1,0,1,0,0.16666666666666666,0.0,0.3333333333333333,0.0,0.05833333333333333,0,0.0,0.1866666666666667,-0.06666666666666667,1.0,0.0,,0.0,6.65
cardiovascular diseases,PhaseBio Pharmaceuticals Inc.,1,0,1,0,0.16666666666666666,0.0,0.3333333333333333,0.0,0.05833333333333333,0,0.0,0.1866666666666667,-0.06666666666666667,1.0,0.0,,0.0,6.65
cardiovascular diseases,"S.Biomedics Co., Ltd.",1,0,1,0,0.16666666666666666,0.0,0.3333333333333333,0.0,0.05833333333333333,2,0.0,0.1866666666666667,-0.06666666666666667,1.0,0.0,,0.0,6.65
cardiovascular diseases,"Tianjin Hemay Pharmaceutical Co., Ltd",1,0,1,0,0.16666666666666666,0.0,0.3333333333333333,0.0,0.05833333333333333,0,0.0,0.1866666666666667,-0.06666666666666667,1.0,0.0,,0.0,6.65
cardiovascular diseases,Abbott Medical Devices,4,1,0,0,0.6666666666666666,0.3333333333333333,0.0,0.0,0.08333333333333333,0,0.0,0.12,-0.15,3.0,1.0,,0.0,6.566666666666666
cardiovascular diseases,UltraSight,3,0,0,0,0.5,0.0,0.0,0.0,0.025,0,0.0,0.2512820512820512,-0.0666666666666667,2.0,1.0,,0.0,6.2756410256410255
cardiovascular diseases,AO GENERIUM,1,0,0,0,0.16666666666666666,0.0,0.0,0.0,0.008333333333333333,4,0.0,0.2533333333333333,-0.05000000000000002,1.0,0.0,,0.0,5.483333333333333
cardiovascular diseases,Accriva Diagnostics,1,0,0,0,0.16666666666666666,0.0,0.0,0.0,0.008333333333333333,0,0.0,0.2533333333333333,-0.05000000000000002,1.0,0.0,,0.0,5.483333333333333
cardiovascular diseases,Akrikhin,1,0,0,0,0.16666666666666666,0.0,0.0,0.0,0.008333333333333333,0,0.0,0.2533333333333333,-0.05000000000000002,1.0,0.0,,0.0,5.483333333333333
cardiovascular diseases,Albireo,1,0,0,0,0.16666666666666666,0.0,0.0,0.0,0.008333333333333333,0,0.0,0.2533333333333333,-0.05000000000000002,1.0,0.0,,0.0,5.483333333333333
cardiovascular diseases,"Cardioflow Technologies, LLC",1,0,0,0,0.16666666666666666,0.0,0.0,0.0,0.008333333333333333,0,0.0,0.2533333333333333,-0.05000000000000002,1.0,0.0,,0.0,5.483333333333333
cardiovascular diseases,DocMe Technologies Ltd,1,0,0,0,0.16666666666666666,0.0,0.0,0.0,0.008333333333333333,0,0.0,0.2533333333333333,-0.05000000000000002,1.0,0.0,,0.0,5.483333333333333
cardiovascular diseases,Doccla UK,1,0,0,0,0.16666666666666666,0.0,0.0,0.0,0.008333333333333333,0,0.0,0.2533333333333333,-0.05000000000000002,1.0,0.0,,0.0,5.483333333333333
cardiovascular diseases,GNT Pharma,1,0,0,0,0.16666666666666666,0.0,0.0,0.0,0.008333333333333333,0,0.0,0.2533333333333333,-0.05000000000000002,1.0,0.0,,0.0,5.483333333333333
cardiovascular diseases,InCardia Inc.,1,0,0,0,0.16666666666666666,0.0,0.0,0.0,0.008333333333333333,0,0.0,0.2533333333333333,-0.05000000000000002,1.0,0.0,,0.0,5.483333333333333
cardiovascular diseases,InGef - Institute for Applied Health Research Berlin GmbH,1,0,0,0,0.16666666666666666,0.0,0.0,0.0,0.008333333333333333,0,0.0,0.2533333333333333,-0.05000000000000002,1.0,0.0,,0.0,5.483333333333333
cardiovascular diseases,Inari Medical,1,0,0,0,0.16666666666666666,0.0,0.0,0.0,0.008333333333333333,0,0.0,0.2533333333333333,-0.05000000000000002,1.0,0.0,,0.0,5.483333333333333
cardiovascular diseases,Janssen Pharmaceutical K.K.,1,0,0,0,0.16666666666666666,0.0,0.0,0.0,0.008333333333333333,2,0.0,0.2533333333333333,-0.05000000000000002,1.0,0.0,,0.0,5.483333333333333
cardiovascular diseases,Janssen-Cilag Ltd.,1,0,0,0,0.16666666666666666,0.0,0.0,0.0,0.008333333333333333,0,0.0,0.2533333333333333,-0.05000000000000002,1.0,0.0,,0.0,5.483333333333333
cardiovascular diseases,KBP Biosciences,1,0,0,0,0.16666666666666666,0.0,0.0,0.0,0.008333333333333333,0,0.0,0.2533333333333333,-0.05000000000000002,1.0,0.0,,0.0,5.483333333333333
cardiovascular diseases,Kardium Inc.,1,0,0,0,0.16666666666666666,0.0,0.0,0.0,0.008333333333333333,0,0.0,0.2533333333333333,-0.05000000000000002,1.0,0.0,,0.0,5.483333333333333
cardiovascular diseases,Medhub Ltd.,1,0,0,0,0.16666666666666666,0.0,0.0,0.0,0.008333333333333333,0,0.0,0.2533333333333333,-0.05000000000000002,1.0,0.0,,0.0,5.483333333333333
cardiovascular diseases,Momentum Data,1,0,0,0,0.16666666666666666,0.0,0.0,0.0,0.008333333333333333,0,0.0,0.2533333333333333,-0.05000000000000002,1.0,0.0,,0.0,5.483333333333333
cardiovascular diseases,"Natera, Inc.",1,0,0,0,0.16666666666666666,0.0,0.0,0.0,0.008333333333333333,0,0.0,0.2533333333333333,-0.05000000000000002,1.0,0.0,,0.0,5.483333333333333
cardiovascular diseases,Novoic Limited,1,0,0,0,0.16666666666666666,0.0,0.0,0.0,0.008333333333333333,0,0.0,0.2533333333333333,-0.05000000000000002,1.0,0.0,,0.0,5.483333333333333
cardiovascular diseases,POCKiT diagnostics Ltd,1,0,0,0,0.16666666666666666,0.0,0.0,0.0,0.008333333333333333,0,0.0,0.2533333333333333,-0.05000000000000002,1.0,0.0,,0.0,5.483333333333333
cardiovascular diseases,"PRM Pharma, LLC",1,0,0,0,0.16666666666666666,0.0,0.0,0.0,0.008333333333333333,0,0.0,0.2533333333333333,-0.05000000000000002,1.0,0.0,,0.0,5.483333333333333
cardiovascular diseases,PantherTec,1,0,0,0,0.16666666666666666,0.0,0.0,0.0,0.008333333333333333,0,0.0,0.2533333333333333,-0.05000000000000002,1.0,0.0,,0.0,5.483333333333333
cardiovascular diseases,"Radius Health, Inc.",1,0,0,0,0.16666666666666666,0.0,0.0,0.0,0.008333333333333333,0,0.0,0.2533333333333333,-0.05000000000000002,1.0,0.0,,0.0,5.483333333333333
cardiovascular diseases,Satelia,1,0,0,0,0.16666666666666666,0.0,0.0,0.0,0.008333333333333333,0,0.0,0.2533333333333333,-0.05000000000000002,1.0,0.0,,0.0,5.483333333333333
cardiovascular diseases,Shire,1,0,0,0,0.16666666666666666,0.0,0.0,0.0,0.008333333333333333,0,0.0,0.2533333333333333,-0.05000000000000002,1.0,0.0,,0.0,5.483333333333333
cardiovascular diseases,Terumo Europe N.V.,1,0,0,0,0.16666666666666666,0.0,0.0,0.0,0.008333333333333333,0,0.0,0.2533333333333333,-0.05000000000000002,1.0,0.0,,0.0,5.483333333333333
cardiovascular diseases,Therenva,1,0,0,0,0.16666666666666666,0.0,0.0,0.0,0.008333333333333333,0,0.0,0.2533333333333333,-0.05000000000000002,1.0,0.0,,0.0,5.483333333333333
cardiovascular diseases,Vifor (International) Inc.,1,0,0,0,0.16666666666666666,0.0,0.0,0.0,0.008333333333333333,0,0.0,0.2533333333333333,-0.05000000000000002,1.0,0.0,,0.0,5.483333333333333
cardiovascular diseases,"iRenix Medical, Inc.",1,0,0,0,0.16666666666666666,0.0,0.0,0.0,0.008333333333333333,0,0.0,0.2533333333333333,-0.05000000000000002,1.0,0.0,,0.0,5.483333333333333
cardiovascular diseases,LumiraDx UK Limited,3,1,0,0,0.5,0.3333333333333333,0.0,0.0,0.075,0,0.0,0.059999999999999984,-0.11666666666666668,2.0,0.0,,0.0,4.949999999999999
cardiovascular diseases,Arthesys,2,0,0,0,0.3333333333333333,0.0,0.0,0.0,0.016666666666666666,0,0.0,0.1933333333333333,-0.05000000000000001,2.0,0.0,,0.0,4.699999999999999
cardiovascular diseases,TMRW Life Sciences,2,0,0,0,0.3333333333333333,0.0,0.0,0.0,0.016666666666666666,0,0.0,0.1933333333333333,-0.05000000000000001,2.0,0.0,,0.0,4.699999999999999
cardiovascular diseases,"Acceleron Pharma, Inc., a wholly-owned subsidiary of Merck & Co., Inc., Rahway, NJ USA",4,0,1,0,0.6666666666666666,0.0,0.3333333333333333,0.0,0.08333333333333333,0,0.0,0.02307692307692306,-0.18333333333333335,4.0,0.0,,0.0,4.628205128205128
cardiovascular diseases,Biotronik SE & Co. KG,4,1,0,0,0.6666666666666666,0.3333333333333333,0.0,0.0,0.08333333333333333,0,0.0,0.02307692307692306,-0.20000000000000012,4.0,0.0,,0.0,4.628205128205128
cardiovascular diseases,LIB Therapeutics LLC,4,1,0,0,0.6666666666666666,0.3333333333333333,0.0,0.0,0.08333333333333333,0,0.0,0.02307692307692306,-0.21666666666666667,4.0,0.0,,0.0,4.628205128205128
cardiovascular diseases,Berlin Heart GmbH,2,1,0,0,0.3333333333333333,0.3333333333333333,0.0,0.0,0.06666666666666667,0,0.0,0.059999999999999984,-0.11666666666666668,2.0,0.0,,0.0,4.533333333333333
cardiovascular diseases,LianBio LLC,2,0,1,0,0.3333333333333333,0.0,0.3333333333333333,0.0,0.06666666666666667,0,0.0,0.059999999999999984,-0.08333333333333336,2.0,0.0,,0.0,4.533333333333333
cardiovascular diseases,"Nanjing Yoko Biomedical Co., Ltd.",2,0,1,0,0.3333333333333333,0.0,0.3333333333333333,0.0,0.06666666666666667,0,0.0,0.059999999999999984,-0.11666666666666668,2.0,0.0,,0.0,4.533333333333333
cardiovascular diseases,"Outlook Therapeutics, Inc.",2,1,0,0,0.3333333333333333,0.3333333333333333,0.0,0.0,0.06666666666666667,0,0.0,0.059999999999999984,-0.11666666666666668,2.0,0.0,,0.0,4.533333333333333
cardiovascular diseases,PTC Therapeutics,2,0,1,0,0.3333333333333333,0.0,0.3333333333333333,0.0,0.06666666666666667,1,0.0,0.059999999999999984,-0.1,2.0,0.0,,0.0,4.533333333333333
cardiovascular diseases,Handok Inc.,3,0,1,0,0.5,0.0,0.3333333333333333,0.0,0.075,0,0.0,0.03529411764705883,-0.13333333333333333,3.0,0.0,,0.0,4.455882352941176
cardiovascular diseases,20Lighter,1,0,0,0,0.16666666666666666,0.0,0.0,0.0,0.008333333333333333,0,0.0,0.1866666666666667,-0.06666666666666667,1.0,0.0,,0.0,4.150000000000001
cardiovascular diseases,Bellerophon Pulse Technologies,1,0,0,0,0.16666666666666666,0.0,0.0,0.0,0.008333333333333333,0,0.0,0.1866666666666667,-0.06666666666666667,1.0,0.0,,0.0,4.150000000000001
cardiovascular diseases,Biofourmis Singapore Pte Ltd.,1,0,0,0,0.16666666666666666,0.0,0.0,0.0,0.008333333333333333,0,0.0,0.1866666666666667,-0.06666666666666667,1.0,0.0,,0.0,4.150000000000001
cardiovascular diseases,"Cipherome, Inc.",1,0,0,0,0.16666666666666666,0.0,0.0,0.0,0.008333333333333333,0,0.0,0.1866666666666667,-0.06666666666666667,1.0,0.0,,0.0,4.150000000000001
cardiovascular diseases,"Daiichi Sankyo Turkey, a Daiichi Sankyo Company",1,0,0,0,0.16666666666666666,0.0,0.0,0.0,0.008333333333333333,0,0.0,0.1866666666666667,-0.06666666666666667,1.0,0.0,,0.0,4.150000000000001
cardiovascular diseases,Genetesis Inc.,1,0,0,0,0.16666666666666666,0.0,0.0,0.0,0.008333333333333333,0,0.0,0.1866666666666667,-0.06666666666666667,1.0,0.0,,0.0,4.150000000000001
cardiovascular diseases,HealthMode Inc.,1,0,0,0,0.16666666666666666,0.0,0.0,0.0,0.008333333333333333,0,0.0,0.1866666666666667,-0.06666666666666667,1.0,0.0,,0.0,4.150000000000001
cardiovascular diseases,Ionetix Corporation,1,0,0,0,0.16666666666666666,0.0,0.0,0.0,0.008333333333333333,0,0.0,0.1866666666666667,-0.06666666666666667,1.0,0.0,,0.0,4.150000000000001
cardiovascular diseases,Kodiak Sciences Inc,1,0,0,0,0.16666666666666666,0.0,0.0,0.0,0.008333333333333333,0,0.0,0.1866666666666667,-0.06666666666666667,1.0,0.0,,0.0,4.150000000000001
cardiovascular diseases,Libbs Farmacêutica LTDA,1,0,0,0,0.16666666666666666,0.0,0.0,0.0,0.008333333333333333,0,0.0,0.1866666666666667,-0.06666666666666667,1.0,0.0,,0.0,4.150000000000001
cardiovascular diseases,"LimFlow, Inc.",1,0,0,0,0.16666666666666666,0.0,0.0,0.0,0.008333333333333333,0,0.0,0.1866666666666667,-0.06666666666666667,1.0,0.0,,0.0,4.150000000000001
cardiovascular diseases,Materia Medica Holding,1,0,0,0,0.16666666666666666,0.0,0.0,0.0,0.008333333333333333,0,0.0,0.1866666666666667,-0.06666666666666667,1.0,0.0,,0.0,4.150000000000001
cardiovascular diseases,Medinol Ltd.,1,0,0,0,0.16666666666666666,0.0,0.0,0.0,0.008333333333333333,0,0.0,0.1866666666666667,-0.06666666666666667,1.0,0.0,,0.0,4.150000000000001
cardiovascular diseases,Mylan Inc.,1,0,0,0,0.16666666666666666,0.0,0.0,0.0,0.008333333333333333,0,0.0,0.1866666666666667,-0.06666666666666667,1.0,0.0,,0.0,4.150000000000001
cardiovascular diseases,Phenox GmbH,1,0,0,0,0.16666666666666666,0.0,0.0,0.0,0.008333333333333333,0,0.0,0.1866666666666667,-0.06666666666666667,1.0,0.0,,0.0,4.150000000000001
cardiovascular diseases,Polares Medical SA,1,0,0,0,0.16666666666666666,0.0,0.0,0.0,0.008333333333333333,0,0.0,0.1866666666666667,-0.06666666666666667,1.0,0.0,,0.0,4.150000000000001
cardiovascular diseases,Qompium NV,1,0,0,0,0.16666666666666666,0.0,0.0,0.0,0.008333333333333333,0,0.0,0.1866666666666667,-0.06666666666666667,1.0,0.0,,0.0,4.150000000000001
cardiovascular diseases,Sapere Bio,1,0,0,0,0.16666666666666666,0.0,0.0,0.0,0.008333333333333333,0,0.0,0.1866666666666667,-0.06666666666666667,1.0,0.0,,0.0,4.150000000000001
cardiovascular diseases,Stryker Neurovascular,1,0,0,0,0.16666666666666666,0.0,0.0,0.0,0.008333333333333333,0,0.0,0.1866666666666667,-0.06666666666666667,1.0,0.0,,0.0,4.150000000000001
cardiovascular diseases,"Vixiar Medical, Inc.",1,0,0,0,0.16666666666666666,0.0,0.0,0.0,0.008333333333333333,0,0.0,0.1866666666666667,-0.06666666666666667,1.0,0.0,,0.0,4.150000000000001
cardiovascular diseases,Menarini International Operations Luxembourg SA,4,0,0,0,0.6666666666666666,0.0,0.0,0.0,0.03333333333333333,0,0.0,0.12,-0.15000000000000002,3.0,1.0,,0.0,4.066666666666667
cardiovascular diseases,Servier Russia,4,0,0,0,0.6666666666666666,0.0,0.0,0.0,0.03333333333333333,0,0.0,0.12,-0.10000000000000003,3.0,1.0,,0.0,4.066666666666667
cardiovascular diseases,Hamad Medical Corporation,5,0,0,0,0.8333333333333334,0.0,0.0,0.0,0.04166666666666667,0,0.0,0.08275862068965517,-0.15000000000000002,4.0,1.0,,0.0,3.7385057471264376
cardiovascular diseases,Cordis US Corp.,2,0,0,0,0.3333333333333333,0.0,0.0,0.0,0.016666666666666666,0,0.0,0.1266666666666667,-0.06666666666666667,2.0,0.0,,0.0,3.366666666666668
cardiovascular diseases,"SK Chemicals Co., Ltd.",2,0,0,0,0.3333333333333333,0.0,0.0,0.0,0.016666666666666666,0,0.0,0.1266666666666667,-0.06666666666666667,2.0,0.0,,0.0,3.366666666666668
cardiovascular diseases,Sensorum Health Inc.,2,0,0,0,0.3333333333333333,0.0,0.0,0.0,0.016666666666666666,0,0.0,0.1266666666666667,-0.06666666666666667,2.0,0.0,,0.0,3.366666666666668
cardiovascular diseases,Cardio Med Medical Center,4,0,0,0,0.6666666666666666,0.0,0.0,0.0,0.03333333333333333,0,0.0,0.02307692307692306,-0.21666666666666676,4.0,0.0,,0.0,2.1282051282051277
cardiovascular diseases,AstraZeneca Turkey,2,0,0,0,0.3333333333333333,0.0,0.0,0.0,0.016666666666666666,0,0.0,0.059999999999999984,-0.10000000000000003,2.0,0.0,,0.0,2.0333333333333328
cardiovascular diseases,"Daiichi Sankyo Europe, GmbH, a Daiichi Sankyo Company",2,0,0,0,0.3333333333333333,0.0,0.0,0.0,0.016666666666666666,0,0.0,0.059999999999999984,-0.1,2.0,0.0,,0.0,2.0333333333333328
cardiovascular diseases,George Medicines PTY Limited,2,0,0,0,0.3333333333333333,0.0,0.0,0.0,0.016666666666666666,0,0.0,0.059999999999999984,-0.10000000000000003,2.0,0.0,,0.0,2.0333333333333328
cardiovascular diseases,Keya Medical,2,0,0,0,0.3333333333333333,0.0,0.0,0.0,0.016666666666666666,0,0.0,0.059999999999999984,-0.08333333333333334,2.0,0.0,,0.0,2.0333333333333328
cardiovascular diseases,"Pedra Technology, PTE LTD",2,0,0,0,0.3333333333333333,0.0,0.0,0.0,0.016666666666666666,0,0.0,0.059999999999999984,-0.10000000000000003,2.0,0.0,,0.0,2.0333333333333328
cardiovascular diseases,Precordior Ltd,2,0,0,0,0.3333333333333333,0.0,0.0,0.0,0.016666666666666666,0,0.0,0.059999999999999984,-0.13333333333333333,2.0,0.0,,0.0,2.0333333333333328
cardiovascular diseases,Quantum Genomics SA,2,0,0,0,0.3333333333333333,0.0,0.0,0.0,0.016666666666666666,0,0.0,0.059999999999999984,-0.11666666666666668,2.0,0.0,,0.0,2.0333333333333328
cardiovascular diseases,Tabula Rasa HealthCare,2,0,0,0,0.3333333333333333,0.0,0.0,0.0,0.016666666666666666,0,0.0,0.059999999999999984,-0.11666666666666668,2.0,0.0,,0.0,2.0333333333333328
cardiovascular diseases,"Ahn-Gook Pharmaceuticals Co.,Ltd",3,0,0,0,0.5,0.0,0.0,0.0,0.025,2,0.0,0.03529411764705883,-0.15000000000000002,3.0,0.0,,0.0,1.9558823529411766
diabetes mellitus,Gan & Lee Pharmaceuticals.,11,11,4,4,1.0,1.0,1.0,1.0,1.0,11,0.36363636363636365,0.9958620689655172,0.21666666666666673,0.0,11.0,2.9411764705882346,1.0,87.18996865203762
diabetes mellitus,Hua Medicine Limited,3,1,2,1,0.375,0.3333333333333333,0.5,0.9523809523809936,0.7627976190476459,1,1.0,0.9647058823529412,0.01666666666666666,0.0,3.0,1.0,0.5234906775131802,82.66890537457292
diabetes mellitus,Ace Cells Lab Limited,2,2,1,1,0.25,0.6666666666666666,0.25,0.9523809523809936,0.7690476190476457,1,1.0,0.9400000000000001,0.01666666666666666,0.0,2.0,1.0,0.5234906775131802,82.48728772751409
diabetes mellitus,"GentiBio, Inc",2,2,1,1,0.25,0.6666666666666666,0.25,0.9523809523809936,0.7690476190476457,1,1.0,0.9400000000000001,0.03333333333333333,0.0,2.0,1.0,0.5234906775131802,82.48728772751409
diabetes mellitus,Sam Chun Dang Pharm. Co. Ltd.,2,1,2,1,0.25,0.3333333333333333,0.5,0.9523809523809936,0.7565476190476458,1,1.0,0.9400000000000001,0.06666666666666667,0.0,2.0,1.0,0.5234906775131802,81.86228772751409
diabetes mellitus,Walden Biosciences,1,1,1,1,0.125,0.3333333333333333,0.25,0.9523809523809936,0.7127976190476458,1,1.0,0.8,-1.791614702062191e-18,0.0,1.0,3.0,1.0,81.6398809523823
diabetes mellitus,Biomea Fusion Inc.,4,2,4,2,0.5,0.6666666666666666,1.0,1.0,0.925,4,0.5,0.88,0.01666666666666666,1.0,3.0,1.7999999999999998,0.7776070961516035,81.62607096151604
diabetes mellitus,1Globe Health Institute,1,1,1,1,0.125,0.3333333333333333,0.25,0.9523809523809936,0.7127976190476458,1,1.0,0.88,0.016666666666666666,0.0,1.0,2.0,0.8297130933355026,81.53701188573731
diabetes mellitus,Alebund Pharmaceuticals,1,1,1,1,0.125,0.3333333333333333,0.25,0.9523809523809936,0.7127976190476458,1,1.0,0.88,0.016666666666666666,0.0,1.0,2.0,0.8297130933355026,81.53701188573731
diabetes mellitus,"Alveus Therapeutics, Inc.",1,1,1,1,0.125,0.3333333333333333,0.25,0.9523809523809936,0.7127976190476458,1,1.0,0.88,0.016666666666666666,0.0,1.0,2.0,0.8297130933355026,81.53701188573731
diabetes mellitus,Antag Therapeutics,1,1,1,1,0.125,0.3333333333333333,0.25,0.9523809523809936,0.7127976190476458,1,1.0,0.88,0.03333333333333333,0.0,1.0,2.0,0.8297130933355026,81.53701188573731
diabetes mellitus,"Hangzhou Reprogenix Bioscience, Inc",1,1,1,1,0.125,0.3333333333333333,0.25,0.9523809523809936,0.7127976190476458,1,1.0,0.88,0.016666666666666666,0.0,1.0,2.0,0.8297130933355026,81.53701188573731
diabetes mellitus,Mankind Pharma Limited,1,1,1,1,0.125,0.3333333333333333,0.25,0.9523809523809936,0.7127976190476458,1,1.0,0.88,0.016666666666666666,0.0,1.0,2.0,0.8297130933355026,81.53701188573731
diabetes mellitus,"Otsuka Pharmaceutical Factory, Inc.",1,1,1,1,0.125,0.3333333333333333,0.25,0.9523809523809936,0.7127976190476458,1,1.0,0.88,0.016666666666666666,0.0,1.0,2.0,0.8297130933355026,81.53701188573731
diabetes mellitus,PolTREG S.A.,1,1,1,1,0.125,0.3333333333333333,0.25,0.9523809523809936,0.7127976190476458,1,1.0,0.88,0.016666666666666666,0.0,1.0,2.0,0.8297130933355026,81.53701188573731
diabetes mellitus,"Portal Diabetes, Inc.",1,1,1,1,0.125,0.3333333333333333,0.25,0.9523809523809936,0.7127976190476458,1,1.0,0.88,0.03333333333333333,0.0,1.0,2.0,0.8297130933355026,81.53701188573731
diabetes mellitus,"Gan and Lee Pharmaceuticals, USA",15,5,15,5,1.0,1.0,1.0,1.0,1.0,6,0.8333333333333334,0.46242038216560505,-0.1666666666666667,5.0,10.0,1.0,0.5234906775131802,81.14998108511057
diabetes mellitus,Hyundai Pharm,3,2,3,2,0.375,0.6666666666666666,0.75,1.0,0.88125,2,1.0,0.5753846153846153,-0.03333333333333335,1.0,2.0,1.0,0.5234906775131802,80.8050990828241
diabetes mellitus,Amgen,8,7,4,3,1.0,1.0,1.0,1.0,1.0,40,0.075,0.9647058823529412,0.1166666666666667,1.0,7.0,3.169014084507042,1.0,80.79411764705883
diabetes mellitus,PT. JES Kasih Nusantara Sejahterah,1,1,1,1,0.125,0.3333333333333333,0.25,0.9523809523809936,0.7127976190476458,1,1.0,0.8,-1.791614702062191e-18,0.0,1.0,2.0,0.8297130933355026,79.93701188573732
diabetes mellitus,River 3 Renal Corp.,1,1,1,1,0.125,0.3333333333333333,0.25,0.9523809523809936,0.7127976190476458,1,1.0,0.8,-1.791614702062191e-18,0.0,1.0,2.0,0.8297130933355026,79.93701188573732
diabetes mellitus,vTv Therapeutics,2,2,1,1,0.25,0.6666666666666666,0.25,0.9523809523809936,0.7690476190476457,1,1.0,0.8,-1.791614702062191e-18,0.0,1.0,1.0,0.5234906775131802,79.68728772751409
diabetes mellitus,"The United Bio-Technology (Hengqin) Co., Ltd.",4,3,2,1,0.5,1.0,0.5,0.9523809523809936,0.8690476190476458,3,0.3333333333333333,0.9769230769230769,0.1166666666666667,0.0,4.0,3.0,1.0,79.6575091575105
diabetes mellitus,Regeneron Pharmaceuticals,9,3,4,3,1.0,1.0,1.0,1.0,1.0,60,0.05,0.9260273972602739,0.033333333333333326,2.0,7.0,4.94392523364486,1.0,79.52054794520548
diabetes mellitus,Hoffmann-La Roche,9,7,5,4,1.0,1.0,1.0,1.0,1.0,82,0.04878048780487805,0.9260273972602739,0.06666666666666668,2.0,7.0,3.7142857142857144,1.0,79.49615770130303
diabetes mellitus,"NOxy Health Products, LLC",2,1,2,1,0.25,0.3333333333333333,0.5,0.9523809523809936,0.7565476190476458,1,1.0,0.78,-0.01666666666666667,0.0,2.0,1.0,0.5234906775131802,78.6622877275141
diabetes mellitus,AdipoPharma LLC,1,1,1,1,0.125,0.3333333333333333,0.25,0.9523809523809936,0.7127976190476458,1,1.0,0.88,0.03333333333333333,0.0,1.0,1.0,0.5234906775131802,78.4747877275141
diabetes mellitus,Altheia Science,1,1,1,1,0.125,0.3333333333333333,0.25,0.9523809523809936,0.7127976190476458,1,1.0,0.88,0.016666666666666666,0.0,1.0,1.0,0.5234906775131802,78.4747877275141
diabetes mellitus,"Ayu, Inc.",1,1,1,1,0.125,0.3333333333333333,0.25,0.9523809523809936,0.7127976190476458,1,1.0,0.88,0.03333333333333333,0.0,1.0,1.0,0.5234906775131802,78.4747877275141
diabetes mellitus,Celregen Therapeutics,1,1,1,1,0.125,0.3333333333333333,0.25,0.9523809523809936,0.7127976190476458,1,1.0,0.88,0.016666666666666666,0.0,1.0,1.0,0.5234906775131802,78.4747877275141
diabetes mellitus,"Chendu DIAO Pharmaceutical Group CO., LTD.",1,1,1,1,0.125,0.3333333333333333,0.25,0.9523809523809936,0.7127976190476458,1,1.0,0.88,0.03333333333333333,0.0,1.0,1.0,0.5234906775131802,78.4747877275141
diabetes mellitus,Eluciderm Inc,1,1,1,1,0.125,0.3333333333333333,0.25,0.9523809523809936,0.7127976190476458,1,1.0,0.88,0.016666666666666666,0.0,1.0,1.0,0.5234906775131802,78.4747877275141
diabetes mellitus,"Genor Biopharma Co., Ltd.",1,1,1,1,0.125,0.3333333333333333,0.25,0.9523809523809936,0.7127976190476458,1,1.0,0.88,0.016666666666666666,0.0,1.0,1.0,0.5234906775131802,78.4747877275141
diabetes mellitus,Pharmalyte Solutions LLC,1,1,1,1,0.125,0.3333333333333333,0.25,0.9523809523809936,0.7127976190476458,1,1.0,0.88,0.03333333333333333,0.0,1.0,1.0,0.5234906775131802,78.4747877275141
diabetes mellitus,"Qlaris Bio, Inc.",1,1,1,1,0.125,0.3333333333333333,0.25,0.9523809523809936,0.7127976190476458,1,1.0,0.88,0.03333333333333333,0.0,1.0,1.0,0.5234906775131802,78.4747877275141
diabetes mellitus,"Rezubio Pharmaceuticals Co., Ltd.",1,1,1,1,0.125,0.3333333333333333,0.25,0.9523809523809936,0.7127976190476458,1,1.0,0.88,0.016666666666666666,0.0,1.0,1.0,0.5234906775131802,78.4747877275141
diabetes mellitus,Vantage Biosciences Ltd,1,1,1,1,0.125,0.3333333333333333,0.25,0.9523809523809936,0.7127976190476458,1,1.0,0.88,0.016666666666666666,0.0,1.0,1.0,0.5234906775131802,78.4747877275141
diabetes mellitus,"Zhuhai Rui-Inno Pharmaceutical Technology Co., Ltd.",1,1,1,1,0.125,0.3333333333333333,0.25,0.9523809523809936,0.7127976190476458,1,1.0,0.88,0.016666666666666666,0.0,1.0,1.0,0.5234906775131802,78.4747877275141
diabetes mellitus,Kailera,3,3,1,1,0.375,1.0,0.25,0.9523809523809936,0.8252976190476459,2,0.5,0.9647058823529412,0.08333333333333333,0.0,3.0,1.7999999999999998,0.7776070961516035,78.33506956095717
diabetes mellitus,"Beijing Supreme Life Pharmaceutical Technology Co., Ltd.",1,1,1,1,0.125,0.3333333333333333,0.25,0.9523809523809936,0.7127976190476458,1,1.0,0.8,-1.791614702062191e-18,0.0,1.0,1.0,0.5234906775131802,76.87478772751409
diabetes mellitus,Blue Blood Biotech Corp.,1,1,1,1,0.125,0.3333333333333333,0.25,0.9523809523809936,0.7127976190476458,1,1.0,0.8,-1.791614702062191e-18,0.0,1.0,1.0,0.5234906775131802,76.87478772751409
diabetes mellitus,"Jiangsu ProteLight Pharmaceutical & Biotechnology Co., Ltd.",1,1,1,1,0.125,0.3333333333333333,0.25,0.9523809523809936,0.7127976190476458,1,1.0,0.8,-1.791614702062191e-18,0.0,1.0,1.0,0.5234906775131802,76.87478772751409
diabetes mellitus,Mozart Therapeutics Australia Pty Ltd,1,1,1,1,0.125,0.3333333333333333,0.25,0.9523809523809936,0.7127976190476458,1,1.0,0.8,-1.791614702062191e-18,0.0,1.0,1.0,0.5234906775131802,76.87478772751409
diabetes mellitus,Therini Bio Pty Ltd,1,1,1,1,0.125,0.3333333333333333,0.25,0.9523809523809936,0.7127976190476458,1,1.0,0.8,-1.791614702062191e-18,0.0,1.0,1.0,0.5234906775131802,76.87478772751409
diabetes mellitus,"Zhejiang Hanmai Pharmaceutical Technology Co., Ltd.",1,1,1,1,0.125,0.3333333333333333,0.25,0.9523809523809936,0.7127976190476458,1,1.0,0.8,-1.791614702062191e-18,0.0,1.0,1.0,0.5234906775131802,76.87478772751409
diabetes mellitus,"Fujian Shengdi Pharmaceutical Co., Ltd.",16,4,13,3,1.0,1.0,1.0,1.0,1.0,22,0.13636363636363635,0.6712426035502957,-0.03333333333333335,4.0,11.0,2.6825396825396823,0.9845294781861257,75.99741958013989
diabetes mellitus,Diamyd Medical AB,2,2,1,1,0.25,0.6666666666666666,0.25,0.9523809523809936,0.7690476190476457,1,1.0,0.45999999999999996,-0.03333333333333334,1.0,1.0,2.0,0.8297130933355026,75.94951188573731
diabetes mellitus,"Hangzhou Zhongmei Huadong Pharmaceutical Co., Ltd.",11,8,3,1,1.0,1.0,0.75,0.9523809523809936,0.9315476190476458,24,0.041666666666666664,0.9958620689655172,0.14999999999999997,0.0,11.0,1.8148148148148147,0.7815925270593147,75.14388093561912
diabetes mellitus,"Gasherbrum Bio, Inc., a wholly owned subsidiary of Structure Therapeutics",3,2,2,1,0.375,0.6666666666666666,0.5,0.9523809523809936,0.8127976190476458,2,0.5,0.8153846153846154,0.03333333333333334,1.0,2.0,1.7999999999999998,0.7776070961516035,74.72364422159063
diabetes mellitus,Gubra A/S,1,1,1,1,0.125,0.3333333333333333,0.25,0.9523809523809936,0.7127976190476458,1,1.0,0.5,,,,2.0,0.8297130933355026,73.93701188573732
diabetes mellitus,Sun Pharmaceutical Industries Limited,2,2,2,2,0.25,0.6666666666666666,0.5,1.0,0.8374999999999999,5,0.4,0.9400000000000001,0.06666666666666667,0.0,2.0,1.0,0.5234906775131802,73.9099067751318
diabetes mellitus,"Guangdong Raynovent Biotech Co., Ltd",3,3,1,1,0.375,1.0,0.25,0.9523809523809936,0.8252976190476459,6,0.16666666666666666,0.9647058823529412,0.03333333333333331,0.0,3.0,2.6666666666666665,0.9812671085154541,73.70500301792899
diabetes mellitus,"TIXiMED, Inc.",1,1,1,1,0.125,0.3333333333333333,0.25,0.9523809523809936,0.7127976190476458,2,0.5,0.88,0.03333333333333333,0.0,1.0,3.0,1.0,73.2398809523823
diabetes mellitus,Seraxis,2,1,2,1,0.25,0.3333333333333333,0.5,0.9523809523809936,0.7565476190476458,1,1.0,0.5,,,,1.0,0.5234906775131802,73.06228772751409
diabetes mellitus,"Vincentage Pharma Co., Ltd",1,1,1,1,0.125,0.3333333333333333,0.25,0.9523809523809936,0.7127976190476458,2,0.5,0.88,0.03333333333333333,0.0,1.0,2.6666666666666665,0.9812671085154541,73.05255203753684
diabetes mellitus,Alnylam Pharmaceuticals,3,2,3,2,0.375,0.6666666666666666,0.75,1.0,0.88125,15,0.13333333333333333,0.8153846153846154,0.03333333333333334,1.0,2.0,3.5555555555555554,1.0,73.03685897435898
diabetes mellitus,"Carmot Therapeutics, Inc.",5,1,5,1,0.625,0.3333333333333333,1.0,0.9523809523809936,0.8502976190476459,1,1.0,0.08275862068965517,-0.15000000000000002,4.0,1.0,2.0,0.8297130933355026,72.46718429953042
diabetes mellitus,"Boryung Pharmaceutical Co., Ltd",19,5,13,2,1.0,1.0,1.0,1.0,1.0,11,0.18181818181818182,0.5466192170818505,-0.13333333333333336,4.0,15.0,1.6896551724137931,0.7472417035095585,72.04116501309623
diabetes mellitus,Merck Sharp & Dohme LLC,6,3,4,1,0.75,1.0,1.0,0.9523809523809936,0.9565476190476458,121,0.008264462809917356,0.6811764705882355,-0.016666666666666653,2.0,4.0,3.4186046511627914,1.0,71.61619962034534
diabetes mellitus,Resverlogix Corp,1,1,1,1,0.125,0.3333333333333333,0.25,0.9523809523809936,0.7127976190476458,2,0.5,0.88,0.016666666666666666,0.0,1.0,2.0,0.8297130933355026,71.53701188573733
diabetes mellitus,"S1 Biopharma, Inc.",1,1,1,1,0.125,0.3333333333333333,0.25,0.9523809523809936,0.7127976190476458,2,0.5,0.88,0.016666666666666666,0.0,1.0,2.0,0.8297130933355026,71.53701188573733
diabetes mellitus,Addpharma Inc.,2,2,2,2,0.25,0.6666666666666666,0.5,1.0,0.8374999999999999,21,0.09523809523809523,0.88,0.03333333333333333,0.0,1.0,2.882352941176471,1.0,71.37976190476189
diabetes mellitus,"Neurotronic, Inc.",2,2,2,2,0.25,0.6666666666666666,0.5,1.0,0.8374999999999999,2,1.0,0.059999999999999984,-0.06666666666666667,2.0,0.0,2.0,0.8297130933355026,71.37213093335501
diabetes mellitus,"Ascletis Pharma (China) Co., Limited",2,2,1,1,0.25,0.6666666666666666,0.25,0.9523809523809936,0.7690476190476457,2,0.5,0.88,0.03333333333333333,0.0,1.0,1.0,0.5234906775131802,71.2872877275141
diabetes mellitus,"COUR Pharmaceutical Development Company, Inc.",1,1,1,1,0.125,0.3333333333333333,0.25,0.9523809523809936,0.7127976190476458,2,0.5,0.88,0.016666666666666666,0.0,1.0,1.7999999999999998,0.7776070961516035,71.01595191389833
diabetes mellitus,Cilcare SAS,1,1,1,1,0.125,0.3333333333333333,0.25,0.9523809523809936,0.7127976190476458,1,1.0,0.5,,,,1.0,0.5234906775131802,70.87478772751409
diabetes mellitus,Global Institute of Stem Cell Therapy and Research,1,1,1,1,0.125,0.3333333333333333,0.25,0.9523809523809936,0.7127976190476458,1,1.0,0.5,,,,1.0,0.5234906775131802,70.87478772751409
diabetes mellitus,Hudson Biotech,2,2,1,1,0.25,0.6666666666666666,0.25,0.9523809523809936,0.7690476190476457,7,0.14285714285714285,0.9400000000000001,0.06666666666666667,0.0,2.0,3.571428571428571,1.0,70.10952380952514
diabetes mellitus,Encellin,1,1,1,1,0.125,0.3333333333333333,0.25,0.9523809523809936,0.7127976190476458,2,0.5,0.8,-1.791614702062191e-18,0.0,1.0,2.0,0.8297130933355026,69.93701188573732
diabetes mellitus,"GigaGen, Inc.",1,1,1,1,0.125,0.3333333333333333,0.25,0.9523809523809936,0.7127976190476458,2,0.5,0.8,-1.791614702062191e-18,0.0,1.0,2.0,0.8297130933355026,69.93701188573732
diabetes mellitus,Corxel Pharmaceuticals,1,1,1,1,0.125,0.3333333333333333,0.25,0.9523809523809936,0.7127976190476458,3,0.3333333333333333,0.88,0.03333333333333333,0.0,1.0,3.0,1.0,69.90654761904895
diabetes mellitus,"CSPC Ouyi Pharmaceutical Co., Ltd.",3,2,1,1,0.375,0.6666666666666666,0.25,0.9523809523809936,0.7752976190476458,5,0.2,0.9647058823529412,0.05,0.0,3.0,1.7999999999999998,0.7776070961516035,69.83506956095715
diabetes mellitus,"Aulos Bioscience, Inc.",1,1,1,1,0.125,0.3333333333333333,0.25,0.9523809523809936,0.7127976190476458,1,1.0,0.28,-0.03333333333333333,1.0,0.0,2.0,0.8297130933355026,69.53701188573731
diabetes mellitus,AstraZeneca,40,14,26,6,1.0,1.0,1.0,1.0,1.0,151,0.039735099337748346,0.4351931330472103,-0.3166666666666667,15.0,25.0,5.731343283582089,1.0,69.49856464769917
diabetes mellitus,Shin Poong Pharmaceutical Co. Ltd.,1,1,1,1,0.125,0.3333333333333333,0.25,0.9523809523809936,0.7127976190476458,2,0.5,0.8,-1.791614702062191e-18,0.0,1.0,1.7999999999999998,0.7776070961516035,69.41595191389834
diabetes mellitus,Zucara Therapeutics Inc.,2,1,2,1,0.25,0.3333333333333333,0.5,0.9523809523809936,0.7565476190476458,1,1.0,0.3,-0.06666666666666668,1.0,1.0,1.0,0.5234906775131802,69.06228772751409
diabetes mellitus,Eli Lilly and Company,105,36,50,15,1.0,1.0,1.0,1.0,1.0,111,0.13513513513513514,0.3115341959334566,-1.816666666666667,50.0,52.0,3.6337209302325575,1.0,68.93338662137182
diabetes mellitus,Hanmi Pharmaceutical Company Limited,2,2,1,1,0.25,0.6666666666666666,0.25,0.9523809523809936,0.7690476190476457,11,0.09090909090909091,0.9400000000000001,0.06666666666666667,0.0,2.0,2.6666666666666665,0.9812671085154541,68.88323385571866
diabetes mellitus,POLYSAN Scientific & Technological Pharmaceutical Company,2,1,1,1,0.25,0.3333333333333333,0.25,0.9523809523809936,0.7190476190476458,1,1.0,0.38,-0.049999999999999996,1.0,1.0,1.0,0.5234906775131802,68.78728772751408
diabetes mellitus,"Eddingpharm (Zhuhai) Co., Ltd.",1,1,1,1,0.125,0.3333333333333333,0.25,0.9523809523809936,0.7127976190476458,2,0.5,0.88,0.03333333333333333,0.0,1.0,1.0,0.5234906775131802,68.4747877275141
diabetes mellitus,MediBeacon,1,1,1,1,0.125,0.3333333333333333,0.25,0.9523809523809936,0.7127976190476458,2,0.5,0.88,0.016666666666666666,0.0,1.0,1.0,0.5234906775131802,68.4747877275141
diabetes mellitus,"SAb Biotherapeutics, Inc.",1,1,1,1,0.125,0.3333333333333333,0.25,0.9523809523809936,0.7127976190476458,2,0.5,0.88,0.016666666666666666,0.0,1.0,1.0,0.5234906775131802,68.4747877275141
diabetes mellitus,Sparrow Pharmaceuticals,1,1,1,1,0.125,0.3333333333333333,0.25,0.9523809523809936,0.7127976190476458,2,0.5,0.88,0.016666666666666666,0.0,1.0,1.0,0.5234906775131802,68.4747877275141
diabetes mellitus,"Xantho Biotechnology Co., LTD",1,1,1,1,0.125,0.3333333333333333,0.25,0.9523809523809936,0.7127976190476458,2,0.5,0.88,0.03333333333333333,0.0,1.0,1.0,0.5234906775131802,68.4747877275141
diabetes mellitus,Mediar Therapeutics,1,1,1,1,0.125,0.3333333333333333,0.25,0.9523809523809936,0.7127976190476458,3,0.3333333333333333,0.88,0.03333333333333333,0.0,1.0,2.0,0.8297130933355026,68.20367855240399
diabetes mellitus,Biolingus,1,1,1,1,0.125,0.3333333333333333,0.25,0.9523809523809936,0.7127976190476458,1,1.0,0.36000000000000004,-0.016666666666666666,1.0,0.0,1.0,0.5234906775131802,68.07478772751409
diabetes mellitus,Housey Healthcare ULC,1,1,1,1,0.125,0.3333333333333333,0.25,0.9523809523809936,0.7127976190476458,1,1.0,0.36000000000000004,-0.016666666666666666,1.0,0.0,1.0,0.5234906775131802,68.07478772751409
diabetes mellitus,Thomas Advanced Medical LLC,1,1,1,1,0.125,0.3333333333333333,0.25,0.9523809523809936,0.7127976190476458,1,1.0,0.12,-0.06666666666666667,1.0,0.0,3.0,1.0,68.03988095238229
diabetes mellitus,Sanofi,19,10,3,3,1.0,1.0,0.75,1.0,0.9625,54,0.05555555555555555,0.4351931330472103,-0.13333333333333341,7.0,12.0,2.7777777777777777,1.0,67.93997377205531
diabetes mellitus,"Nanjing Bioheng Biotech Co., Ltd.",1,1,1,1,0.125,0.3333333333333333,0.25,0.9523809523809936,0.7127976190476458,5,0.2,0.88,0.016666666666666666,0.0,1.0,2.909090909090909,1.0,67.2398809523823
diabetes mellitus,Autotelicbio,2,1,1,1,0.25,0.3333333333333333,0.25,0.9523809523809936,0.7190476190476458,2,0.5,0.6200000000000001,-3.583229404124382e-18,1.0,1.0,2.0,0.8297130933355026,66.64951188573731
diabetes mellitus,Regend Therapeutics,1,1,1,1,0.125,0.3333333333333333,0.25,0.9523809523809936,0.7127976190476458,4,0.25,0.88,0.03333333333333333,0.0,1.0,2.0,0.8297130933355026,66.53701188573731
diabetes mellitus,"Vitruvian Medical Devices, Inc.",1,1,1,1,0.125,0.3333333333333333,0.25,0.9523809523809936,0.7127976190476458,1,1.0,0.28,-0.03333333333333333,1.0,0.0,1.0,0.5234906775131802,66.4747877275141
diabetes mellitus,Novo Nordisk A/S,159,25,58,8,1.0,1.0,1.0,1.0,1.0,45,0.17777777777777778,0.18197704553868937,-3.7666666666666675,96.0,63.0,2.410691003911343,0.9266120329616099,66.46121679594545
diabetes mellitus,MedImmune LLC,1,1,1,1,0.125,0.3333333333333333,0.25,0.9523809523809936,0.7127976190476458,1,1.0,0.12,-0.06666666666666667,1.0,0.0,2.0,0.8297130933355026,66.33701188573731
diabetes mellitus,PT. Prodia Stem Cell Indonesia,1,1,1,1,0.125,0.3333333333333333,0.25,0.9523809523809936,0.7127976190476458,8,0.125,0.88,0.03333333333333333,0.0,1.0,3.0,1.0,65.7398809523823
diabetes mellitus,Op-T LLC,2,1,2,1,0.25,0.3333333333333333,0.5,0.9523809523809936,0.7565476190476458,2,0.5,0.6200000000000001,-3.583229404124382e-18,1.0,1.0,1.0,0.5234906775131802,65.4622877275141
diabetes mellitus,"Otsuka Pharmaceutical Development & Commercialization, Inc.",1,1,1,1,0.125,0.3333333333333333,0.25,0.9523809523809936,0.7127976190476458,9,0.1111111111111111,0.88,0.03333333333333333,0.0,1.0,2.8139534883720936,1.0,65.46210317460451
diabetes mellitus,CSL Behring,3,2,3,2,0.375,0.6666666666666666,0.75,1.0,0.88125,6,0.3333333333333333,0.18461538461538463,-0.06666666666666667,2.0,1.0,2.882352941176471,1.0,64.42147435897436
diabetes mellitus,Arrowhead Pharmaceuticals,1,1,1,1,0.125,0.3333333333333333,0.25,0.9523809523809936,0.7127976190476458,7,0.14285714285714285,0.88,0.016666666666666666,0.0,1.0,1.7999999999999998,0.7776070961516035,63.87309477104118
diabetes mellitus,Daewoong Pharmaceutical Co. LTD.,17,6,4,1,1.0,1.0,1.0,0.9523809523809936,0.9690476190476459,9,0.1111111111111111,0.1588235294117647,-0.3666666666666667,9.0,5.0,3.0,1.0,63.8510737628398
diabetes mellitus,Eilean Therapeutics,1,1,1,1,0.125,0.3333333333333333,0.25,0.9523809523809936,0.7127976190476458,4,0.25,0.88,0.016666666666666666,0.0,1.0,1.0,0.5234906775131802,63.47478772751409
diabetes mellitus,Biolexis Therapeutics,1,1,1,1,0.125,0.3333333333333333,0.25,0.9523809523809936,0.7127976190476458,2,0.5,0.5,,,,1.7999999999999998,0.7776070961516035,63.415951913898326
diabetes mellitus,"Shenzhen MingSight Relin Pharmaceuticals Co., Ltd.",1,1,1,1,0.125,0.3333333333333333,0.25,0.9523809523809936,0.7127976190476458,1,1.0,0.12,-0.06666666666666667,1.0,0.0,1.0,0.5234906775131802,63.274787727514095
diabetes mellitus,"Chipscreen Biosciences, Ltd.",3,2,1,1,0.375,0.6666666666666666,0.25,0.9523809523809936,0.7752976190476458,7,0.14285714285714285,0.8153846153846154,0.01666666666666666,1.0,2.0,1.0,0.5234906775131802,63.16462289234926
diabetes mellitus,Gilead Sciences,1,1,1,1,0.125,0.3333333333333333,0.25,0.9523809523809936,0.7127976190476458,37,0.02702702702702703,0.8,-1.791614702062191e-18,0.0,1.0,3.571428571428571,1.0,62.18042149292283
diabetes mellitus,Amylyx Pharmaceuticals Inc.,1,1,1,1,0.125,0.3333333333333333,0.25,0.9523809523809936,0.7127976190476458,2,0.5,0.36000000000000004,-0.016666666666666666,1.0,0.0,2.0,0.8297130933355026,61.13701188573732
diabetes mellitus,Mapi Pharma Ltd.,1,1,1,1,0.125,0.3333333333333333,0.25,0.9523809523809936,0.7127976190476458,2,0.5,0.5,,,,1.0,0.5234906775131802,60.87478772751409
diabetes mellitus,Nimble Science Ltd.,1,1,1,1,0.125,0.3333333333333333,0.25,0.9523809523809936,0.7127976190476458,2,0.5,0.5,,,,1.0,0.5234906775131802,60.87478772751409
diabetes mellitus,AbbVie,3,3,3,3,0.375,1.0,0.75,1.0,0.93125,107,0.028037383177570093,0.18461538461538463,-0.06666666666666667,2.0,1.0,3.813559322033898,1.0,60.8155553558591
diabetes mellitus,"Jiangsu HengRui Medicine Co., Ltd.",27,5,20,4,1.0,1.0,1.0,1.0,1.0,64,0.0625,0.2098265895953757,-0.36666666666666686,14.0,10.0,1.0,0.5234906775131802,60.6814385670393
diabetes mellitus,"Han Xu, M.D., Ph.D., FAPCR, Sponsor-Investigator, IRB Chair",1,1,1,1,0.125,0.3333333333333333,0.25,0.9523809523809936,0.7127976190476458,10,0.1,0.88,0.016666666666666666,0.0,1.0,1.0,0.5234906775131802,60.47478772751409
diabetes mellitus,"Aptabio Therapeutics, Inc.",2,1,2,1,0.25,0.3333333333333333,0.5,0.9523809523809936,0.7565476190476458,3,0.3333333333333333,0.38,-0.049999999999999996,1.0,1.0,2.0,0.8297130933355026,60.39117855240398
diabetes mellitus,Zealand Pharma,2,1,1,1,0.25,0.3333333333333333,0.25,0.9523809523809936,0.7190476190476458,5,0.2,0.6200000000000001,-3.583229404124382e-18,1.0,1.0,1.7999999999999998,0.7776070961516035,60.12845191389833
diabetes mellitus,Boehringer Ingelheim,19,4,5,1,1.0,1.0,1.0,0.9523809523809936,0.9690476190476459,63,0.015873015873015872,0.08275862068965517,-0.7500000000000001,14.0,5.0,2.571428571428571,0.9613912928910499,60.038926612546206
diabetes mellitus,MediciNova,1,1,1,1,0.125,0.3333333333333333,0.25,0.9523809523809936,0.7127976190476458,2,0.5,0.28,-0.03333333333333333,1.0,0.0,2.0,0.8297130933355026,59.53701188573732
diabetes mellitus,Immunocore Ltd,1,1,1,1,0.125,0.3333333333333333,0.25,0.9523809523809936,0.7127976190476458,4,0.25,0.5,,,,2.0,0.8297130933355026,58.93701188573731
diabetes mellitus,Lakewood-Amedex Inc,2,1,2,1,0.25,0.3333333333333333,0.5,0.9523809523809936,0.7565476190476458,2,0.5,0.28,-0.03333333333333333,1.0,0.0,1.0,0.5234906775131802,58.6622877275141
diabetes mellitus,Korea United Pharm. Inc.,2,1,2,1,0.25,0.3333333333333333,0.5,0.9523809523809936,0.7565476190476458,4,0.25,0.36000000000000004,-0.016666666666666666,1.0,0.0,2.0,0.8297130933355026,58.32451188573731
diabetes mellitus,"AJU Pharm Co., Ltd.",5,2,4,2,0.625,0.6666666666666666,1.0,1.0,0.93125,7,0.2857142857142857,0.03529411764705883,-0.18333333333333338,3.0,0.0,1.0,0.5234906775131802,58.21757484235869
diabetes mellitus,4D Molecular Therapeutics,1,1,1,1,0.125,0.3333333333333333,0.25,0.9523809523809936,0.7127976190476458,7,0.14285714285714285,0.72,-0.016666666666666666,0.0,1.0,1.0,0.5234906775131802,58.13193058465694
diabetes mellitus,Creative Medical Technology Holdings Inc,1,1,1,1,0.125,0.3333333333333333,0.25,0.9523809523809936,0.7127976190476458,2,0.5,0.36000000000000004,-0.016666666666666666,1.0,0.0,1.0,0.5234906775131802,58.0747877275141
diabetes mellitus,"Biocity Biopharmaceutics Co., Ltd.",1,1,1,1,0.125,0.3333333333333333,0.25,0.9523809523809936,0.7127976190476458,4,0.25,0.36000000000000004,-0.016666666666666666,1.0,0.0,3.0,1.0,57.839880952382295
diabetes mellitus,"OrsoBio, Inc",1,1,1,1,0.125,0.3333333333333333,0.25,0.9523809523809936,0.7127976190476458,4,0.25,0.36000000000000004,-0.016666666666666666,1.0,0.0,3.0,1.0,57.839880952382295
diabetes mellitus,Biocon Biologics UK PLC,1,1,1,1,0.125,0.3333333333333333,0.25,0.9523809523809936,0.7127976190476458,3,0.3333333333333333,0.5,,,,1.0,0.5234906775131802,57.54145439418076
diabetes mellitus,Mannkind Corporation,4,1,1,1,0.5,0.3333333333333333,0.25,0.9523809523809936,0.7315476190476459,3,0.3333333333333333,0.3,-0.08333333333333336,2.0,2.0,2.0,0.8297130933355026,57.541178552403984
diabetes mellitus,"GI Innovation, Inc.",1,1,1,1,0.125,0.3333333333333333,0.25,0.9523809523809936,0.7127976190476458,4,0.25,0.36000000000000004,-0.016666666666666666,1.0,0.0,2.2727272727272725,0.895427339846409,56.794154350846384
diabetes mellitus,Novartis Pharmaceuticals,4,1,3,1,0.5,0.3333333333333333,0.75,0.9523809523809936,0.8065476190476458,120,0.008333333333333333,0.3,-0.10000000000000003,2.0,2.0,2.8221574344023326,1.0,56.494047619048956
diabetes mellitus,Agenus Inc.,1,1,1,1,0.125,0.3333333333333333,0.25,0.9523809523809936,0.7127976190476458,2,0.5,0.28,-0.03333333333333333,1.0,0.0,1.0,0.5234906775131802,56.4747877275141
diabetes mellitus,Vertex Pharmaceuticals Incorporated,3,3,1,1,0.375,1.0,0.25,0.9523809523809936,0.8252976190476459,14,0.07142857142857142,0.26461538461538453,-0.05000000000000002,2.0,1.0,2.0,0.8297130933355026,56.282891006616445
diabetes mellitus,"Dong-A ST Co., Ltd.",8,3,1,1,1.0,1.0,0.25,0.9523809523809936,0.8565476190476459,7,0.14285714285714285,0.08275862068965517,-0.21666666666666673,4.0,1.0,1.0,0.5234906775131802,52.57460299845006
diabetes mellitus,Pharming Technologies B.V.,1,1,1,1,0.125,0.3333333333333333,0.25,0.9523809523809936,0.7127976190476458,5,0.2,0.28,-0.03333333333333333,1.0,0.0,1.0,0.5234906775131802,50.47478772751409
diabetes mellitus,BioNTech SE,1,1,1,1,0.125,0.3333333333333333,0.25,0.9523809523809936,0.7127976190476458,24,0.041666666666666664,0.28,-0.03333333333333333,1.0,0.0,2.0,0.8297130933355026,50.37034521907066
diabetes mellitus,"Oneness Biotech Co., Ltd.",3,1,1,1,0.375,0.3333333333333333,0.25,0.9523809523809936,0.7252976190476459,4,0.25,0.18461538461538463,-0.08333333333333336,2.0,1.0,1.0,0.5234906775131802,50.19209541982179
diabetes mellitus,"BrightGene Bio-Medical Technology Co., Ltd.",7,4,3,0,0.875,1.0,0.75,0.0,0.30624999999999997,8,0.0,0.9907692307692308,0.03333333333333333,0.0,7.0,1.0,0.5234906775131802,40.36279139051642
diabetes mellitus,"Jiangsu Hansoh Pharmaceutical Co., Ltd.",5,2,3,0,0.625,0.6666666666666666,0.75,0.0,0.24374999999999997,42,0.0,0.5439999999999998,-0.033333333333333354,2.0,3.0,3.5555555555555554,1.0,33.067499999999995
diabetes mellitus,"Qilu Pharmaceutical Co., Ltd.",2,1,0,0,0.25,0.3333333333333333,0.0,0.0,0.0625,58,0.0,0.9400000000000001,0.01666666666666666,0.0,2.0,2.578947368421052,0.9629795950629876,31.554795950629877
diabetes mellitus,Gedeon Richter Plc.,3,0,3,0,0.375,0.0,0.75,0.0,0.13124999999999998,1,0.0,0.9647058823529412,0.05,0.0,3.0,1.0,0.5234906775131802,31.091524422190624
diabetes mellitus,Eccogene,4,0,4,0,0.5,0.0,1.0,0.0,0.175,4,0.0,0.72,-0.016666666666666666,1.0,3.0,1.7999999999999998,0.7776070961516035,30.926070961516032
diabetes mellitus,Humanis Saglık Anonim Sirketi,10,0,10,0,1.0,0.0,1.0,0.0,0.2,0,0.0,0.9950819672131147,0.1666666666666667,0.0,10.0,,0.0,29.9016393442623
diabetes mellitus,"Huons Co., Ltd.",2,0,2,0,0.25,0.0,0.5,0.0,0.0875,4,0.0,0.8600000000000001,-3.583229404124382e-18,0.0,2.0,2.0,0.8297130933355026,29.872130933355034
diabetes mellitus,Bayer,27,6,6,0,1.0,1.0,1.0,0.0,0.35,22,0.0,0.10103950103950105,-0.8166666666666667,19.0,8.0,2.2727272727272725,0.895427339846409,28.47506341925411
diabetes mellitus,"Shandong Suncadia Medicine Co., Ltd.",16,0,14,0,1.0,0.0,1.0,0.0,0.2,35,0.0,0.42705882352941177,-0.16666666666666674,6.0,10.0,2.2727272727272725,0.895427339846409,27.495449869052322
diabetes mellitus,Pfizer,13,2,10,0,1.0,0.6666666666666666,1.0,0.0,0.3,90,0.0,0.12,-0.3666666666666667,9.0,4.0,3.4489795918367343,1.0,27.400000000000002
diabetes mellitus,Celltrion,4,1,2,0,0.5,0.3333333333333333,0.5,0.0,0.15,1,0.0,0.9769230769230769,0.06666666666666667,0.0,4.0,,0.0,27.03846153846154
diabetes mellitus,GlaxoSmithKline,1,0,1,0,0.125,0.0,0.25,0.0,0.04375,88,0.0,0.72,-0.016666666666666666,0.0,1.0,2.73972602739726,0.9961674666339388,26.549174666339386
diabetes mellitus,Shanghai Henlius Biotech,1,0,1,0,0.125,0.0,0.25,0.0,0.04375,46,0.0,0.72,-0.016666666666666666,0.0,1.0,2.571428571428571,0.9613912928910499,26.2014129289105
diabetes mellitus,EMS,8,4,0,0,1.0,1.0,0.0,0.0,0.2,0,0.0,0.8047058823529412,-0.01666666666666667,0.0,3.0,,0.0,26.094117647058823
diabetes mellitus,"Beijing Northland Biotech. Co., Ltd.",1,1,0,0,0.125,0.3333333333333333,0.0,0.0,0.056249999999999994,1,0.0,0.88,0.016666666666666666,0.0,1.0,1.0,0.5234906775131802,25.647406775131802
diabetes mellitus,NodThera Limited,1,0,1,0,0.125,0.0,0.25,0.0,0.04375,1,0.0,0.88,0.016666666666666666,0.0,1.0,1.0,0.5234906775131802,25.022406775131806
diabetes mellitus,Cellution Biologics,3,2,0,0,0.375,0.6666666666666666,0.0,0.0,0.11875,0,0.0,0.9400000000000001,0.01666666666666666,0.0,2.0,,0.0,24.7375
diabetes mellitus,"Applied Biologics, LLC",2,2,0,0,0.25,0.6666666666666666,0.0,0.0,0.11249999999999999,0,0.0,0.9400000000000001,0.03333333333333333,0.0,2.0,,0.0,24.425
diabetes mellitus,BioLab Holdings,2,2,0,0,0.25,0.6666666666666666,0.0,0.0,0.11249999999999999,0,0.0,0.9400000000000001,0.05000000000000001,0.0,2.0,,0.0,24.425
diabetes mellitus,"Viking Therapeutics, Inc.",2,2,0,0,0.25,0.6666666666666666,0.0,0.0,0.11249999999999999,0,0.0,0.9400000000000001,0.03333333333333333,0.0,2.0,,0.0,24.425
diabetes mellitus,"Beijing Dongfang Biotech Co., Ltd.",3,2,1,0,0.375,0.6666666666666666,0.25,0.0,0.15625,0,0.0,0.8047058823529412,-0.01666666666666667,0.0,3.0,,0.0,23.906617647058827
diabetes mellitus,Chong Kun Dang Pharmaceutical,37,2,33,0,1.0,0.6666666666666666,1.0,0.0,0.3,6,0.0,0.17904509283819628,-0.9500000000000002,22.0,14.0,1.0,0.5234906775131802,23.81580863189573
diabetes mellitus,"Biomed Industries, Inc.",1,0,1,0,0.125,0.0,0.25,0.0,0.04375,1,0.0,0.8,-1.791614702062191e-18,0.0,1.0,1.0,0.5234906775131802,23.422406775131808
diabetes mellitus,HK inno.N Corporation,2,2,0,0,0.25,0.6666666666666666,0.0,0.0,0.11249999999999999,6,0.0,0.88,0.016666666666666666,0.0,1.0,,0.0,23.225
diabetes mellitus,THPharm Corp.,2,1,1,0,0.25,0.3333333333333333,0.25,0.0,0.09999999999999999,0,0.0,0.8600000000000001,-3.583229404124382e-18,0.0,2.0,,0.0,22.200000000000003
diabetes mellitus,Prokidney,6,3,2,0,0.75,1.0,0.5,0.0,0.26249999999999996,0,0.0,0.44117647058823534,-0.13333333333333333,2.0,4.0,,0.0,21.948529411764707
diabetes mellitus,Rise Therapeutics LLC,1,0,1,0,0.125,0.0,0.25,0.0,0.04375,6,0.0,0.72,-0.016666666666666666,0.0,1.0,1.0,0.5234906775131802,21.822406775131803
diabetes mellitus,"Rivus Pharmaceuticals, Inc.",1,0,1,0,0.125,0.0,0.25,0.0,0.04375,2,0.0,0.72,-0.016666666666666666,0.0,1.0,1.0,0.5234906775131802,21.822406775131803
diabetes mellitus,"Tasly Pharmaceutical Group Co., Ltd",1,0,1,0,0.125,0.0,0.25,0.0,0.04375,8,0.0,0.72,-0.016666666666666666,0.0,1.0,1.0,0.5234906775131802,21.822406775131803
diabetes mellitus,"Beijing QL Biopharmaceutical Co.,Ltd",2,0,2,0,0.25,0.0,0.5,0.0,0.0875,5,0.0,0.54,-0.01666666666666667,1.0,1.0,1.3846153846153844,0.6563298879113609,21.73829887911361
diabetes mellitus,Acorn Biolabs Inc.,1,1,0,0,0.125,0.3333333333333333,0.0,0.0,0.056249999999999994,1,0.0,0.88,0.016666666666666666,0.0,1.0,,0.0,20.4125
diabetes mellitus,Artelus AI,1,1,0,0,0.125,0.3333333333333333,0.0,0.0,0.056249999999999994,0,0.0,0.88,0.016666666666666666,0.0,1.0,,0.0,20.4125
diabetes mellitus,"Averitas Pharma, Inc.",1,1,0,0,0.125,0.3333333333333333,0.0,0.0,0.056249999999999994,0,0.0,0.88,0.016666666666666666,0.0,1.0,,0.0,20.4125
diabetes mellitus,Barbara Wolff-Winiski,1,1,0,0,0.125,0.3333333333333333,0.0,0.0,0.056249999999999994,0,0.0,0.88,0.03333333333333333,0.0,1.0,,0.0,20.4125
diabetes mellitus,Bardia Anvar,1,1,0,0,0.125,0.3333333333333333,0.0,0.0,0.056249999999999994,0,0.0,0.88,0.03333333333333333,0.0,1.0,,0.0,20.4125
diabetes mellitus,BioXTek,1,1,0,0,0.125,0.3333333333333333,0.0,0.0,0.056249999999999994,0,0.0,0.88,0.016666666666666666,0.0,1.0,,0.0,20.4125
diabetes mellitus,Brainfarma Industria Química e Farmacêutica S/A,1,1,0,0,0.125,0.3333333333333333,0.0,0.0,0.056249999999999994,0,0.0,0.88,0.03333333333333333,0.0,1.0,,0.0,20.4125
diabetes mellitus,"Clinical Nutrition Research Center, Illinois Institute of Technology",1,1,0,0,0.125,0.3333333333333333,0.0,0.0,0.056249999999999994,0,0.0,0.88,0.03333333333333333,0.0,1.0,,0.0,20.4125
diabetes mellitus,Colgate Palmolive,1,1,0,0,0.125,0.3333333333333333,0.0,0.0,0.056249999999999994,0,0.0,0.88,0.03333333333333333,0.0,1.0,,0.0,20.4125
diabetes mellitus,"Data Yakka, Inc.",1,1,0,0,0.125,0.3333333333333333,0.0,0.0,0.056249999999999994,0,0.0,0.88,0.016666666666666666,0.0,1.0,,0.0,20.4125
diabetes mellitus,Dynamic Medical Services dba Acesso Biologics,1,1,0,0,0.125,0.3333333333333333,0.0,0.0,0.056249999999999994,0,0.0,0.88,0.016666666666666666,0.0,1.0,,0.0,20.4125
diabetes mellitus,"Endogenex, Inc.",1,1,0,0,0.125,0.3333333333333333,0.0,0.0,0.056249999999999994,0,0.0,0.88,0.03333333333333333,0.0,1.0,,0.0,20.4125
diabetes mellitus,Harrow Inc,1,1,0,0,0.125,0.3333333333333333,0.0,0.0,0.056249999999999994,0,0.0,0.88,0.03333333333333333,0.0,1.0,,0.0,20.4125
diabetes mellitus,HealthTech Wound Care,1,1,0,0,0.125,0.3333333333333333,0.0,0.0,0.056249999999999994,0,0.0,0.88,0.016666666666666666,0.0,1.0,,0.0,20.4125
diabetes mellitus,Institut Pasteur,1,1,0,0,0.125,0.3333333333333333,0.0,0.0,0.056249999999999994,0,0.0,0.88,0.03333333333333333,0.0,1.0,,0.0,20.4125
diabetes mellitus,Legacy Medical Consultants,1,1,0,0,0.125,0.3333333333333333,0.0,0.0,0.056249999999999994,0,0.0,0.88,0.016666666666666666,0.0,1.0,,0.0,20.4125
diabetes mellitus,Marisse Masis-Solano,1,1,0,0,0.125,0.3333333333333333,0.0,0.0,0.056249999999999994,0,0.0,0.88,0.03333333333333333,0.0,1.0,,0.0,20.4125
diabetes mellitus,Nabiqasim Industries (Pvt) Ltd,1,1,0,0,0.125,0.3333333333333333,0.0,0.0,0.056249999999999994,0,0.0,0.88,0.016666666666666666,0.0,1.0,,0.0,20.4125
diabetes mellitus,NewAmsterdam Pharma,1,1,0,0,0.125,0.3333333333333333,0.0,0.0,0.056249999999999994,3,0.0,0.88,0.016666666666666666,0.0,1.0,,0.0,20.4125
diabetes mellitus,Royal Biologics,1,1,0,0,0.125,0.3333333333333333,0.0,0.0,0.056249999999999994,0,0.0,0.88,0.016666666666666666,0.0,1.0,,0.0,20.4125
diabetes mellitus,Rubix LS,1,1,0,0,0.125,0.3333333333333333,0.0,0.0,0.056249999999999994,0,0.0,0.88,0.016666666666666666,0.0,1.0,,0.0,20.4125
diabetes mellitus,"Sequence LifeScience, Inc.",1,1,0,0,0.125,0.3333333333333333,0.0,0.0,0.056249999999999994,0,0.0,0.88,0.016666666666666666,0.0,1.0,,0.0,20.4125
diabetes mellitus,Servier Russia,1,1,0,0,0.125,0.3333333333333333,0.0,0.0,0.056249999999999994,0,0.0,0.88,0.03333333333333333,0.0,1.0,,0.0,20.4125
diabetes mellitus,"Shandong New Time Pharmaceutical Co., LTD",1,1,0,0,0.125,0.3333333333333333,0.0,0.0,0.056249999999999994,10,0.0,0.88,0.016666666666666666,0.0,1.0,,0.0,20.4125
diabetes mellitus,"Singular Wings Medical Co., Ltd.",1,1,0,0,0.125,0.3333333333333333,0.0,0.0,0.056249999999999994,0,0.0,0.88,0.016666666666666666,0.0,1.0,,0.0,20.4125
diabetes mellitus,Trears,1,1,0,0,0.125,0.3333333333333333,0.0,0.0,0.056249999999999994,0,0.0,0.88,0.016666666666666666,0.0,1.0,,0.0,20.4125
diabetes mellitus,Whole Endo,1,1,0,0,0.125,0.3333333333333333,0.0,0.0,0.056249999999999994,0,0.0,0.88,0.016666666666666666,0.0,1.0,,0.0,20.4125
diabetes mellitus,mylife Diabetes Care AG,1,1,0,0,0.125,0.3333333333333333,0.0,0.0,0.056249999999999994,0,0.0,0.88,0.016666666666666666,0.0,1.0,,0.0,20.4125
diabetes mellitus,ARKAY Therapeutics,1,0,1,0,0.125,0.0,0.25,0.0,0.04375,0,0.0,0.88,0.03333333333333333,0.0,1.0,,0.0,19.7875
diabetes mellitus,"Cohen Global, Ltd.",1,0,1,0,0.125,0.0,0.25,0.0,0.04375,0,0.0,0.88,0.016666666666666666,0.0,1.0,,0.0,19.7875
diabetes mellitus,"Halia Therapeutics, Inc.",1,0,1,0,0.125,0.0,0.25,0.0,0.04375,3,0.0,0.88,0.03333333333333333,0.0,1.0,,0.0,19.7875
diabetes mellitus,"Helicore Biopharma, Inc.",1,0,1,0,0.125,0.0,0.25,0.0,0.04375,0,0.0,0.88,0.016666666666666666,0.0,1.0,,0.0,19.7875
diabetes mellitus,"ZyVersa Therapeutics, Inc.",1,0,1,0,0.125,0.0,0.25,0.0,0.04375,0,0.0,0.88,0.016666666666666666,0.0,1.0,,0.0,19.7875
diabetes mellitus,"Adhera Health, Inc.",2,0,0,0,0.25,0.0,0.0,0.0,0.0125,0,0.0,0.9400000000000001,0.03333333333333333,0.0,2.0,,0.0,19.425000000000004
diabetes mellitus,Aphaia Pharma US LLC,1,0,1,0,0.125,0.0,0.25,0.0,0.04375,2,0.0,0.36000000000000004,-0.016666666666666666,1.0,0.0,2.6666666666666665,0.9812671085154541,19.200171085154544
diabetes mellitus,"Sunshine Lake Pharma Co., Ltd.",8,0,7,0,1.0,0.0,1.0,0.0,0.2,11,0.0,0.03529411764705883,-0.31666666666666665,7.0,1.0,2.0,0.8297130933355026,19.003013286296206
diabetes mellitus,BrightGene New Bio-Medical Technology(Wuxi) Co.Ltd.,1,1,0,0,0.125,0.3333333333333333,0.0,0.0,0.056249999999999994,0,0.0,0.8,-1.791614702062191e-18,0.0,1.0,,0.0,18.812500000000004
diabetes mellitus,CMG Pharmaceutical Co. Ltd,1,1,0,0,0.125,0.3333333333333333,0.0,0.0,0.056249999999999994,0,0.0,0.8,-1.791614702062191e-18,0.0,1.0,,0.0,18.812500000000004
diabetes mellitus,Dong Wha Pharmaceutical Co. Ltd.,1,1,0,0,0.125,0.3333333333333333,0.0,0.0,0.056249999999999994,0,0.0,0.8,-1.791614702062191e-18,0.0,1.0,,0.0,18.812500000000004
diabetes mellitus,Gene Solutions,1,1,0,0,0.125,0.3333333333333333,0.0,0.0,0.056249999999999994,0,0.0,0.8,-1.791614702062191e-18,0.0,1.0,,0.0,18.812500000000004
diabetes mellitus,Incepta Pharmaceuticals Ltd,1,1,0,0,0.125,0.3333333333333333,0.0,0.0,0.056249999999999994,0,0.0,0.8,-1.791614702062191e-18,0.0,1.0,,0.0,18.812500000000004
diabetes mellitus,"Tiger Biosciences, LLC.",1,1,0,0,0.125,0.3333333333333333,0.0,0.0,0.056249999999999994,0,0.0,0.8,-1.791614702062191e-18,0.0,1.0,,0.0,18.812500000000004
diabetes mellitus,"Haisco Pharmaceutical Group Co., Ltd.",3,0,3,0,0.375,0.0,0.75,0.0,0.13124999999999998,34,0.0,0.18461538461538463,-0.10000000000000005,2.0,1.0,2.0,0.8297130933355026,18.551938625662718
diabetes mellitus,Eurofarma Laboratorios S.A.,3,0,0,0,0.375,0.0,0.0,0.0,0.018750000000000003,0,0.0,0.88,0.03333333333333333,0.0,1.0,,0.0,18.5375
diabetes mellitus,"CSPC Baike (Shandong) Biopharmaceutical Co., Ltd.",5,0,3,0,0.625,0.0,0.75,0.0,0.14375,2,0.0,0.3,-0.08333333333333336,2.0,2.0,1.0,0.5234906775131802,18.4224067751318
diabetes mellitus,Cytoki Pharma,1,0,1,0,0.125,0.0,0.25,0.0,0.04375,0,0.0,0.8,-1.791614702062191e-18,0.0,1.0,,0.0,18.187500000000004
diabetes mellitus,"Guangzhou Chia Tai Innovative Pharmaceutical Co., Ltd.",1,0,1,0,0.125,0.0,0.25,0.0,0.04375,0,0.0,0.8,-1.791614702062191e-18,0.0,1.0,,0.0,18.187500000000004
diabetes mellitus,"Immunwork, Inc.",1,0,1,0,0.125,0.0,0.25,0.0,0.04375,0,0.0,0.8,-1.791614702062191e-18,0.0,1.0,,0.0,18.187500000000004
diabetes mellitus,"Invirsa, Inc.",1,0,1,0,0.125,0.0,0.25,0.0,0.04375,0,0.0,0.8,-1.791614702062191e-18,0.0,1.0,,0.0,18.187500000000004
diabetes mellitus,Nanexa AB,1,0,1,0,0.125,0.0,0.25,0.0,0.04375,0,0.0,0.8,-1.791614702062191e-18,0.0,1.0,,0.0,18.187500000000004
diabetes mellitus,"REMD Biotherapeutics, Inc.",1,0,1,0,0.125,0.0,0.25,0.0,0.04375,0,0.0,0.8,-1.791614702062191e-18,0.0,1.0,,0.0,18.187500000000004
diabetes mellitus,Rion Inc.,1,0,1,0,0.125,0.0,0.25,0.0,0.04375,1,0.0,0.8,-1.791614702062191e-18,0.0,1.0,,0.0,18.187500000000004
diabetes mellitus,Syqe Medical,1,0,1,0,0.125,0.0,0.25,0.0,0.04375,0,0.0,0.8,-1.791614702062191e-18,0.0,1.0,,0.0,18.187500000000004
diabetes mellitus,"Zhejiang Anglikang Pharmaceutical Co., Ltd.",1,0,1,0,0.125,0.0,0.25,0.0,0.04375,1,0.0,0.8,-1.791614702062191e-18,0.0,1.0,,0.0,18.187500000000004
diabetes mellitus,Amryt Pharma,1,0,0,0,0.125,0.0,0.0,0.0,0.00625,0,0.0,0.88,0.016666666666666666,0.0,1.0,,0.0,17.9125
diabetes mellitus,Revlis Biotech Company Limited,1,0,0,0,0.125,0.0,0.0,0.0,0.00625,0,0.0,0.88,0.016666666666666666,0.0,1.0,,0.0,17.9125
diabetes mellitus,Thymia Limited,1,0,0,0,0.125,0.0,0.0,0.0,0.00625,0,0.0,0.88,0.016666666666666666,0.0,1.0,,0.0,17.9125
diabetes mellitus,"Suzhou Alphamab Co., Ltd.",1,0,1,0,0.125,0.0,0.25,0.0,0.04375,5,0.0,0.28,-0.03333333333333333,1.0,0.0,3.0,1.0,17.7875
diabetes mellitus,"Alexion Pharmaceuticals, Inc.",1,0,1,0,0.125,0.0,0.25,0.0,0.04375,8,0.0,0.28,-0.03333333333333333,1.0,0.0,2.6666666666666665,0.9812671085154541,17.600171085154543
diabetes mellitus,"Shanghai HEP Pharmaceutical Co., Ltd.",1,0,1,0,0.125,0.0,0.25,0.0,0.04375,1,0.0,0.5,,,,1.0,0.5234906775131802,17.422406775131805
diabetes mellitus,Bespoke Clinical Research,1,1,0,0,0.125,0.3333333333333333,0.0,0.0,0.056249999999999994,0,0.0,0.72,-0.016666666666666666,0.0,1.0,,0.0,17.2125
diabetes mellitus,Groupe Éthique et Santé,1,1,0,0,0.125,0.3333333333333333,0.0,0.0,0.056249999999999994,0,0.0,0.72,-0.016666666666666666,0.0,1.0,,0.0,17.2125
diabetes mellitus,"Shanghai Pharmaceuticals Holding Co., Ltd",1,0,1,0,0.125,0.0,0.25,0.0,0.04375,14,0.0,0.36000000000000004,-0.016666666666666666,1.0,0.0,1.7999999999999998,0.7776070961516035,17.163570961516037
diabetes mellitus,Innovent Biologics (Suzhou) Co. Ltd.,5,0,2,0,0.625,0.0,0.5,0.0,0.10625,39,0.0,0.08275862068965517,-0.15000000000000002,4.0,1.0,3.266666666666667,1.0,16.967672413793107
diabetes mellitus,"Aviceda Therapeutics, Inc.",1,0,1,0,0.125,0.0,0.25,0.0,0.04375,1,0.0,0.72,-0.016666666666666666,0.0,1.0,,0.0,16.5875
diabetes mellitus,Diasome Pharmaceuticals,1,0,1,0,0.125,0.0,0.25,0.0,0.04375,0,0.0,0.72,-0.016666666666666666,0.0,1.0,,0.0,16.5875
diabetes mellitus,Inreda Diabetic B.V.,1,0,1,0,0.125,0.0,0.25,0.0,0.04375,0,0.0,0.72,-0.016666666666666666,0.0,1.0,,0.0,16.5875
diabetes mellitus,Mineralys Therapeutics Inc.,1,0,1,0,0.125,0.0,0.25,0.0,0.04375,0,0.0,0.72,-0.016666666666666666,0.0,1.0,,0.0,16.5875
diabetes mellitus,"Perfuse Therapeutics, Inc.",1,0,1,0,0.125,0.0,0.25,0.0,0.04375,0,0.0,0.72,-0.016666666666666666,0.0,1.0,,0.0,16.5875
diabetes mellitus,Pharmasaga Co. Ltd.,1,0,1,0,0.125,0.0,0.25,0.0,0.04375,0,0.0,0.72,-0.016666666666666666,0.0,1.0,,0.0,16.5875
diabetes mellitus,Formycon AG,1,0,0,0,0.125,0.0,0.0,0.0,0.00625,1,0.0,0.8,-1.791614702062191e-18,0.0,1.0,,0.0,16.312500000000004
diabetes mellitus,RE.DOCTOR LLC,1,0,0,0,0.125,0.0,0.0,0.0,0.00625,0,0.0,0.8,-1.791614702062191e-18,0.0,1.0,,0.0,16.312500000000004
diabetes mellitus,"CSPC ZhongQi Pharmaceutical Technology Co., Ltd.",5,0,2,0,0.625,0.0,0.5,0.0,0.10625,25,0.0,0.12,-0.18333333333333338,3.0,1.0,2.0,0.8297130933355026,16.009630933355027
diabetes mellitus,Khondrion BV,2,1,1,0,0.25,0.3333333333333333,0.25,0.0,0.09999999999999999,0,0.0,0.5399999999999999,-0.01666666666666668,1.0,1.0,,0.0,15.799999999999997
diabetes mellitus,Power Life Sciences Inc.,2,2,0,0,0.25,0.6666666666666666,0.0,0.0,0.11249999999999999,0,0.0,0.5,,,,,0.0,15.625
diabetes mellitus,"Chia Tai Tianqing Pharmaceutical Group Co., Ltd.",4,0,2,0,0.5,0.0,0.5,0.0,0.1,42,0.0,0.02307692307692306,-0.23333333333333336,4.0,0.0,2.5789473684210527,0.9629795950629878,15.091334412168338
diabetes mellitus,"Beijing Suncadia Pharmaceuticals Co., Ltd",1,0,1,0,0.125,0.0,0.25,0.0,0.04375,8,0.0,0.28,-0.03333333333333333,1.0,0.0,1.6,0.7216379836168889,15.003879836168888
diabetes mellitus,CRISPR Therapeutics AG,2,0,2,0,0.25,0.0,0.5,0.0,0.0875,4,0.0,0.13999999999999996,-0.05000000000000001,2.0,0.0,1.7999999999999998,0.7776070961516035,14.951070961516033
diabetes mellitus,LG Chem,5,0,2,0,0.625,0.0,0.5,0.0,0.10625,5,0.0,0.08275862068965517,-0.23333333333333336,4.0,1.0,1.7999999999999998,0.7776070961516035,14.743743375309137
diabetes mellitus,Zydus Lifesciences Limited,1,0,0,0,0.125,0.0,0.0,0.0,0.00625,0,0.0,0.72,-0.016666666666666666,0.0,1.0,,0.0,14.712499999999999
diabetes mellitus,Apurano Pharmaceuticals GmbH,2,0,0,0,0.25,0.0,0.0,0.0,0.0125,0,0.0,0.7000000000000001,-0.03333333333333333,0.0,2.0,,0.0,14.625000000000002
diabetes mellitus,"Chia Tai Tianqing Pharmaceutical Group Nanjing Shunxin Pharmaceutical Co., Ltd.",1,0,1,0,0.125,0.0,0.25,0.0,0.04375,25,0.0,0.36000000000000004,-0.016666666666666666,1.0,0.0,1.0,0.5234906775131802,14.622406775131806
diabetes mellitus,Ebima Clifford Okundaye,1,0,1,0,0.125,0.0,0.25,0.0,0.04375,2,0.0,0.36000000000000004,-0.016666666666666666,1.0,0.0,1.0,0.5234906775131802,14.622406775131806
diabetes mellitus,"Tonghua Dongbao Pharmaceutical Co.,Ltd",4,1,1,0,0.5,0.3333333333333333,0.25,0.0,0.11249999999999999,1,0.0,0.18461538461538463,-0.06666666666666668,2.0,1.0,1.0,0.5234906775131802,14.552214467439494
diabetes mellitus,"RemeGen Co., Ltd.",1,0,1,0,0.125,0.0,0.25,0.0,0.04375,23,0.0,0.1999999999999999,-0.05000000000000002,1.0,0.0,1.7999999999999998,0.7776070961516035,13.963570961516034
diabetes mellitus,Les Laboratoires des Médicaments Stériles,2,1,0,0,0.25,0.3333333333333333,0.0,0.0,0.0625,0,0.0,0.54,-0.01666666666666667,1.0,1.0,,0.0,13.925
diabetes mellitus,Kallyope Inc.,2,0,2,0,0.25,0.0,0.5,0.0,0.0875,0,0.0,0.46,-0.03333333333333333,1.0,1.0,,0.0,13.575000000000001
diabetes mellitus,"Altimmune, Inc.",1,0,1,0,0.125,0.0,0.25,0.0,0.04375,1,0.0,0.28,-0.03333333333333333,1.0,0.0,1.0,0.5234906775131802,13.022406775131804
diabetes mellitus,Cytora Ltd.,1,0,1,0,0.125,0.0,0.25,0.0,0.04375,1,0.0,0.28,-0.03333333333333333,1.0,0.0,1.0,0.5234906775131802,13.022406775131804
diabetes mellitus,Eledon Pharmaceuticals,1,0,1,0,0.125,0.0,0.25,0.0,0.04375,2,0.0,0.28,-0.03333333333333333,1.0,0.0,1.0,0.5234906775131802,13.022406775131804
diabetes mellitus,Air Liquide Healthcare Spain,1,1,0,0,0.125,0.3333333333333333,0.0,0.0,0.056249999999999994,0,0.0,0.5,,,,,0.0,12.812499999999998
diabetes mellitus,Carnot Laboratories,1,1,0,0,0.125,0.3333333333333333,0.0,0.0,0.056249999999999994,0,0.0,0.5,,,,,0.0,12.812499999999998
diabetes mellitus,LABORATORIOS INDUFAR,1,1,0,0,0.125,0.3333333333333333,0.0,0.0,0.056249999999999994,0,0.0,0.5,,,,,0.0,12.812499999999998
diabetes mellitus,Medical Intelligence Group,1,1,0,0,0.125,0.3333333333333333,0.0,0.0,0.056249999999999994,0,0.0,0.5,,,,,0.0,12.812499999999998
diabetes mellitus,Shenzhen HighTide Biopharmaceutical Ltd.,4,0,1,0,0.5,0.0,0.25,0.0,0.0625,0,0.0,0.48,-0.06666666666666668,1.0,3.0,,0.0,12.725
diabetes mellitus,Getz Pharma,10,5,0,0,1.0,1.0,0.0,0.0,0.2,0,0.0,0.12,-0.25000000000000006,7.0,3.0,,0.0,12.4
diabetes mellitus,PolarityTE,2,1,0,0,0.25,0.3333333333333333,0.0,0.0,0.0625,0,0.0,0.45999999999999996,-0.03333333333333334,1.0,1.0,,0.0,12.325
diabetes mellitus,"Bostal Drug Delivery Co., Ltd",1,0,1,0,0.125,0.0,0.25,0.0,0.04375,2,0.0,0.5,,,,,0.0,12.187500000000002
diabetes mellitus,George Medicines PTY Limited,1,0,1,0,0.125,0.0,0.25,0.0,0.04375,0,0.0,0.5,,,,,0.0,12.187500000000002
diabetes mellitus,Navitas Pharma,1,0,1,0,0.125,0.0,0.25,0.0,0.04375,0,0.0,0.5,,,,,0.0,12.187500000000002
diabetes mellitus,Supergenics Life Science Sdn. Bhd.,1,0,1,0,0.125,0.0,0.25,0.0,0.04375,0,0.0,0.5,,,,,0.0,12.187500000000002
diabetes mellitus,"Hanlim Pharm. Co., Ltd.",5,1,2,0,0.625,0.3333333333333333,0.5,0.0,0.15625,0,0.0,0.216,-0.06666666666666668,3.0,2.0,,0.0,12.1325
diabetes mellitus,"Shenzhen Salubris Pharmaceuticals Co., Ltd.",2,0,1,0,0.25,0.0,0.25,0.0,0.05,14,0.0,0.059999999999999984,-0.1,2.0,0.0,1.923076923076923,0.8100954344062797,11.800954344062797
diabetes mellitus,Akeso,1,0,1,0,0.125,0.0,0.25,0.0,0.04375,60,0.0,0.1999999999999999,-0.05000000000000002,1.0,0.0,1.0,0.5234906775131802,11.422406775131801
diabetes mellitus,"Imbria Pharmaceuticals, Inc.",1,0,1,0,0.125,0.0,0.25,0.0,0.04375,1,0.0,0.1999999999999999,-0.05000000000000002,1.0,0.0,1.0,0.5234906775131802,11.422406775131801
diabetes mellitus,MediWound Ltd,1,0,1,0,0.125,0.0,0.25,0.0,0.04375,3,0.0,0.1999999999999999,-0.05000000000000002,1.0,0.0,1.0,0.5234906775131802,11.422406775131801
diabetes mellitus,"Oramed, Ltd.",6,1,3,0,0.75,0.3333333333333333,0.75,0.0,0.19999999999999998,0,0.0,0.059999999999999984,-0.28333333333333327,5.0,1.0,,0.0,11.2
diabetes mellitus,HJN Sverige AB/Neko Health,4,4,0,0,0.5,1.0,0.0,0.0,0.175,0,0.0,0.12,-0.06666666666666667,3.0,1.0,,0.0,11.149999999999999
diabetes mellitus,Takeda,1,0,0,0,0.125,0.0,0.0,0.0,0.00625,26,0.0,0.12,-0.06666666666666667,1.0,0.0,2.0,0.8297130933355026,11.009630933355027
diabetes mellitus,Aurealis Oy,2,0,2,0,0.25,0.0,0.5,0.0,0.0875,0,0.0,0.3,-0.08333333333333334,1.0,1.0,,0.0,10.375
diabetes mellitus,"Dongguan HEC Biopharmaceutical R&D Co., Ltd.",2,0,2,0,0.25,0.0,0.5,0.0,0.0875,0,0.0,0.3,-0.06666666666666668,1.0,1.0,,0.0,10.375
diabetes mellitus,"Chengdu Brilliant Pharmaceutical Co., Ltd.",1,0,0,0,0.125,0.0,0.0,0.0,0.00625,1,0.0,0.5,,,,,0.0,10.3125
diabetes mellitus,"Cirius Therapeutics, Inc.",1,0,0,0,0.125,0.0,0.0,0.0,0.00625,0,0.0,0.5,,,,,0.0,10.3125
diabetes mellitus,Natural Wellness Egypt,1,0,0,0,0.125,0.0,0.0,0.0,0.00625,0,0.0,0.5,,,,,0.0,10.3125
diabetes mellitus,Scotmann Pharmaceuticals,1,0,0,0,0.125,0.0,0.0,0.0,0.00625,0,0.0,0.5,,,,,0.0,10.3125
diabetes mellitus,Torrent Pharmaceuticals Limited,1,0,0,0,0.125,0.0,0.0,0.0,0.00625,0,0.0,0.5,,,,,0.0,10.3125
diabetes mellitus,"Unity Biotechnology, Inc.",3,0,3,0,0.375,0.0,0.75,0.0,0.13124999999999998,0,0.0,0.18461538461538463,-0.13333333333333336,2.0,1.0,,0.0,10.254807692307692
diabetes mellitus,"Energenesis Biomedical Co., Ltd.",1,1,0,0,0.125,0.3333333333333333,0.0,0.0,0.056249999999999994,1,0.0,0.36000000000000004,-0.016666666666666666,1.0,0.0,,0.0,10.012500000000001
diabetes mellitus,Julius Clinical,1,1,0,0,0.125,0.3333333333333333,0.0,0.0,0.056249999999999994,0,0.0,0.36000000000000004,-0.016666666666666666,1.0,0.0,,0.0,10.012500000000001
diabetes mellitus,ConvaTec Inc.,2,0,0,0,0.25,0.0,0.0,0.0,0.0125,0,0.0,0.46,-0.03333333333333333,1.0,1.0,,0.0,9.825000000000001
diabetes mellitus,Biogen,1,0,1,0,0.125,0.0,0.25,0.0,0.04375,10,0.0,0.12,-0.06666666666666667,1.0,0.0,1.0,0.5234906775131802,9.822406775131803
diabetes mellitus,"Merck Healthcare KGaA, Darmstadt, Germany, an affiliate of Merck KGaA, Darmstadt, Germany",1,0,1,0,0.125,0.0,0.25,0.0,0.04375,4,0.0,0.12,-0.06666666666666667,1.0,0.0,1.0,0.5234906775131802,9.822406775131803
diabetes mellitus,Carmot Australia First Pty Ltd,1,0,1,0,0.125,0.0,0.25,0.0,0.04375,0,0.0,0.36000000000000004,-0.016666666666666666,1.0,0.0,,0.0,9.387500000000001
diabetes mellitus,"Curacle Co., Ltd.",1,0,1,0,0.125,0.0,0.25,0.0,0.04375,1,0.0,0.36000000000000004,-0.016666666666666666,1.0,0.0,,0.0,9.387500000000001
diabetes mellitus,Dr. Falk Pharma GmbH,1,0,1,0,0.125,0.0,0.25,0.0,0.04375,1,0.0,0.36000000000000004,-0.016666666666666666,1.0,0.0,,0.0,9.387500000000001
diabetes mellitus,Golo,1,0,1,0,0.125,0.0,0.25,0.0,0.04375,0,0.0,0.36000000000000004,-0.016666666666666666,1.0,0.0,,0.0,9.387500000000001
diabetes mellitus,ITB-Med LLC,1,0,1,0,0.125,0.0,0.25,0.0,0.04375,1,0.0,0.36000000000000004,-0.016666666666666666,1.0,0.0,,0.0,9.387500000000001
diabetes mellitus,Metabolics Pharma,1,0,1,0,0.125,0.0,0.25,0.0,0.04375,0,0.0,0.36000000000000004,-0.016666666666666666,1.0,0.0,,0.0,9.387500000000001
diabetes mellitus,Omeicos Therapeutics GmbH,1,0,1,0,0.125,0.0,0.25,0.0,0.04375,0,0.0,0.36000000000000004,-0.016666666666666666,1.0,0.0,,0.0,9.387500000000001
diabetes mellitus,Vicore Pharma AB,1,0,1,0,0.125,0.0,0.25,0.0,0.04375,1,0.0,0.36000000000000004,-0.016666666666666666,1.0,0.0,,0.0,9.387500000000001
diabetes mellitus,"Suzhou Yabao Pharmaceutical R&D Co., Ltd.",5,0,5,0,0.625,0.0,1.0,0.0,0.18125,0,0.0,0.016216216216216217,-0.2666666666666668,5.0,0.0,,0.0,9.386824324324323
diabetes mellitus,Adocia,4,0,4,0,0.5,0.0,1.0,0.0,0.175,0,0.0,0.02307692307692306,-0.18333333333333338,4.0,0.0,,0.0,9.211538461538462
diabetes mellitus,Dompé Farmaceutici S.p.A,4,0,4,0,0.5,0.0,1.0,0.0,0.175,1,0.0,0.02307692307692306,-0.20000000000000007,4.0,0.0,,0.0,9.211538461538462
diabetes mellitus,Galenicum Health,4,0,4,0,0.5,0.0,1.0,0.0,0.175,0,0.0,0.02307692307692306,-0.10000000000000002,4.0,0.0,,0.0,9.211538461538462
diabetes mellitus,"Renalytix AI, Inc.",4,4,0,0,0.5,1.0,0.0,0.0,0.175,0,0.0,0.02307692307692306,-0.20000000000000007,4.0,0.0,,0.0,9.211538461538462
diabetes mellitus,Corcept Therapeutics,3,0,1,0,0.375,0.0,0.25,0.0,0.05625,7,0.0,0.03529411764705883,-0.15,3.0,0.0,1.0,0.5234906775131802,8.75328912807298
diabetes mellitus,LumiraDx UK Limited,2,1,0,0,0.25,0.3333333333333333,0.0,0.0,0.0625,0,0.0,0.28,-0.03333333333333333,1.0,0.0,,0.0,8.725000000000001
diabetes mellitus,"Hangzhou Sciwind Biosciences Co., Ltd.",2,0,0,0,0.25,0.0,0.0,0.0,0.0125,2,0.0,0.13999999999999996,-0.05000000000000001,2.0,0.0,1.0,0.5234906775131802,8.659906775131802
diabetes mellitus,Biocad,2,2,0,0,0.25,0.6666666666666666,0.0,0.0,0.11249999999999999,11,0.0,0.13999999999999996,-0.05000000000000001,2.0,0.0,,0.0,8.424999999999999
diabetes mellitus,Retinal Care Inc.,1,1,0,0,0.125,0.3333333333333333,0.0,0.0,0.056249999999999994,0,0.0,0.28,-0.03333333333333333,1.0,0.0,,0.0,8.412500000000001
diabetes mellitus,Wuxi Hisky Medical Technology Co Ltd,1,1,0,0,0.125,0.3333333333333333,0.0,0.0,0.056249999999999994,0,0.0,0.28,-0.03333333333333333,1.0,0.0,,0.0,8.412500000000001
diabetes mellitus,Abbott Nutrition,2,0,0,0,0.25,0.0,0.0,0.0,0.0125,0,0.0,0.37999999999999995,-0.05000000000000001,1.0,1.0,,0.0,8.225
diabetes mellitus,Atrogi AB,1,0,1,0,0.125,0.0,0.25,0.0,0.04375,0,0.0,0.28,-0.03333333333333333,1.0,0.0,,0.0,7.7875
diabetes mellitus,Cell to Cure ApS,1,0,1,0,0.125,0.0,0.25,0.0,0.04375,0,0.0,0.28,-0.03333333333333333,1.0,0.0,,0.0,7.7875
diabetes mellitus,Celon Pharma SA,1,0,1,0,0.125,0.0,0.25,0.0,0.04375,0,0.0,0.28,-0.03333333333333333,1.0,0.0,,0.0,7.7875
diabetes mellitus,Cynata Therapeutics Limited,1,0,1,0,0.125,0.0,0.25,0.0,0.04375,1,0.0,0.28,-0.03333333333333333,1.0,0.0,,0.0,7.7875
diabetes mellitus,Glaceum,1,0,1,0,0.125,0.0,0.25,0.0,0.04375,1,0.0,0.28,-0.03333333333333333,1.0,0.0,,0.0,7.7875
diabetes mellitus,"Glyscend, Inc.",1,0,1,0,0.125,0.0,0.25,0.0,0.04375,0,0.0,0.28,-0.03333333333333333,1.0,0.0,,0.0,7.7875
diabetes mellitus,HighTide Therapeutics (Hong Kong) Limited,1,0,1,0,0.125,0.0,0.25,0.0,0.04375,0,0.0,0.28,-0.03333333333333333,1.0,0.0,,0.0,7.7875
diabetes mellitus,Ilya Pharma,1,0,1,0,0.125,0.0,0.25,0.0,0.04375,0,0.0,0.28,-0.03333333333333333,1.0,0.0,,0.0,7.7875
diabetes mellitus,Inventiva Pharma,1,0,1,0,0.125,0.0,0.25,0.0,0.04375,0,0.0,0.28,-0.03333333333333333,1.0,0.0,,0.0,7.7875
diabetes mellitus,Inversago Pharma Inc.,1,0,1,0,0.125,0.0,0.25,0.0,0.04375,0,0.0,0.28,-0.03333333333333333,1.0,0.0,,0.0,7.7875
diabetes mellitus,"Lannett Company, Inc.",1,0,1,0,0.125,0.0,0.25,0.0,0.04375,0,0.0,0.28,-0.03333333333333333,1.0,0.0,,0.0,7.7875
diabetes mellitus,Lavior Pharma Inc.,1,0,1,0,0.125,0.0,0.25,0.0,0.04375,0,0.0,0.28,-0.03333333333333333,1.0,0.0,,0.0,7.7875
diabetes mellitus,"Lisata Therapeutics, Inc.",1,0,1,0,0.125,0.0,0.25,0.0,0.04375,0,0.0,0.28,-0.03333333333333333,1.0,0.0,,0.0,7.7875
diabetes mellitus,Microbion Corporation,1,0,1,0,0.125,0.0,0.25,0.0,0.04375,0,0.0,0.28,-0.03333333333333333,1.0,0.0,,0.0,7.7875
diabetes mellitus,"OcuTerra Therapeutics, Inc.",1,0,1,0,0.125,0.0,0.25,0.0,0.04375,0,0.0,0.28,-0.03333333333333333,1.0,0.0,,0.0,7.7875
diabetes mellitus,"Omeza, LLC",1,0,1,0,0.125,0.0,0.25,0.0,0.04375,0,0.0,0.28,-0.03333333333333333,1.0,0.0,,0.0,7.7875
diabetes mellitus,QL Biopharmaceutical Australia Pty Ltd,1,0,1,0,0.125,0.0,0.25,0.0,0.04375,0,0.0,0.28,-0.03333333333333333,1.0,0.0,,0.0,7.7875
diabetes mellitus,Regor Pharmaceuticals Inc.,1,0,1,0,0.125,0.0,0.25,0.0,0.04375,3,0.0,0.28,-0.03333333333333333,1.0,0.0,,0.0,7.7875
diabetes mellitus,Samik Pharmaceutical Co. Ltd.,1,0,1,0,0.125,0.0,0.25,0.0,0.04375,0,0.0,0.28,-0.03333333333333333,1.0,0.0,,0.0,7.7875
diabetes mellitus,"Sciwind Biosciences USA Co., Ltd.",1,0,1,0,0.125,0.0,0.25,0.0,0.04375,0,0.0,0.28,-0.03333333333333333,1.0,0.0,,0.0,7.7875
diabetes mellitus,Throne Biotechnologies Inc.,1,0,1,0,0.125,0.0,0.25,0.0,0.04375,0,0.0,0.28,-0.03333333333333333,1.0,0.0,,0.0,7.7875
diabetes mellitus,Tracon Pharmaceuticals Inc.,1,0,1,0,0.125,0.0,0.25,0.0,0.04375,0,0.0,0.28,-0.03333333333333333,1.0,0.0,,0.0,7.7875
diabetes mellitus,"Valo Health, Inc.",1,0,1,0,0.125,0.0,0.25,0.0,0.04375,0,0.0,0.28,-0.03333333333333333,1.0,0.0,,0.0,7.7875
diabetes mellitus,JW Pharmaceutical,4,1,0,0,0.5,0.3333333333333333,0.0,0.0,0.075,2,0.0,0.19999999999999996,-0.05000000000000001,3.0,1.0,,0.0,7.749999999999998
diabetes mellitus,Daxor Corporation,1,0,0,0,0.125,0.0,0.0,0.0,0.00625,0,0.0,0.36000000000000004,-0.016666666666666666,1.0,0.0,,0.0,7.512500000000001
diabetes mellitus,"Jeil Pharmaceutical Co., Ltd.",4,0,2,0,0.5,0.0,0.5,0.0,0.1,0,0.0,0.12,-0.16666666666666669,3.0,1.0,,0.0,7.400000000000001
diabetes mellitus,Arecor Limited,3,0,3,0,0.375,0.0,0.75,0.0,0.13124999999999998,0,0.0,0.03529411764705883,-0.11666666666666667,3.0,0.0,,0.0,7.268382352941176
diabetes mellitus,Perspectum,2,2,0,0,0.25,0.6666666666666666,0.0,0.0,0.11249999999999999,0,0.0,0.059999999999999984,-0.1,2.0,0.0,,0.0,6.824999999999999
diabetes mellitus,George (Beijing) Clinical Research Co. Ltd.,1,1,0,0,0.125,0.3333333333333333,0.0,0.0,0.056249999999999994,0,0.0,0.1999999999999999,-0.05000000000000002,1.0,0.0,,0.0,6.812499999999997
diabetes mellitus,Mirvie,1,1,0,0,0.125,0.3333333333333333,0.0,0.0,0.056249999999999994,0,0.0,0.1999999999999999,-0.05000000000000002,1.0,0.0,,0.0,6.812499999999997
diabetes mellitus,Tiohundra AB,1,1,0,0,0.125,0.3333333333333333,0.0,0.0,0.056249999999999994,0,0.0,0.1999999999999999,-0.05000000000000002,1.0,0.0,,0.0,6.812499999999997
diabetes mellitus,Tobias Moeller-Bertram,1,1,0,0,0.125,0.3333333333333333,0.0,0.0,0.056249999999999994,0,0.0,0.1999999999999999,-0.05000000000000002,1.0,0.0,,0.0,6.812499999999997
diabetes mellitus,Diamontech AG,2,0,0,0,0.25,0.0,0.0,0.0,0.0125,0,0.0,0.3,-0.06666666666666668,1.0,1.0,,0.0,6.625
diabetes mellitus,"Adverum Biotechnologies, Inc.",2,1,1,0,0.25,0.3333333333333333,0.25,0.0,0.09999999999999999,2,0.0,0.059999999999999984,-0.1,2.0,0.0,,0.0,6.199999999999999
diabetes mellitus,"Provention Bio, a Sanofi Company",2,1,1,0,0.25,0.3333333333333333,0.25,0.0,0.09999999999999999,0,0.0,0.059999999999999984,-0.13333333333333333,2.0,0.0,,0.0,6.199999999999999
diabetes mellitus,"Adaptive Phage Therapeutics, Inc.",1,0,1,0,0.125,0.0,0.25,0.0,0.04375,0,0.0,0.1999999999999999,-0.05000000000000002,1.0,0.0,,0.0,6.187499999999998
diabetes mellitus,"Alkahest, Inc.",1,0,1,0,0.125,0.0,0.25,0.0,0.04375,0,0.0,0.1999999999999999,-0.05000000000000002,1.0,0.0,,0.0,6.187499999999998
diabetes mellitus,"Anelixis Therapeutics, LLC",1,0,1,0,0.125,0.0,0.25,0.0,0.04375,0,0.0,0.1999999999999999,-0.05000000000000002,1.0,0.0,,0.0,6.187499999999998
diabetes mellitus,Centrexion Therapeutics,1,0,1,0,0.125,0.0,0.25,0.0,0.04375,1,0.0,0.1999999999999999,-0.05000000000000002,1.0,0.0,,0.0,6.187499999999998
diabetes mellitus,Entero Therapeutics,1,0,1,0,0.125,0.0,0.25,0.0,0.04375,0,0.0,0.1999999999999999,-0.05000000000000002,1.0,0.0,,0.0,6.187499999999998
diabetes mellitus,Guizhou Bailing Group Pharmaceutical Co Ltd,1,0,1,0,0.125,0.0,0.25,0.0,0.04375,0,0.0,0.1999999999999999,-0.05000000000000002,1.0,0.0,,0.0,6.187499999999998
diabetes mellitus,IlDong Pharmaceutical Co Ltd,1,0,1,0,0.125,0.0,0.25,0.0,0.04375,1,0.0,0.1999999999999999,-0.05000000000000002,1.0,0.0,,0.0,6.187499999999998
diabetes mellitus,"Neuraly, Inc.",1,0,1,0,0.125,0.0,0.25,0.0,0.04375,0,0.0,0.1999999999999999,-0.05000000000000002,1.0,0.0,,0.0,6.187499999999998
diabetes mellitus,"Newsoara Biopharma Co., Ltd.",1,0,1,0,0.125,0.0,0.25,0.0,0.04375,3,0.0,0.1999999999999999,-0.05000000000000002,1.0,0.0,,0.0,6.187499999999998
diabetes mellitus,"Ocuphire Pharma, Inc.",1,0,1,0,0.125,0.0,0.25,0.0,0.04375,0,0.0,0.1999999999999999,-0.05000000000000002,1.0,0.0,,0.0,6.187499999999998
diabetes mellitus,Sanotize Research and Development corp.,1,0,1,0,0.125,0.0,0.25,0.0,0.04375,0,0.0,0.1999999999999999,-0.05000000000000002,1.0,0.0,,0.0,6.187499999999998
diabetes mellitus,Serodus AS,1,0,1,0,0.125,0.0,0.25,0.0,0.04375,0,0.0,0.1999999999999999,-0.05000000000000002,1.0,0.0,,0.0,6.187499999999998
diabetes mellitus,"Technophage, SA",1,0,1,0,0.125,0.0,0.25,0.0,0.04375,1,0.0,0.1999999999999999,-0.05000000000000002,1.0,0.0,,0.0,6.187499999999998
diabetes mellitus,TikoMed AB,1,0,1,0,0.125,0.0,0.25,0.0,0.04375,0,0.0,0.1999999999999999,-0.05000000000000002,1.0,0.0,,0.0,6.187499999999998
diabetes mellitus,"Anterogen Co., Ltd.",4,1,1,0,0.5,0.3333333333333333,0.25,0.0,0.11249999999999999,1,0.0,0.02307692307692306,-0.21666666666666673,4.0,0.0,,0.0,6.086538461538461
diabetes mellitus,Laboratorios Silanes S.A. de C.V.,4,0,1,0,0.5,0.0,0.25,0.0,0.0625,0,0.0,0.13999999999999996,-0.05000000000000001,2.0,0.0,,0.0,5.925
diabetes mellitus,Aziende Chimiche Riunite Angelini Francesco S.p.A,1,0,0,0,0.125,0.0,0.0,0.0,0.00625,0,0.0,0.28,-0.03333333333333333,1.0,0.0,,0.0,5.912500000000001
diabetes mellitus,"Chengdu Easton Biopharmaceuticals Co,Ltd",1,0,0,0,0.125,0.0,0.0,0.0,0.00625,0,0.0,0.28,-0.03333333333333333,1.0,0.0,,0.0,5.912500000000001
diabetes mellitus,"Daewon Pharmaceutical Co., Ltd.",1,0,0,0,0.125,0.0,0.0,0.0,0.00625,6,0.0,0.28,-0.03333333333333333,1.0,0.0,,0.0,5.912500000000001
diabetes mellitus,Eva Pharma,1,0,0,0,0.125,0.0,0.0,0.0,0.00625,0,0.0,0.28,-0.03333333333333333,1.0,0.0,,0.0,5.912500000000001
diabetes mellitus,"Hangzhou Jiuyuan Gene Engineering Co. Ltd.,",1,0,0,0,0.125,0.0,0.0,0.0,0.00625,0,0.0,0.28,-0.03333333333333333,1.0,0.0,,0.0,5.912500000000001
diabetes mellitus,LabStyle Innovations Ltd.,1,0,0,0,0.125,0.0,0.0,0.0,0.00625,0,0.0,0.28,-0.03333333333333333,1.0,0.0,,0.0,5.912500000000001
diabetes mellitus,Notal Vision Inc.,1,0,0,0,0.125,0.0,0.0,0.0,0.00625,0,0.0,0.28,-0.03333333333333333,1.0,0.0,,0.0,5.912500000000001
diabetes mellitus,Respyr,1,0,0,0,0.125,0.0,0.0,0.0,0.00625,0,0.0,0.28,-0.03333333333333333,1.0,0.0,,0.0,5.912500000000001
diabetes mellitus,Sigvaris France,1,0,0,0,0.125,0.0,0.0,0.0,0.00625,0,0.0,0.28,-0.03333333333333333,1.0,0.0,,0.0,5.912500000000001
diabetes mellitus,Switch Health Solutions Inc.,1,0,0,0,0.125,0.0,0.0,0.0,0.00625,0,0.0,0.28,-0.03333333333333333,1.0,0.0,,0.0,5.912500000000001
diabetes mellitus,Votis Subdermal Imaging Technologies LTD,1,0,0,0,0.125,0.0,0.0,0.0,0.00625,0,0.0,0.28,-0.03333333333333333,1.0,0.0,,0.0,5.912500000000001
diabetes mellitus,CuraLife,2,0,2,0,0.25,0.0,0.5,0.0,0.0875,0,0.0,0.059999999999999984,-0.10000000000000003,2.0,0.0,,0.0,5.574999999999999
diabetes mellitus,"Goldfinch Bio, Inc.",2,0,2,0,0.25,0.0,0.5,0.0,0.0875,0,0.0,0.059999999999999984,-0.11666666666666668,2.0,0.0,,0.0,5.574999999999999
diabetes mellitus,Oxurion,2,0,2,0,0.25,0.0,0.5,0.0,0.0875,0,0.0,0.059999999999999984,-0.11666666666666668,2.0,0.0,,0.0,5.574999999999999
diabetes mellitus,Sciwind Biosciences APAC CO Pty. Ltd.,2,0,2,0,0.25,0.0,0.5,0.0,0.0875,0,0.0,0.059999999999999984,-0.1,2.0,0.0,,0.0,5.574999999999999
diabetes mellitus,"Youngene Therapeutics Inc., Ltd.",2,0,2,0,0.25,0.0,0.5,0.0,0.0875,0,0.0,0.059999999999999984,-0.08333333333333336,2.0,0.0,,0.0,5.574999999999999
diabetes mellitus,China National Biotec Group Company Limited,4,0,0,0,0.5,0.0,0.0,0.0,0.025,1,0.0,0.1999999999999999,-0.05000000000000002,1.0,0.0,,0.0,5.249999999999997
diabetes mellitus,Alimera Sciences,1,1,0,0,0.125,0.3333333333333333,0.0,0.0,0.056249999999999994,0,0.0,0.12,-0.06666666666666667,1.0,0.0,,0.0,5.2124999999999995
diabetes mellitus,"DyAnsys, Inc.",2,0,0,0,0.25,0.0,0.0,0.0,0.0125,0,0.0,0.1999999999999999,-0.05000000000000002,1.0,0.0,,0.0,4.624999999999998
diabetes mellitus,Abvance Therapeutics,1,0,1,0,0.125,0.0,0.25,0.0,0.04375,0,0.0,0.12,-0.06666666666666667,1.0,0.0,,0.0,4.5875
diabetes mellitus,Afimmune,1,0,1,0,0.125,0.0,0.25,0.0,0.04375,0,0.0,0.12,-0.06666666666666667,1.0,0.0,,0.0,4.5875
diabetes mellitus,Akros Pharma Inc.,1,0,1,0,0.125,0.0,0.25,0.0,0.04375,1,0.0,0.12,-0.06666666666666667,1.0,0.0,,0.0,4.5875
diabetes mellitus,Aposcience AG,1,0,1,0,0.125,0.0,0.25,0.0,0.04375,0,0.0,0.12,-0.06666666666666667,1.0,0.0,,0.0,4.5875
diabetes mellitus,"AsclepiX Therapeutics, Inc.",1,0,1,0,0.125,0.0,0.25,0.0,0.04375,0,0.0,0.12,-0.06666666666666667,1.0,0.0,,0.0,4.5875
diabetes mellitus,Breath of Life International Pharma Ltd,1,0,1,0,0.125,0.0,0.25,0.0,0.04375,0,0.0,0.12,-0.06666666666666667,1.0,0.0,,0.0,4.5875
diabetes mellitus,Catalysis SL,1,0,1,0,0.125,0.0,0.25,0.0,0.04375,1,0.0,0.12,-0.06666666666666667,1.0,0.0,,0.0,4.5875
diabetes mellitus,Exonate Limited,1,0,1,0,0.125,0.0,0.25,0.0,0.04375,0,0.0,0.12,-0.06666666666666667,1.0,0.0,,0.0,4.5875
diabetes mellitus,Imcyse SA,1,0,1,0,0.125,0.0,0.25,0.0,0.04375,0,0.0,0.12,-0.06666666666666667,1.0,0.0,,0.0,4.5875
diabetes mellitus,"Immunomolecular Therapeutics, Inc.",1,0,1,0,0.125,0.0,0.25,0.0,0.04375,0,0.0,0.12,-0.06666666666666667,1.0,0.0,,0.0,4.5875
diabetes mellitus,Lexicon Pharmaceuticals,1,0,1,0,0.125,0.0,0.25,0.0,0.04375,0,0.0,0.12,-0.06666666666666667,1.0,0.0,,0.0,4.5875
diabetes mellitus,"Metacrine, Inc.",1,0,1,0,0.125,0.0,0.25,0.0,0.04375,0,0.0,0.12,-0.06666666666666667,1.0,0.0,,0.0,4.5875
diabetes mellitus,"WinSanTor, Inc",1,0,1,0,0.125,0.0,0.25,0.0,0.04375,0,0.0,0.12,-0.06666666666666667,1.0,0.0,,0.0,4.5875
diabetes mellitus,Abbott Diabetes Care,1,0,0,0,0.125,0.0,0.0,0.0,0.00625,0,0.0,0.1999999999999999,-0.05000000000000002,1.0,0.0,,0.0,4.312499999999998
diabetes mellitus,Anji Pharma,1,0,0,0,0.125,0.0,0.0,0.0,0.00625,0,0.0,0.1999999999999999,-0.05000000000000002,1.0,0.0,,0.0,4.312499999999998
diabetes mellitus,Emerald Clinical Inc.,1,0,0,0,0.125,0.0,0.0,0.0,0.00625,1,0.0,0.1999999999999999,-0.05000000000000002,1.0,0.0,,0.0,4.312499999999998
diabetes mellitus,"Eyenuk, Inc.",1,0,0,0,0.125,0.0,0.0,0.0,0.00625,0,0.0,0.1999999999999999,-0.05000000000000002,1.0,0.0,,0.0,4.312499999999998
diabetes mellitus,M-DT1,1,0,0,0,0.125,0.0,0.0,0.0,0.00625,0,0.0,0.1999999999999999,-0.05000000000000002,1.0,0.0,,0.0,4.312499999999998
diabetes mellitus,Prenome,1,0,0,0,0.125,0.0,0.0,0.0,0.00625,0,0.0,0.1999999999999999,-0.05000000000000002,1.0,0.0,,0.0,4.312499999999998
diabetes mellitus,Sinocare,1,0,0,0,0.125,0.0,0.0,0.0,0.00625,0,0.0,0.1999999999999999,-0.05000000000000002,1.0,0.0,,0.0,4.312499999999998
diabetes mellitus,Tabula Rasa HealthCare,1,0,0,0,0.125,0.0,0.0,0.0,0.00625,0,0.0,0.1999999999999999,-0.05000000000000002,1.0,0.0,,0.0,4.312499999999998
diabetes mellitus,Verily Life Sciences LLC,1,0,0,0,0.125,0.0,0.0,0.0,0.00625,0,0.0,0.1999999999999999,-0.05000000000000002,1.0,0.0,,0.0,4.312499999999998
diabetes mellitus,"Yooyoung Pharmaceutical Co., Ltd.",1,0,0,0,0.125,0.0,0.0,0.0,0.00625,0,0.0,0.1999999999999999,-0.05000000000000002,1.0,0.0,,0.0,4.312499999999998
diabetes mellitus,Kodiak Sciences Inc,4,0,0,0,0.5,0.0,0.0,0.0,0.025,0,0.0,0.12,-0.18333333333333338,3.0,1.0,,0.0,3.6500000000000004
diabetes mellitus,Handok Inc.,3,0,1,0,0.375,0.0,0.25,0.0,0.05625,0,0.0,0.03529411764705883,-0.13333333333333333,3.0,0.0,,0.0,3.5183823529411766
diabetes mellitus,"Sichuan Haisco Pharmaceutical Group Co., Ltd",3,0,1,0,0.375,0.0,0.25,0.0,0.05625,0,0.0,0.03529411764705883,-0.19999999999999998,3.0,0.0,,0.0,3.5183823529411766
diabetes mellitus,SpectralMD,2,0,0,0,0.25,0.0,0.0,0.0,0.0125,0,0.0,0.13999999999999996,-0.05000000000000001,2.0,0.0,,0.0,3.4249999999999994
diabetes mellitus,Ascension Health,1,0,0,0,0.125,0.0,0.0,0.0,0.00625,1,0.0,0.12,-0.06666666666666667,1.0,0.0,,0.0,2.7125
diabetes mellitus,Cadila Pharnmaceuticals,1,0,0,0,0.125,0.0,0.0,0.0,0.00625,0,0.0,0.12,-0.06666666666666667,1.0,0.0,,0.0,2.7125
diabetes mellitus,"Celltrion Pharm, Inc.",1,0,0,0,0.125,0.0,0.0,0.0,0.00625,0,0.0,0.12,-0.06666666666666667,1.0,0.0,,0.0,2.7125
diabetes mellitus,"Helixmith Co., Ltd.",1,0,0,0,0.125,0.0,0.0,0.0,0.00625,0,0.0,0.12,-0.06666666666666667,1.0,0.0,,0.0,2.7125
diabetes mellitus,Johnson & Johnson Private Limited,1,0,0,0,0.125,0.0,0.0,0.0,0.00625,0,0.0,0.12,-0.06666666666666667,1.0,0.0,,0.0,2.7125
diabetes mellitus,Kobe University,1,0,0,0,0.125,0.0,0.0,0.0,0.00625,0,0.0,0.12,-0.06666666666666667,1.0,0.0,,0.0,2.7125
diabetes mellitus,Momentum Data,1,0,0,0,0.125,0.0,0.0,0.0,0.00625,0,0.0,0.12,-0.06666666666666667,1.0,0.0,,0.0,2.7125
diabetes mellitus,Visionary Intelligence Ltd.,1,0,0,0,0.125,0.0,0.0,0.0,0.00625,0,0.0,0.12,-0.06666666666666667,1.0,0.0,,0.0,2.7125
diabetes mellitus,Yuhan Corporation,1,0,0,0,0.125,0.0,0.0,0.0,0.00625,6,0.0,0.12,-0.06666666666666667,1.0,0.0,,0.0,2.7125
diabetes mellitus,"Changshan ConjuChem BioPharmaceutical Research and Development (Hebei) Co., Ltd.",2,0,0,0,0.25,0.0,0.0,0.0,0.0125,1,0.0,0.059999999999999984,-0.10000000000000003,2.0,0.0,,0.0,1.8249999999999995
diabetes mellitus,Geropharm,2,0,0,0,0.25,0.0,0.0,0.0,0.0125,0,0.0,0.059999999999999984,-0.08333333333333334,2.0,0.0,,0.0,1.8249999999999995
diabetes mellitus,"Podimetrics, Inc.",2,0,0,0,0.25,0.0,0.0,0.0,0.0125,0,0.0,0.059999999999999984,-0.13333333333333333,2.0,0.0,,0.0,1.8249999999999995
diabetes mellitus,Progenitec Inc.,2,0,0,0,0.25,0.0,0.0,0.0,0.0125,0,0.0,0.059999999999999984,-0.06666666666666667,2.0,0.0,,0.0,1.8249999999999995
diabetes mellitus,"RETINA-AI Health, Inc.",2,0,0,0,0.25,0.0,0.0,0.0,0.0125,0,0.0,0.059999999999999984,-0.08333333333333336,2.0,0.0,,0.0,1.8249999999999995
diabetes mellitus,Sanguine Biosciences,2,0,0,0,0.25,0.0,0.0,0.0,0.0125,0,0.0,0.059999999999999984,-0.08333333333333336,2.0,0.0,,0.0,1.8249999999999995
diabetes mellitus,Servier Affaires Médicales,2,0,0,0,0.25,0.0,0.0,0.0,0.0125,0,0.0,0.059999999999999984,-0.06666666666666667,2.0,0.0,,0.0,1.8249999999999995
diabetes mellitus,Nova Biomedical,3,0,0,0,0.375,0.0,0.0,0.0,0.018750000000000003,0,0.0,0.03529411764705883,-0.15000000000000002,3.0,0.0,,0.0,1.6433823529411768
kidney diseases,"Vera Therapeutics, Inc.",5,4,3,3,1.0,1.0,0.75,1.0,0.9625,3,1.0,0.6239999999999999,-0.016666666666666673,2.0,3.0,2.0,0.8297130933355026,88.90213093335502
kidney diseases,"China Immunotech (Beijing) Biotechnology Co., Ltd.",4,4,4,4,0.8,1.0,1.0,1.0,0.9900000000000001,7,0.5714285714285714,0.9769230769230769,0.06666666666666667,0.0,4.0,1.8615384615384616,0.7940259472305706,88.40729243933868
kidney diseases,United Therapeutics,2,2,2,2,0.4,0.6666666666666666,0.5,1.0,0.845,2,1.0,0.88,0.016666666666666666,0.0,1.0,1.0,0.5234906775131802,85.08490677513181
kidney diseases,Akebia Therapeutics,6,3,2,2,1.0,1.0,0.5,1.0,0.925,3,0.6666666666666666,0.88,0.01666666666666666,1.0,3.0,1.7999999999999998,0.7776070961516035,84.95940429484938
kidney diseases,Ebima Clifford Okundaye,3,2,3,2,0.6,0.6666666666666666,0.75,1.0,0.8925,2,1.0,0.7,0.01666666666666666,1.0,1.0,1.0,0.5234906775131802,83.8599067751318
kidney diseases,Jemincare,9,7,8,7,1.0,1.0,1.0,1.0,1.0,16,0.4375,0.9717647058823529,0.08333333333333334,1.0,8.0,1.0,0.5234906775131802,83.42020089277887
kidney diseases,"Rigerna Therapeutics Co., Ltd.; Rigerna Therapeutics (Beijing) Co., Ltd.",2,2,2,2,0.4,0.6666666666666666,0.5,1.0,0.845,3,0.6666666666666666,0.9400000000000001,0.05000000000000001,0.0,2.0,2.0,0.8297130933355026,82.68046426668836
kidney diseases,Regeneron Pharmaceuticals,7,7,6,6,1.0,1.0,1.0,1.0,1.0,60,0.1,0.9547169811320755,0.06666666666666668,1.0,6.0,4.94392523364486,1.0,81.09433962264151
kidney diseases,Adicet Therapeutics,2,2,2,2,0.4,0.6666666666666666,0.5,1.0,0.845,3,0.6666666666666666,0.8600000000000001,-3.583229404124382e-18,0.0,2.0,2.0,0.8297130933355026,81.08046426668835
kidney diseases,"Jiangsu Hansoh Pharmaceutical Co., Ltd.",4,3,4,3,0.8,1.0,1.0,1.0,0.9900000000000001,42,0.07142857142857142,0.9769230769230769,0.05000000000000001,0.0,4.0,3.5555555555555554,1.0,80.46703296703296
kidney diseases,"Shandong Suncadia Medicine Co., Ltd.",10,4,8,2,1.0,1.0,1.0,1.0,1.0,35,0.05714285714285714,0.9400000000000001,0.06666666666666668,1.0,5.0,2.2727272727272725,0.895427339846409,78.89713054132123
kidney diseases,Eledon Pharmaceuticals,4,2,4,2,0.8,0.6666666666666666,1.0,1.0,0.9400000000000001,2,1.0,0.3,-0.10000000000000002,2.0,2.0,1.0,0.5234906775131802,78.23490677513179
kidney diseases,"Climb Bio, Inc.",2,2,2,2,0.4,0.6666666666666666,0.5,1.0,0.845,5,0.4,0.9400000000000001,0.03333333333333333,0.0,2.0,1.923076923076923,0.8100954344062797,77.1509543440628
kidney diseases,"ADARx Pharmaceuticals, Inc.",2,2,2,2,0.4,0.6666666666666666,0.5,1.0,0.845,7,0.2857142857142857,0.9400000000000001,0.05000000000000001,0.0,2.0,2.7777777777777772,1.0,76.76428571428572
kidney diseases,"GI Innovation, Inc.",3,3,3,3,0.6,1.0,0.75,1.0,0.9425,4,0.75,0.26461538461538453,-0.05000000000000002,2.0,1.0,2.2727272727272725,0.895427339846409,76.37158109077178
kidney diseases,CSL Behring,5,3,4,3,1.0,1.0,1.0,1.0,1.0,6,0.5,0.216,-0.08333333333333333,3.0,2.0,2.882352941176471,1.0,74.32
kidney diseases,"Otsuka Pharmaceutical Development & Commercialization, Inc.",9,7,5,4,1.0,1.0,1.0,1.0,1.0,9,0.4444444444444444,0.2459016393442623,-0.08333333333333334,5.0,4.0,2.8139534883720936,1.0,73.80692167577413
kidney diseases,Vertex Pharmaceuticals Incorporated,13,5,12,4,1.0,1.0,1.0,1.0,1.0,14,0.2857142857142857,0.48,-0.08333333333333336,4.0,9.0,2.0,0.8297130933355026,73.61141664764074
kidney diseases,Excyte Biopharma Ltd,2,2,2,2,0.4,0.6666666666666666,0.5,1.0,0.845,7,0.2857142857142857,0.88,0.016666666666666666,0.0,1.0,1.7999999999999998,0.7776070961516035,73.34035667580176
kidney diseases,"Juno Therapeutics, Inc., a Bristol-Myers Squibb Company",2,2,2,2,0.4,0.6666666666666666,0.5,1.0,0.845,9,0.2222222222222222,0.9400000000000001,0.03333333333333333,0.0,2.0,1.6896551724137931,0.7472417035095585,72.96686147954003
kidney diseases,Beijing Biotech,2,2,2,2,0.4,0.6666666666666666,0.5,1.0,0.845,32,0.0625,0.9400000000000001,0.06666666666666667,0.0,2.0,2.7777777777777772,1.0,72.3
kidney diseases,Shanghai Henlius Biotech,2,2,2,2,0.4,0.6666666666666666,0.5,1.0,0.845,46,0.043478260869565216,0.9400000000000001,0.03333333333333333,0.0,2.0,2.571428571428571,0.9613912928910499,71.5334781463018
kidney diseases,GlaxoSmithKline,10,7,7,6,1.0,1.0,1.0,1.0,1.0,88,0.06818181818181818,0.48,-0.1166666666666667,3.0,7.0,2.73972602739726,0.9961674666339388,70.92531102997576
kidney diseases,HiFiBiO Therapeutics,3,2,3,2,0.6,0.6666666666666666,0.75,1.0,0.8925,2,1.0,0.03529411764705883,-0.08333333333333336,3.0,0.0,1.0,0.5234906775131802,70.56578912807298
kidney diseases,Calico Life Sciences LLC,2,2,2,2,0.4,0.6666666666666666,0.5,1.0,0.845,3,0.6666666666666666,0.46,-0.03333333333333333,1.0,1.0,1.0,0.5234906775131802,70.01824010846512
kidney diseases,"Shenzhen Salubris Pharmaceuticals Co., Ltd.",5,3,2,2,1.0,1.0,0.5,1.0,0.925,14,0.14285714285714285,0.64,-0.03333333333333333,1.0,3.0,1.923076923076923,0.8100954344062797,70.00809720120566
kidney diseases,Novartis Pharmaceuticals,42,27,18,10,1.0,1.0,1.0,1.0,1.0,120,0.08333333333333333,0.40559999999999996,-0.2500000000000001,17.0,25.0,2.8221574344023326,1.0,69.77866666666667
kidney diseases,AstraZeneca,82,27,44,12,1.0,1.0,1.0,1.0,1.0,151,0.07947019867549669,0.3972972972972973,-1.116666666666667,34.0,48.0,5.731343283582089,1.0,69.53534991945587
kidney diseases,"Guangdong Hengrui Pharmaceutical Co., Ltd",4,2,4,2,0.8,0.6666666666666666,1.0,1.0,0.9400000000000001,29,0.06896551724137931,0.6199999999999999,-7.166458808248764e-18,2.0,2.0,2.1333333333333333,0.8625546764069086,69.40485710889668
kidney diseases,AbelZeta Inc.,2,1,2,1,0.4,0.3333333333333333,0.5,0.5,0.47000000000000003,1,1.0,0.88,0.03333333333333333,0.0,1.0,2.0,0.8297130933355026,69.39713093335503
kidney diseases,Fate Therapeutics,4,2,4,2,0.8,0.6666666666666666,1.0,1.0,0.9400000000000001,5,0.4,0.3,-0.08333333333333336,2.0,2.0,2.0,0.8297130933355026,69.29713093335504
kidney diseases,Allogene Therapeutics,2,2,2,2,0.4,0.6666666666666666,0.5,1.0,0.845,4,0.5,0.46,-0.03333333333333333,1.0,1.0,1.7999999999999998,0.7776070961516035,69.22607096151603
kidney diseases,Eli Lilly and Company,19,8,15,5,1.0,1.0,1.0,1.0,1.0,111,0.04504504504504504,0.38399999999999995,-0.1833333333333334,8.0,11.0,3.6337209302325575,1.0,68.5809009009009
kidney diseases,"Shanghai Jiaolian Drug Research and Development Co., Ltd",2,2,2,2,0.4,0.6666666666666666,0.5,1.0,0.845,6,0.3333333333333333,0.54,-0.01666666666666667,1.0,1.0,1.923076923076923,0.8100954344062797,67.81762101072945
kidney diseases,"Arcus Biosciences, Inc.",3,3,2,2,0.6,1.0,0.5,1.0,0.905,7,0.2857142857142857,0.5753846153846153,-0.03333333333333335,1.0,2.0,1.0,0.5234906775131802,67.70688479710982
kidney diseases,Alebund Pharmaceuticals,4,2,2,1,0.8,0.6666666666666666,0.5,0.5,0.54,1,1.0,0.6199999999999999,-7.166458808248764e-18,2.0,2.0,2.0,0.8297130933355026,67.69713093335503
kidney diseases,Kyverna Therapeutics,3,3,2,2,0.6,1.0,0.5,1.0,0.905,5,0.4,0.34461538461538455,-0.03333333333333335,2.0,1.0,1.6896551724137931,0.7472417035095585,67.61472472740326
kidney diseases,Boehringer Ingelheim,16,7,10,2,1.0,1.0,1.0,1.0,1.0,63,0.031746031746031744,0.36585365853658536,-0.1333333333333334,7.0,9.0,2.571428571428571,0.9613912928910499,67.56590673456283
kidney diseases,NovelMed Therapeutics,2,2,2,2,0.4,0.6666666666666666,0.5,1.0,0.845,8,0.25,0.5,,,,2.7777777777777772,1.0,67.25
kidney diseases,Walden Biosciences,1,1,1,1,0.2,0.3333333333333333,0.25,0.5,0.4225,1,1.0,0.8,-1.791614702062191e-18,0.0,1.0,3.0,1.0,67.125
kidney diseases,"Bilix Co.,Ltd.",1,1,1,1,0.2,0.3333333333333333,0.25,0.5,0.4225,1,1.0,0.88,0.016666666666666666,0.0,1.0,2.0,0.8297130933355026,67.02213093335503
kidney diseases,CRISPR Therapeutics,1,1,1,1,0.2,0.3333333333333333,0.25,0.5,0.4225,1,1.0,0.88,0.016666666666666666,0.0,1.0,2.0,0.8297130933355026,67.02213093335503
kidney diseases,"Century Therapeutics, Inc.",1,1,1,1,0.2,0.3333333333333333,0.25,0.5,0.4225,1,1.0,0.88,0.016666666666666666,0.0,1.0,2.0,0.8297130933355026,67.02213093335503
kidney diseases,Degron Therapeutics Co.,1,1,1,1,0.2,0.3333333333333333,0.25,0.5,0.4225,1,1.0,0.88,0.016666666666666666,0.0,1.0,2.0,0.8297130933355026,67.02213093335503
kidney diseases,Purespring Therapeutics Limited,1,1,1,1,0.2,0.3333333333333333,0.25,0.5,0.4225,1,1.0,0.88,0.03333333333333333,0.0,1.0,2.0,0.8297130933355026,67.02213093335503
kidney diseases,SAPU NANO (US) LLC,1,1,1,1,0.2,0.3333333333333333,0.25,0.5,0.4225,1,1.0,0.88,0.016666666666666666,0.0,1.0,2.0,0.8297130933355026,67.02213093335503
kidney diseases,Second Life Therapeutics,1,1,1,1,0.2,0.3333333333333333,0.25,0.5,0.4225,1,1.0,0.88,0.03333333333333333,0.0,1.0,2.0,0.8297130933355026,67.02213093335503
kidney diseases,"ViroMissile, Inc.",1,1,1,1,0.2,0.3333333333333333,0.25,0.5,0.4225,1,1.0,0.88,0.016666666666666666,0.0,1.0,2.0,0.8297130933355026,67.02213093335503
kidney diseases,"Haisco Pharmaceutical Group Co., Ltd.",9,3,7,2,1.0,1.0,1.0,1.0,1.0,34,0.058823529411764705,0.3540983606557377,-0.06666666666666668,4.0,5.0,2.0,0.8297130933355026,66.55556873470508
kidney diseases,Incyte Corporation,9,3,9,3,1.0,1.0,1.0,1.0,1.0,31,0.0967741935483871,0.2459016393442623,-0.1666666666666667,5.0,4.0,2.571428571428571,0.9613912928910499,66.46742958676349
kidney diseases,"Everest Medicines (China) Co.,Ltd.",2,1,2,1,0.4,0.3333333333333333,0.5,0.5,0.47000000000000003,1,1.0,0.7,0.01666666666666666,1.0,1.0,2.0,0.8297130933355026,65.79713093335504
kidney diseases,Merck Sharp & Dohme LLC,34,17,26,10,1.0,1.0,1.0,1.0,1.0,121,0.08264462809917356,0.2027027027027027,-0.7666666666666668,20.0,14.0,3.4186046511627914,1.0,65.70694661603753
kidney diseases,"7 Hills Pharma, LLC",1,1,1,1,0.2,0.3333333333333333,0.25,0.5,0.4225,1,1.0,0.8,-1.791614702062191e-18,0.0,1.0,2.0,0.8297130933355026,65.42213093335502
kidney diseases,"LaunXP Biomedical Co., Ltd.",1,1,1,1,0.2,0.3333333333333333,0.25,0.5,0.4225,1,1.0,0.8,-1.791614702062191e-18,0.0,1.0,2.0,0.8297130933355026,65.42213093335502
kidney diseases,Nammi Therapeutics Inc,1,1,1,1,0.2,0.3333333333333333,0.25,0.5,0.4225,1,1.0,0.8,-1.791614702062191e-18,0.0,1.0,2.0,0.8297130933355026,65.42213093335502
kidney diseases,Noorik Biopharmaceuticals AG,1,1,1,1,0.2,0.3333333333333333,0.25,0.5,0.4225,1,1.0,0.8,-1.791614702062191e-18,0.0,1.0,2.0,0.8297130933355026,65.42213093335502
kidney diseases,PT. JES Kasih Nusantara Sejahterah,1,1,1,1,0.2,0.3333333333333333,0.25,0.5,0.4225,1,1.0,0.8,-1.791614702062191e-18,0.0,1.0,2.0,0.8297130933355026,65.42213093335502
kidney diseases,"Beijing Mabworks Biotech Co., Ltd.",4,3,3,2,0.8,1.0,0.75,1.0,0.9525,6,0.3333333333333333,0.12,-0.0666666666666667,3.0,1.0,1.923076923076923,0.8100954344062797,64.79262101072946
kidney diseases,Bristol-Myers Squibb,14,6,11,5,1.0,1.0,1.0,1.0,1.0,60,0.08333333333333333,0.1588235294117647,-0.45,9.0,5.0,2.6129032258064515,0.9701112571628944,64.54424982653092
kidney diseases,Bayer,46,11,23,3,1.0,1.0,1.0,1.0,1.0,22,0.13636363636363635,0.12,-1.216666666666667,31.0,15.0,2.2727272727272725,0.895427339846409,64.08154612573682
kidney diseases,"AION Healthspan, Inc.",1,1,1,1,0.2,0.3333333333333333,0.25,0.5,0.4225,1,1.0,0.88,0.016666666666666666,0.0,1.0,1.0,0.5234906775131802,63.959906775131806
kidney diseases,Arbor Biotechnologies,1,1,1,1,0.2,0.3333333333333333,0.25,0.5,0.4225,1,1.0,0.88,0.016666666666666666,0.0,1.0,1.0,0.5234906775131802,63.959906775131806
kidney diseases,Ingenia Therapeutics INC,1,1,1,1,0.2,0.3333333333333333,0.25,0.5,0.4225,1,1.0,0.88,0.016666666666666666,0.0,1.0,1.0,0.5234906775131802,63.959906775131806
kidney diseases,Klotho Sciences Australia Pty Ltd.,1,1,1,1,0.2,0.3333333333333333,0.25,0.5,0.4225,1,1.0,0.88,0.016666666666666666,0.0,1.0,1.0,0.5234906775131802,63.959906775131806
kidney diseases,M2RLAB SL,1,1,1,1,0.2,0.3333333333333333,0.25,0.5,0.4225,1,1.0,0.88,0.016666666666666666,0.0,1.0,1.0,0.5234906775131802,63.959906775131806
kidney diseases,"Neomorph, Inc",1,1,1,1,0.2,0.3333333333333333,0.25,0.5,0.4225,1,1.0,0.88,0.016666666666666666,0.0,1.0,1.0,0.5234906775131802,63.959906775131806
kidney diseases,"Novelty Nobility, Inc.",1,1,1,1,0.2,0.3333333333333333,0.25,0.5,0.4225,1,1.0,0.88,0.016666666666666666,0.0,1.0,1.0,0.5234906775131802,63.959906775131806
kidney diseases,Psyence Australia Pty Ltd,1,1,1,1,0.2,0.3333333333333333,0.25,0.5,0.4225,1,1.0,0.88,0.016666666666666666,0.0,1.0,1.0,0.5234906775131802,63.959906775131806
kidney diseases,Pulmongene Ltd.,1,1,1,1,0.2,0.3333333333333333,0.25,0.5,0.4225,1,1.0,0.88,0.03333333333333333,0.0,1.0,1.0,0.5234906775131802,63.959906775131806
kidney diseases,R1 Therapeutics,1,1,1,1,0.2,0.3333333333333333,0.25,0.5,0.4225,1,1.0,0.88,0.03333333333333333,0.0,1.0,1.0,0.5234906775131802,63.959906775131806
kidney diseases,Singulera Therapeutics Inc.,1,1,1,1,0.2,0.3333333333333333,0.25,0.5,0.4225,1,1.0,0.88,0.016666666666666666,0.0,1.0,1.0,0.5234906775131802,63.959906775131806
kidney diseases,UTC Therapeutics Inc.,1,1,1,1,0.2,0.3333333333333333,0.25,0.5,0.4225,1,1.0,0.88,0.03333333333333333,0.0,1.0,1.0,0.5234906775131802,63.959906775131806
kidney diseases,VM Therapeutics LLC,1,1,1,1,0.2,0.3333333333333333,0.25,0.5,0.4225,1,1.0,0.88,0.016666666666666666,0.0,1.0,1.0,0.5234906775131802,63.959906775131806
kidney diseases,"Xeno Holdings (US), LLC dba ChoironeX",1,1,1,1,0.2,0.3333333333333333,0.25,0.5,0.4225,1,1.0,0.88,0.03333333333333333,0.0,1.0,1.0,0.5234906775131802,63.959906775131806
kidney diseases,eleva GmbH,1,1,1,1,0.2,0.3333333333333333,0.25,0.5,0.4225,1,1.0,0.88,0.016666666666666666,0.0,1.0,1.0,0.5234906775131802,63.959906775131806
kidney diseases,Pfizer,27,3,17,2,1.0,1.0,1.0,1.0,1.0,90,0.022222222222222223,0.13015184381778744,-0.7333333333333335,18.0,9.0,3.4489795918367343,1.0,63.047481320800195
kidney diseases,River 2 Renal Corp.,2,1,2,1,0.4,0.3333333333333333,0.5,0.5,0.47000000000000003,1,1.0,0.7,0.01666666666666666,1.0,1.0,1.0,0.5234906775131802,62.734906775131805
kidney diseases,Hoffmann-La Roche,13,10,6,4,1.0,1.0,1.0,1.0,1.0,82,0.04878048780487805,0.07007299270072993,-0.3666666666666667,10.0,3.0,3.7142857142857144,1.0,62.37706961011216
kidney diseases,"CalciMedica, Inc.",1,1,1,1,0.2,0.3333333333333333,0.25,0.5,0.4225,1,1.0,0.8,-1.791614702062191e-18,0.0,1.0,1.0,0.5234906775131802,62.359906775131805
kidney diseases,"GeneMedicine Co., Ltd.",1,1,1,1,0.2,0.3333333333333333,0.25,0.5,0.4225,1,1.0,0.8,-1.791614702062191e-18,0.0,1.0,1.0,0.5234906775131802,62.359906775131805
kidney diseases,Intelligem Therapeutics Australia Pty Ltd.,1,1,1,1,0.2,0.3333333333333333,0.25,0.5,0.4225,1,1.0,0.8,-1.791614702062191e-18,0.0,1.0,1.0,0.5234906775131802,62.359906775131805
kidney diseases,KaliVir Immunotherapeutics,1,1,1,1,0.2,0.3333333333333333,0.25,0.5,0.4225,1,1.0,0.8,-1.791614702062191e-18,0.0,1.0,1.0,0.5234906775131802,62.359906775131805
kidney diseases,"Osel, Inc.",1,1,1,1,0.2,0.3333333333333333,0.25,0.5,0.4225,1,1.0,0.8,-1.791614702062191e-18,0.0,1.0,1.0,0.5234906775131802,62.359906775131805
kidney diseases,Zumutor Biologics Inc.,1,1,1,1,0.2,0.3333333333333333,0.25,0.5,0.4225,1,1.0,0.8,-1.791614702062191e-18,0.0,1.0,1.0,0.5234906775131802,62.359906775131805
kidney diseases,"OncoC4, Inc.",2,2,2,2,0.4,0.6666666666666666,0.5,1.0,0.845,7,0.2857142857142857,0.3,-0.08333333333333334,1.0,1.0,1.7999999999999998,0.7776070961516035,61.74035667580174
kidney diseases,"Eloxx Pharmaceuticals, Inc.",2,1,2,1,0.4,0.3333333333333333,0.5,0.5,0.47000000000000003,1,1.0,0.6200000000000001,-3.583229404124382e-18,1.0,1.0,1.0,0.5234906775131802,61.1349067751318
kidney diseases,"Travere Therapeutics, Inc.",5,2,3,1,1.0,0.6666666666666666,0.75,0.5,0.5875,1,1.0,0.08275862068965517,-0.15000000000000002,4.0,1.0,3.0,1.0,61.0301724137931
kidney diseases,River 3 Renal Corp.,2,1,2,1,0.4,0.3333333333333333,0.5,0.5,0.47000000000000003,1,1.0,0.45999999999999996,-0.03333333333333334,1.0,1.0,2.0,0.8297130933355026,60.997130933355024
kidney diseases,Oncorena AB,1,1,1,1,0.2,0.3333333333333333,0.25,0.5,0.4225,1,1.0,0.72,-0.016666666666666666,0.0,1.0,1.0,0.5234906775131802,60.7599067751318
kidney diseases,"Pliant Therapeutics, Inc.",1,1,1,1,0.2,0.3333333333333333,0.25,0.5,0.4225,1,1.0,0.72,-0.016666666666666666,0.0,1.0,1.0,0.5234906775131802,60.7599067751318
kidney diseases,"Rege Nephro Co., Ltd.",1,1,1,1,0.2,0.3333333333333333,0.25,0.5,0.4225,1,1.0,0.72,-0.016666666666666666,0.0,1.0,1.0,0.5234906775131802,60.7599067751318
kidney diseases,"Chongqing Precision Biotech Co., Ltd",5,2,5,2,1.0,0.6666666666666666,1.0,1.0,0.9500000000000001,29,0.06896551724137931,0.216,-0.13333333333333336,3.0,2.0,1.6,0.7216379836168889,60.41569018099647
kidney diseases,"RemeGen Co., Ltd.",5,3,4,2,1.0,1.0,1.0,1.0,1.0,23,0.08695652173913043,0.016216216216216217,-0.1666666666666667,5.0,0.0,1.7999999999999998,0.7776070961516035,59.839525720622966
kidney diseases,"Sichuan Baili Pharmaceutical Co., Ltd.",3,3,3,3,0.6,1.0,0.75,1.0,0.9425,98,0.030612244897959183,0.18461538461538463,-0.08333333333333336,2.0,1.0,1.923076923076923,0.8100954344062797,59.53050693432967
kidney diseases,"AccSalus Biosciences, Inc.",1,1,1,1,0.2,0.3333333333333333,0.25,0.5,0.4225,1,1.0,0.5,,,,2.0,0.8297130933355026,59.42213093335502
kidney diseases,"VM Discovery, Inc.",1,1,1,1,0.2,0.3333333333333333,0.25,0.5,0.4225,1,1.0,0.5,,,,2.0,0.8297130933355026,59.42213093335502
kidney diseases,Hansoh BioMedical R&D Company,2,2,2,2,0.4,0.6666666666666666,0.5,1.0,0.845,26,0.07692307692307693,0.36000000000000004,-0.016666666666666666,1.0,0.0,2.0,0.8297130933355026,59.285592471816564
kidney diseases,"Chengdu Suncadia Medicine Co., Ltd.",7,2,5,1,1.0,0.6666666666666666,1.0,0.5,0.625,6,0.16666666666666666,0.7199999999999998,-0.0166666666666667,2.0,5.0,3.0,1.0,58.983333333333334
kidney diseases,Keymed Biosciences Co.Ltd,2,2,2,2,0.4,0.6666666666666666,0.5,1.0,0.845,22,0.09090909090909091,0.36000000000000004,-0.016666666666666666,1.0,0.0,1.6896551724137931,0.7472417035095585,58.740598853277405
kidney diseases,iCoat Medical AB,2,1,2,1,0.4,0.3333333333333333,0.5,0.5,0.47000000000000003,1,1.0,0.28,-0.03333333333333333,1.0,0.0,2.0,0.8297130933355026,57.39713093335504
kidney diseases,"Shaanxi Micot Pharmaceutical Technology Co., Ltd.",5,2,4,1,1.0,0.6666666666666666,1.0,0.5,0.625,3,0.3333333333333333,0.5439999999999999,-0.03333333333333334,2.0,3.0,2.0,0.8297130933355026,57.09379760002169
kidney diseases,Hinge Bio,1,1,1,1,0.2,0.3333333333333333,0.25,0.5,0.4225,2,0.5,0.88,0.03333333333333333,0.0,1.0,2.0,0.8297130933355026,57.02213093335503
kidney diseases,Hope Biosciences LLC,1,1,1,1,0.2,0.3333333333333333,0.25,0.5,0.4225,2,0.5,0.88,0.03333333333333333,0.0,1.0,2.0,0.8297130933355026,57.02213093335503
kidney diseases,"Qilu Pharmaceutical Co., Ltd.",3,3,1,1,0.6,1.0,0.25,0.5,0.5425,58,0.017241379310344827,0.9647058823529412,0.03333333333333334,0.0,3.0,2.578947368421052,0.9629795950629876,56.3937411838956
kidney diseases,Cajal Therapeutics Inc.,1,1,1,1,0.2,0.3333333333333333,0.25,0.5,0.4225,1,1.0,0.5,,,,1.0,0.5234906775131802,56.3599067751318
kidney diseases,"Mabpro, a.s.",1,1,1,1,0.2,0.3333333333333333,0.25,0.5,0.4225,1,1.0,0.5,,,,1.0,0.5234906775131802,56.3599067751318
kidney diseases,PeptiDream Inc.,1,1,1,1,0.2,0.3333333333333333,0.25,0.5,0.4225,1,1.0,0.5,,,,1.0,0.5234906775131802,56.3599067751318
kidney diseases,Venus Remedies Limited,1,1,1,1,0.2,0.3333333333333333,0.25,0.5,0.4225,1,1.0,0.5,,,,1.0,0.5234906775131802,56.3599067751318
kidney diseases,Suzhou Sanegene Bio Inc.,1,1,1,1,0.2,0.3333333333333333,0.25,0.5,0.4225,3,0.3333333333333333,0.88,0.016666666666666666,0.0,1.0,3.0,1.0,55.39166666666666
kidney diseases,"The United Bio-Technology (Hengqin) Co., Ltd.",1,1,1,1,0.2,0.3333333333333333,0.25,0.5,0.4225,3,0.3333333333333333,0.88,0.016666666666666666,0.0,1.0,3.0,1.0,55.39166666666666
kidney diseases,Vifor Fresenius Medical Care Renal Pharma,4,1,2,1,0.8,0.3333333333333333,0.5,0.5,0.49,1,1.0,0.27999999999999997,-0.03333333333333334,3.0,1.0,1.0,0.5234906775131802,55.3349067751318
kidney diseases,"Aulos Bioscience, Inc.",1,1,1,1,0.2,0.3333333333333333,0.25,0.5,0.4225,1,1.0,0.28,-0.03333333333333333,1.0,0.0,2.0,0.8297130933355026,55.02213093335503
kidney diseases,Camurus AB,1,1,1,1,0.2,0.3333333333333333,0.25,0.5,0.4225,1,1.0,0.28,-0.03333333333333333,1.0,0.0,2.0,0.8297130933355026,55.02213093335503
kidney diseases,Red de Terapia Celular,1,1,1,1,0.2,0.3333333333333333,0.25,0.5,0.4225,1,1.0,0.28,-0.03333333333333333,1.0,0.0,2.0,0.8297130933355026,55.02213093335503
kidney diseases,"Artiva Biotherapeutics, Inc.",1,1,1,1,0.2,0.3333333333333333,0.25,0.5,0.4225,2,0.5,0.8,-1.791614702062191e-18,0.0,1.0,1.7999999999999998,0.7776070961516035,54.90107096151604
kidney diseases,"HiberCell, Inc.",3,1,3,1,0.6,0.3333333333333333,0.75,0.5,0.5175,1,1.0,0.18461538461538463,-0.08333333333333336,2.0,1.0,1.0,0.5234906775131802,54.80221446743949
kidney diseases,Arch Biopartners Inc.,2,1,2,1,0.4,0.3333333333333333,0.5,0.5,0.47000000000000003,1,1.0,0.30000000000000004,-0.06666666666666665,1.0,1.0,1.0,0.5234906775131802,54.73490677513181
kidney diseases,Can-Fite BioPharma,1,1,1,1,0.2,0.3333333333333333,0.25,0.5,0.4225,2,0.5,0.88,0.03333333333333333,0.0,1.0,1.0,0.5234906775131802,53.959906775131806
kidney diseases,Consun Pharmaceutical Group,1,1,1,1,0.2,0.3333333333333333,0.25,0.5,0.4225,2,0.5,0.88,0.016666666666666666,0.0,1.0,1.0,0.5234906775131802,53.959906775131806
kidney diseases,Maze Therapeutics,1,1,1,1,0.2,0.3333333333333333,0.25,0.5,0.4225,2,0.5,0.88,0.016666666666666666,0.0,1.0,1.0,0.5234906775131802,53.959906775131806
kidney diseases,"NextCure, Inc.",1,1,1,1,0.2,0.3333333333333333,0.25,0.5,0.4225,2,0.5,0.88,0.016666666666666666,0.0,1.0,1.0,0.5234906775131802,53.959906775131806
kidney diseases,Sitala Bio LTD,1,1,1,1,0.2,0.3333333333333333,0.25,0.5,0.4225,2,0.5,0.88,0.03333333333333333,0.0,1.0,1.0,0.5234906775131802,53.959906775131806
kidney diseases,Biohaven Therapeutics Ltd.,2,2,1,1,0.4,0.6666666666666666,0.25,0.5,0.4825,10,0.1,0.88,0.016666666666666666,0.0,1.0,3.571428571428571,1.0,53.725
kidney diseases,Arvinas Inc.,1,1,1,1,0.2,0.3333333333333333,0.25,0.5,0.4225,3,0.3333333333333333,0.88,0.03333333333333333,0.0,1.0,2.0,0.8297130933355026,53.68879760002169
kidney diseases,"Exscientia AI Ltd., a wholly owned subsidiary of Recursion Pharmaceuticals, Inc.",1,1,1,1,0.2,0.3333333333333333,0.25,0.5,0.4225,3,0.3333333333333333,0.88,0.03333333333333333,0.0,1.0,2.0,0.8297130933355026,53.68879760002169
kidney diseases,"Linno Pharmaceuticals, Inc.",1,1,1,1,0.2,0.3333333333333333,0.25,0.5,0.4225,3,0.3333333333333333,0.88,0.03333333333333333,0.0,1.0,2.0,0.8297130933355026,53.68879760002169
kidney diseases,Mediar Therapeutics,1,1,1,1,0.2,0.3333333333333333,0.25,0.5,0.4225,3,0.3333333333333333,0.88,0.03333333333333333,0.0,1.0,2.0,0.8297130933355026,53.68879760002169
kidney diseases,"Shenzhen Kangzhe Biotechnology Co., Ltd.",1,1,1,1,0.2,0.3333333333333333,0.25,0.5,0.4225,3,0.3333333333333333,0.88,0.03333333333333333,0.0,1.0,2.0,0.8297130933355026,53.68879760002169
kidney diseases,Synthekine,1,1,1,1,0.2,0.3333333333333333,0.25,0.5,0.4225,3,0.3333333333333333,0.88,0.016666666666666666,0.0,1.0,2.0,0.8297130933355026,53.68879760002169
kidney diseases,"Asher Biotherapeutics, Inc.",1,1,1,1,0.2,0.3333333333333333,0.25,0.5,0.4225,1,1.0,0.36000000000000004,-0.016666666666666666,1.0,0.0,1.0,0.5234906775131802,53.55990677513181
kidney diseases,DEKA Biosciences,1,1,1,1,0.2,0.3333333333333333,0.25,0.5,0.4225,1,1.0,0.36000000000000004,-0.016666666666666666,1.0,0.0,1.0,0.5234906775131802,53.55990677513181
kidney diseases,Lumara Bio Oncologics GmbH,1,1,1,1,0.2,0.3333333333333333,0.25,0.5,0.4225,1,1.0,0.36000000000000004,-0.016666666666666666,1.0,0.0,1.0,0.5234906775131802,53.55990677513181
kidney diseases,Portage Biotech,1,1,1,1,0.2,0.3333333333333333,0.25,0.5,0.4225,1,1.0,0.36000000000000004,-0.016666666666666666,1.0,0.0,1.0,0.5234906775131802,53.55990677513181
kidney diseases,Sairopa B.V.,1,1,1,1,0.2,0.3333333333333333,0.25,0.5,0.4225,1,1.0,0.36000000000000004,-0.016666666666666666,1.0,0.0,1.0,0.5234906775131802,53.55990677513181
kidney diseases,"Sensei Biotherapeutics, Inc.",1,1,1,1,0.2,0.3333333333333333,0.25,0.5,0.4225,1,1.0,0.36000000000000004,-0.016666666666666666,1.0,0.0,1.0,0.5234906775131802,53.55990677513181
kidney diseases,"Genentech, Inc.",3,1,3,1,0.6,0.3333333333333333,0.75,0.5,0.5175,29,0.034482758620689655,0.8153846153846154,0.01666666666666666,1.0,2.0,3.571428571428571,1.0,52.8723474801061
kidney diseases,"Nanjing Bioheng Biotech Co., Ltd.",1,1,1,1,0.2,0.3333333333333333,0.25,0.5,0.4225,5,0.2,0.88,0.016666666666666666,0.0,1.0,2.909090909090909,1.0,52.725
kidney diseases,"Suzhou Alphamab Co., Ltd.",1,1,1,1,0.2,0.3333333333333333,0.25,0.5,0.4225,5,0.2,0.88,0.016666666666666666,0.0,1.0,3.0,1.0,52.725
kidney diseases,Shanton Pharma Pte. Ltd.,1,1,1,1,0.2,0.3333333333333333,0.25,0.5,0.4225,2,0.5,0.8,-1.791614702062191e-18,0.0,1.0,1.0,0.5234906775131802,52.359906775131805
kidney diseases,Philogen S.p.A.,2,1,2,1,0.4,0.3333333333333333,0.5,0.5,0.47000000000000003,13,0.07692307692307693,0.9400000000000001,0.05000000000000001,0.0,2.0,2.0,0.8297130933355026,52.13559247181657
kidney diseases,A2 Biotherapeutics Inc.,3,3,1,1,0.6,1.0,0.25,0.5,0.5425,3,0.3333333333333333,0.6553846153846153,-0.01666666666666668,1.0,2.0,1.0,0.5234906775131802,52.13426574949077
kidney diseases,Sana Biotechnology,1,1,1,1,0.2,0.3333333333333333,0.25,0.5,0.4225,3,0.3333333333333333,0.8,-1.791614702062191e-18,0.0,1.0,2.0,0.8297130933355026,52.0887976000217
kidney diseases,"Shanghai Bao Pharmaceuticals Co., Ltd.",1,1,1,1,0.2,0.3333333333333333,0.25,0.5,0.4225,3,0.3333333333333333,0.8,-1.791614702062191e-18,0.0,1.0,2.0,0.8297130933355026,52.0887976000217
kidney diseases,"Atom Therapeutics Co., Ltd",1,1,1,1,0.2,0.3333333333333333,0.25,0.5,0.4225,4,0.25,0.88,0.03333333333333333,0.0,1.0,2.0,0.8297130933355026,52.02213093335503
kidney diseases,Compass Therapeutics,1,1,1,1,0.2,0.3333333333333333,0.25,0.5,0.4225,4,0.25,0.88,0.03333333333333333,0.0,1.0,2.0,0.8297130933355026,52.02213093335503
kidney diseases,"Jade Biosciences, Inc.",1,1,1,1,0.2,0.3333333333333333,0.25,0.5,0.4225,4,0.25,0.88,0.03333333333333333,0.0,1.0,2.0,0.8297130933355026,52.02213093335503
kidney diseases,Regend Therapeutics,1,1,1,1,0.2,0.3333333333333333,0.25,0.5,0.4225,4,0.25,0.88,0.03333333333333333,0.0,1.0,2.0,0.8297130933355026,52.02213093335503
kidney diseases,"Advenchen Pharmaceuticals, LLC.",1,1,1,1,0.2,0.3333333333333333,0.25,0.5,0.4225,1,1.0,0.28,-0.03333333333333333,1.0,0.0,1.0,0.5234906775131802,51.959906775131806
kidney diseases,DeuterOncology,1,1,1,1,0.2,0.3333333333333333,0.25,0.5,0.4225,1,1.0,0.28,-0.03333333333333333,1.0,0.0,1.0,0.5234906775131802,51.959906775131806
kidney diseases,Noucor Health S.A.,1,1,1,1,0.2,0.3333333333333333,0.25,0.5,0.4225,1,1.0,0.28,-0.03333333333333333,1.0,0.0,1.0,0.5234906775131802,51.959906775131806
kidney diseases,"Nkarta, Inc.",1,1,1,1,0.2,0.3333333333333333,0.25,0.5,0.4225,4,0.25,0.8,-1.791614702062191e-18,0.0,1.0,2.6666666666666665,0.9812671085154541,51.93767108515455
kidney diseases,"Beijing Continent Pharmaceutical Co, Ltd.",1,1,1,1,0.2,0.3333333333333333,0.25,0.5,0.4225,6,0.16666666666666666,0.88,0.016666666666666666,0.0,1.0,2.6666666666666665,0.9812671085154541,51.87100441848788
kidney diseases,MedImmune LLC,1,1,1,1,0.2,0.3333333333333333,0.25,0.5,0.4225,1,1.0,0.12,-0.06666666666666667,1.0,0.0,2.0,0.8297130933355026,51.82213093335503
kidney diseases,"Hangzhou Zhongmei Huadong Pharmaceutical Co., Ltd.",2,2,1,1,0.4,0.6666666666666666,0.25,0.5,0.4825,24,0.041666666666666664,0.9400000000000001,0.05000000000000001,0.0,2.0,1.8148148148148147,0.7815925270593147,51.57425860392648
kidney diseases,Novo Nordisk A/S,20,3,9,1,1.0,1.0,1.0,0.5,0.675,45,0.022222222222222223,0.40559999999999996,-0.2666666666666667,8.0,12.0,2.410691003911343,0.9266120329616099,51.572564774060545
kidney diseases,"Biocity Biopharmaceutics Co., Ltd.",2,2,1,1,0.4,0.6666666666666666,0.25,0.5,0.4825,4,0.25,0.6200000000000001,-3.583229404124382e-18,1.0,1.0,3.0,1.0,51.525
kidney diseases,Aligos Therapeutics,1,1,1,1,0.2,0.3333333333333333,0.25,0.5,0.4225,4,0.25,0.88,0.03333333333333333,0.0,1.0,1.7999999999999998,0.7776070961516035,51.501070961516035
kidney diseases,PT. Prodia Stem Cell Indonesia,1,1,1,1,0.2,0.3333333333333333,0.25,0.5,0.4225,8,0.125,0.88,0.03333333333333333,0.0,1.0,3.0,1.0,51.225
kidney diseases,"Alexion Pharmaceuticals, Inc.",11,5,5,1,1.0,1.0,1.0,0.5,0.675,8,0.125,0.2541176470588235,-0.18333333333333338,6.0,5.0,2.6666666666666665,0.9812671085154541,51.14502402633102
kidney diseases,"Nanjing Immunophage Biotech Co., Ltd",1,1,1,1,0.2,0.3333333333333333,0.25,0.5,0.4225,5,0.2,0.88,0.016666666666666666,0.0,1.0,2.0,0.8297130933355026,51.02213093335502
kidney diseases,Resverlogix Corp,2,1,2,1,0.4,0.3333333333333333,0.5,0.5,0.47000000000000003,2,0.5,0.45999999999999996,-0.03333333333333334,1.0,1.0,2.0,0.8297130933355026,50.99713093335503
kidney diseases,"Nuvectis Pharma, Inc.",1,1,1,1,0.2,0.3333333333333333,0.25,0.5,0.4225,2,0.5,0.72,-0.016666666666666666,0.0,1.0,1.0,0.5234906775131802,50.7599067751318
kidney diseases,EicOsis Human Health Inc.,1,1,1,1,0.2,0.3333333333333333,0.25,0.5,0.4225,3,0.3333333333333333,0.88,0.03333333333333333,0.0,1.0,1.0,0.5234906775131802,50.62657344179846
kidney diseases,"Imbioray (Hangzhou) Biomedicine Co., Ltd.",1,1,1,1,0.2,0.3333333333333333,0.25,0.5,0.4225,3,0.3333333333333333,0.88,0.016666666666666666,0.0,1.0,1.0,0.5234906775131802,50.62657344179846
kidney diseases,"Zhejiang Haichang Biotech Co., Ltd.",1,1,1,1,0.2,0.3333333333333333,0.25,0.5,0.4225,3,0.3333333333333333,0.88,0.03333333333333333,0.0,1.0,1.0,0.5234906775131802,50.62657344179846
kidney diseases,Aurigene Discovery Technologies Limited,3,1,3,1,0.6,0.3333333333333333,0.75,0.5,0.5175,4,0.25,0.7247058823529412,-0.03333333333333333,0.0,3.0,1.0,0.5234906775131802,50.60402442219062
kidney diseases,Gan & Lee Pharmaceuticals.,1,1,1,1,0.2,0.3333333333333333,0.25,0.5,0.4225,11,0.09090909090909091,0.88,0.016666666666666666,0.0,1.0,2.9411764705882346,1.0,50.543181818181814
kidney diseases,Jiangsu Renocell Biotech Company,1,1,1,1,0.2,0.3333333333333333,0.25,0.5,0.4225,3,0.3333333333333333,0.72,-0.016666666666666666,0.0,1.0,2.0,0.8297130933355026,50.488797600021684
kidney diseases,"ModeX Therapeutics, An OPKO Health Company",1,1,1,1,0.2,0.3333333333333333,0.25,0.5,0.4225,4,0.25,0.8,-1.791614702062191e-18,0.0,1.0,2.0,0.8297130933355026,50.42213093335503
kidney diseases,"Wuhan Createrna Science and Technology Co., Ltd",1,1,1,1,0.2,0.3333333333333333,0.25,0.5,0.4225,4,0.25,0.8,-1.791614702062191e-18,0.0,1.0,2.0,0.8297130933355026,50.42213093335503
kidney diseases,"23andMe, Inc.",1,1,1,1,0.2,0.3333333333333333,0.25,0.5,0.4225,1,1.0,0.1999999999999999,-0.05000000000000002,1.0,0.0,1.0,0.5234906775131802,50.359906775131805
kidney diseases,"Medicenna Therapeutics, Inc.",1,1,1,1,0.2,0.3333333333333333,0.25,0.5,0.4225,1,1.0,0.1999999999999999,-0.05000000000000002,1.0,0.0,1.0,0.5234906775131802,50.359906775131805
kidney diseases,"Nimbus Saturn, Inc.",1,1,1,1,0.2,0.3333333333333333,0.25,0.5,0.4225,1,1.0,0.1999999999999999,-0.05000000000000002,1.0,0.0,1.0,0.5234906775131802,50.359906775131805
kidney diseases,"Simcha IL-18, Inc.",1,1,1,1,0.2,0.3333333333333333,0.25,0.5,0.4225,1,1.0,0.1999999999999999,-0.05000000000000002,1.0,0.0,1.0,0.5234906775131802,50.359906775131805
kidney diseases,"Deciphera Pharmaceuticals, LLC",1,1,1,1,0.2,0.3333333333333333,0.25,0.5,0.4225,6,0.16666666666666666,0.88,0.016666666666666666,0.0,1.0,2.0,0.8297130933355026,50.35546426668836
kidney diseases,Exelixis,3,2,2,1,0.6,0.6666666666666666,0.5,0.5,0.53,9,0.1111111111111111,0.6553846153846153,-0.01666666666666667,1.0,2.0,2.0,0.8297130933355026,50.127045463269546
kidney diseases,Autolus Limited,1,1,1,1,0.2,0.3333333333333333,0.25,0.5,0.4225,5,0.2,0.88,0.03333333333333333,0.0,1.0,1.6,0.7216379836168889,49.94137983616889
kidney diseases,Bioray Laboratories,1,1,1,1,0.2,0.3333333333333333,0.25,0.5,0.4225,4,0.25,0.8,-1.791614702062191e-18,0.0,1.0,1.7999999999999998,0.7776070961516035,49.901070961516034
kidney diseases,"Nanjing IASO Biotechnology Co., Ltd.",1,1,1,1,0.2,0.3333333333333333,0.25,0.5,0.4225,8,0.125,0.88,0.016666666666666666,0.0,1.0,2.0,0.8297130933355026,49.52213093335502
kidney diseases,Curocell Inc.,1,1,1,1,0.2,0.3333333333333333,0.25,0.5,0.4225,2,0.5,0.5,,,,2.0,0.8297130933355026,49.42213093335502
kidney diseases,"YolTech Therapeutics Co., Ltd",1,1,1,1,0.2,0.3333333333333333,0.25,0.5,0.4225,2,0.5,0.5,,,,2.0,0.8297130933355026,49.42213093335502
kidney diseases,"Kite, A Gilead Company",1,1,1,1,0.2,0.3333333333333333,0.25,0.5,0.4225,7,0.14285714285714285,0.88,0.016666666666666666,0.0,1.0,1.7999999999999998,0.7776070961516035,49.35821381865889
kidney diseases,"Beijing QL Biopharmaceutical Co.,Ltd",1,1,1,1,0.2,0.3333333333333333,0.25,0.5,0.4225,5,0.2,0.88,0.03333333333333333,0.0,1.0,1.3846153846153844,0.6563298879113609,49.28829887911361
kidney diseases,"Aptabio Therapeutics, Inc.",3,1,3,1,0.6,0.3333333333333333,0.75,0.5,0.5175,3,0.3333333333333333,0.41538461538461535,-0.06666666666666667,1.0,2.0,2.0,0.8297130933355026,49.146489907714
kidney diseases,"Arsenal Biosciences, Inc.",1,1,1,1,0.2,0.3333333333333333,0.25,0.5,0.4225,3,0.3333333333333333,0.8,-1.791614702062191e-18,0.0,1.0,1.0,0.5234906775131802,49.02657344179847
kidney diseases,"Jiangsu Topcel-KH Pharmaceutical Co., Ltd.",1,1,1,1,0.2,0.3333333333333333,0.25,0.5,0.4225,4,0.25,0.88,0.03333333333333333,0.0,1.0,1.0,0.5234906775131802,48.959906775131806
kidney diseases,PYC Therapeutics,1,1,1,1,0.2,0.3333333333333333,0.25,0.5,0.4225,4,0.25,0.88,0.016666666666666666,0.0,1.0,1.0,0.5234906775131802,48.959906775131806
kidney diseases,LG Chem,1,1,1,1,0.2,0.3333333333333333,0.25,0.5,0.4225,5,0.2,0.8,-1.791614702062191e-18,0.0,1.0,1.7999999999999998,0.7776070961516035,48.901070961516034
kidney diseases,"Tizona Therapeutics, Inc",1,1,1,1,0.2,0.3333333333333333,0.25,0.5,0.4225,1,1.0,0.12,-0.06666666666666667,1.0,0.0,1.0,0.5234906775131802,48.7599067751318
kidney diseases,Shanghai JMT-Bio Inc.,1,1,1,1,0.2,0.3333333333333333,0.25,0.5,0.4225,17,0.058823529411764705,0.88,0.016666666666666666,0.0,1.0,2.0,0.8297130933355026,48.19860152159032
kidney diseases,"Alpine Immune Sciences, Inc.",1,1,1,1,0.2,0.3333333333333333,0.25,0.5,0.4225,2,0.5,0.36000000000000004,-0.016666666666666666,1.0,0.0,2.6666666666666665,0.9812671085154541,48.137671085154544
kidney diseases,Hansa Biopharma AB,3,1,1,1,0.6,0.3333333333333333,0.25,0.5,0.4425,1,1.0,0.03529411764705883,-0.08333333333333336,3.0,0.0,1.0,0.5234906775131802,48.065789128072986
kidney diseases,"Henan Genuine Biotech Co., Ltd.",1,1,1,1,0.2,0.3333333333333333,0.25,0.5,0.4225,5,0.2,0.88,0.016666666666666666,0.0,1.0,1.0,0.5234906775131802,47.959906775131806
kidney diseases,"Beijing Immunochina Medical Science & Technology Co., Ltd.",1,1,1,1,0.2,0.3333333333333333,0.25,0.5,0.4225,7,0.14285714285714285,0.8,-1.791614702062191e-18,0.0,1.0,1.7999999999999998,0.7776070961516035,47.758213818658895
kidney diseases,Cabaletta Bio,1,1,1,1,0.2,0.3333333333333333,0.25,0.5,0.4225,5,0.2,0.8,-1.791614702062191e-18,0.0,1.0,1.3846153846153844,0.6563298879113609,47.68829887911361
kidney diseases,Grit Biotechnology,1,1,1,1,0.2,0.3333333333333333,0.25,0.5,0.4225,15,0.06666666666666667,0.88,0.03333333333333333,0.0,1.0,1.6842105263157894,0.7457113333721297,47.51544666705463
kidney diseases,"Neonc Technologies, Inc.",1,1,1,1,0.2,0.3333333333333333,0.25,0.5,0.4225,3,0.3333333333333333,0.72,-0.016666666666666666,0.0,1.0,1.0,0.5234906775131802,47.42657344179847
kidney diseases,"Hrain Biotechnology Co., Ltd.",1,1,1,1,0.2,0.3333333333333333,0.25,0.5,0.4225,6,0.16666666666666666,0.88,0.03333333333333333,0.0,1.0,1.0,0.5234906775131802,47.293240108465135
kidney diseases,"Jiangsu vcare pharmaceutical technology co., LTD",1,1,1,1,0.2,0.3333333333333333,0.25,0.5,0.4225,7,0.14285714285714285,0.88,0.03333333333333333,0.0,1.0,1.0,0.5234906775131802,46.81704963227466
kidney diseases,Longbio Pharma,1,1,1,1,0.2,0.3333333333333333,0.25,0.5,0.4225,7,0.14285714285714285,0.88,0.03333333333333333,0.0,1.0,1.0,0.5234906775131802,46.81704963227466
kidney diseases,Amylyx Pharmaceuticals Inc.,1,1,1,1,0.2,0.3333333333333333,0.25,0.5,0.4225,2,0.5,0.36000000000000004,-0.016666666666666666,1.0,0.0,2.0,0.8297130933355026,46.62213093335503
kidney diseases,Bio-Thera Solutions,1,1,1,1,0.2,0.3333333333333333,0.25,0.5,0.4225,8,0.125,0.88,0.016666666666666666,0.0,1.0,1.0,0.5234906775131802,46.459906775131806
kidney diseases,"Norroy Bioscience Co., LTD",1,1,1,1,0.2,0.3333333333333333,0.25,0.5,0.4225,2,0.5,0.5,,,,1.0,0.5234906775131802,46.359906775131805
kidney diseases,MacroGenics,2,1,2,1,0.4,0.3333333333333333,0.5,0.5,0.47000000000000003,4,0.25,0.45999999999999996,-0.03333333333333334,1.0,1.0,2.0,0.8297130933355026,45.997130933355024
kidney diseases,"EMD Serono Research & Development Institute, Inc.",1,1,1,1,0.2,0.3333333333333333,0.25,0.5,0.4225,10,0.1,0.88,0.016666666666666666,0.0,1.0,1.0,0.5234906775131802,45.959906775131806
kidney diseases,"InventisBio Co., Ltd",1,1,1,1,0.2,0.3333333333333333,0.25,0.5,0.4225,11,0.09090909090909091,0.88,0.03333333333333333,0.0,1.0,1.0,0.5234906775131802,45.77808859331362
kidney diseases,"Kura Oncology, Inc.",1,1,1,1,0.2,0.3333333333333333,0.25,0.5,0.4225,4,0.25,0.72,-0.016666666666666666,0.0,1.0,1.0,0.5234906775131802,45.7599067751318
kidney diseases,"BioRay Pharmaceutical Co., Ltd.",1,1,1,1,0.2,0.3333333333333333,0.25,0.5,0.4225,6,0.16666666666666666,0.8,-1.791614702062191e-18,0.0,1.0,1.0,0.5234906775131802,45.69324010846514
kidney diseases,"Kira Pharmacenticals (US), LLC.",1,1,1,1,0.2,0.3333333333333333,0.25,0.5,0.4225,3,0.3333333333333333,0.5,,,,1.7999999999999998,0.7776070961516035,45.567737628182705
kidney diseases,Huahui Health,1,1,1,1,0.2,0.3333333333333333,0.25,0.5,0.4225,3,0.3333333333333333,0.5,,,,1.6,0.7216379836168889,45.008046502835555
kidney diseases,Innovent Biologics (Suzhou) Co. Ltd.,2,1,2,1,0.4,0.3333333333333333,0.5,0.5,0.47000000000000003,39,0.02564102564102564,0.54,-0.01666666666666667,1.0,1.0,3.266666666666667,1.0,44.812820512820515
kidney diseases,"Ono Pharmaceutical Co., Ltd.",1,1,1,1,0.2,0.3333333333333333,0.25,0.5,0.4225,24,0.041666666666666664,0.88,0.03333333333333333,0.0,1.0,1.0,0.5234906775131802,44.793240108465135
kidney diseases,"OPKO Health, Inc.",2,1,1,1,0.4,0.3333333333333333,0.25,0.5,0.4325,2,0.5,0.36000000000000004,-0.016666666666666666,1.0,0.0,1.0,0.5234906775131802,44.05990677513181
kidney diseases,Molecure S.A.,1,1,1,1,0.2,0.3333333333333333,0.25,0.5,0.4225,2,0.5,0.36000000000000004,-0.016666666666666666,1.0,0.0,1.0,0.5234906775131802,43.55990677513181
kidney diseases,Salubris Biotherapeutics Inc,1,1,1,1,0.2,0.3333333333333333,0.25,0.5,0.4225,3,0.3333333333333333,0.28,-0.03333333333333333,1.0,0.0,3.0,1.0,43.39166666666666
kidney diseases,"Shenzhen Fosun Kairos Biotechnology Co., Ltd.",1,1,1,1,0.2,0.3333333333333333,0.25,0.5,0.4225,3,0.3333333333333333,0.5,,,,1.0,0.5234906775131802,43.02657344179847
kidney diseases,iCell Gene Therapeutics,1,1,1,1,0.2,0.3333333333333333,0.25,0.5,0.4225,5,0.2,0.5,,,,1.7999999999999998,0.7776070961516035,42.90107096151603
kidney diseases,Luminary Therapeutics,1,1,1,1,0.2,0.3333333333333333,0.25,0.5,0.4225,6,0.16666666666666666,0.5,,,,1.7999999999999998,0.7776070961516035,42.23440429484937
kidney diseases,"Dicerna Pharmaceuticals, Inc., a Novo Nordisk company",4,1,3,1,0.8,0.3333333333333333,0.75,0.5,0.5275,2,0.5,0.02307692307692306,-0.20000000000000007,4.0,0.0,1.0,0.5234906775131802,42.07144523667027
kidney diseases,"Werewolf Therapeutics, Inc.",1,1,1,1,0.2,0.3333333333333333,0.25,0.5,0.4225,2,0.5,0.28,-0.03333333333333333,1.0,0.0,1.0,0.5234906775131802,41.959906775131806
kidney diseases,"NGM Biopharmaceuticals, Inc",3,1,3,1,0.6,0.3333333333333333,0.75,0.5,0.5175,2,0.5,0.03529411764705883,-0.1166666666666667,3.0,0.0,1.0,0.5234906775131802,41.815789128072986
kidney diseases,Nanjing Chia-tai Tianqing Pharmaceutical,1,1,1,1,0.2,0.3333333333333333,0.25,0.5,0.4225,7,0.14285714285714285,0.5,,,,1.7999999999999998,0.7776070961516035,41.758213818658895
kidney diseases,"Tango Therapeutics, Inc.",1,1,1,1,0.2,0.3333333333333333,0.25,0.5,0.4225,4,0.25,0.36000000000000004,-0.016666666666666666,1.0,0.0,2.0,0.8297130933355026,41.62213093335503
kidney diseases,Debiopharm International SA,1,1,1,1,0.2,0.3333333333333333,0.25,0.5,0.4225,5,0.2,0.5,,,,1.0,0.5234906775131802,40.3599067751318
kidney diseases,Beijing Scitech-Mq Pharmaceuticals Limited,1,1,1,1,0.2,0.3333333333333333,0.25,0.5,0.4225,3,0.3333333333333333,0.36000000000000004,-0.016666666666666666,1.0,0.0,1.0,0.5234906775131802,40.22657344179847
kidney diseases,Miltenyi Biomedicine GmbH,1,1,1,1,0.2,0.3333333333333333,0.25,0.5,0.4225,10,0.1,0.5,,,,1.4705882352941173,0.6830792089404902,39.95579208940491
kidney diseases,"Qingdao Sino-Cell Biomedicine Co., Ltd.",1,1,1,1,0.2,0.3333333333333333,0.25,0.5,0.4225,6,0.16666666666666666,0.5,,,,1.0,0.5234906775131802,39.69324010846514
kidney diseases,Sinocelltech Ltd.,1,1,1,1,0.2,0.3333333333333333,0.25,0.5,0.4225,19,0.05263157894736842,0.5,,,,1.6,0.7216379836168889,39.39401141511626
kidney diseases,Sanofi,5,1,3,1,1.0,0.3333333333333333,0.75,0.5,0.5375,54,0.018518518518518517,0.08275862068965517,-0.18333333333333338,4.0,1.0,2.7777777777777777,1.0,38.90054278416347
kidney diseases,"Poseida Therapeutics, Inc.",1,1,1,1,0.2,0.3333333333333333,0.25,0.5,0.4225,3,0.3333333333333333,0.28,-0.03333333333333333,1.0,0.0,1.0,0.5234906775131802,38.62657344179847
kidney diseases,Janux Therapeutics,1,1,1,1,0.2,0.3333333333333333,0.25,0.5,0.4225,4,0.25,0.36000000000000004,-0.016666666666666666,1.0,0.0,1.0,0.5234906775131802,38.5599067751318
kidney diseases,SynAct Pharma Aps,1,1,1,1,0.2,0.3333333333333333,0.25,0.5,0.4225,3,0.3333333333333333,0.12,-0.06666666666666667,1.0,0.0,2.0,0.8297130933355026,38.4887976000217
kidney diseases,"3D Medicines (Sichuan) Co., Ltd.",1,1,1,1,0.2,0.3333333333333333,0.25,0.5,0.4225,4,0.25,0.1999999999999999,-0.05000000000000002,1.0,0.0,2.0,0.8297130933355026,38.42213093335503
kidney diseases,"Kyowa Kirin Co., Ltd.",3,1,1,1,0.6,0.3333333333333333,0.25,0.5,0.4425,11,0.09090909090909091,0.18461538461538463,-0.10000000000000005,2.0,1.0,3.0,1.0,37.63548951048952
kidney diseases,Rocket Pharmaceuticals Inc.,2,2,1,1,0.4,0.6666666666666666,0.25,0.5,0.4825,4,0.25,0.059999999999999984,-0.13333333333333333,2.0,0.0,1.6,0.7216379836168889,37.54137983616889
kidney diseases,BeOne Medicines,1,1,1,1,0.2,0.3333333333333333,0.25,0.5,0.4225,32,0.03125,0.36000000000000004,-0.016666666666666666,1.0,0.0,2.0,0.8297130933355026,37.247130933355024
kidney diseases,"Taiho Oncology, Inc.",1,1,1,1,0.2,0.3333333333333333,0.25,0.5,0.4225,9,0.1111111111111111,0.1999999999999999,-0.05000000000000002,1.0,0.0,2.0,0.8297130933355026,35.64435315557725
kidney diseases,"Xencor, Inc.",2,1,2,1,0.4,0.3333333333333333,0.5,0.5,0.47000000000000003,8,0.125,0.059999999999999984,-0.06666666666666667,2.0,0.0,1.7999999999999998,0.7776070961516035,34.97607096151604
kidney diseases,"Guangdong Raynovent Biotech Co., Ltd",3,0,3,0,0.6,0.0,0.75,0.0,0.1425,6,0.0,0.8047058823529412,-0.01666666666666667,0.0,3.0,2.6666666666666665,0.9812671085154541,33.031788732213364
kidney diseases,Daiichi Sankyo,1,1,1,1,0.2,0.3333333333333333,0.25,0.5,0.4225,30,0.03333333333333333,0.12,-0.06666666666666667,1.0,0.0,2.0,0.8297130933355026,32.48879760002169
kidney diseases,BeiGene,2,1,2,1,0.4,0.3333333333333333,0.5,0.5,0.47000000000000003,9,0.1111111111111111,0.059999999999999984,-0.08333333333333334,2.0,0.0,1.0,0.5234906775131802,32.15712899735403
kidney diseases,BicycleTx Limited,1,1,1,1,0.2,0.3333333333333333,0.25,0.5,0.4225,7,0.14285714285714285,0.12,-0.06666666666666667,1.0,0.0,1.0,0.5234906775131802,31.617049632274664
kidney diseases,Takeda,8,2,4,0,1.0,0.6666666666666666,1.0,0.0,0.3,26,0.0,0.41538461538461535,-0.08333333333333336,3.0,5.0,2.0,0.8297130933355026,31.60482324104733
kidney diseases,Shionogi,3,0,3,0,0.6,0.0,0.75,0.0,0.1425,8,0.0,0.7353846153846153,-1.433291761649753e-17,1.0,2.0,2.0,0.8297130933355026,30.129823241047337
kidney diseases,"Vincentage Pharma Co., Ltd",1,0,1,0,0.2,0.0,0.25,0.0,0.0475,2,0.0,0.88,0.016666666666666666,0.0,1.0,2.6666666666666665,0.9812671085154541,29.787671085154543
kidney diseases,Daewoong Pharmaceutical Co. LTD.,1,1,0,0,0.2,0.3333333333333333,0.0,0.0,0.06,9,0.0,0.8,-1.791614702062191e-18,0.0,1.0,3.0,1.0,29.000000000000004
kidney diseases,Amgen,4,0,4,0,0.8,0.0,1.0,0.0,0.19,40,0.0,0.45999999999999996,-0.03333333333333334,2.0,2.0,3.169014084507042,1.0,28.700000000000003
kidney diseases,Zealand Pharma,1,0,1,0,0.2,0.0,0.25,0.0,0.0475,5,0.0,0.88,0.016666666666666666,0.0,1.0,1.7999999999999998,0.7776070961516035,27.751070961516035
kidney diseases,"Chia Tai Tianqing Pharmaceutical Group Co., Ltd.",3,0,3,0,0.6,0.0,0.75,0.0,0.1425,42,0.0,0.54,-0.01666666666666667,1.0,1.0,2.5789473684210527,0.9629795950629878,27.554795950629877
kidney diseases,Biogen,3,2,1,0,0.6,0.6666666666666666,0.25,0.0,0.16749999999999998,10,0.0,0.6553846153846153,-0.01666666666666668,1.0,2.0,1.0,0.5234906775131802,26.717599082824105
kidney diseases,Ace Cells Lab Limited,1,1,0,0,0.2,0.3333333333333333,0.0,0.0,0.06,1,0.0,0.88,0.016666666666666666,0.0,1.0,1.0,0.5234906775131802,25.834906775131806
kidney diseases,"Boryung Pharmaceutical Co., Ltd",3,2,0,0,0.6,0.6666666666666666,0.0,0.0,0.13,11,0.0,0.5753846153846153,-0.03333333333333335,1.0,2.0,1.6896551724137931,0.7472417035095585,25.480109342787895
kidney diseases,Alumis Inc,1,0,1,0,0.2,0.0,0.25,0.0,0.0475,2,0.0,0.88,0.016666666666666666,0.0,1.0,1.0,0.5234906775131802,25.209906775131802
kidney diseases,"BrightGene Bio-Medical Technology Co., Ltd.",1,0,1,0,0.2,0.0,0.25,0.0,0.0475,8,0.0,0.88,0.016666666666666666,0.0,1.0,1.0,0.5234906775131802,25.209906775131802
kidney diseases,BioMarin Pharmaceutical,1,0,1,0,0.2,0.0,0.25,0.0,0.0475,10,0.0,0.72,-0.016666666666666666,0.0,1.0,2.0,0.8297130933355026,25.072130933355023
kidney diseases,"Tasly Pharmaceutical Group Co., Ltd",2,1,1,0,0.4,0.3333333333333333,0.25,0.0,0.1075,8,0.0,0.7000000000000001,-0.03333333333333333,0.0,2.0,1.0,0.5234906775131802,24.609906775131805
kidney diseases,Aurinia Pharmaceuticals Inc.,4,1,0,0,0.8,0.3333333333333333,0.0,0.0,0.09,1,0.0,0.72,-0.016666666666666666,1.0,3.0,1.0,0.5234906775131802,24.134906775131803
kidney diseases,AbbVie,4,0,3,0,0.8,0.0,0.75,0.0,0.1525,107,0.0,0.3,-0.13333333333333336,2.0,2.0,3.813559322033898,1.0,23.625
kidney diseases,"Ganzhou Hemay Pharmaceutical Co., Ltd",1,0,1,0,0.2,0.0,0.25,0.0,0.0475,6,0.0,0.8,-1.791614702062191e-18,0.0,1.0,1.0,0.5234906775131802,23.609906775131805
kidney diseases,MBX Biosciences,1,0,1,0,0.2,0.0,0.25,0.0,0.0475,2,0.0,0.8,-1.791614702062191e-18,0.0,1.0,1.0,0.5234906775131802,23.609906775131805
kidney diseases,"Madrigal Pharmaceuticals, Inc.",1,0,1,0,0.2,0.0,0.25,0.0,0.0475,2,0.0,0.8,-1.791614702062191e-18,0.0,1.0,1.0,0.5234906775131802,23.609906775131805
kidney diseases,"Tourmaline Bio, Inc., a Novartis Company",1,0,1,0,0.2,0.0,0.25,0.0,0.0475,1,0.0,0.8,-1.791614702062191e-18,0.0,1.0,1.0,0.5234906775131802,23.609906775131805
kidney diseases,Enyo Pharma,2,0,2,0,0.4,0.0,0.5,0.0,0.095,1,0.0,0.9400000000000001,0.01666666666666666,0.0,2.0,,0.0,23.550000000000004
kidney diseases,"Humacyte, Inc.",1,1,0,0,0.2,0.3333333333333333,0.0,0.0,0.06,1,0.0,0.72,-0.016666666666666666,0.0,1.0,1.0,0.5234906775131802,22.634906775131803
kidney diseases,Prokidney,6,3,2,0,1.0,1.0,0.5,0.0,0.27499999999999997,0,0.0,0.44117647058823534,-0.13333333333333333,2.0,4.0,,0.0,22.573529411764707
kidney diseases,Akeso,1,0,1,0,0.2,0.0,0.25,0.0,0.0475,60,0.0,0.72,-0.016666666666666666,0.0,1.0,1.0,0.5234906775131802,22.009906775131803
kidney diseases,BioPorto Diagnostics,2,2,0,0,0.4,0.6666666666666666,0.0,0.0,0.12,0,0.0,0.8,-1.791614702062191e-18,0.0,1.0,,0.0,22.000000000000004
kidney diseases,"Atea Pharmaceuticals, Inc.",2,0,2,0,0.4,0.0,0.5,0.0,0.095,2,0.0,0.54,-0.01666666666666667,1.0,1.0,1.0,0.5234906775131802,20.784906775131805
kidney diseases,Biocad,1,1,0,0,0.2,0.3333333333333333,0.0,0.0,0.06,11,0.0,0.88,0.016666666666666666,0.0,1.0,,0.0,20.6
kidney diseases,Chiesi Poland Sp. z o.o.,1,1,0,0,0.2,0.3333333333333333,0.0,0.0,0.06,0,0.0,0.88,0.016666666666666666,0.0,1.0,,0.0,20.6
kidney diseases,Devyser Inc.,1,1,0,0,0.2,0.3333333333333333,0.0,0.0,0.06,0,0.0,0.88,0.016666666666666666,0.0,1.0,,0.0,20.6
kidney diseases,Joined Bio,1,1,0,0,0.2,0.3333333333333333,0.0,0.0,0.06,0,0.0,0.88,0.016666666666666666,0.0,1.0,,0.0,20.6
kidney diseases,Nabiqasim Industries (Pvt) Ltd,1,1,0,0,0.2,0.3333333333333333,0.0,0.0,0.06,0,0.0,0.88,0.03333333333333333,0.0,1.0,,0.0,20.6
kidney diseases,Nucleix Ltd.,1,1,0,0,0.2,0.3333333333333333,0.0,0.0,0.06,0,0.0,0.88,0.016666666666666666,0.0,1.0,,0.0,20.6
kidney diseases,OncoHost Ltd.,1,1,0,0,0.2,0.3333333333333333,0.0,0.0,0.06,0,0.0,0.88,0.016666666666666666,0.0,1.0,,0.0,20.6
kidney diseases,"Otsuka Pharmaceutical Co., Ltd.",1,1,0,0,0.2,0.3333333333333333,0.0,0.0,0.06,3,0.0,0.88,0.016666666666666666,0.0,1.0,,0.0,20.6
kidney diseases,"Phraxis, Inc.",1,1,0,0,0.2,0.3333333333333333,0.0,0.0,0.06,0,0.0,0.88,0.03333333333333333,0.0,1.0,,0.0,20.6
kidney diseases,Rubix LS,1,1,0,0,0.2,0.3333333333333333,0.0,0.0,0.06,0,0.0,0.88,0.016666666666666666,0.0,1.0,,0.0,20.6
kidney diseases,Swedish Orphan Biovitrum,1,1,0,0,0.2,0.3333333333333333,0.0,0.0,0.06,1,0.0,0.88,0.03333333333333333,0.0,1.0,,0.0,20.6
kidney diseases,Tingting Xu,1,1,0,0,0.2,0.3333333333333333,0.0,0.0,0.06,0,0.0,0.88,0.016666666666666666,0.0,1.0,,0.0,20.6
kidney diseases,"Transplant Genomics, Inc.",1,1,0,0,0.2,0.3333333333333333,0.0,0.0,0.06,0,0.0,0.88,0.03333333333333333,0.0,1.0,,0.0,20.6
kidney diseases,"True Bearing Diagnostics, Inc.",1,1,0,0,0.2,0.3333333333333333,0.0,0.0,0.06,0,0.0,0.88,0.03333333333333333,0.0,1.0,,0.0,20.6
kidney diseases,"Xuanzhu Biopharmaceutical Co., Ltd.",1,1,0,0,0.2,0.3333333333333333,0.0,0.0,0.06,5,0.0,0.88,0.03333333333333333,0.0,1.0,,0.0,20.6
kidney diseases,Atara Biotherapeutics,1,0,1,0,0.2,0.0,0.25,0.0,0.0475,0,0.0,0.88,0.016666666666666666,0.0,1.0,,0.0,19.975
kidney diseases,"Lilac Therapeutics, Inc.",1,0,1,0,0.2,0.0,0.25,0.0,0.0475,0,0.0,0.88,0.016666666666666666,0.0,1.0,,0.0,19.975
kidney diseases,"Revelation Biosciences, Inc",1,0,1,0,0.2,0.0,0.25,0.0,0.0475,0,0.0,0.88,0.016666666666666666,0.0,1.0,,0.0,19.975
kidney diseases,"ZyVersa Therapeutics, Inc.",1,0,1,0,0.2,0.0,0.25,0.0,0.0475,0,0.0,0.88,0.016666666666666666,0.0,1.0,,0.0,19.975
kidney diseases,Kind Pharmaceuticals LLC,4,2,2,0,0.8,0.6666666666666666,0.5,0.0,0.215,5,0.0,0.45999999999999996,-0.03333333333333335,2.0,2.0,,0.0,19.950000000000003
kidney diseases,HemoCept Inc.,2,0,0,0,0.4,0.0,0.0,0.0,0.020000000000000004,0,0.0,0.9400000000000001,0.03333333333333333,0.0,2.0,,0.0,19.800000000000004
kidney diseases,Biocodex,2,1,1,0,0.4,0.3333333333333333,0.25,0.0,0.1075,0,0.0,0.72,-0.016666666666666666,0.0,1.0,,0.0,19.775
kidney diseases,Addpharma Inc.,1,0,1,0,0.2,0.0,0.25,0.0,0.0475,21,0.0,0.36000000000000004,-0.016666666666666666,1.0,0.0,2.882352941176471,1.0,19.575
kidney diseases,"Alpine Immune Sciences Inc, A Subsidiary of Vertex",1,1,0,0,0.2,0.3333333333333333,0.0,0.0,0.06,0,0.0,0.8,-1.791614702062191e-18,0.0,1.0,,0.0,19.000000000000004
kidney diseases,"Chengdu Qingshan Likang Pharmaceutical Co., Ltd",1,1,0,0,0.2,0.3333333333333333,0.0,0.0,0.06,0,0.0,0.8,-1.791614702062191e-18,0.0,1.0,,0.0,19.000000000000004
kidney diseases,"Genexine, Inc.",1,1,0,0,0.2,0.3333333333333333,0.0,0.0,0.06,0,0.0,0.8,-1.791614702062191e-18,0.0,1.0,,0.0,19.000000000000004
kidney diseases,Scaled Insights,1,1,0,0,0.2,0.3333333333333333,0.0,0.0,0.06,0,0.0,0.8,-1.791614702062191e-18,0.0,1.0,,0.0,19.000000000000004
kidney diseases,"Sichuan Jishengtang Pharmaceutical Co., Ltd.",1,1,0,0,0.2,0.3333333333333333,0.0,0.0,0.06,0,0.0,0.8,-1.791614702062191e-18,0.0,1.0,,0.0,19.000000000000004
kidney diseases,Alnylam Pharmaceuticals,3,0,2,0,0.6,0.0,0.5,0.0,0.105,15,0.0,0.18461538461538463,-0.10000000000000002,2.0,1.0,3.5555555555555554,1.0,18.942307692307693
kidney diseases,Arrowhead Pharmaceuticals,3,0,3,0,0.6,0.0,0.75,0.0,0.1425,7,0.0,0.18461538461538463,-0.10000000000000002,2.0,1.0,1.7999999999999998,0.7776070961516035,18.593378653823727
kidney diseases,Elephas,2,2,0,0,0.4,0.6666666666666666,0.0,0.0,0.12,0,0.0,0.6200000000000001,-3.583229404124382e-18,1.0,1.0,,0.0,18.400000000000002
kidney diseases,"Actym Therapeutics, Inc.",1,0,1,0,0.2,0.0,0.25,0.0,0.0475,0,0.0,0.8,-1.791614702062191e-18,0.0,1.0,,0.0,18.375000000000004
kidney diseases,Antabio,1,0,1,0,0.2,0.0,0.25,0.0,0.0475,0,0.0,0.8,-1.791614702062191e-18,0.0,1.0,,0.0,18.375000000000004
kidney diseases,"EHL Bio Co., Ltd.",1,0,1,0,0.2,0.0,0.25,0.0,0.0475,0,0.0,0.8,-1.791614702062191e-18,0.0,1.0,,0.0,18.375000000000004
kidney diseases,Genenta Science,1,0,1,0,0.2,0.0,0.25,0.0,0.0475,0,0.0,0.8,-1.791614702062191e-18,0.0,1.0,,0.0,18.375000000000004
kidney diseases,Inozyme Pharma,1,0,1,0,0.2,0.0,0.25,0.0,0.0475,2,0.0,0.8,-1.791614702062191e-18,0.0,1.0,,0.0,18.375000000000004
kidney diseases,"Lyell Immunopharma, Inc.",1,0,1,0,0.2,0.0,0.25,0.0,0.0475,2,0.0,0.8,-1.791614702062191e-18,0.0,1.0,,0.0,18.375000000000004
kidney diseases,"NeuroRx, Inc.",1,0,1,0,0.2,0.0,0.25,0.0,0.0475,1,0.0,0.8,-1.791614702062191e-18,0.0,1.0,,0.0,18.375000000000004
kidney diseases,Numab Therapeutics AG,1,0,1,0,0.2,0.0,0.25,0.0,0.0475,0,0.0,0.8,-1.791614702062191e-18,0.0,1.0,,0.0,18.375000000000004
kidney diseases,"S-INFINITY Pharmaceuticals Co., Ltd",1,0,1,0,0.2,0.0,0.25,0.0,0.0475,3,0.0,0.8,-1.791614702062191e-18,0.0,1.0,,0.0,18.375000000000004
kidney diseases,"Shanghai Haiyan Pharmaceutical Technology Co., Ltd.",1,0,1,0,0.2,0.0,0.25,0.0,0.0475,0,0.0,0.8,-1.791614702062191e-18,0.0,1.0,,0.0,18.375000000000004
kidney diseases,medac GmbH,1,0,1,0,0.2,0.0,0.25,0.0,0.0475,1,0.0,0.8,-1.791614702062191e-18,0.0,1.0,,0.0,18.375000000000004
kidney diseases,Telix Pharmaceuticals (Innovations) Pty Limited,4,2,2,0,0.8,0.6666666666666666,0.5,0.0,0.215,3,0.0,0.38,-0.049999999999999996,2.0,2.0,,0.0,18.35
kidney diseases,"Sunshine Lake Pharma Co., Ltd.",4,0,4,0,0.8,0.0,1.0,0.0,0.19,11,0.0,0.02307692307692306,-0.20000000000000007,4.0,0.0,2.0,0.8297130933355026,18.258669394893488
kidney diseases,Vantive Health LLC,2,0,0,0,0.4,0.0,0.0,0.0,0.020000000000000004,0,0.0,0.8600000000000001,-3.583229404124382e-18,0.0,2.0,,0.0,18.200000000000006
kidney diseases,"Ablative Solutions, Inc.",1,0,0,0,0.2,0.0,0.0,0.0,0.010000000000000002,0,0.0,0.88,0.016666666666666666,0.0,1.0,,0.0,18.1
kidney diseases,"Sarfez Pharmaceuticals, Inc.",1,0,0,0,0.2,0.0,0.0,0.0,0.010000000000000002,0,0.0,0.88,0.016666666666666666,0.0,1.0,,0.0,18.1
kidney diseases,Hanmi Pharmaceutical Company Limited,1,0,1,0,0.2,0.0,0.25,0.0,0.0475,11,0.0,0.28,-0.03333333333333333,1.0,0.0,2.6666666666666665,0.9812671085154541,17.787671085154543
kidney diseases,argenx,3,0,3,0,0.6,0.0,0.75,0.0,0.1425,22,0.0,0.2646153846153846,-0.05000000000000001,2.0,1.0,1.0,0.5234906775131802,17.652214467439496
kidney diseases,Genfit,2,0,2,0,0.4,0.0,0.5,0.0,0.095,2,0.0,0.37999999999999995,-0.05000000000000001,1.0,1.0,1.0,0.5234906775131802,17.584906775131802
kidney diseases,Celgene,2,0,2,0,0.4,0.0,0.5,0.0,0.095,7,0.0,0.3799999999999999,-0.05000000000000002,1.0,1.0,1.0,0.5234906775131802,17.5849067751318
kidney diseases,Fresenius Medical Care North America,1,1,0,0,0.2,0.3333333333333333,0.0,0.0,0.06,0,0.0,0.72,-0.016666666666666666,0.0,1.0,,0.0,17.4
kidney diseases,UroGen Pharma Ltd.,1,1,0,0,0.2,0.3333333333333333,0.0,0.0,0.06,0,0.0,0.72,-0.016666666666666666,0.0,1.0,,0.0,17.4
kidney diseases,iVascular S.L.U.,1,1,0,0,0.2,0.3333333333333333,0.0,0.0,0.06,0,0.0,0.72,-0.016666666666666666,0.0,1.0,,0.0,17.4
kidney diseases,"Shanghai Pharmaceuticals Holding Co., Ltd",1,0,1,0,0.2,0.0,0.25,0.0,0.0475,14,0.0,0.36000000000000004,-0.016666666666666666,1.0,0.0,1.7999999999999998,0.7776070961516035,17.351070961516037
kidney diseases,AdAlta Limited,1,0,1,0,0.2,0.0,0.25,0.0,0.0475,0,0.0,0.72,-0.016666666666666666,0.0,1.0,,0.0,16.775
kidney diseases,"Bolt Biotherapeutics, Inc.",1,0,1,0,0.2,0.0,0.25,0.0,0.0475,1,0.0,0.72,-0.016666666666666666,0.0,1.0,,0.0,16.775
kidney diseases,"Kezar Life Sciences, Inc.",1,0,1,0,0.2,0.0,0.25,0.0,0.0475,0,0.0,0.72,-0.016666666666666666,0.0,1.0,,0.0,16.775
kidney diseases,"Molecular Templates, Inc.",1,0,1,0,0.2,0.0,0.25,0.0,0.0475,0,0.0,0.72,-0.016666666666666666,0.0,1.0,,0.0,16.775
kidney diseases,"NextPoint Therapeutics, Inc.",1,0,1,0,0.2,0.0,0.25,0.0,0.0475,2,0.0,0.72,-0.016666666666666666,0.0,1.0,,0.0,16.775
kidney diseases,"Unicycive Therapeutics, Inc",1,0,1,0,0.2,0.0,0.25,0.0,0.0475,0,0.0,0.72,-0.016666666666666666,0.0,1.0,,0.0,16.775
kidney diseases,Yangtze River Pharmaceutical Group Jiangsu Zilong Pharmaceutical Co. Ltd,1,0,1,0,0.2,0.0,0.25,0.0,0.0475,0,0.0,0.72,-0.016666666666666666,0.0,1.0,,0.0,16.775
kidney diseases,"Heilongjiang Quanle Pharmaceutical Co., Ltd.",1,0,0,0,0.2,0.0,0.0,0.0,0.010000000000000002,0,0.0,0.8,-1.791614702062191e-18,0.0,1.0,,0.0,16.500000000000004
kidney diseases,"Ourotech, Inc.",1,0,0,0,0.2,0.0,0.0,0.0,0.010000000000000002,0,0.0,0.8,-1.791614702062191e-18,0.0,1.0,,0.0,16.500000000000004
kidney diseases,"Janssen Research & Development, LLC",6,0,6,0,1.0,0.0,1.0,0.0,0.2,76,0.0,0.059999999999999984,-0.24999999999999997,5.0,1.0,1.0,0.5234906775131802,16.434906775131804
kidney diseases,Viatris Innovation GmbH,2,1,1,0,0.4,0.3333333333333333,0.25,0.0,0.1075,1,0.0,0.5399999999999999,-0.01666666666666668,1.0,1.0,,0.0,16.174999999999997
kidney diseases,"Jiangsu HengRui Medicine Co., Ltd.",7,0,7,0,1.0,0.0,1.0,0.0,0.2,64,0.0,0.04528301886792452,-0.3333333333333334,6.0,1.0,1.0,0.5234906775131802,16.14056715249029
kidney diseases,Power Life Sciences Inc.,2,2,0,0,0.4,0.6666666666666666,0.0,0.0,0.12,0,0.0,0.5,,,,,0.0,16.0
kidney diseases,Advicenne Pharma,4,0,2,0,0.8,0.0,0.5,0.0,0.115,0,0.0,0.48,-0.0666666666666667,1.0,3.0,,0.0,15.35
kidney diseases,"Dong-A ST Co., Ltd.",2,0,1,0,0.4,0.0,0.25,0.0,0.0575,7,0.0,0.36000000000000004,-0.016666666666666666,1.0,0.0,1.0,0.5234906775131802,15.309906775131804
kidney diseases,"Kyowa Kirin Korea Co., Ltd.",1,0,0,0,0.2,0.0,0.0,0.0,0.010000000000000002,0,0.0,0.72,-0.016666666666666666,0.0,1.0,,0.0,14.899999999999999
kidney diseases,"Disc Medicine, Inc",1,0,1,0,0.2,0.0,0.25,0.0,0.0475,5,0.0,0.36000000000000004,-0.016666666666666666,1.0,0.0,1.0,0.5234906775131802,14.809906775131804
kidney diseases,"Jiangsu Simcere Pharmaceutical Co., Ltd.",1,0,1,0,0.2,0.0,0.25,0.0,0.0475,17,0.0,0.36000000000000004,-0.016666666666666666,1.0,0.0,1.0,0.5234906775131802,14.809906775131804
kidney diseases,"Vir Biotechnology, Inc.",1,0,1,0,0.2,0.0,0.25,0.0,0.0475,6,0.0,0.36000000000000004,-0.016666666666666666,1.0,0.0,1.0,0.5234906775131802,14.809906775131804
kidney diseases,"CSPC ZhongQi Pharmaceutical Technology Co., Ltd.",1,0,1,0,0.2,0.0,0.25,0.0,0.0475,25,0.0,0.1999999999999999,-0.05000000000000002,1.0,0.0,2.0,0.8297130933355026,14.672130933355024
kidney diseases,Calliditas Therapeutics AB,3,1,1,0,0.6,0.3333333333333333,0.25,0.0,0.1175,0,0.0,0.41538461538461535,-0.08333333333333336,1.0,2.0,,0.0,14.182692307692307
kidney diseases,"Xiamen Amoytop Biotech Co., Ltd.",1,0,1,0,0.2,0.0,0.25,0.0,0.0475,6,0.0,0.1999999999999999,-0.05000000000000002,1.0,0.0,1.7999999999999998,0.7776070961516035,14.151070961516032
kidney diseases,"Shanghai Hengrui Pharmaceutical Co., Ltd.",2,0,2,0,0.4,0.0,0.5,0.0,0.095,25,0.0,0.45999999999999996,-0.03333333333333334,1.0,1.0,,0.0,13.950000000000001
kidney diseases,Iperboreal Pharma Srl,1,1,0,0,0.2,0.3333333333333333,0.0,0.0,0.06,1,0.0,0.28,-0.03333333333333333,1.0,0.0,1.0,0.5234906775131802,13.834906775131802
kidney diseases,"Astellas Pharma Global Development, Inc.",6,1,3,0,1.0,0.3333333333333333,0.75,0.0,0.21249999999999997,18,0.0,0.1588235294117647,-0.1833333333333334,4.0,2.0,,0.0,13.801470588235293
kidney diseases,CRISPR Therapeutics AG,2,0,2,0,0.4,0.0,0.5,0.0,0.095,4,0.0,0.059999999999999984,-0.08333333333333334,2.0,0.0,1.7999999999999998,0.7776070961516035,13.726070961516035
kidney diseases,"Chipscreen Biosciences, Ltd.",1,0,1,0,0.2,0.0,0.25,0.0,0.0475,7,0.0,0.28,-0.03333333333333333,1.0,0.0,1.0,0.5234906775131802,13.209906775131804
kidney diseases,"Palatin Technologies, Inc",1,0,1,0,0.2,0.0,0.25,0.0,0.0475,2,0.0,0.28,-0.03333333333333333,1.0,0.0,1.0,0.5234906775131802,13.209906775131804
kidney diseases,Chiesi SAS,1,1,0,0,0.2,0.3333333333333333,0.0,0.0,0.06,0,0.0,0.5,,,,,0.0,13.0
kidney diseases,LumiraDx UK Limited,1,1,0,0,0.2,0.3333333333333333,0.0,0.0,0.06,0,0.0,0.5,,,,,0.0,13.0
kidney diseases,Megalabs,1,1,0,0,0.2,0.3333333333333333,0.0,0.0,0.06,2,0.0,0.5,,,,,0.0,13.0
kidney diseases,NephroSant,1,1,0,0,0.2,0.3333333333333333,0.0,0.0,0.06,0,0.0,0.5,,,,,0.0,13.0
kidney diseases,"Agios Pharmaceuticals, Inc.",1,0,1,0,0.2,0.0,0.25,0.0,0.0475,5,0.0,0.5,,,,,0.0,12.375
kidney diseases,"Aldeyra Therapeutics, Inc.",1,0,1,0,0.2,0.0,0.25,0.0,0.0475,0,0.0,0.5,,,,,0.0,12.375
kidney diseases,"Caribou Biosciences, Inc.",1,0,1,0,0.2,0.0,0.25,0.0,0.0475,1,0.0,0.5,,,,,0.0,12.375
kidney diseases,Lantheus Medical Imaging,1,0,1,0,0.2,0.0,0.25,0.0,0.0475,2,0.0,0.5,,,,,0.0,12.375
kidney diseases,Ligand Pharmaceuticals,1,0,1,0,0.2,0.0,0.25,0.0,0.0475,0,0.0,0.5,,,,,0.0,12.375
kidney diseases,"Medeor Therapeutics, Inc.",1,0,1,0,0.2,0.0,0.25,0.0,0.0475,0,0.0,0.5,,,,,0.0,12.375
kidney diseases,"NanOlogy, LLC",1,0,1,0,0.2,0.0,0.25,0.0,0.0475,1,0.0,0.5,,,,,0.0,12.375
kidney diseases,Dragonfly Therapeutics,2,0,2,0,0.4,0.0,0.5,0.0,0.095,1,0.0,0.37999999999999995,-0.05000000000000001,1.0,1.0,,0.0,12.35
kidney diseases,"Merck Healthcare KGaA, Darmstadt, Germany, an affiliate of Merck KGaA, Darmstadt, Germany",3,0,1,0,0.6,0.0,0.25,0.0,0.0675,4,0.0,0.18461538461538463,-0.0666666666666667,2.0,1.0,1.0,0.5234906775131802,12.302214467439496
kidney diseases,Pharming Technologies B.V.,1,0,1,0,0.2,0.0,0.25,0.0,0.0475,5,0.0,0.1999999999999999,-0.05000000000000002,1.0,0.0,1.0,0.5234906775131802,11.609906775131801
kidney diseases,Sangamo Therapeutics,2,1,1,0,0.4,0.3333333333333333,0.25,0.0,0.1075,1,0.0,0.3,-0.06666666666666668,1.0,1.0,,0.0,11.374999999999998
kidney diseases,"Vascudyne, Inc.",2,0,2,0,0.4,0.0,0.5,0.0,0.095,1,0.0,0.059999999999999984,-0.08333333333333336,2.0,0.0,1.0,0.5234906775131802,11.184906775131804
kidney diseases,"HI-Bio, A Biogen Company",3,0,3,0,0.6,0.0,0.75,0.0,0.1425,0,0.0,0.18461538461538463,-0.1166666666666667,2.0,1.0,,0.0,10.817307692307693
kidney diseases,Mineralys Therapeutics Inc.,2,0,2,0,0.4,0.0,0.5,0.0,0.095,0,0.0,0.3,-0.06666666666666668,1.0,1.0,,0.0,10.75
kidney diseases,"NiKang Therapeutics, Inc.",2,0,2,0,0.4,0.0,0.5,0.0,0.095,2,0.0,0.3,-0.06666666666666668,1.0,1.0,,0.0,10.75
kidney diseases,Eurofarma Laboratorios S.A.,1,0,0,0,0.2,0.0,0.0,0.0,0.010000000000000002,0,0.0,0.5,,,,,0.0,10.500000000000002
kidney diseases,Idorsia Pharmaceuticals Ltd.,1,0,0,0,0.2,0.0,0.0,0.0,0.010000000000000002,1,0.0,0.5,,,,,0.0,10.500000000000002
kidney diseases,"Target PharmaSolutions, Inc.",1,0,0,0,0.2,0.0,0.0,0.0,0.010000000000000002,0,0.0,0.5,,,,,0.0,10.500000000000002
kidney diseases,Angel Argiles,1,1,0,0,0.2,0.3333333333333333,0.0,0.0,0.06,0,0.0,0.36000000000000004,-0.016666666666666666,1.0,0.0,,0.0,10.200000000000001
kidney diseases,Audubon Bioscience,1,1,0,0,0.2,0.3333333333333333,0.0,0.0,0.06,0,0.0,0.36000000000000004,-0.016666666666666666,1.0,0.0,,0.0,10.200000000000001
kidney diseases,"Cerium Pharmaceuticals, Inc.",1,1,0,0,0.2,0.3333333333333333,0.0,0.0,0.06,0,0.0,0.36000000000000004,-0.016666666666666666,1.0,0.0,,0.0,10.200000000000001
kidney diseases,LifeNet Health,1,1,0,0,0.2,0.3333333333333333,0.0,0.0,0.06,0,0.0,0.36000000000000004,-0.016666666666666666,1.0,0.0,,0.0,10.200000000000001
kidney diseases,"Coherus Oncology, Inc.",1,0,1,0,0.2,0.0,0.25,0.0,0.0475,4,0.0,0.12,-0.06666666666666667,1.0,0.0,1.0,0.5234906775131802,10.009906775131801
kidney diseases,"Rhythm Pharmaceuticals, Inc.",1,0,1,0,0.2,0.0,0.25,0.0,0.0475,3,0.0,0.12,-0.06666666666666667,1.0,0.0,1.0,0.5234906775131802,10.009906775131801
kidney diseases,Zydus Therapeutics Inc.,1,0,1,0,0.2,0.0,0.25,0.0,0.0475,3,0.0,0.12,-0.06666666666666667,1.0,0.0,1.0,0.5234906775131802,10.009906775131801
kidney diseases,"Renalytix AI, Inc.",4,4,0,0,0.8,1.0,0.0,0.0,0.19,0,0.0,0.02307692307692306,-0.20000000000000007,4.0,0.0,,0.0,9.961538461538462
kidney diseases,Fresenius Medical Care Deutschland GmbH,5,2,0,0,1.0,0.6666666666666666,0.0,0.0,0.15,0,0.0,0.12,-0.10000000000000002,3.0,1.0,,0.0,9.9
kidney diseases,Achieve Life Sciences,1,0,1,0,0.2,0.0,0.25,0.0,0.0475,0,0.0,0.36000000000000004,-0.016666666666666666,1.0,0.0,,0.0,9.575
kidney diseases,"Betta Pharmaceuticals Co., Ltd.",1,0,1,0,0.2,0.0,0.25,0.0,0.0475,10,0.0,0.36000000000000004,-0.016666666666666666,1.0,0.0,,0.0,9.575
kidney diseases,"Curacle Co., Ltd.",1,0,1,0,0.2,0.0,0.25,0.0,0.0475,1,0.0,0.36000000000000004,-0.016666666666666666,1.0,0.0,,0.0,9.575
kidney diseases,Genmab,1,0,1,0,0.2,0.0,0.25,0.0,0.0475,16,0.0,0.36000000000000004,-0.016666666666666666,1.0,0.0,,0.0,9.575
kidney diseases,"Huabo Biopharm Co., Ltd.",1,0,1,0,0.2,0.0,0.25,0.0,0.0475,3,0.0,0.36000000000000004,-0.016666666666666666,1.0,0.0,,0.0,9.575
kidney diseases,ImmuneSensor Therapeutics Inc.,1,0,1,0,0.2,0.0,0.25,0.0,0.0475,2,0.0,0.36000000000000004,-0.016666666666666666,1.0,0.0,,0.0,9.575
kidney diseases,Kineta Inc.,1,0,1,0,0.2,0.0,0.25,0.0,0.0475,0,0.0,0.36000000000000004,-0.016666666666666666,1.0,0.0,,0.0,9.575
kidney diseases,Rain Oncology Inc,1,0,1,0,0.2,0.0,0.25,0.0,0.0475,0,0.0,0.36000000000000004,-0.016666666666666666,1.0,0.0,,0.0,9.575
kidney diseases,Shanghai Yunying Medical Technology,1,0,1,0,0.2,0.0,0.25,0.0,0.0475,0,0.0,0.36000000000000004,-0.016666666666666666,1.0,0.0,,0.0,9.575
kidney diseases,iOmx Therapeutics AG,1,0,1,0,0.2,0.0,0.25,0.0,0.0475,0,0.0,0.36000000000000004,-0.016666666666666666,1.0,0.0,,0.0,9.575
kidney diseases,Chong Kun Dang Pharmaceutical,2,0,1,0,0.4,0.0,0.25,0.0,0.0575,6,0.0,0.059999999999999984,-0.06666666666666668,2.0,0.0,1.0,0.5234906775131802,9.309906775131802
kidney diseases,"Calcilytix Therapeutics, Inc., a BridgeBio company",2,2,0,0,0.4,0.6666666666666666,0.0,0.0,0.12,1,0.0,0.13999999999999996,-0.05000000000000001,2.0,0.0,,0.0,8.799999999999999
kidney diseases,"Apellis Pharmaceuticals, Inc.",4,1,1,0,0.8,0.3333333333333333,0.25,0.0,0.1275,2,0.0,0.12,-0.08333333333333336,3.0,1.0,,0.0,8.774999999999999
kidney diseases,"Adela, Inc",1,1,0,0,0.2,0.3333333333333333,0.0,0.0,0.06,0,0.0,0.28,-0.03333333333333333,1.0,0.0,,0.0,8.600000000000001
kidney diseases,Amicus Therapeutics,1,1,0,0,0.2,0.3333333333333333,0.0,0.0,0.06,0,0.0,0.28,-0.03333333333333333,1.0,0.0,,0.0,8.600000000000001
kidney diseases,Dimerix Bioscience Pty Ltd,1,1,0,0,0.2,0.3333333333333333,0.0,0.0,0.06,0,0.0,0.28,-0.03333333333333333,1.0,0.0,,0.0,8.600000000000001
kidney diseases,BioMérieux,2,0,0,0,0.4,0.0,0.0,0.0,0.020000000000000004,0,0.0,0.37999999999999995,-0.05000000000000001,1.0,1.0,,0.0,8.6
kidney diseases,"Shenyang Sunshine Pharmaceutical Co., LTD.",4,0,3,0,0.8,0.0,0.75,0.0,0.1525,20,0.0,0.02307692307692306,-0.18333333333333338,4.0,0.0,,0.0,8.086538461538462
kidney diseases,"AN2 Therapeutics, Inc",1,0,1,0,0.2,0.0,0.25,0.0,0.0475,0,0.0,0.28,-0.03333333333333333,1.0,0.0,,0.0,7.975000000000001
kidney diseases,"Annexon, Inc.",1,0,1,0,0.2,0.0,0.25,0.0,0.0475,0,0.0,0.28,-0.03333333333333333,1.0,0.0,,0.0,7.975000000000001
kidney diseases,BioCryst Pharmaceuticals,1,0,1,0,0.2,0.0,0.25,0.0,0.0475,1,0.0,0.28,-0.03333333333333333,1.0,0.0,,0.0,7.975000000000001
kidney diseases,Biomica Ltd.,1,0,1,0,0.2,0.0,0.25,0.0,0.0475,0,0.0,0.28,-0.03333333333333333,1.0,0.0,,0.0,7.975000000000001
kidney diseases,"Cerevel Therapeutics, LLC",1,0,1,0,0.2,0.0,0.25,0.0,0.0475,0,0.0,0.28,-0.03333333333333333,1.0,0.0,,0.0,7.975000000000001
kidney diseases,Chiesi Farmaceutici S.p.A.,1,0,1,0,0.2,0.0,0.25,0.0,0.0475,8,0.0,0.28,-0.03333333333333333,1.0,0.0,,0.0,7.975000000000001
kidney diseases,Concert Pharmaceuticals,1,0,1,0,0.2,0.0,0.25,0.0,0.0475,0,0.0,0.28,-0.03333333333333333,1.0,0.0,,0.0,7.975000000000001
kidney diseases,Cue Biopharma,1,0,1,0,0.2,0.0,0.25,0.0,0.0475,0,0.0,0.28,-0.03333333333333333,1.0,0.0,,0.0,7.975000000000001
kidney diseases,"Endeavor Biomedicines, Inc.",1,0,1,0,0.2,0.0,0.25,0.0,0.0475,2,0.0,0.28,-0.03333333333333333,1.0,0.0,,0.0,7.975000000000001
kidney diseases,EverImmune,1,0,1,0,0.2,0.0,0.25,0.0,0.0475,0,0.0,0.28,-0.03333333333333333,1.0,0.0,,0.0,7.975000000000001
kidney diseases,F2G Biotech GmbH,1,0,1,0,0.2,0.0,0.25,0.0,0.0475,0,0.0,0.28,-0.03333333333333333,1.0,0.0,,0.0,7.975000000000001
kidney diseases,Federation Bio Inc.,1,0,1,0,0.2,0.0,0.25,0.0,0.0475,0,0.0,0.28,-0.03333333333333333,1.0,0.0,,0.0,7.975000000000001
kidney diseases,Galderma R&D,1,0,1,0,0.2,0.0,0.25,0.0,0.0475,3,0.0,0.28,-0.03333333333333333,1.0,0.0,,0.0,7.975000000000001
kidney diseases,Hutchmed,1,0,1,0,0.2,0.0,0.25,0.0,0.0475,11,0.0,0.28,-0.03333333333333333,1.0,0.0,,0.0,7.975000000000001
kidney diseases,Instil Bio,1,0,1,0,0.2,0.0,0.25,0.0,0.0475,0,0.0,0.28,-0.03333333333333333,1.0,0.0,,0.0,7.975000000000001
kidney diseases,Inversago Pharma Inc.,1,0,1,0,0.2,0.0,0.25,0.0,0.0475,0,0.0,0.28,-0.03333333333333333,1.0,0.0,,0.0,7.975000000000001
kidney diseases,"Lisata Therapeutics, Inc.",1,0,1,0,0.2,0.0,0.25,0.0,0.0475,0,0.0,0.28,-0.03333333333333333,1.0,0.0,,0.0,7.975000000000001
kidney diseases,MC2 Therapeutics,1,0,1,0,0.2,0.0,0.25,0.0,0.0475,0,0.0,0.28,-0.03333333333333333,1.0,0.0,,0.0,7.975000000000001
kidney diseases,Memo Therapeutics AG,1,0,1,0,0.2,0.0,0.25,0.0,0.0475,0,0.0,0.28,-0.03333333333333333,1.0,0.0,,0.0,7.975000000000001
kidney diseases,Mucpharm Pty Ltd,1,0,1,0,0.2,0.0,0.25,0.0,0.0475,0,0.0,0.28,-0.03333333333333333,1.0,0.0,,0.0,7.975000000000001
kidney diseases,"Ocelot Bio, Inc",1,0,1,0,0.2,0.0,0.25,0.0,0.0475,0,0.0,0.28,-0.03333333333333333,1.0,0.0,,0.0,7.975000000000001
kidney diseases,SymBio Pharmaceuticals,1,0,1,0,0.2,0.0,0.25,0.0,0.0475,0,0.0,0.28,-0.03333333333333333,1.0,0.0,,0.0,7.975000000000001
kidney diseases,Vigonvita Life Sciences,1,0,1,0,0.2,0.0,0.25,0.0,0.0475,11,0.0,0.28,-0.03333333333333333,1.0,0.0,,0.0,7.975000000000001
kidney diseases,"Goldfinch Bio, Inc.",3,0,3,0,0.6,0.0,0.75,0.0,0.1425,0,0.0,0.03529411764705883,-0.16666666666666666,3.0,0.0,,0.0,7.830882352941177
kidney diseases,Regulus Therapeutics Inc.,3,0,3,0,0.6,0.0,0.75,0.0,0.1425,0,0.0,0.03529411764705883,-0.13333333333333333,3.0,0.0,,0.0,7.830882352941177
kidney diseases,Daxor Corporation,1,0,0,0,0.2,0.0,0.0,0.0,0.010000000000000002,0,0.0,0.36000000000000004,-0.016666666666666666,1.0,0.0,,0.0,7.700000000000001
kidney diseases,Zhejiang Biostar Biotechnology Co.,1,0,0,0,0.2,0.0,0.0,0.0,0.010000000000000002,0,0.0,0.36000000000000004,-0.016666666666666666,1.0,0.0,,0.0,7.700000000000001
kidney diseases,Ipsen,5,1,1,0,1.0,0.3333333333333333,0.25,0.0,0.1375,11,0.0,0.016216216216216217,-0.3333333333333334,5.0,0.0,,0.0,7.199324324324325
kidney diseases,George (Beijing) Clinical Research Co. Ltd.,1,1,0,0,0.2,0.3333333333333333,0.0,0.0,0.06,0,0.0,0.1999999999999999,-0.05000000000000002,1.0,0.0,,0.0,6.999999999999998
kidney diseases,"Guardant Health, Inc.",1,1,0,0,0.2,0.3333333333333333,0.0,0.0,0.06,0,0.0,0.1999999999999999,-0.05000000000000002,1.0,0.0,,0.0,6.999999999999998
kidney diseases,Tiohundra AB,1,1,0,0,0.2,0.3333333333333333,0.0,0.0,0.06,0,0.0,0.1999999999999999,-0.05000000000000002,1.0,0.0,,0.0,6.999999999999998
kidney diseases,Tobias Moeller-Bertram,1,1,0,0,0.2,0.3333333333333333,0.0,0.0,0.06,0,0.0,0.1999999999999999,-0.05000000000000002,1.0,0.0,,0.0,6.999999999999998
kidney diseases,VastBiome,1,1,0,0,0.2,0.3333333333333333,0.0,0.0,0.06,0,0.0,0.1999999999999999,-0.05000000000000002,1.0,0.0,,0.0,6.999999999999998
kidney diseases,Keryx Biopharmaceuticals,2,0,0,0,0.4,0.0,0.0,0.0,0.020000000000000004,0,0.0,0.28,-0.03333333333333333,1.0,0.0,,0.0,6.6000000000000005
kidney diseases,Travera Inc,2,0,0,0,0.4,0.0,0.0,0.0,0.020000000000000004,0,0.0,0.28,-0.03333333333333333,1.0,0.0,,0.0,6.6000000000000005
kidney diseases,Zydus Lifesciences Limited,3,1,1,0,0.6,0.3333333333333333,0.25,0.0,0.1175,0,0.0,0.03529411764705883,-0.15,3.0,0.0,,0.0,6.580882352941177
kidney diseases,"Pharmicell Co., Ltd.",2,1,1,0,0.4,0.3333333333333333,0.25,0.0,0.1075,0,0.0,0.059999999999999984,-0.08333333333333336,2.0,0.0,,0.0,6.575
kidney diseases,Acacia Pharma Ltd,1,0,1,0,0.2,0.0,0.25,0.0,0.0475,1,0.0,0.1999999999999999,-0.05000000000000002,1.0,0.0,,0.0,6.374999999999997
kidney diseases,"AceLink Therapeutics, Inc.",1,0,1,0,0.2,0.0,0.25,0.0,0.0475,0,0.0,0.1999999999999999,-0.05000000000000002,1.0,0.0,,0.0,6.374999999999997
kidney diseases,AlloVir,1,0,1,0,0.2,0.0,0.25,0.0,0.0475,0,0.0,0.1999999999999999,-0.05000000000000002,1.0,0.0,,0.0,6.374999999999997
kidney diseases,Angion Biomedica Corp,1,0,1,0,0.2,0.0,0.25,0.0,0.0475,0,0.0,0.1999999999999999,-0.05000000000000002,1.0,0.0,,0.0,6.374999999999997
kidney diseases,"Aravive, Inc.",1,0,1,0,0.2,0.0,0.25,0.0,0.0475,0,0.0,0.1999999999999999,-0.05000000000000002,1.0,0.0,,0.0,6.374999999999997
kidney diseases,Arthrosi Therapeutics,1,0,1,0,0.2,0.0,0.25,0.0,0.0475,1,0.0,0.1999999999999999,-0.05000000000000002,1.0,0.0,,0.0,6.374999999999997
kidney diseases,BioVersys AG,1,0,1,0,0.2,0.0,0.25,0.0,0.0475,2,0.0,0.1999999999999999,-0.05000000000000002,1.0,0.0,,0.0,6.374999999999997
kidney diseases,Cipla USA Inc.,1,0,1,0,0.2,0.0,0.25,0.0,0.0475,0,0.0,0.1999999999999999,-0.05000000000000002,1.0,0.0,,0.0,6.374999999999997
kidney diseases,"DNAtrix, Inc.",1,0,1,0,0.2,0.0,0.25,0.0,0.0475,0,0.0,0.1999999999999999,-0.05000000000000002,1.0,0.0,,0.0,6.374999999999997
kidney diseases,Eutilex,1,0,1,0,0.2,0.0,0.25,0.0,0.0475,0,0.0,0.1999999999999999,-0.05000000000000002,1.0,0.0,,0.0,6.374999999999997
kidney diseases,Faron Pharmaceuticals Ltd,1,0,1,0,0.2,0.0,0.25,0.0,0.0475,2,0.0,0.1999999999999999,-0.05000000000000002,1.0,0.0,,0.0,6.374999999999997
kidney diseases,Hutchison Medipharma Limited,1,0,1,0,0.2,0.0,0.25,0.0,0.0475,0,0.0,0.1999999999999999,-0.05000000000000002,1.0,0.0,,0.0,6.374999999999997
kidney diseases,Insmed Incorporated,1,0,1,0,0.2,0.0,0.25,0.0,0.0475,3,0.0,0.1999999999999999,-0.05000000000000002,1.0,0.0,,0.0,6.374999999999997
kidney diseases,JW Pharmaceutical,1,0,1,0,0.2,0.0,0.25,0.0,0.0475,2,0.0,0.1999999999999999,-0.05000000000000002,1.0,0.0,,0.0,6.374999999999997
kidney diseases,Kazia Therapeutics Limited,1,0,1,0,0.2,0.0,0.25,0.0,0.0475,0,0.0,0.1999999999999999,-0.05000000000000002,1.0,0.0,,0.0,6.374999999999997
kidney diseases,"Metro International Biotech, LLC",1,0,1,0,0.2,0.0,0.25,0.0,0.0475,2,0.0,0.1999999999999999,-0.05000000000000002,1.0,0.0,,0.0,6.374999999999997
kidney diseases,Nanogen Pharmaceutical Biotechnology Joint Stock Company,1,0,1,0,0.2,0.0,0.25,0.0,0.0475,1,0.0,0.1999999999999999,-0.05000000000000002,1.0,0.0,,0.0,6.374999999999997
kidney diseases,Novome Biotechnologies Inc,1,0,1,0,0.2,0.0,0.25,0.0,0.0475,0,0.0,0.1999999999999999,-0.05000000000000002,1.0,0.0,,0.0,6.374999999999997
kidney diseases,Redx Pharma Ltd,1,0,1,0,0.2,0.0,0.25,0.0,0.0475,1,0.0,0.1999999999999999,-0.05000000000000002,1.0,0.0,,0.0,6.374999999999997
kidney diseases,Reistone Biopharma Company Limited,1,0,1,0,0.2,0.0,0.25,0.0,0.0475,2,0.0,0.1999999999999999,-0.05000000000000002,1.0,0.0,,0.0,6.374999999999997
kidney diseases,Serodus AS,1,0,1,0,0.2,0.0,0.25,0.0,0.0475,0,0.0,0.1999999999999999,-0.05000000000000002,1.0,0.0,,0.0,6.374999999999997
kidney diseases,Spero Therapeutics,1,0,1,0,0.2,0.0,0.25,0.0,0.0475,0,0.0,0.1999999999999999,-0.05000000000000002,1.0,0.0,,0.0,6.374999999999997
kidney diseases,"Suzhou Suncadia Biopharmaceuticals Co., Ltd.",1,0,1,0,0.2,0.0,0.25,0.0,0.0475,49,0.0,0.1999999999999999,-0.05000000000000002,1.0,0.0,,0.0,6.374999999999997
kidney diseases,CGenetix,1,0,0,0,0.2,0.0,0.0,0.0,0.010000000000000002,0,0.0,0.28,-0.03333333333333333,1.0,0.0,,0.0,6.100000000000001
kidney diseases,DongE E Jiao Coporation Limited,1,0,0,0,0.2,0.0,0.0,0.0,0.010000000000000002,0,0.0,0.28,-0.03333333333333333,1.0,0.0,,0.0,6.100000000000001
kidney diseases,Lee's Pharmaceutical Limited,1,0,0,0,0.2,0.0,0.0,0.0,0.010000000000000002,2,0.0,0.28,-0.03333333333333333,1.0,0.0,,0.0,6.100000000000001
kidney diseases,Patient Care America,1,0,0,0,0.2,0.0,0.0,0.0,0.010000000000000002,0,0.0,0.28,-0.03333333333333333,1.0,0.0,,0.0,6.100000000000001
kidney diseases,Respyr,1,0,0,0,0.2,0.0,0.0,0.0,0.010000000000000002,0,0.0,0.28,-0.03333333333333333,1.0,0.0,,0.0,6.100000000000001
kidney diseases,"Vascular Therapies, Inc.",1,0,0,0,0.2,0.0,0.0,0.0,0.010000000000000002,0,0.0,0.28,-0.03333333333333333,1.0,0.0,,0.0,6.100000000000001
kidney diseases,Allena Pharmaceuticals,2,0,2,0,0.4,0.0,0.5,0.0,0.095,0,0.0,0.059999999999999984,-0.08333333333333336,2.0,0.0,,0.0,5.949999999999999
kidney diseases,Celldex Therapeutics,2,0,2,0,0.4,0.0,0.5,0.0,0.095,3,0.0,0.059999999999999984,-0.08333333333333334,2.0,0.0,,0.0,5.949999999999999
kidney diseases,Guard Therapeutics AB,2,0,2,0,0.4,0.0,0.5,0.0,0.095,0,0.0,0.059999999999999984,-0.08333333333333336,2.0,0.0,,0.0,5.949999999999999
kidney diseases,"ImaginAb, Inc.",2,0,2,0,0.4,0.0,0.5,0.0,0.095,0,0.0,0.059999999999999984,-0.06666666666666668,2.0,0.0,,0.0,5.949999999999999
kidney diseases,Kibow Pharma,2,0,2,0,0.4,0.0,0.5,0.0,0.095,0,0.0,0.059999999999999984,-0.08333333333333336,2.0,0.0,,0.0,5.949999999999999
kidney diseases,Tenet Medicines,2,0,2,0,0.4,0.0,0.5,0.0,0.095,0,0.0,0.059999999999999984,-0.08333333333333336,2.0,0.0,,0.0,5.949999999999999
kidney diseases,Pathalys Pharma,2,0,0,0,0.4,0.0,0.0,0.0,0.020000000000000004,0,0.0,0.22000000000000003,-0.03333333333333333,2.0,0.0,,0.0,5.400000000000001
kidney diseases,"Cofactor Genomics, Inc.",1,1,0,0,0.2,0.3333333333333333,0.0,0.0,0.06,0,0.0,0.12,-0.06666666666666667,1.0,0.0,,0.0,5.4
kidney diseases,Tempus AI,1,1,0,0,0.2,0.3333333333333333,0.0,0.0,0.06,0,0.0,0.12,-0.06666666666666667,1.0,0.0,,0.0,5.4
kidney diseases,AO GENERIUM,1,0,1,0,0.2,0.0,0.25,0.0,0.0475,4,0.0,0.12,-0.06666666666666667,1.0,0.0,,0.0,4.775
kidney diseases,Catalysis SL,1,0,1,0,0.2,0.0,0.25,0.0,0.0475,1,0.0,0.12,-0.06666666666666667,1.0,0.0,,0.0,4.775
kidney diseases,Dragonboat Biopharmaceutical Company Limited,1,0,1,0,0.2,0.0,0.25,0.0,0.0475,1,0.0,0.12,-0.06666666666666667,1.0,0.0,,0.0,4.775
kidney diseases,Elevation Oncology,1,0,1,0,0.2,0.0,0.25,0.0,0.0475,0,0.0,0.12,-0.06666666666666667,1.0,0.0,,0.0,4.775
kidney diseases,"Epizyme, Inc.",1,0,1,0,0.2,0.0,0.25,0.0,0.0475,0,0.0,0.12,-0.06666666666666667,1.0,0.0,,0.0,4.775
kidney diseases,"Escient Pharmaceuticals, Inc",1,0,1,0,0.2,0.0,0.25,0.0,0.0475,0,0.0,0.12,-0.06666666666666667,1.0,0.0,,0.0,4.775
kidney diseases,"Genocea Biosciences, Inc.",1,0,1,0,0.2,0.0,0.25,0.0,0.0475,0,0.0,0.12,-0.06666666666666667,1.0,0.0,,0.0,4.775
kidney diseases,Ikena Oncology,1,0,1,0,0.2,0.0,0.25,0.0,0.0475,0,0.0,0.12,-0.06666666666666667,1.0,0.0,,0.0,4.775
kidney diseases,IlDong Pharmaceutical Co Ltd,1,0,1,0,0.2,0.0,0.25,0.0,0.0475,1,0.0,0.12,-0.06666666666666667,1.0,0.0,,0.0,4.775
kidney diseases,Immunitor LLC,1,0,1,0,0.2,0.0,0.25,0.0,0.0475,0,0.0,0.12,-0.06666666666666667,1.0,0.0,,0.0,4.775
kidney diseases,"Janssen Pharmaceutica N.V., Belgium",1,0,1,0,0.2,0.0,0.25,0.0,0.0475,1,0.0,0.12,-0.06666666666666667,1.0,0.0,,0.0,4.775
kidney diseases,Lakefront Biotherapeutics NV,1,0,1,0,0.2,0.0,0.25,0.0,0.0475,0,0.0,0.12,-0.06666666666666667,1.0,0.0,,0.0,4.775
kidney diseases,"Millennium Pharmaceuticals, Inc.",1,0,1,0,0.2,0.0,0.25,0.0,0.0475,0,0.0,0.12,-0.06666666666666667,1.0,0.0,,0.0,4.775
kidney diseases,Mirati Therapeutics Inc.,1,0,1,0,0.2,0.0,0.25,0.0,0.0475,5,0.0,0.12,-0.06666666666666667,1.0,0.0,,0.0,4.775
kidney diseases,Nobelpharma,1,0,1,0,0.2,0.0,0.25,0.0,0.0475,0,0.0,0.12,-0.06666666666666667,1.0,0.0,,0.0,4.775
kidney diseases,"Ocellaris Pharma, Inc.",1,0,1,0,0.2,0.0,0.25,0.0,0.0475,0,0.0,0.12,-0.06666666666666667,1.0,0.0,,0.0,4.775
kidney diseases,"Quadriga Biosciences, Inc.",1,0,1,0,0.2,0.0,0.25,0.0,0.0475,0,0.0,0.12,-0.06666666666666667,1.0,0.0,,0.0,4.775
kidney diseases,Rediscovery Life Sciences,1,0,1,0,0.2,0.0,0.25,0.0,0.0475,0,0.0,0.12,-0.06666666666666667,1.0,0.0,,0.0,4.775
kidney diseases,"Sentien Biotechnologies, Inc.",1,0,1,0,0.2,0.0,0.25,0.0,0.0475,0,0.0,0.12,-0.06666666666666667,1.0,0.0,,0.0,4.775
kidney diseases,Shanghai Alebund Pharmaceuticals Limited,1,0,1,0,0.2,0.0,0.25,0.0,0.0475,0,0.0,0.12,-0.06666666666666667,1.0,0.0,,0.0,4.775
kidney diseases,"Sichuan Haisco Pharmaceutical Group Co., Ltd",1,0,1,0,0.2,0.0,0.25,0.0,0.0475,0,0.0,0.12,-0.06666666666666667,1.0,0.0,,0.0,4.775
kidney diseases,"Tanabe Pharma America, Inc.",1,0,1,0,0.2,0.0,0.25,0.0,0.0475,1,0.0,0.12,-0.06666666666666667,1.0,0.0,,0.0,4.775
kidney diseases,"Turnstone Biologics, Corp.",1,0,1,0,0.2,0.0,0.25,0.0,0.0475,0,0.0,0.12,-0.06666666666666667,1.0,0.0,,0.0,4.775
kidney diseases,VectivBio AG,1,0,1,0,0.2,0.0,0.25,0.0,0.0475,0,0.0,0.12,-0.06666666666666667,1.0,0.0,,0.0,4.775
kidney diseases,"AVEO Pharmaceuticals, Inc.",1,0,0,0,0.2,0.0,0.0,0.0,0.010000000000000002,1,0.0,0.1999999999999999,-0.05000000000000002,1.0,0.0,,0.0,4.499999999999998
kidney diseases,Aesculap AG,1,0,0,0,0.2,0.0,0.0,0.0,0.010000000000000002,0,0.0,0.1999999999999999,-0.05000000000000002,1.0,0.0,,0.0,4.499999999999998
kidney diseases,Astellas Pharma Europe Ltd.,1,0,0,0,0.2,0.0,0.0,0.0,0.010000000000000002,0,0.0,0.1999999999999999,-0.05000000000000002,1.0,0.0,,0.0,4.499999999999998
kidney diseases,Delfi Diagnostics Inc.,1,0,0,0,0.2,0.0,0.0,0.0,0.010000000000000002,0,0.0,0.1999999999999999,-0.05000000000000002,1.0,0.0,,0.0,4.499999999999998
kidney diseases,Eisai Korea Inc.,1,0,0,0,0.2,0.0,0.0,0.0,0.010000000000000002,0,0.0,0.1999999999999999,-0.05000000000000002,1.0,0.0,,0.0,4.499999999999998
kidney diseases,Emerald Clinical Inc.,1,0,0,0,0.2,0.0,0.0,0.0,0.010000000000000002,1,0.0,0.1999999999999999,-0.05000000000000002,1.0,0.0,,0.0,4.499999999999998
kidney diseases,KBP Biosciences,1,0,0,0,0.2,0.0,0.0,0.0,0.010000000000000002,0,0.0,0.1999999999999999,-0.05000000000000002,1.0,0.0,,0.0,4.499999999999998
kidney diseases,Neukidney Inc.,1,0,0,0,0.2,0.0,0.0,0.0,0.010000000000000002,0,0.0,0.1999999999999999,-0.05000000000000002,1.0,0.0,,0.0,4.499999999999998
kidney diseases,Taproot Health,1,0,0,0,0.2,0.0,0.0,0.0,0.010000000000000002,0,0.0,0.1999999999999999,-0.05000000000000002,1.0,0.0,,0.0,4.499999999999998
kidney diseases,iSpecimen Inc,1,0,0,0,0.2,0.0,0.0,0.0,0.010000000000000002,0,0.0,0.1999999999999999,-0.05000000000000002,1.0,0.0,,0.0,4.499999999999998
kidney diseases,Kyowa Kirin Pharmaceutical Development Ltd,3,0,1,0,0.6,0.0,0.25,0.0,0.0675,0,0.0,0.03529411764705883,-0.16666666666666666,3.0,0.0,,0.0,4.0808823529411775
kidney diseases,"Rockwell Medical Technologies, Inc.",3,0,1,0,0.6,0.0,0.25,0.0,0.0675,0,0.0,0.03529411764705883,-0.18333333333333338,3.0,0.0,,0.0,4.0808823529411775
kidney diseases,Advanz Pharma,1,0,0,0,0.2,0.0,0.0,0.0,0.010000000000000002,0,0.0,0.12,-0.06666666666666667,1.0,0.0,,0.0,2.9000000000000004
kidney diseases,AlgoDx,1,0,0,0,0.2,0.0,0.0,0.0,0.010000000000000002,0,0.0,0.12,-0.06666666666666667,1.0,0.0,,0.0,2.9000000000000004
kidney diseases,Ardelyx,1,0,0,0,0.2,0.0,0.0,0.0,0.010000000000000002,1,0.0,0.12,-0.06666666666666667,1.0,0.0,,0.0,2.9000000000000004
kidney diseases,Ascelia Pharma AB,1,0,0,0,0.2,0.0,0.0,0.0,0.010000000000000002,0,0.0,0.12,-0.06666666666666667,1.0,0.0,,0.0,2.9000000000000004
kidney diseases,Elypta,1,0,0,0,0.2,0.0,0.0,0.0,0.010000000000000002,0,0.0,0.12,-0.06666666666666667,1.0,0.0,,0.0,2.9000000000000004
kidney diseases,PT Kalbe Genexine Biologics,1,0,0,0,0.2,0.0,0.0,0.0,0.010000000000000002,0,0.0,0.12,-0.06666666666666667,1.0,0.0,,0.0,2.9000000000000004
kidney diseases,Panion & BF Biotech Inc.,1,0,0,0,0.2,0.0,0.0,0.0,0.010000000000000002,0,0.0,0.12,-0.06666666666666667,1.0,0.0,,0.0,2.9000000000000004
kidney diseases,Quark Pharmaceuticals,1,0,0,0,0.2,0.0,0.0,0.0,0.010000000000000002,0,0.0,0.12,-0.06666666666666667,1.0,0.0,,0.0,2.9000000000000004
kidney diseases,Hamad Medical Corporation,4,0,0,0,0.8,0.0,0.0,0.0,0.04000000000000001,0,0.0,0.02307692307692306,-0.15000000000000002,4.0,0.0,,0.0,2.4615384615384617
kidney diseases,Vifor (International) Inc.,4,0,0,0,0.8,0.0,0.0,0.0,0.04000000000000001,0,0.0,0.02307692307692306,-0.1166666666666667,4.0,0.0,,0.0,2.4615384615384617
kidney diseases,Kyntra Bio,3,0,0,0,0.6,0.0,0.0,0.0,0.03,1,0.0,0.03529411764705883,-0.16666666666666669,3.0,0.0,,0.0,2.2058823529411766
kidney diseases,Nova Biomedical,3,0,0,0,0.6,0.0,0.0,0.0,0.03,0,0.0,0.03529411764705883,-0.16666666666666666,3.0,0.0,,0.0,2.2058823529411766
kidney diseases,Palladio Biosciences,3,0,0,0,0.6,0.0,0.0,0.0,0.03,0,0.0,0.03529411764705883,-0.15000000000000002,3.0,0.0,,0.0,2.2058823529411766
kidney diseases,"Astute Medical, Inc.",2,0,0,0,0.4,0.0,0.0,0.0,0.020000000000000004,0,0.0,0.059999999999999984,-0.10000000000000003,2.0,0.0,,0.0,2.1999999999999997
kidney diseases,"Cara Therapeutics, Inc.",2,0,0,0,0.4,0.0,0.0,0.0,0.020000000000000004,0,0.0,0.059999999999999984,-0.06666666666666667,2.0,0.0,,0.0,2.1999999999999997
kidney diseases,Sanguine Biosciences,2,0,0,0,0.4,0.0,0.0,0.0,0.020000000000000004,0,0.0,0.059999999999999984,-0.08333333333333336,2.0,0.0,,0.0,2.1999999999999997
kidney diseases,"TScan Therapeutics, Inc.",2,0,0,0,0.4,0.0,0.0,0.0,0.020000000000000004,2,0.0,0.059999999999999984,-0.11666666666666668,2.0,0.0,,0.0,2.1999999999999997
liver diseases,"Ausper Biopharma Co., Ltd.",12,11,10,9,1.0,1.0,1.0,1.0,1.0,9,1.0,0.9964705882352941,0.2,0.0,12.0,1.0,0.5234906775131802,95.16431853983768
liver diseases,AusperBio Therapeutics Inc.,4,3,4,3,0.5,1.0,0.6666666666666666,1.0,0.925,3,1.0,0.88,0.08333333333333333,1.0,3.0,1.0,0.5234906775131802,89.08490677513181
liver diseases,"Fujian Akeylink Biotechnology Co., Ltd.",5,4,3,2,0.625,1.0,0.5,1.0,0.90625,2,1.0,0.9172413793103448,0.049999999999999996,1.0,4.0,1.0,0.5234906775131802,88.8922343613387
liver diseases,Huahui Health,8,4,7,3,1.0,1.0,1.0,1.0,1.0,3,1.0,0.5658536585365853,-0.03333333333333335,3.0,4.0,1.6,0.7216379836168889,88.53345300690059
liver diseases,Sanaria Inc.,4,3,4,3,0.5,1.0,0.6666666666666666,1.0,0.925,4,0.75,0.9647058823529412,0.08333333333333333,0.0,3.0,1.0,0.5234906775131802,85.77902442219063
liver diseases,"Epigenic Therapeutics, Inc",2,2,2,2,0.25,0.6666666666666666,0.3333333333333333,1.0,0.8125,2,1.0,0.9400000000000001,-3.583229404124382e-18,0.0,2.0,1.0,0.5234906775131802,84.6599067751318
liver diseases,"Nanjing Sanhome Pharmaceutical, Co., Ltd.",3,3,3,3,0.375,1.0,0.5,1.0,0.89375,4,0.75,0.9647058823529412,0.06666666666666667,0.0,3.0,1.0,0.5234906775131802,84.21652442219063
liver diseases,"Beijing Continent Pharmaceutical Co, Ltd.",7,4,4,2,0.875,1.0,0.6666666666666666,1.0,0.94375,6,0.3333333333333333,0.88,0.01666666666666666,2.0,5.0,2.6666666666666665,0.9812671085154541,81.26683775182121
liver diseases,Lion TCR Pte. Ltd.,3,3,3,3,0.375,1.0,0.5,1.0,0.89375,3,1.0,0.49999999999999994,-0.03333333333333334,1.0,1.0,1.0,0.5234906775131802,79.9224067751318
liver diseases,"Suzhou HepaThera Biotech Co., Ltd.",4,2,4,2,0.5,0.6666666666666666,0.6666666666666666,1.0,0.875,2,1.0,0.49999999999999994,-0.03333333333333334,2.0,2.0,1.0,0.5234906775131802,78.98490677513179
liver diseases,"Xiamen Amoytop Biotech Co., Ltd.",3,2,3,2,0.375,0.6666666666666666,0.5,1.0,0.84375,6,0.3333333333333333,0.9647058823529412,0.08333333333333333,0.0,3.0,1.7999999999999998,0.7776070961516035,75.92435527524152
liver diseases,LG Chem,4,2,4,2,0.5,0.6666666666666666,0.6666666666666666,1.0,0.875,5,0.4,0.78,-0.016666666666666666,1.0,3.0,1.7999999999999998,0.7776070961516035,75.12607096151605
liver diseases,Sinew Pharma Inc.,3,2,3,2,0.375,0.6666666666666666,0.5,1.0,0.84375,2,1.0,0.3846153846153846,-0.03333333333333335,2.0,1.0,1.0,0.5234906775131802,75.11471446743948
liver diseases,Regeneron Pharmaceuticals,5,4,5,4,0.625,1.0,0.8333333333333334,1.0,0.95625,60,0.06666666666666667,0.784,0.01666666666666666,2.0,3.0,4.94392523364486,1.0,74.82583333333334
liver diseases,"Beijing Gene Key Life Technology Co., Ltd",2,2,2,2,0.25,0.6666666666666666,0.3333333333333333,1.0,0.8125,4,0.5,0.9400000000000001,0.03333333333333333,0.0,2.0,1.0,0.5234906775131802,74.6599067751318
liver diseases,Shanghai Henlius Biotech,5,4,3,3,0.625,1.0,0.5,1.0,0.90625,46,0.06521739130434782,0.9172413793103448,0.016666666666666687,1.0,4.0,2.571428571428571,0.9613912928910499,74.57558834120435
liver diseases,"TaiRx, Inc.",2,2,2,2,0.25,0.6666666666666666,0.3333333333333333,1.0,0.8125,3,0.6666666666666666,0.7,-3.583229404124382e-18,1.0,1.0,1.0,0.5234906775131802,73.19324010846513
liver diseases,"Mirum Pharmaceuticals, Inc.",12,8,6,3,1.0,1.0,1.0,1.0,1.0,6,0.5,0.38399999999999995,-0.18333333333333338,5.0,7.0,1.0,0.5234906775131802,72.9149067751318
liver diseases,"Tasly Biopharmaceuticals Co., Ltd.",3,2,3,2,0.375,0.6666666666666666,0.5,1.0,0.84375,3,0.6666666666666666,0.6000000000000001,-0.01666666666666667,1.0,1.0,1.0,0.5234906775131802,72.75574010846513
liver diseases,Shionogi,2,2,2,2,0.25,0.6666666666666666,0.3333333333333333,1.0,0.8125,8,0.25,0.9400000000000001,0.05000000000000001,0.0,2.0,2.0,0.8297130933355026,72.72213093335502
liver diseases,BioSyngen Pte Ltd,2,2,2,2,0.25,0.6666666666666666,0.3333333333333333,1.0,0.8125,4,0.5,0.8400000000000001,-0.01666666666666667,0.0,2.0,1.0,0.5234906775131802,72.6599067751318
liver diseases,Zydus Therapeutics Inc.,9,5,6,2,1.0,1.0,1.0,1.0,1.0,3,0.6666666666666666,0.18461538461538463,-0.18333333333333335,5.0,3.0,1.0,0.5234906775131802,72.26054780077283
liver diseases,DualityBio Inc.,3,3,3,3,0.375,1.0,0.5,1.0,0.89375,9,0.3333333333333333,0.6153846153846153,-0.03333333333333335,1.0,2.0,1.6,0.7216379836168889,70.87823881052786
liver diseases,Beijing Biotech,2,2,2,2,0.25,0.6666666666666666,0.3333333333333333,1.0,0.8125,32,0.0625,0.9400000000000001,0.06666666666666667,0.0,2.0,2.7777777777777772,1.0,70.675
liver diseases,AstraZeneca,43,18,31,9,1.0,1.0,1.0,1.0,1.0,151,0.059602649006622516,0.41538461538461535,-0.23333333333333342,17.0,26.0,5.731343283582089,1.0,69.49974528782475
liver diseases,Eli Lilly and Company,11,4,10,3,1.0,1.0,1.0,1.0,1.0,111,0.02702702702702703,0.4314606741573033,-0.10000000000000003,4.0,7.0,3.6337209302325575,1.0,69.16975402368661
liver diseases,"Chia Tai Tianqing Pharmaceutical Group Co., Ltd.",12,4,10,3,1.0,1.0,1.0,1.0,1.0,42,0.07142857142857142,0.3972972972972973,-0.21666666666666676,4.0,6.0,2.5789473684210527,0.9629795950629878,69.00431332514725
liver diseases,Aligos Therapeutics,8,2,8,2,1.0,0.6666666666666666,1.0,1.0,0.9500000000000001,4,0.5,0.18461538461538463,-0.21666666666666665,5.0,3.0,1.7999999999999998,0.7776070961516035,68.96837865382373
liver diseases,Brii Biosciences Limited,4,2,4,2,0.5,0.6666666666666666,0.6666666666666666,1.0,0.875,3,0.6666666666666666,0.3,-0.13333333333333336,2.0,2.0,1.0,0.5234906775131802,68.31824010846513
liver diseases,Eureka Therapeutics Inc.,3,2,3,2,0.375,0.6666666666666666,0.5,1.0,0.84375,2,1.0,0.03529411764705883,-0.1166666666666667,3.0,0.0,1.0,0.5234906775131802,68.12828912807298
liver diseases,GlaxoSmithKline,31,15,22,10,1.0,1.0,1.0,1.0,1.0,88,0.11363636363636363,0.28183486238532107,-0.5166666666666667,16.0,15.0,2.73972602739726,0.9961674666339388,67.8710991867731
liver diseases,"Grand Theravac Life Sciences (Nanjing) Co., Ltd.",2,2,2,2,0.25,0.6666666666666666,0.3333333333333333,1.0,0.8125,4,0.5,0.6000000000000001,-0.01666666666666667,1.0,1.0,1.0,0.5234906775131802,67.85990677513179
liver diseases,Corcept Therapeutics,8,3,7,3,1.0,1.0,1.0,1.0,1.0,7,0.42857142857142855,0.18461538461538463,-0.16666666666666674,5.0,3.0,1.0,0.5234906775131802,67.49864303886807
liver diseases,Novo Nordisk A/S,17,5,13,3,1.0,1.0,1.0,1.0,1.0,45,0.06666666666666667,0.3314917127071823,-0.1666666666666667,8.0,9.0,2.410691003911343,0.9266120329616099,67.22928791709307
liver diseases,AbbVie,11,6,5,5,1.0,1.0,0.8333333333333334,1.0,0.9750000000000001,107,0.04672897196261682,0.3458823529411765,-0.29999999999999993,5.0,6.0,3.813559322033898,1.0,66.60222649807586
liver diseases,1Globe Health Institute,1,1,1,1,0.125,0.3333333333333333,0.16666666666666666,0.5,0.40625,1,1.0,0.88,0.016666666666666666,0.0,1.0,2.0,0.8297130933355026,66.20963093335503
liver diseases,"7 Hills Pharma, LLC",1,1,1,1,0.125,0.3333333333333333,0.16666666666666666,0.5,0.40625,1,1.0,0.88,-1.791614702062191e-18,0.0,1.0,2.0,0.8297130933355026,66.20963093335503
liver diseases,Degron Therapeutics Co.,1,1,1,1,0.125,0.3333333333333333,0.16666666666666666,0.5,0.40625,1,1.0,0.88,0.016666666666666666,0.0,1.0,2.0,0.8297130933355026,66.20963093335503
liver diseases,"LaunXP Biomedical Co., Ltd.",1,1,1,1,0.125,0.3333333333333333,0.16666666666666666,0.5,0.40625,1,1.0,0.88,-1.791614702062191e-18,0.0,1.0,2.0,0.8297130933355026,66.20963093335503
liver diseases,Nammi Therapeutics Inc,1,1,1,1,0.125,0.3333333333333333,0.16666666666666666,0.5,0.40625,1,1.0,0.88,-1.791614702062191e-18,0.0,1.0,2.0,0.8297130933355026,66.20963093335503
liver diseases,Noorik Biopharmaceuticals AG,1,1,1,1,0.125,0.3333333333333333,0.16666666666666666,0.5,0.40625,1,1.0,0.88,-1.791614702062191e-18,0.0,1.0,2.0,0.8297130933355026,66.20963093335503
liver diseases,SAPU NANO (US) LLC,1,1,1,1,0.125,0.3333333333333333,0.16666666666666666,0.5,0.40625,1,1.0,0.88,0.016666666666666666,0.0,1.0,2.0,0.8297130933355026,66.20963093335503
liver diseases,Second Life Therapeutics,1,1,1,1,0.125,0.3333333333333333,0.16666666666666666,0.5,0.40625,1,1.0,0.88,0.03333333333333333,0.0,1.0,2.0,0.8297130933355026,66.20963093335503
liver diseases,"ViroMissile, Inc.",1,1,1,1,0.125,0.3333333333333333,0.16666666666666666,0.5,0.40625,1,1.0,0.88,0.016666666666666666,0.0,1.0,2.0,0.8297130933355026,66.20963093335503
liver diseases,"Kowa Research Institute, Inc.",2,1,2,1,0.25,0.3333333333333333,0.3333333333333333,0.5,0.4375,1,1.0,0.9400000000000001,-3.583229404124382e-18,0.0,2.0,1.0,0.5234906775131802,65.9099067751318
liver diseases,"Vir Biotechnology, Inc.",8,4,6,2,1.0,1.0,1.0,1.0,1.0,6,0.3333333333333333,0.18461538461538463,-0.18333333333333335,5.0,3.0,1.0,0.5234906775131802,65.59388113410616
liver diseases,Eccogene,4,2,4,2,0.5,0.6666666666666666,0.6666666666666666,1.0,0.875,4,0.5,0.18461538461538463,-0.0666666666666667,2.0,1.0,1.7999999999999998,0.7776070961516035,65.21837865382373
liver diseases,Merck Sharp & Dohme LLC,12,2,10,2,1.0,0.6666666666666666,1.0,1.0,0.9500000000000001,121,0.01652892561983471,0.3,-0.2666666666666668,6.0,6.0,3.4186046511627914,1.0,63.8305785123967
liver diseases,Gilead Sciences,10,3,6,2,1.0,1.0,1.0,1.0,1.0,37,0.05405405405405406,0.12,-0.3500000000000001,7.0,3.0,3.571428571428571,1.0,63.48108108108108
liver diseases,"AB Biotics, SA",1,1,1,1,0.125,0.3333333333333333,0.16666666666666666,0.5,0.40625,1,1.0,0.88,0.03333333333333333,0.0,1.0,1.0,0.5234906775131802,63.1474067751318
liver diseases,AIRNA Corporation,1,1,1,1,0.125,0.3333333333333333,0.16666666666666666,0.5,0.40625,1,1.0,0.88,0.03333333333333333,0.0,1.0,1.0,0.5234906775131802,63.1474067751318
liver diseases,"Angiex, Inc.",1,1,1,1,0.125,0.3333333333333333,0.16666666666666666,0.5,0.40625,1,1.0,0.88,-1.791614702062191e-18,0.0,1.0,1.0,0.5234906775131802,63.1474067751318
liver diseases,"Aptamer Sciences, Inc.",1,1,1,1,0.125,0.3333333333333333,0.16666666666666666,0.5,0.40625,1,1.0,0.88,0.016666666666666666,0.0,1.0,1.0,0.5234906775131802,63.1474067751318
liver diseases,AstriVax Therapeutics,1,1,1,1,0.125,0.3333333333333333,0.16666666666666666,0.5,0.40625,1,1.0,0.88,0.016666666666666666,0.0,1.0,1.0,0.5234906775131802,63.1474067751318
liver diseases,Captor Therapeutics S.A.,1,1,1,1,0.125,0.3333333333333333,0.16666666666666666,0.5,0.40625,1,1.0,0.88,0.016666666666666666,0.0,1.0,1.0,0.5234906775131802,63.1474067751318
liver diseases,Chimivac INC,1,1,1,1,0.125,0.3333333333333333,0.16666666666666666,0.5,0.40625,1,1.0,0.88,0.016666666666666666,0.0,1.0,1.0,0.5234906775131802,63.1474067751318
liver diseases,"DSciLab Co., Ltd.",1,1,1,1,0.125,0.3333333333333333,0.16666666666666666,0.5,0.40625,1,1.0,0.88,0.016666666666666666,0.0,1.0,1.0,0.5234906775131802,63.1474067751318
liver diseases,Etnova Therapeutics Corp.,1,1,1,1,0.125,0.3333333333333333,0.16666666666666666,0.5,0.40625,1,1.0,0.88,-1.791614702062191e-18,0.0,1.0,1.0,0.5234906775131802,63.1474067751318
liver diseases,Febico Biomedical Corp.,1,1,1,1,0.125,0.3333333333333333,0.16666666666666666,0.5,0.40625,1,1.0,0.88,-1.791614702062191e-18,0.0,1.0,1.0,0.5234906775131802,63.1474067751318
liver diseases,"IDBiologics, Inc.",1,1,1,1,0.125,0.3333333333333333,0.16666666666666666,0.5,0.40625,1,1.0,0.88,0.016666666666666666,0.0,1.0,1.0,0.5234906775131802,63.1474067751318
liver diseases,IntegerBio,1,1,1,1,0.125,0.3333333333333333,0.16666666666666666,0.5,0.40625,1,1.0,0.88,0.03333333333333333,0.0,1.0,1.0,0.5234906775131802,63.1474067751318
liver diseases,Pilatus Biosciences Inc,1,1,1,1,0.125,0.3333333333333333,0.16666666666666666,0.5,0.40625,1,1.0,0.88,0.03333333333333333,0.0,1.0,1.0,0.5234906775131802,63.1474067751318
liver diseases,Qurgen Inc.,1,1,1,1,0.125,0.3333333333333333,0.16666666666666666,0.5,0.40625,1,1.0,0.88,0.016666666666666666,0.0,1.0,1.0,0.5234906775131802,63.1474067751318
liver diseases,"SEED Therapeutics, Inc.",1,1,1,1,0.125,0.3333333333333333,0.16666666666666666,0.5,0.40625,1,1.0,0.88,0.016666666666666666,0.0,1.0,1.0,0.5234906775131802,63.1474067751318
liver diseases,"Shanghai Ruiliyuan Biotechnology Co., Ltd.",1,1,1,1,0.125,0.3333333333333333,0.16666666666666666,0.5,0.40625,1,1.0,0.88,-1.791614702062191e-18,0.0,1.0,1.0,0.5234906775131802,63.1474067751318
liver diseases,Shenzhen Xinhe Biomedical,1,1,1,1,0.125,0.3333333333333333,0.16666666666666666,0.5,0.40625,1,1.0,0.88,0.016666666666666666,0.0,1.0,1.0,0.5234906775131802,63.1474067751318
liver diseases,"Tessera Therapeutics, Inc.",1,1,1,1,0.125,0.3333333333333333,0.16666666666666666,0.5,0.40625,1,1.0,0.88,0.03333333333333333,0.0,1.0,1.0,0.5234906775131802,63.1474067751318
liver diseases,Tharimmune Inc,1,1,1,1,0.125,0.3333333333333333,0.16666666666666666,0.5,0.40625,1,1.0,0.88,0.03333333333333333,0.0,1.0,1.0,0.5234906775131802,63.1474067751318
liver diseases,"Tune Therapeutics, Inc.",1,1,1,1,0.125,0.3333333333333333,0.16666666666666666,0.5,0.40625,1,1.0,0.88,-1.791614702062191e-18,0.0,1.0,1.0,0.5234906775131802,63.1474067751318
liver diseases,Visirna Therapeutics HK Limited,1,1,1,1,0.125,0.3333333333333333,0.16666666666666666,0.5,0.40625,1,1.0,0.88,-1.791614702062191e-18,0.0,1.0,1.0,0.5234906775131802,63.1474067751318
liver diseases,Yaqrit Ltd,1,1,1,1,0.125,0.3333333333333333,0.16666666666666666,0.5,0.40625,1,1.0,0.88,0.016666666666666666,0.0,1.0,1.0,0.5234906775131802,63.1474067751318
liver diseases,nChroma Bio,1,1,1,1,0.125,0.3333333333333333,0.16666666666666666,0.5,0.40625,1,1.0,0.88,0.016666666666666666,0.0,1.0,1.0,0.5234906775131802,63.1474067751318
liver diseases,Incyte Corporation,7,2,7,2,0.875,0.6666666666666666,1.0,1.0,0.94375,31,0.06451612903225806,0.23414634146341462,-0.21666666666666673,4.0,3.0,2.571428571428571,0.9613912928910499,62.77466233882395
liver diseases,Addpharma Inc.,2,2,2,2,0.25,0.6666666666666666,0.3333333333333333,1.0,0.8125,21,0.09523809523809523,0.5,,,,2.882352941176471,1.0,62.529761904761905
liver diseases,Akeso,8,5,6,3,1.0,1.0,1.0,1.0,1.0,60,0.05,0.3,-0.13333333333333336,4.0,4.0,1.0,0.5234906775131802,62.234906775131805
liver diseases,Virion Therapeutics,1,1,1,1,0.125,0.3333333333333333,0.16666666666666666,0.5,0.40625,1,1.0,0.78,-0.016666666666666666,0.0,1.0,1.0,0.5234906775131802,61.147406775131806
liver diseases,"Newish Technology (Beijing) Co., Ltd.",3,1,3,1,0.375,0.3333333333333333,0.5,0.5,0.46875,1,1.0,0.6000000000000001,-0.01666666666666667,1.0,1.0,1.0,0.5234906775131802,60.672406775131805
liver diseases,Pfizer,12,2,12,2,1.0,0.6666666666666666,1.0,1.0,0.9500000000000001,90,0.022222222222222223,0.08275862068965517,-0.4166666666666665,9.0,3.0,3.4489795918367343,1.0,59.599616858237546
liver diseases,"Shanghai HEP Pharmaceutical Co., Ltd.",5,2,4,1,0.625,0.6666666666666666,0.6666666666666666,0.5,0.55625,1,1.0,0.3,-0.10000000000000003,2.0,2.0,1.0,0.5234906775131802,59.0474067751318
liver diseases,"AccSalus Biosciences, Inc.",1,1,1,1,0.125,0.3333333333333333,0.16666666666666666,0.5,0.40625,1,1.0,0.5,,,,2.0,0.8297130933355026,58.60963093335503
liver diseases,"VM Discovery, Inc.",1,1,1,1,0.125,0.3333333333333333,0.16666666666666666,0.5,0.40625,1,1.0,0.5,,,,2.0,0.8297130933355026,58.60963093335503
liver diseases,"Abbisko Therapeutics Co, Ltd",2,2,2,2,0.25,0.6666666666666666,0.3333333333333333,1.0,0.8125,20,0.1,0.5,-0.03333333333333333,1.0,1.0,1.0,0.5234906775131802,57.8599067751318
liver diseases,"Atea Pharmaceuticals, Inc.",4,2,3,1,0.5,0.6666666666666666,0.5,0.5,0.525,2,0.5,0.8153846153846154,0.03333333333333334,1.0,2.0,1.0,0.5234906775131802,57.79259908282411
liver diseases,"Precision BioSciences, Inc.",2,2,1,1,0.25,0.6666666666666666,0.16666666666666666,0.5,0.4625,2,0.5,0.9400000000000001,0.01666666666666666,0.0,2.0,1.0,0.5234906775131802,57.15990677513181
liver diseases,"GigaGen, Inc.",1,1,1,1,0.125,0.3333333333333333,0.16666666666666666,0.5,0.40625,2,0.5,0.88,-1.791614702062191e-18,0.0,1.0,2.0,0.8297130933355026,56.20963093335503
liver diseases,"Suzhou Siran Biotechnology Co.,Ltd.",1,1,1,1,0.125,0.3333333333333333,0.16666666666666666,0.5,0.40625,2,0.5,0.88,0.016666666666666666,0.0,1.0,2.0,0.8297130933355026,56.20963093335503
liver diseases,"Altimmune, Inc.",7,1,7,1,0.875,0.3333333333333333,1.0,0.5,0.56875,1,1.0,0.12,-0.26666666666666666,5.0,2.0,1.0,0.5234906775131802,56.0724067751318
liver diseases,"Prime Medicine, Inc.",2,2,1,1,0.25,0.6666666666666666,0.16666666666666666,0.5,0.4625,2,0.5,0.88,0.016666666666666666,0.0,1.0,1.0,0.5234906775131802,55.959906775131806
liver diseases,"BrYet US, Inc.",1,1,1,1,0.125,0.3333333333333333,0.16666666666666666,0.5,0.40625,1,1.0,0.5,,,,1.0,0.5234906775131802,55.547406775131805
liver diseases,"Twinpig Biolab, Inc.",1,1,1,1,0.125,0.3333333333333333,0.16666666666666666,0.5,0.40625,1,1.0,0.5,,,,1.0,0.5234906775131802,55.547406775131805
liver diseases,Genfit,5,1,5,1,0.625,0.3333333333333333,0.8333333333333334,0.5,0.53125,2,0.5,0.6799999999999999,-0.03333333333333335,1.0,3.0,1.0,0.5234906775131802,55.3974067751318
liver diseases,NorthSea Therapeutics B.V.,2,1,2,1,0.25,0.3333333333333333,0.3333333333333333,0.5,0.4375,1,1.0,0.3999999999999999,-0.05000000000000002,1.0,1.0,1.0,0.5234906775131802,55.1099067751318
liver diseases,Camurus AB,1,1,1,1,0.125,0.3333333333333333,0.16666666666666666,0.5,0.40625,1,1.0,0.32,-0.03333333333333333,1.0,0.0,2.0,0.8297130933355026,55.00963093335503
liver diseases,"Gannex Pharma Co., Ltd.",6,1,6,1,0.75,0.3333333333333333,1.0,0.5,0.5625,1,1.0,0.059999999999999984,-0.26666666666666666,5.0,1.0,1.0,0.5234906775131802,54.55990677513181
liver diseases,Amgen,4,2,3,1,0.5,0.6666666666666666,0.5,0.5,0.525,40,0.025,0.88,0.03333333333333332,1.0,3.0,3.169014084507042,1.0,54.35
liver diseases,Fore Biotherapeutics,1,1,1,1,0.125,0.3333333333333333,0.16666666666666666,0.5,0.40625,1,1.0,0.42000000000000004,-0.016666666666666666,1.0,0.0,1.0,0.5234906775131802,53.9474067751318
liver diseases,"Indaptus Therapeutics, Inc",1,1,1,1,0.125,0.3333333333333333,0.16666666666666666,0.5,0.40625,1,1.0,0.42000000000000004,-0.016666666666666666,1.0,0.0,1.0,0.5234906775131802,53.9474067751318
liver diseases,"Parabilis Medicines, Inc.",1,1,1,1,0.125,0.3333333333333333,0.16666666666666666,0.5,0.40625,1,1.0,0.42000000000000004,-0.016666666666666666,1.0,0.0,1.0,0.5234906775131802,53.9474067751318
liver diseases,"Tvardi Therapeutics, Incorporated",1,1,1,1,0.125,0.3333333333333333,0.16666666666666666,0.5,0.40625,1,1.0,0.42000000000000004,-0.016666666666666666,1.0,0.0,1.0,0.5234906775131802,53.9474067751318
liver diseases,Umecrine Cognition AB,1,1,1,1,0.125,0.3333333333333333,0.16666666666666666,0.5,0.40625,1,1.0,0.42000000000000004,-0.016666666666666666,1.0,0.0,1.0,0.5234906775131802,53.9474067751318
liver diseases,"Zhejiang Doer Biologics Co., Ltd.",2,2,1,1,0.25,0.6666666666666666,0.16666666666666666,0.5,0.4625,3,0.3333333333333333,0.9400000000000001,0.05000000000000001,0.0,2.0,1.0,0.5234906775131802,53.826573441798466
liver diseases,Delcath Systems Inc.,1,1,1,1,0.125,0.3333333333333333,0.16666666666666666,0.5,0.40625,2,0.5,0.88,0.016666666666666666,0.0,1.0,1.0,0.5234906775131802,53.1474067751318
liver diseases,"Liaoning Medical Diagnosis and Treatment Technology Research and Development Co., Ltd.",1,1,1,1,0.125,0.3333333333333333,0.16666666666666666,0.5,0.40625,2,0.5,0.88,0.016666666666666666,0.0,1.0,1.0,0.5234906775131802,53.1474067751318
liver diseases,Ribocure Pharmaceuticals AB,1,1,1,1,0.125,0.3333333333333333,0.16666666666666666,0.5,0.40625,2,0.5,0.88,-1.791614702062191e-18,0.0,1.0,1.0,0.5234906775131802,53.1474067751318
liver diseases,Virogin Biotech Canada Ltd,1,1,1,1,0.125,0.3333333333333333,0.16666666666666666,0.5,0.40625,2,0.5,0.88,-1.791614702062191e-18,0.0,1.0,1.0,0.5234906775131802,53.1474067751318
liver diseases,Zhejiang Hisun Pharmaceutical Co. Ltd.,1,1,1,1,0.125,0.3333333333333333,0.16666666666666666,0.5,0.40625,2,0.5,0.88,0.03333333333333333,0.0,1.0,1.0,0.5234906775131802,53.1474067751318
liver diseases,Zymeworks BC Inc.,1,1,1,1,0.125,0.3333333333333333,0.16666666666666666,0.5,0.40625,2,0.5,0.88,0.016666666666666666,0.0,1.0,1.0,0.5234906775131802,53.1474067751318
liver diseases,"OrsoBio, Inc",1,1,1,1,0.125,0.3333333333333333,0.16666666666666666,0.5,0.40625,4,0.25,0.88,-1.791614702062191e-18,0.0,1.0,3.0,1.0,52.912499999999994
liver diseases,Arvinas Inc.,1,1,1,1,0.125,0.3333333333333333,0.16666666666666666,0.5,0.40625,3,0.3333333333333333,0.88,0.03333333333333333,0.0,1.0,2.0,0.8297130933355026,52.876297600021694
liver diseases,"Exscientia AI Ltd., a wholly owned subsidiary of Recursion Pharmaceuticals, Inc.",1,1,1,1,0.125,0.3333333333333333,0.16666666666666666,0.5,0.40625,3,0.3333333333333333,0.88,0.03333333333333333,0.0,1.0,2.0,0.8297130933355026,52.876297600021694
liver diseases,Leeuwenhoek Laboratories Co. Ltd.,1,1,1,1,0.125,0.3333333333333333,0.16666666666666666,0.5,0.40625,3,0.3333333333333333,0.88,0.016666666666666666,0.0,1.0,2.0,0.8297130933355026,52.876297600021694
liver diseases,"Replimune, Inc.",2,2,1,1,0.25,0.6666666666666666,0.16666666666666666,0.5,0.4625,4,0.25,0.9400000000000001,0.01666666666666666,0.0,2.0,1.0,0.5234906775131802,52.1599067751318
liver diseases,Boehringer Ingelheim,18,3,15,1,1.0,1.0,1.0,0.5,0.675,63,0.015873015873015872,0.41538461538461535,-0.13333333333333336,7.0,11.0,2.571428571428571,0.9613912928910499,51.98906555406312
liver diseases,"Wave Life Sciences USA, Inc.",2,1,2,1,0.25,0.3333333333333333,0.3333333333333333,0.5,0.4375,4,0.25,0.8400000000000001,-0.01666666666666667,0.0,2.0,2.0,0.8297130933355026,51.97213093335503
liver diseases,Lukas Biomedical Inc.,1,1,1,1,0.125,0.3333333333333333,0.16666666666666666,0.5,0.40625,1,1.0,0.32,-0.03333333333333333,1.0,0.0,1.0,0.5234906775131802,51.947406775131796
liver diseases,"LyGenesis, Inc.",1,1,1,1,0.125,0.3333333333333333,0.16666666666666666,0.5,0.40625,1,1.0,0.32,-0.03333333333333333,1.0,0.0,1.0,0.5234906775131802,51.947406775131796
liver diseases,PharmaIN,1,1,1,1,0.125,0.3333333333333333,0.16666666666666666,0.5,0.40625,1,1.0,0.32,-0.03333333333333333,1.0,0.0,1.0,0.5234906775131802,51.947406775131796
liver diseases,Sotio Biotech Inc.,1,1,1,1,0.125,0.3333333333333333,0.16666666666666666,0.5,0.40625,1,1.0,0.32,-0.03333333333333333,1.0,0.0,1.0,0.5234906775131802,51.947406775131796
liver diseases,Compass Therapeutics,1,1,1,1,0.125,0.3333333333333333,0.16666666666666666,0.5,0.40625,4,0.25,0.88,0.03333333333333333,0.0,1.0,2.0,0.8297130933355026,51.20963093335502
liver diseases,"ModeX Therapeutics, An OPKO Health Company",1,1,1,1,0.125,0.3333333333333333,0.16666666666666666,0.5,0.40625,4,0.25,0.88,-1.791614702062191e-18,0.0,1.0,2.0,0.8297130933355026,51.20963093335502
liver diseases,BioMarin Pharmaceutical,2,1,2,1,0.25,0.3333333333333333,0.3333333333333333,0.5,0.4375,10,0.1,0.9400000000000001,-3.583229404124382e-18,0.0,2.0,2.0,0.8297130933355026,50.97213093335503
liver diseases,Hudson Biotech,1,1,1,1,0.125,0.3333333333333333,0.16666666666666666,0.5,0.40625,7,0.14285714285714285,0.88,0.03333333333333333,0.0,1.0,3.571428571428571,1.0,50.76964285714286
liver diseases,"Chongqing Peg-Bio Biopharm Co., Ltd.",1,1,1,1,0.125,0.3333333333333333,0.16666666666666666,0.5,0.40625,5,0.2,0.88,0.016666666666666666,0.0,1.0,2.0,0.8297130933355026,50.20963093335503
liver diseases,"Otsuka Pharmaceutical Development & Commercialization, Inc.",1,1,1,1,0.125,0.3333333333333333,0.16666666666666666,0.5,0.40625,9,0.1111111111111111,0.88,0.03333333333333333,0.0,1.0,2.8139534883720936,1.0,50.13472222222223
liver diseases,BioEclipse Therapeutics,1,1,1,1,0.125,0.3333333333333333,0.16666666666666666,0.5,0.40625,1,1.0,0.21999999999999992,-0.05000000000000002,1.0,0.0,1.0,0.5234906775131802,49.9474067751318
liver diseases,Teclison Ltd.,1,1,1,1,0.125,0.3333333333333333,0.16666666666666666,0.5,0.40625,1,1.0,0.21999999999999992,-0.05000000000000002,1.0,0.0,1.0,0.5234906775131802,49.9474067751318
liver diseases,Vivet Therapeutics SAS,1,1,1,1,0.125,0.3333333333333333,0.16666666666666666,0.5,0.40625,1,1.0,0.21999999999999992,-0.05000000000000002,1.0,0.0,1.0,0.5234906775131802,49.9474067751318
liver diseases,"Conjupro Biotherapeutics, Inc.",1,1,1,1,0.125,0.3333333333333333,0.16666666666666666,0.5,0.40625,3,0.3333333333333333,0.88,0.016666666666666666,0.0,1.0,1.0,0.5234906775131802,49.81407344179847
liver diseases,"Corregene Biotechnology Co., Ltd",1,1,1,1,0.125,0.3333333333333333,0.16666666666666666,0.5,0.40625,3,0.3333333333333333,0.88,0.03333333333333333,0.0,1.0,1.0,0.5234906775131802,49.81407344179847
liver diseases,GV20 Therapeutics,1,1,1,1,0.125,0.3333333333333333,0.16666666666666666,0.5,0.40625,3,0.3333333333333333,0.88,0.016666666666666666,0.0,1.0,1.0,0.5234906775131802,49.81407344179847
liver diseases,Hinova Pharmaceuticals Inc.,1,1,1,1,0.125,0.3333333333333333,0.16666666666666666,0.5,0.40625,3,0.3333333333333333,0.88,0.016666666666666666,0.0,1.0,1.0,0.5234906775131802,49.81407344179847
liver diseases,"Lingyi Biotech Co., Ltd.",1,1,1,1,0.125,0.3333333333333333,0.16666666666666666,0.5,0.40625,3,0.3333333333333333,0.88,0.03333333333333333,0.0,1.0,1.0,0.5234906775131802,49.81407344179847
liver diseases,MedRegen LLC,1,1,1,1,0.125,0.3333333333333333,0.16666666666666666,0.5,0.40625,3,0.3333333333333333,0.88,-1.791614702062191e-18,0.0,1.0,1.0,0.5234906775131802,49.81407344179847
liver diseases,Myeloid Therapeutics,1,1,1,1,0.125,0.3333333333333333,0.16666666666666666,0.5,0.40625,3,0.3333333333333333,0.88,-1.791614702062191e-18,0.0,1.0,1.0,0.5234906775131802,49.81407344179847
liver diseases,Gan & Lee Pharmaceuticals.,1,1,1,1,0.125,0.3333333333333333,0.16666666666666666,0.5,0.40625,11,0.09090909090909091,0.88,0.016666666666666666,0.0,1.0,2.9411764705882346,1.0,49.73068181818182
liver diseases,"Deciphera Pharmaceuticals, LLC",1,1,1,1,0.125,0.3333333333333333,0.16666666666666666,0.5,0.40625,6,0.16666666666666666,0.88,-1.791614702062191e-18,0.0,1.0,2.0,0.8297130933355026,49.54296426668836
liver diseases,MindRank AI Ltd,1,1,1,1,0.125,0.3333333333333333,0.16666666666666666,0.5,0.40625,5,0.2,0.88,0.03333333333333333,0.0,1.0,1.6,0.7216379836168889,49.12887983616889
liver diseases,"Shanghai Argo Biopharmaceutical Co., Ltd.",2,1,2,1,0.25,0.3333333333333333,0.3333333333333333,0.5,0.4375,8,0.125,0.9400000000000001,0.01666666666666666,0.0,2.0,1.0,0.5234906775131802,48.40990677513181
liver diseases,HC Biopharma Inc.,1,1,1,1,0.125,0.3333333333333333,0.16666666666666666,0.5,0.40625,8,0.125,0.88,-1.791614702062191e-18,0.0,1.0,1.7999999999999998,0.7776070961516035,48.188570961516035
liver diseases,"Guangzhou FineImmune Biotechnology Co., LTD.",1,1,1,1,0.125,0.3333333333333333,0.16666666666666666,0.5,0.40625,4,0.25,0.88,0.03333333333333333,0.0,1.0,1.0,0.5234906775131802,48.1474067751318
liver diseases,Vaxine Pty Ltd,1,1,1,1,0.125,0.3333333333333333,0.16666666666666666,0.5,0.40625,4,0.25,0.88,0.03333333333333333,0.0,1.0,1.0,0.5234906775131802,48.1474067751318
liver diseases,TCM Biotech International Corp.,1,1,1,1,0.125,0.3333333333333333,0.16666666666666666,0.5,0.40625,1,1.0,0.12,-0.06666666666666667,1.0,0.0,1.0,0.5234906775131802,47.94740677513181
liver diseases,Changchun Intellicrown Pharmaceutical Co. LTD,1,1,1,1,0.125,0.3333333333333333,0.16666666666666666,0.5,0.40625,3,0.3333333333333333,0.78,-0.016666666666666666,0.0,1.0,1.0,0.5234906775131802,47.81407344179847
liver diseases,Shanghai JMT-Bio Inc.,1,1,1,1,0.125,0.3333333333333333,0.16666666666666666,0.5,0.40625,17,0.058823529411764705,0.88,0.016666666666666666,0.0,1.0,2.0,0.8297130933355026,47.38610152159032
liver diseases,Beam Therapeutics Inc.,1,1,1,1,0.125,0.3333333333333333,0.16666666666666666,0.5,0.40625,5,0.2,0.88,-1.791614702062191e-18,0.0,1.0,1.0,0.5234906775131802,47.147406775131806
liver diseases,"Innovent Biopharmaceutical Technology (Hangzhou) Co., LTD.",1,1,1,1,0.125,0.3333333333333333,0.16666666666666666,0.5,0.40625,5,0.2,0.88,0.03333333333333333,0.0,1.0,1.0,0.5234906775131802,47.147406775131806
liver diseases,"Lepu Biopharma Co., Ltd.",1,1,1,1,0.125,0.3333333333333333,0.16666666666666666,0.5,0.40625,5,0.2,0.88,0.03333333333333333,0.0,1.0,1.0,0.5234906775131802,47.147406775131806
liver diseases,Shanghai AbelZeta Ltd.,1,1,1,1,0.125,0.3333333333333333,0.16666666666666666,0.5,0.40625,5,0.2,0.88,-1.791614702062191e-18,0.0,1.0,1.0,0.5234906775131802,47.147406775131806
liver diseases,Bristol-Myers Squibb,14,3,11,1,1.0,1.0,1.0,0.5,0.675,60,0.016666666666666666,0.1588235294117647,-0.41666666666666674,9.0,5.0,2.6129032258064515,0.9701112571628944,46.96091649319757
liver diseases,Daiichi Sankyo,1,1,1,1,0.125,0.3333333333333333,0.16666666666666666,0.5,0.40625,30,0.03333333333333333,0.88,-1.791614702062191e-18,0.0,1.0,2.0,0.8297130933355026,46.87629760002169
liver diseases,BeOne Medicines,1,1,1,1,0.125,0.3333333333333333,0.16666666666666666,0.5,0.40625,32,0.03125,0.88,-1.791614702062191e-18,0.0,1.0,2.0,0.8297130933355026,46.83463093335503
liver diseases,"OncoC4, Inc.",1,1,1,1,0.125,0.3333333333333333,0.16666666666666666,0.5,0.40625,7,0.14285714285714285,0.78,-0.016666666666666666,0.0,1.0,1.7999999999999998,0.7776070961516035,46.545713818658896
liver diseases,Aphaia Pharma US LLC,1,1,1,1,0.125,0.3333333333333333,0.16666666666666666,0.5,0.40625,2,0.5,0.32,-0.03333333333333333,1.0,0.0,2.6666666666666665,0.9812671085154541,46.52517108515454
liver diseases,CatalYm GmbH,1,1,1,1,0.125,0.3333333333333333,0.16666666666666666,0.5,0.40625,6,0.16666666666666666,0.88,0.03333333333333333,0.0,1.0,1.0,0.5234906775131802,46.48074010846514
liver diseases,"Ganzhou Hemay Pharmaceutical Co., Ltd",1,1,1,1,0.125,0.3333333333333333,0.16666666666666666,0.5,0.40625,6,0.16666666666666666,0.88,-1.791614702062191e-18,0.0,1.0,1.0,0.5234906775131802,46.48074010846514
liver diseases,"RayzeBio, Inc.",1,1,1,1,0.125,0.3333333333333333,0.16666666666666666,0.5,0.40625,6,0.16666666666666666,0.88,0.016666666666666666,0.0,1.0,1.0,0.5234906775131802,46.48074010846514
liver diseases,"Disc Medicine, Inc",3,2,2,1,0.375,0.6666666666666666,0.3333333333333333,0.5,0.49374999999999997,5,0.2,0.6153846153846153,-0.03333333333333335,1.0,2.0,1.0,0.5234906775131802,46.23009908282411
liver diseases,BioInvent International AB,1,1,1,1,0.125,0.3333333333333333,0.16666666666666666,0.5,0.40625,4,0.25,0.78,-0.016666666666666666,0.0,1.0,1.0,0.5234906775131802,46.147406775131806
liver diseases,"Rivus Pharmaceuticals, Inc.",5,1,5,1,0.625,0.3333333333333333,0.8333333333333334,0.5,0.53125,2,0.5,0.216,-0.20000000000000007,3.0,2.0,1.0,0.5234906775131802,46.117406775131805
liver diseases,"Tyra Biosciences, Inc",1,1,1,1,0.125,0.3333333333333333,0.16666666666666666,0.5,0.40625,7,0.14285714285714285,0.88,0.016666666666666666,0.0,1.0,1.0,0.5234906775131802,46.00454963227467
liver diseases,"Qilu Pharmaceutical Co., Ltd.",1,1,1,1,0.125,0.3333333333333333,0.16666666666666666,0.5,0.40625,58,0.017241379310344827,0.78,-0.016666666666666666,0.0,1.0,2.578947368421052,0.9629795950629876,45.887123536836775
liver diseases,"Krystal Biotech, Inc.",1,1,1,1,0.125,0.3333333333333333,0.16666666666666666,0.5,0.40625,8,0.125,0.88,-1.791614702062191e-18,0.0,1.0,1.0,0.5234906775131802,45.647406775131806
liver diseases,Exelixis,2,2,1,1,0.25,0.6666666666666666,0.16666666666666666,0.5,0.4625,9,0.1111111111111111,0.6,-0.01666666666666668,1.0,1.0,2.0,0.8297130933355026,45.64435315557724
liver diseases,"Immunophotonics, Inc.",1,1,1,1,0.125,0.3333333333333333,0.16666666666666666,0.5,0.40625,2,0.5,0.5,,,,1.0,0.5234906775131802,45.5474067751318
liver diseases,MacroGenics,2,1,2,1,0.25,0.3333333333333333,0.3333333333333333,0.5,0.4375,4,0.25,0.49999999999999994,-0.03333333333333334,1.0,1.0,2.0,0.8297130933355026,45.17213093335503
liver diseases,MediciNova,1,1,1,1,0.125,0.3333333333333333,0.16666666666666666,0.5,0.40625,2,0.5,0.32,-0.03333333333333333,1.0,0.0,2.0,0.8297130933355026,45.00963093335503
liver diseases,Shanghai Fosun Pharmaceutical Industrial Development Co. Ltd.,1,1,1,1,0.125,0.3333333333333333,0.16666666666666666,0.5,0.40625,12,0.08333333333333333,0.88,0.03333333333333333,0.0,1.0,1.0,0.5234906775131802,44.81407344179847
liver diseases,"Fujian Shengdi Pharmaceutical Co., Ltd.",2,1,2,1,0.25,0.3333333333333333,0.3333333333333333,0.5,0.4375,22,0.045454545454545456,0.6000000000000001,-0.01666666666666667,1.0,1.0,2.6825396825396823,0.9845294781861257,44.62938569095217
liver diseases,"Jiangsu Simcere Pharmaceutical Co., Ltd.",1,1,1,1,0.125,0.3333333333333333,0.16666666666666666,0.5,0.40625,17,0.058823529411764705,0.88,0.03333333333333333,0.0,1.0,1.0,0.5234906775131802,44.323877363367096
liver diseases,"CSPC Megalith Biopharmaceutical Co.,Ltd.",1,1,1,1,0.125,0.3333333333333333,0.16666666666666666,0.5,0.40625,21,0.047619047619047616,0.88,0.03333333333333333,0.0,1.0,1.0,0.5234906775131802,44.099787727512755
liver diseases,"TORL Biotherapeutics, LLC",1,1,1,1,0.125,0.3333333333333333,0.16666666666666666,0.5,0.40625,8,0.125,0.78,-0.016666666666666666,0.0,1.0,1.0,0.5234906775131802,43.647406775131806
liver diseases,Bayer,9,1,9,1,1.0,0.3333333333333333,1.0,0.5,0.5750000000000001,22,0.045454545454545456,0.2459016393442623,-0.21666666666666667,5.0,4.0,2.2727272727272725,0.895427339846409,43.53139709444025
liver diseases,Salubris Biotherapeutics Inc,1,1,1,1,0.125,0.3333333333333333,0.16666666666666666,0.5,0.40625,3,0.3333333333333333,0.32,-0.03333333333333333,1.0,0.0,3.0,1.0,43.37916666666667
liver diseases,Polaris Group,2,2,1,1,0.25,0.6666666666666666,0.16666666666666666,0.5,0.4625,3,0.3333333333333333,0.3999999999999999,-0.05000000000000001,1.0,1.0,1.0,0.5234906775131802,43.02657344179847
liver diseases,"GI Innovation, Inc.",1,1,1,1,0.125,0.3333333333333333,0.16666666666666666,0.5,0.40625,4,0.25,0.42000000000000004,-0.016666666666666666,1.0,0.0,2.2727272727272725,0.895427339846409,42.666773398464095
liver diseases,Quell Therapeutics Limited,2,2,1,1,0.25,0.6666666666666666,0.16666666666666666,0.5,0.4625,2,0.5,0.059999999999999984,-0.08333333333333336,2.0,0.0,2.0,0.8297130933355026,42.62213093335503
liver diseases,Protara Therapeutics,2,1,1,1,0.25,0.3333333333333333,0.16666666666666666,0.5,0.41250000000000003,3,0.3333333333333333,0.5,-0.03333333333333333,1.0,1.0,1.0,0.5234906775131802,42.52657344179847
liver diseases,"Madrigal Pharmaceuticals, Inc.",3,3,1,1,0.375,1.0,0.16666666666666666,0.5,0.51875,2,0.5,0.059999999999999984,-0.08333333333333336,2.0,0.0,1.0,0.5234906775131802,42.37240677513181
liver diseases,"Broadenbio Ltd., Co.",1,1,1,1,0.125,0.3333333333333333,0.16666666666666666,0.5,0.40625,3,0.3333333333333333,0.5,,,,1.0,0.5234906775131802,42.21407344179847
liver diseases,"Tango Therapeutics, Inc.",1,1,1,1,0.125,0.3333333333333333,0.16666666666666666,0.5,0.40625,4,0.25,0.42000000000000004,-0.016666666666666666,1.0,0.0,2.0,0.8297130933355026,42.00963093335503
liver diseases,"Chia Tai Tianqing Pharmaceutical Group Nanjing Shunxin Pharmaceutical Co., Ltd.",1,1,1,1,0.125,0.3333333333333333,0.16666666666666666,0.5,0.40625,25,0.04,0.78,-0.016666666666666666,0.0,1.0,1.0,0.5234906775131802,41.94740677513181
liver diseases,Sanofi,7,1,7,1,0.875,0.3333333333333333,1.0,0.5,0.56875,54,0.018518518518518517,0.12,-0.18333333333333338,5.0,2.0,2.7777777777777777,1.0,41.20787037037037
liver diseases,"Qurient Co., Ltd.",1,1,1,1,0.125,0.3333333333333333,0.16666666666666666,0.5,0.40625,3,0.3333333333333333,0.42000000000000004,-0.016666666666666666,1.0,0.0,1.0,0.5234906775131802,40.61407344179847
liver diseases,CNBG-Virogin Biotech (Shanghai) Ltd.,2,1,2,1,0.25,0.3333333333333333,0.3333333333333333,0.5,0.4375,3,0.3333333333333333,0.3,-0.06666666666666668,1.0,1.0,1.0,0.5234906775131802,39.77657344179847
liver diseases,Alnylam Pharmaceuticals,3,2,2,1,0.375,0.6666666666666666,0.3333333333333333,0.5,0.49374999999999997,15,0.06666666666666667,0.18461538461538463,-0.11666666666666667,2.0,1.0,3.5555555555555554,1.0,39.71314102564103
liver diseases,"Base Therapeutics (Shanghai) Co., Ltd.",1,1,1,1,0.125,0.3333333333333333,0.16666666666666666,0.5,0.40625,5,0.2,0.5,,,,1.0,0.5234906775131802,39.547406775131805
liver diseases,"Sunshine Lake Pharma Co., Ltd.",10,1,10,1,1.0,0.3333333333333333,1.0,0.5,0.5750000000000001,11,0.09090909090909091,0.02307692307692306,-0.5333333333333335,9.0,1.0,2.0,0.8297130933355026,39.32685121307531
liver diseases,"OriCell Therapeutics Co., Ltd.",1,1,1,1,0.125,0.3333333333333333,0.16666666666666666,0.5,0.40625,3,0.3333333333333333,0.32,-0.03333333333333333,1.0,0.0,1.0,0.5234906775131802,38.61407344179847
liver diseases,SCG Cell Therapy Pte. Ltd.,1,1,1,1,0.125,0.3333333333333333,0.16666666666666666,0.5,0.40625,3,0.3333333333333333,0.32,-0.03333333333333333,1.0,0.0,1.0,0.5234906775131802,38.61407344179847
liver diseases,"Genentech, Inc.",2,1,2,1,0.25,0.3333333333333333,0.3333333333333333,0.5,0.4375,29,0.034482758620689655,0.30000000000000004,-0.06666666666666665,1.0,1.0,3.571428571428571,1.0,38.5646551724138
liver diseases,GeneCradle Inc,1,1,1,1,0.125,0.3333333333333333,0.16666666666666666,0.5,0.40625,7,0.14285714285714285,0.5,,,,1.0,0.5234906775131802,38.40454963227466
liver diseases,"3D Medicines (Sichuan) Co., Ltd.",1,1,1,1,0.125,0.3333333333333333,0.16666666666666666,0.5,0.40625,4,0.25,0.21999999999999992,-0.05000000000000002,1.0,0.0,2.0,0.8297130933355026,38.00963093335502
liver diseases,Chiome Bioscience Inc.,1,1,1,1,0.125,0.3333333333333333,0.16666666666666666,0.5,0.40625,2,0.5,0.12,-0.06666666666666667,1.0,0.0,1.0,0.5234906775131802,37.9474067751318
liver diseases,"Coherus Oncology, Inc.",4,1,4,1,0.5,0.3333333333333333,0.6666666666666666,0.5,0.5,4,0.25,0.12,-0.11666666666666667,3.0,1.0,1.0,0.5234906775131802,37.6349067751318
liver diseases,"Guangdong Raynovent Biotech Co., Ltd",2,1,2,1,0.25,0.3333333333333333,0.3333333333333333,0.5,0.4375,6,0.16666666666666666,0.059999999999999984,-0.08333333333333334,2.0,0.0,2.6666666666666665,0.9812671085154541,36.22100441848787
liver diseases,"Suzhou Zelgen Biopharmaceuticals Co.,Ltd",2,1,2,1,0.25,0.3333333333333333,0.3333333333333333,0.5,0.4375,19,0.05263157894736842,0.3999999999999999,-0.05000000000000002,1.0,1.0,1.0,0.5234906775131802,36.162538354079174
liver diseases,Biotheus Inc.,2,1,2,1,0.25,0.3333333333333333,0.3333333333333333,0.5,0.4375,8,0.125,0.32,-0.03333333333333333,1.0,0.0,1.0,0.5234906775131802,36.0099067751318
liver diseases,Chugai Pharmaceutical,1,1,1,1,0.125,0.3333333333333333,0.16666666666666666,0.5,0.40625,8,0.125,0.21999999999999992,-0.05000000000000002,1.0,0.0,1.7999999999999998,0.7776070961516035,34.98857096151603
liver diseases,Hanmi Pharmaceutical Company Limited,1,1,1,1,0.125,0.3333333333333333,0.16666666666666666,0.5,0.40625,11,0.09090909090909091,0.12,-0.06666666666666667,1.0,0.0,2.6666666666666665,0.9812671085154541,34.34335290333636
liver diseases,"Seagen, a wholly owned subsidiary of Pfizer",1,1,1,1,0.125,0.3333333333333333,0.16666666666666666,0.5,0.40625,9,0.1111111111111111,0.32,-0.03333333333333333,1.0,0.0,1.0,0.5234906775131802,34.169628997354025
liver diseases,Guangzhou Lupeng Pharmaceutical Company LTD.,1,1,1,1,0.125,0.3333333333333333,0.16666666666666666,0.5,0.40625,9,0.1111111111111111,0.21999999999999992,-0.05000000000000002,1.0,0.0,1.0,0.5234906775131802,32.169628997354025
liver diseases,Ultragenyx Pharmaceutical Inc,3,1,1,1,0.375,0.3333333333333333,0.16666666666666666,0.5,0.41875,4,0.25,0.03529411764705883,-0.16666666666666666,3.0,0.0,1.0,0.5234906775131802,31.878289128072986
liver diseases,CSL Behring,1,1,0,0,0.125,0.3333333333333333,0.0,0.0,0.056249999999999994,6,0.0,0.88,0.03333333333333333,0.0,1.0,2.882352941176471,1.0,30.412499999999998
liver diseases,"Changchun GeneScience Pharmaceutical Co., Ltd.",2,2,0,0,0.25,0.6666666666666666,0.0,0.0,0.11249999999999999,31,0.0,0.9400000000000001,0.05000000000000001,0.0,2.0,1.0,0.5234906775131802,29.659906775131805
liver diseases,Ipsen,9,7,0,0,1.0,1.0,0.0,0.0,0.2,11,0.0,0.9717647058823529,0.03333333333333335,1.0,8.0,,0.0,29.43529411764706
liver diseases,"Wuhan Createrna Science and Technology Co., Ltd",1,0,1,0,0.125,0.0,0.16666666666666666,0.0,0.03125,4,0.0,0.88,-1.791614702062191e-18,0.0,1.0,2.0,0.8297130933355026,27.45963093335503
liver diseases,Hoffmann-La Roche,10,2,6,0,1.0,0.6666666666666666,1.0,0.0,0.3,82,0.0,0.12,-0.40000000000000013,7.0,3.0,3.7142857142857144,1.0,27.400000000000002
liver diseases,"Chengdu Suncadia Medicine Co., Ltd.",1,0,1,0,0.125,0.0,0.16666666666666666,0.0,0.03125,6,0.0,0.78,-0.016666666666666666,0.0,1.0,3.0,1.0,27.1625
liver diseases,Takeda,10,5,2,0,1.0,1.0,0.3333333333333333,0.0,0.25,26,0.0,0.3,-0.1166666666666667,5.0,5.0,2.0,0.8297130933355026,26.797130933355028
liver diseases,"Haisco Pharmaceutical Group Co., Ltd.",4,1,3,0,0.5,0.3333333333333333,0.5,0.0,0.15,34,0.0,0.49999999999999983,-0.03333333333333336,2.0,2.0,2.0,0.8297130933355026,25.797130933355028
liver diseases,"iECURE, Inc.",2,2,0,0,0.25,0.6666666666666666,0.0,0.0,0.11249999999999999,0,0.0,0.9400000000000001,-3.583229404124382e-18,0.0,2.0,,0.0,24.425
liver diseases,"ModernaTX, Inc.",1,0,1,0,0.125,0.0,0.16666666666666666,0.0,0.03125,18,0.0,0.88,-1.791614702062191e-18,0.0,1.0,1.0,0.5234906775131802,24.397406775131806
liver diseases,"PersonGen BioTherapeutics (Suzhou) Co., Ltd.",1,0,1,0,0.125,0.0,0.16666666666666666,0.0,0.03125,10,0.0,0.88,-1.791614702062191e-18,0.0,1.0,1.0,0.5234906775131802,24.397406775131806
liver diseases,"Jiangsu HengRui Medicine Co., Ltd.",8,3,5,0,1.0,1.0,0.8333333333333334,0.0,0.325,64,0.0,0.09310344827586205,-0.30000000000000004,6.0,2.0,1.0,0.5234906775131802,23.346975740649047
liver diseases,"Portal Therapeutics, Inc.",2,1,1,0,0.25,0.3333333333333333,0.16666666666666666,0.0,0.0875,0,0.0,0.9400000000000001,0.05000000000000001,0.0,2.0,,0.0,23.175
liver diseases,NeuroBo Pharmaceuticals Inc.,1,0,1,0,0.125,0.0,0.16666666666666666,0.0,0.03125,1,0.0,0.78,-0.016666666666666666,0.0,1.0,1.0,0.5234906775131802,22.397406775131806
liver diseases,"Biocity Biopharmaceutics Co., Ltd.",1,0,1,0,0.125,0.0,0.16666666666666666,0.0,0.03125,4,0.0,0.5,,,,3.0,1.0,21.5625
liver diseases,Daewoong Pharmaceutical Co. LTD.,2,0,0,0,0.25,0.0,0.0,0.0,0.0125,9,0.0,0.5,-0.03333333333333333,1.0,1.0,3.0,1.0,20.625
liver diseases,Abbott Rapid Dx,1,1,0,0,0.125,0.3333333333333333,0.0,0.0,0.056249999999999994,0,0.0,0.88,-1.791614702062191e-18,0.0,1.0,,0.0,20.4125
liver diseases,Astellas Gene Therapies,1,1,0,0,0.125,0.3333333333333333,0.0,0.0,0.056249999999999994,2,0.0,0.88,0.016666666666666666,0.0,1.0,,0.0,20.4125
liver diseases,China National Biotec Group Company Limited,1,1,0,0,0.125,0.3333333333333333,0.0,0.0,0.056249999999999994,1,0.0,0.88,0.03333333333333333,0.0,1.0,,0.0,20.4125
liver diseases,"Digestive Care, Inc.",1,1,0,0,0.125,0.3333333333333333,0.0,0.0,0.056249999999999994,0,0.0,0.88,0.03333333333333333,0.0,1.0,,0.0,20.4125
liver diseases,HRI-MAIL-NIT,1,1,0,0,0.125,0.3333333333333333,0.0,0.0,0.056249999999999994,0,0.0,0.88,0.016666666666666666,0.0,1.0,,0.0,20.4125
liver diseases,Javier Toledo,1,1,0,0,0.125,0.3333333333333333,0.0,0.0,0.056249999999999994,0,0.0,0.88,0.016666666666666666,0.0,1.0,,0.0,20.4125
liver diseases,MagIA Diagnostics,1,1,0,0,0.125,0.3333333333333333,0.0,0.0,0.056249999999999994,0,0.0,0.88,0.016666666666666666,0.0,1.0,,0.0,20.4125
liver diseases,"Natera, Inc.",1,1,0,0,0.125,0.3333333333333333,0.0,0.0,0.056249999999999994,0,0.0,0.88,0.016666666666666666,0.0,1.0,,0.0,20.4125
liver diseases,Roche Diagnostics GmbH,1,1,0,0,0.125,0.3333333333333333,0.0,0.0,0.056249999999999994,0,0.0,0.88,0.016666666666666666,0.0,1.0,,0.0,20.4125
liver diseases,"Target PharmaSolutions, Inc.",1,1,0,0,0.125,0.3333333333333333,0.0,0.0,0.056249999999999994,0,0.0,0.88,-1.791614702062191e-18,0.0,1.0,,0.0,20.4125
liver diseases,Wuxi Hisky Medical Technology Co Ltd,1,1,0,0,0.125,0.3333333333333333,0.0,0.0,0.056249999999999994,0,0.0,0.88,-1.791614702062191e-18,0.0,1.0,,0.0,20.4125
liver diseases,Elephas,2,2,0,0,0.25,0.6666666666666666,0.0,0.0,0.11249999999999999,0,0.0,0.7,-3.583229404124382e-18,1.0,1.0,,0.0,19.624999999999996
liver diseases,Owlstone Ltd,2,0,0,0,0.25,0.0,0.0,0.0,0.0125,0,0.0,0.9400000000000001,-3.583229404124382e-18,0.0,2.0,,0.0,19.425000000000004
liver diseases,"PharmaNest, Inc",2,0,0,0,0.25,0.0,0.0,0.0,0.0125,0,0.0,0.9400000000000001,0.03333333333333333,0.0,2.0,,0.0,19.425000000000004
liver diseases,Novartis Pharmaceuticals,6,1,3,0,0.75,0.3333333333333333,0.5,0.0,0.1625,120,0.0,0.059999999999999984,-0.2666666666666666,5.0,1.0,2.8221574344023326,1.0,19.325
liver diseases,"Jiangsu Hansoh Pharmaceutical Co., Ltd.",1,1,0,0,0.125,0.3333333333333333,0.0,0.0,0.056249999999999994,42,0.0,0.32,-0.03333333333333333,1.0,0.0,3.5555555555555554,1.0,19.2125
liver diseases,"Active Genomes Expressed Diagnostics, Corp",1,0,1,0,0.125,0.0,0.16666666666666666,0.0,0.03125,0,0.0,0.88,-1.791614702062191e-18,0.0,1.0,,0.0,19.1625
liver diseases,"Aldeyra Therapeutics, Inc.",1,0,1,0,0.125,0.0,0.16666666666666666,0.0,0.03125,0,0.0,0.88,-1.791614702062191e-18,0.0,1.0,,0.0,19.1625
liver diseases,"Cassava Sciences, Inc.",1,0,1,0,0.125,0.0,0.16666666666666666,0.0,0.03125,0,0.0,0.88,-1.791614702062191e-18,0.0,1.0,,0.0,19.1625
liver diseases,Clinuvel Europe Limited,1,0,1,0,0.125,0.0,0.16666666666666666,0.0,0.03125,0,0.0,0.88,-1.791614702062191e-18,0.0,1.0,,0.0,19.1625
liver diseases,Disruptive Pharma,1,0,1,0,0.125,0.0,0.16666666666666666,0.0,0.03125,0,0.0,0.88,0.016666666666666666,0.0,1.0,,0.0,19.1625
liver diseases,Intellia Therapeutics,1,0,1,0,0.125,0.0,0.16666666666666666,0.0,0.03125,1,0.0,0.88,-1.791614702062191e-18,0.0,1.0,,0.0,19.1625
liver diseases,"Korro Bio, Inc.",1,0,1,0,0.125,0.0,0.16666666666666666,0.0,0.03125,0,0.0,0.88,0.016666666666666666,0.0,1.0,,0.0,19.1625
liver diseases,Miromatrix Medical Inc.,1,0,1,0,0.125,0.0,0.16666666666666666,0.0,0.03125,0,0.0,0.88,-1.791614702062191e-18,0.0,1.0,,0.0,19.1625
liver diseases,"Parvus Therapeutics, Inc.",1,0,1,0,0.125,0.0,0.16666666666666666,0.0,0.03125,1,0.0,0.88,-1.791614702062191e-18,0.0,1.0,,0.0,19.1625
liver diseases,Wondercel Biotech (ShenZhen),1,0,1,0,0.125,0.0,0.16666666666666666,0.0,0.03125,0,0.0,0.88,-1.791614702062191e-18,0.0,1.0,,0.0,19.1625
liver diseases,X4 Pharmaceuticals,1,0,1,0,0.125,0.0,0.16666666666666666,0.0,0.03125,0,0.0,0.88,0.016666666666666666,0.0,1.0,,0.0,19.1625
liver diseases,Yisheng Biopharma (Singapore) Pte. Ltd.,1,0,1,0,0.125,0.0,0.16666666666666666,0.0,0.03125,0,0.0,0.88,-1.791614702062191e-18,0.0,1.0,,0.0,19.1625
liver diseases,Orphalan,5,2,2,0,0.625,0.6666666666666666,0.3333333333333333,0.0,0.18125,0,0.0,0.49999999999999994,-0.03333333333333334,2.0,2.0,,0.0,19.0625
liver diseases,Groupe Éthique et Santé,1,1,0,0,0.125,0.3333333333333333,0.0,0.0,0.056249999999999994,0,0.0,0.78,-0.016666666666666666,0.0,1.0,,0.0,18.412500000000005
liver diseases,"Sinovac Biotech Co., Ltd",1,1,0,0,0.125,0.3333333333333333,0.0,0.0,0.056249999999999994,3,0.0,0.78,-0.016666666666666666,0.0,1.0,,0.0,18.412500000000005
liver diseases,Gene Solutions,3,2,0,0,0.375,0.6666666666666666,0.0,0.0,0.11875,0,0.0,0.6153846153846153,-0.03333333333333335,1.0,2.0,,0.0,18.245192307692307
liver diseases,"Alexion Pharmaceuticals, Inc.",6,0,5,0,0.75,0.0,0.8333333333333334,0.0,0.1625,8,0.0,0.011999999999999978,-0.38333333333333325,6.0,0.0,2.6666666666666665,0.9812671085154541,18.17767108515454
liver diseases,"Beckman Coulter, Inc.",1,0,0,0,0.125,0.0,0.0,0.0,0.00625,0,0.0,0.88,-1.791614702062191e-18,0.0,1.0,,0.0,17.9125
liver diseases,Endra Lifesciences,1,0,0,0,0.125,0.0,0.0,0.0,0.00625,0,0.0,0.88,-1.791614702062191e-18,0.0,1.0,,0.0,17.9125
liver diseases,GC Cell Corporation,1,0,0,0,0.125,0.0,0.0,0.0,0.00625,1,0.0,0.88,-1.791614702062191e-18,0.0,1.0,,0.0,17.9125
liver diseases,"Sanofi Pasteur, a Sanofi Company",1,0,0,0,0.125,0.0,0.0,0.0,0.00625,7,0.0,0.88,0.016666666666666666,0.0,1.0,,0.0,17.9125
liver diseases,Singlera Genomics Inc.,4,1,0,0,0.5,0.3333333333333333,0.0,0.0,0.075,0,0.0,0.6799999999999999,-0.03333333333333334,1.0,3.0,,0.0,17.349999999999998
liver diseases,Eutilex,1,0,1,0,0.125,0.0,0.16666666666666666,0.0,0.03125,0,0.0,0.78,-0.016666666666666666,0.0,1.0,,0.0,17.1625
liver diseases,"Mirror Biologics, Inc.",1,0,1,0,0.125,0.0,0.16666666666666666,0.0,0.03125,0,0.0,0.78,-0.016666666666666666,0.0,1.0,,0.0,17.1625
liver diseases,"Molecular Templates, Inc.",1,0,1,0,0.125,0.0,0.16666666666666666,0.0,0.03125,0,0.0,0.78,-0.016666666666666666,0.0,1.0,,0.0,17.1625
liver diseases,Panolos Bioscience,1,0,1,0,0.125,0.0,0.16666666666666666,0.0,0.03125,0,0.0,0.78,-0.016666666666666666,0.0,1.0,,0.0,17.1625
liver diseases,Xi'An Aolitai Pharmaceutical Technology Co Ltd,1,0,1,0,0.125,0.0,0.16666666666666666,0.0,0.03125,0,0.0,0.78,-0.016666666666666666,0.0,1.0,,0.0,17.1625
liver diseases,Vertex Pharmaceuticals Incorporated,5,0,5,0,0.625,0.0,0.8333333333333334,0.0,0.15625,14,0.0,0.016216216216216217,-0.2,5.0,0.0,2.0,0.8297130933355026,16.43395525767935
liver diseases,Crinetics Pharmaceuticals Inc.,2,1,1,0,0.25,0.3333333333333333,0.16666666666666666,0.0,0.0875,5,0.0,0.6000000000000001,-0.01666666666666667,1.0,1.0,,0.0,16.375
liver diseases,Grifols Therapeutics LLC,2,1,1,0,0.25,0.3333333333333333,0.16666666666666666,0.0,0.0875,0,0.0,0.6,-0.01666666666666668,1.0,1.0,,0.0,16.375
liver diseases,"Bausch Health Americas, Inc.",3,3,0,0,0.375,1.0,0.0,0.0,0.16875,1,0.0,0.38461538461538464,-0.03333333333333333,2.0,1.0,,0.0,16.129807692307693
liver diseases,"Tanabe Pharma America, Inc.",1,0,0,0,0.125,0.0,0.0,0.0,0.00625,1,0.0,0.78,-0.016666666666666666,0.0,1.0,,0.0,15.912500000000001
liver diseases,VBI Vaccines Inc.,1,0,0,0,0.125,0.0,0.0,0.0,0.00625,0,0.0,0.78,-0.016666666666666666,0.0,1.0,,0.0,15.912500000000001
liver diseases,Zydus Lifesciences Limited,1,0,0,0,0.125,0.0,0.0,0.0,0.00625,0,0.0,0.78,-0.016666666666666666,0.0,1.0,,0.0,15.912500000000001
liver diseases,"COUR Pharmaceutical Development Company, Inc.",1,0,1,0,0.125,0.0,0.16666666666666666,0.0,0.03125,2,0.0,0.32,-0.03333333333333333,1.0,0.0,1.7999999999999998,0.7776070961516035,15.738570961516036
liver diseases,"Wuhan Ammunition Life-tech Co., Ltd",3,1,0,0,0.375,0.3333333333333333,0.0,0.0,0.06875,0,0.0,0.6000000000000001,-0.01666666666666667,1.0,1.0,,0.0,15.437500000000004
liver diseases,"Janssen Research & Development, LLC",12,0,11,0,1.0,0.0,1.0,0.0,0.2,76,0.0,0.0035294117647058695,-0.5833333333333333,12.0,0.0,1.0,0.5234906775131802,15.30549501042592
liver diseases,"Kylonova (Xiamen) Biopharma co., LTD.",1,0,1,0,0.125,0.0,0.16666666666666666,0.0,0.03125,2,0.0,0.42000000000000004,-0.016666666666666666,1.0,0.0,1.0,0.5234906775131802,15.197406775131805
liver diseases,River 2 Renal Corp.,1,0,1,0,0.125,0.0,0.16666666666666666,0.0,0.03125,1,0.0,0.42000000000000004,-0.016666666666666666,1.0,0.0,1.0,0.5234906775131802,15.197406775131805
liver diseases,"89bio, Inc.",4,2,2,0,0.5,0.6666666666666666,0.3333333333333333,0.0,0.175,0,0.0,0.3,-0.10000000000000003,2.0,2.0,,0.0,14.75
liver diseases,"Akero Therapeutics, Inc",4,2,2,0,0.5,0.6666666666666666,0.3333333333333333,0.0,0.175,0,0.0,0.3,-0.1166666666666667,2.0,2.0,,0.0,14.75
liver diseases,Celgene,2,0,2,0,0.25,0.0,0.3333333333333333,0.0,0.0625,7,0.0,0.30000000000000004,-0.06666666666666665,1.0,1.0,1.0,0.5234906775131802,14.359906775131803
liver diseases,Fate Therapeutics,1,0,1,0,0.125,0.0,0.16666666666666666,0.0,0.03125,5,0.0,0.21999999999999992,-0.05000000000000002,1.0,0.0,2.0,0.8297130933355026,14.259630933355025
liver diseases,"Beijing Immunochina Medical Science & Technology Co., Ltd.",1,0,1,0,0.125,0.0,0.16666666666666666,0.0,0.03125,7,0.0,0.21999999999999992,-0.05000000000000002,1.0,0.0,1.7999999999999998,0.7776070961516035,13.738570961516034
liver diseases,"Boryung Pharmaceutical Co., Ltd",1,0,1,0,0.125,0.0,0.16666666666666666,0.0,0.03125,11,0.0,0.21999999999999992,-0.05000000000000002,1.0,0.0,1.6896551724137931,0.7472417035095585,13.434917035095584
liver diseases,HiFiBiO Therapeutics,1,0,1,0,0.125,0.0,0.16666666666666666,0.0,0.03125,2,0.0,0.32,-0.03333333333333333,1.0,0.0,1.0,0.5234906775131802,13.197406775131803
liver diseases,PT Bio Farma,2,1,0,0,0.25,0.3333333333333333,0.0,0.0,0.0625,2,0.0,0.5,,,,,0.0,13.125
liver diseases,Power Life Sciences Inc.,2,1,0,0,0.25,0.3333333333333333,0.0,0.0,0.0625,0,0.0,0.5,,,,,0.0,13.125
liver diseases,Fresenius Kabi,2,1,0,0,0.25,0.3333333333333333,0.0,0.0,0.0625,0,0.0,0.49999999999999994,-0.03333333333333334,1.0,1.0,,0.0,13.124999999999998
liver diseases,"Yangshengtang Co., Ltd",2,0,2,0,0.25,0.0,0.3333333333333333,0.0,0.0625,0,0.0,0.49999999999999994,-0.03333333333333334,1.0,1.0,,0.0,13.124999999999998
liver diseases,Innovent Biologics (Suzhou) Co. Ltd.,2,0,1,0,0.25,0.0,0.16666666666666666,0.0,0.0375,39,0.0,0.059999999999999984,-0.11666666666666668,2.0,0.0,3.266666666666667,1.0,13.075000000000001
liver diseases,ImCare Biotech,1,1,0,0,0.125,0.3333333333333333,0.0,0.0,0.056249999999999994,0,0.0,0.5,,,,,0.0,12.812499999999998
liver diseases,LumiraDx UK Limited,1,1,0,0,0.125,0.3333333333333333,0.0,0.0,0.056249999999999994,0,0.0,0.5,,,,,0.0,12.812499999999998
liver diseases,Ophiomics,1,1,0,0,0.125,0.3333333333333333,0.0,0.0,0.056249999999999994,0,0.0,0.5,,,,,0.0,12.812499999999998
liver diseases,"Suzhou Suncadia Biopharmaceuticals Co., Ltd.",1,1,0,0,0.125,0.3333333333333333,0.0,0.0,0.056249999999999994,49,0.0,0.5,,,,,0.0,12.812499999999998
liver diseases,Tempest Therapeutics,1,1,0,0,0.125,0.3333333333333333,0.0,0.0,0.056249999999999994,0,0.0,0.5,,,,,0.0,12.812499999999998
liver diseases,"Dicerna Pharmaceuticals, Inc., a Novo Nordisk company",2,0,2,0,0.25,0.0,0.3333333333333333,0.0,0.0625,2,0.0,0.21999999999999992,-0.05000000000000002,1.0,0.0,1.0,0.5234906775131802,12.759906775131801
liver diseases,Nanjing Chia-tai Tianqing Pharmaceutical,1,0,0,0,0.125,0.0,0.0,0.0,0.00625,7,0.0,0.21999999999999992,-0.05000000000000002,1.0,0.0,1.7999999999999998,0.7776070961516035,12.488570961516034
liver diseases,Jazz Pharmaceuticals,1,1,0,0,0.125,0.3333333333333333,0.0,0.0,0.056249999999999994,12,0.0,0.21999999999999992,-0.05000000000000002,1.0,0.0,1.0,0.5234906775131802,12.4474067751318
liver diseases,Green Cross Wellbeing,2,1,1,0,0.25,0.3333333333333333,0.16666666666666666,0.0,0.0875,0,0.0,0.3999999999999999,-0.05000000000000002,1.0,1.0,,0.0,12.374999999999998
liver diseases,Immunocore Ltd,1,0,1,0,0.125,0.0,0.16666666666666666,0.0,0.03125,4,0.0,0.12,-0.06666666666666667,1.0,0.0,2.0,0.8297130933355026,12.259630933355027
liver diseases,Arbutus Biopharma Corporation,4,0,4,0,0.5,0.0,0.6666666666666666,0.0,0.125,0,0.0,0.3,-0.1166666666666667,2.0,2.0,,0.0,12.25
liver diseases,Arrowhead Pharmaceuticals,1,0,1,0,0.125,0.0,0.16666666666666666,0.0,0.03125,7,0.0,0.12,-0.06666666666666667,1.0,0.0,1.7999999999999998,0.7776070961516035,11.738570961516034
liver diseases,A2 Healthcare Taiwan Corporation,1,0,1,0,0.125,0.0,0.16666666666666666,0.0,0.03125,0,0.0,0.5,,,,,0.0,11.5625
liver diseases,Akaza Bioscience Ltd,1,0,1,0,0.125,0.0,0.16666666666666666,0.0,0.03125,0,0.0,0.5,,,,,0.0,11.5625
liver diseases,Chiesi Hungary Ltd.,1,1,0,0,0.125,0.3333333333333333,0.0,0.0,0.056249999999999994,0,0.0,0.42000000000000004,-0.016666666666666666,1.0,0.0,,0.0,11.212500000000002
liver diseases,"Epiliquid Holding, Inc",1,1,0,0,0.125,0.3333333333333333,0.0,0.0,0.056249999999999994,0,0.0,0.42000000000000004,-0.016666666666666666,1.0,0.0,,0.0,11.212500000000002
liver diseases,GC Biopharma Corp,1,1,0,0,0.125,0.3333333333333333,0.0,0.0,0.056249999999999994,5,0.0,0.42000000000000004,-0.016666666666666666,1.0,0.0,,0.0,11.212500000000002
liver diseases,Julius Clinical,1,1,0,0,0.125,0.3333333333333333,0.0,0.0,0.056249999999999994,0,0.0,0.42000000000000004,-0.016666666666666666,1.0,0.0,,0.0,11.212500000000002
liver diseases,Assembly Biosciences,10,0,10,0,1.0,0.0,1.0,0.0,0.2,1,0.0,0.059999999999999984,-0.4166666666666668,8.0,2.0,,0.0,11.200000000000001
liver diseases,"Shanghai Zhimeng Biopharma, Inc.",4,1,3,0,0.5,0.3333333333333333,0.5,0.0,0.15,3,0.0,0.18461538461538463,-0.08333333333333336,2.0,1.0,,0.0,11.192307692307693
liver diseases,"Chongqing Precision Biotech Co., Ltd",1,0,1,0,0.125,0.0,0.16666666666666666,0.0,0.03125,29,0.0,0.12,-0.06666666666666667,1.0,0.0,1.6,0.7216379836168889,11.178879836168889
liver diseases,Sinocelltech Ltd.,1,0,1,0,0.125,0.0,0.16666666666666666,0.0,0.03125,19,0.0,0.12,-0.06666666666666667,1.0,0.0,1.6,0.7216379836168889,11.178879836168889
liver diseases,"Neuraly, Inc.",2,0,2,0,0.25,0.0,0.3333333333333333,0.0,0.0625,0,0.0,0.3999999999999999,-0.05000000000000002,1.0,1.0,,0.0,11.124999999999998
liver diseases,Can-Fite BioPharma,2,1,1,0,0.25,0.3333333333333333,0.16666666666666666,0.0,0.0875,2,0.0,0.059999999999999984,-0.06666666666666668,2.0,0.0,1.0,0.5234906775131802,10.809906775131802
liver diseases,"Boryung Biopharma Co., Ltd.",1,0,0,0,0.125,0.0,0.0,0.0,0.00625,0,0.0,0.5,,,,,0.0,10.3125
liver diseases,"Cirius Therapeutics, Inc.",1,0,0,0,0.125,0.0,0.0,0.0,0.00625,0,0.0,0.5,,,,,0.0,10.3125
liver diseases,HBI Solutions Inc.,1,0,0,0,0.125,0.0,0.0,0.0,0.00625,0,0.0,0.5,,,,,0.0,10.3125
liver diseases,Institut Pasteur,1,0,0,0,0.125,0.0,0.0,0.0,0.00625,0,0.0,0.5,,,,,0.0,10.3125
liver diseases,Mallinckrodt,1,0,0,0,0.125,0.0,0.0,0.0,0.00625,0,0.0,0.5,,,,,0.0,10.3125
liver diseases,Swedish Orphan Biovitrum,1,0,0,0,0.125,0.0,0.0,0.0,0.00625,1,0.0,0.5,,,,,0.0,10.3125
liver diseases,POLYSAN Scientific & Technological Pharmaceutical Company,2,0,1,0,0.25,0.0,0.16666666666666666,0.0,0.0375,1,0.0,0.15999999999999992,-0.05000000000000001,2.0,0.0,1.0,0.5234906775131802,10.309906775131802
liver diseases,"1Globe Biomedical Co., Ltd.",1,0,1,0,0.125,0.0,0.16666666666666666,0.0,0.03125,0,0.0,0.42000000000000004,-0.016666666666666666,1.0,0.0,,0.0,9.962500000000002
liver diseases,Alentis Therapeutics AG,1,0,1,0,0.125,0.0,0.16666666666666666,0.0,0.03125,3,0.0,0.42000000000000004,-0.016666666666666666,1.0,0.0,,0.0,9.962500000000002
liver diseases,Clinuvel Pharmaceuticals Limited,1,0,1,0,0.125,0.0,0.16666666666666666,0.0,0.03125,0,0.0,0.42000000000000004,-0.016666666666666666,1.0,0.0,,0.0,9.962500000000002
liver diseases,Dexa Medica Group,1,0,1,0,0.125,0.0,0.16666666666666666,0.0,0.03125,0,0.0,0.42000000000000004,-0.016666666666666666,1.0,0.0,,0.0,9.962500000000002
liver diseases,Great Novel Therapeutics Biotech & Medicals Corporation,1,0,1,0,0.125,0.0,0.16666666666666666,0.0,0.03125,1,0.0,0.42000000000000004,-0.016666666666666666,1.0,0.0,,0.0,9.962500000000002
liver diseases,"Kezar Life Sciences, Inc.",1,0,1,0,0.125,0.0,0.16666666666666666,0.0,0.03125,0,0.0,0.42000000000000004,-0.016666666666666666,1.0,0.0,,0.0,9.962500000000002
liver diseases,Nanjing Zenshine Pharmaceuticals,1,0,1,0,0.125,0.0,0.16666666666666666,0.0,0.03125,1,0.0,0.42000000000000004,-0.016666666666666666,1.0,0.0,,0.0,9.962500000000002
liver diseases,"Oasis Pharmaceuticals, LLC",1,0,1,0,0.125,0.0,0.16666666666666666,0.0,0.03125,0,0.0,0.42000000000000004,-0.016666666666666666,1.0,0.0,,0.0,9.962500000000002
liver diseases,SOFIE,1,0,1,0,0.125,0.0,0.16666666666666666,0.0,0.03125,0,0.0,0.42000000000000004,-0.016666666666666666,1.0,0.0,,0.0,9.962500000000002
liver diseases,Telix Pharmaceuticals (Innovations) Pty Ltd,1,0,1,0,0.125,0.0,0.16666666666666666,0.0,0.03125,1,0.0,0.42000000000000004,-0.016666666666666666,1.0,0.0,,0.0,9.962500000000002
liver diseases,"Xuanzhu Biopharmaceutical Co., Ltd.",3,1,2,0,0.375,0.3333333333333333,0.3333333333333333,0.0,0.11875,5,0.0,0.18461538461538463,-0.06666666666666668,2.0,1.0,,0.0,9.629807692307693
liver diseases,Chong Kun Dang Pharmaceutical,2,0,2,0,0.25,0.0,0.3333333333333333,0.0,0.0625,6,0.0,0.059999999999999984,-0.08333333333333336,2.0,0.0,1.0,0.5234906775131802,9.559906775131802
liver diseases,"NGM Biopharmaceuticals, Inc",2,0,2,0,0.25,0.0,0.3333333333333333,0.0,0.0625,2,0.0,0.059999999999999984,-0.13333333333333333,2.0,0.0,1.0,0.5234906775131802,9.559906775131802
liver diseases,"Beijing Shenogen Biomedical Co., Ltd",1,1,0,0,0.125,0.3333333333333333,0.0,0.0,0.056249999999999994,0,0.0,0.32,-0.03333333333333333,1.0,0.0,,0.0,9.2125
liver diseases,"Pliant Therapeutics, Inc.",1,0,1,0,0.125,0.0,0.16666666666666666,0.0,0.03125,1,0.0,0.12,-0.06666666666666667,1.0,0.0,1.0,0.5234906775131802,9.197406775131803
liver diseases,Suzhou Ribo Life Science Co. Ltd.,2,0,2,0,0.25,0.0,0.3333333333333333,0.0,0.0625,2,0.0,0.3,-0.06666666666666668,1.0,1.0,,0.0,9.125
liver diseases,Genlantis Diagnostics,2,0,0,0,0.25,0.0,0.0,0.0,0.0125,0,0.0,0.42000000000000004,-0.016666666666666666,1.0,0.0,,0.0,9.025000000000002
liver diseases,Healthgen Biotechnology Corp.,1,0,0,0,0.125,0.0,0.0,0.0,0.00625,2,0.0,0.42000000000000004,-0.016666666666666666,1.0,0.0,,0.0,8.712500000000002
liver diseases,Sirtex Medical,1,0,0,0,0.125,0.0,0.0,0.0,0.00625,1,0.0,0.42000000000000004,-0.016666666666666666,1.0,0.0,,0.0,8.712500000000002
liver diseases,Shanghai Yunying Medical Technology,2,0,2,0,0.25,0.0,0.3333333333333333,0.0,0.0625,0,0.0,0.26,-0.03333333333333333,2.0,0.0,,0.0,8.325000000000001
liver diseases,"Staidson (Beijing) Biopharmaceuticals Co., Ltd",2,0,2,0,0.25,0.0,0.3333333333333333,0.0,0.0625,2,0.0,0.26,-0.03333333333333333,2.0,0.0,,0.0,8.325000000000001
liver diseases,BeiGene,2,0,1,0,0.25,0.0,0.16666666666666666,0.0,0.0375,9,0.0,0.059999999999999984,-0.08333333333333334,2.0,0.0,1.0,0.5234906775131802,8.309906775131802
liver diseases,"Dong-A ST Co., Ltd.",2,0,1,0,0.25,0.0,0.16666666666666666,0.0,0.0375,7,0.0,0.059999999999999984,-0.06666666666666668,2.0,0.0,1.0,0.5234906775131802,8.309906775131802
liver diseases,Arbele Pty Ltd,1,0,1,0,0.125,0.0,0.16666666666666666,0.0,0.03125,0,0.0,0.32,-0.03333333333333333,1.0,0.0,,0.0,7.9625
liver diseases,"Beijing Syngentech Co., Ltd.",1,0,1,0,0.125,0.0,0.16666666666666666,0.0,0.03125,0,0.0,0.32,-0.03333333333333333,1.0,0.0,,0.0,7.9625
liver diseases,Calliditas Therapeutics Suisse SA,1,0,1,0,0.125,0.0,0.16666666666666666,0.0,0.03125,0,0.0,0.32,-0.03333333333333333,1.0,0.0,,0.0,7.9625
liver diseases,Chiesi Farmaceutici S.p.A.,1,0,1,0,0.125,0.0,0.16666666666666666,0.0,0.03125,8,0.0,0.32,-0.03333333333333333,1.0,0.0,,0.0,7.9625
liver diseases,Dr. Falk Pharma GmbH,1,0,1,0,0.125,0.0,0.16666666666666666,0.0,0.03125,1,0.0,0.32,-0.03333333333333333,1.0,0.0,,0.0,7.9625
liver diseases,"Endeavor Biomedicines, Inc.",1,0,1,0,0.125,0.0,0.16666666666666666,0.0,0.03125,2,0.0,0.32,-0.03333333333333333,1.0,0.0,,0.0,7.9625
liver diseases,"Escient Pharmaceuticals, Inc",1,0,1,0,0.125,0.0,0.16666666666666666,0.0,0.03125,0,0.0,0.32,-0.03333333333333333,1.0,0.0,,0.0,7.9625
liver diseases,Fusion Pharmaceuticals Inc.,1,0,1,0,0.125,0.0,0.16666666666666666,0.0,0.03125,3,0.0,0.32,-0.03333333333333333,1.0,0.0,,0.0,7.9625
liver diseases,Genoscience Pharma,1,0,1,0,0.125,0.0,0.16666666666666666,0.0,0.03125,0,0.0,0.32,-0.03333333333333333,1.0,0.0,,0.0,7.9625
liver diseases,HighTide Therapeutics (Hong Kong) Limited,1,0,1,0,0.125,0.0,0.16666666666666666,0.0,0.03125,0,0.0,0.32,-0.03333333333333333,1.0,0.0,,0.0,7.9625
liver diseases,IlDong Pharmaceutical Co Ltd,1,0,1,0,0.125,0.0,0.16666666666666666,0.0,0.03125,1,0.0,0.32,-0.03333333333333333,1.0,0.0,,0.0,7.9625
liver diseases,"ImmuneMed, Inc.",1,0,1,0,0.125,0.0,0.16666666666666666,0.0,0.03125,0,0.0,0.32,-0.03333333333333333,1.0,0.0,,0.0,7.9625
liver diseases,JD Bioscience Inc.,1,0,1,0,0.125,0.0,0.16666666666666666,0.0,0.03125,0,0.0,0.32,-0.03333333333333333,1.0,0.0,,0.0,7.9625
liver diseases,"Janssen Pharmaceutica N.V., Belgium",1,0,1,0,0.125,0.0,0.16666666666666666,0.0,0.03125,1,0.0,0.32,-0.03333333333333333,1.0,0.0,,0.0,7.9625
liver diseases,LISCure Biosciences,1,0,1,0,0.125,0.0,0.16666666666666666,0.0,0.03125,1,0.0,0.32,-0.03333333333333333,1.0,0.0,,0.0,7.9625
liver diseases,Mina Alpha Limited,1,0,1,0,0.125,0.0,0.16666666666666666,0.0,0.03125,0,0.0,0.32,-0.03333333333333333,1.0,0.0,,0.0,7.9625
liver diseases,"Ocelot Bio, Inc",1,0,1,0,0.125,0.0,0.16666666666666666,0.0,0.03125,0,0.0,0.32,-0.03333333333333333,1.0,0.0,,0.0,7.9625
liver diseases,Omega Therapeutics,1,0,1,0,0.125,0.0,0.16666666666666666,0.0,0.03125,0,0.0,0.32,-0.03333333333333333,1.0,0.0,,0.0,7.9625
liver diseases,Primocure Pharma,1,0,1,0,0.125,0.0,0.16666666666666666,0.0,0.03125,0,0.0,0.32,-0.03333333333333333,1.0,0.0,,0.0,7.9625
liver diseases,SOTIO Biotech AG,1,0,1,0,0.125,0.0,0.16666666666666666,0.0,0.03125,1,0.0,0.32,-0.03333333333333333,1.0,0.0,,0.0,7.9625
liver diseases,"Shandong New Time Pharmaceutical Co., LTD",1,0,1,0,0.125,0.0,0.16666666666666666,0.0,0.03125,10,0.0,0.32,-0.03333333333333333,1.0,0.0,,0.0,7.9625
liver diseases,"Shanghai Longwood Biopharmaceuticals Co., Ltd.",1,0,1,0,0.125,0.0,0.16666666666666666,0.0,0.03125,2,0.0,0.32,-0.03333333333333333,1.0,0.0,,0.0,7.9625
liver diseases,"Shanghai Ming Ju Biotechnology Co., Ltd.",1,0,1,0,0.125,0.0,0.16666666666666666,0.0,0.03125,3,0.0,0.32,-0.03333333333333333,1.0,0.0,,0.0,7.9625
liver diseases,"Shenyang Sunshine Pharmaceutical Co., LTD.",1,0,1,0,0.125,0.0,0.16666666666666666,0.0,0.03125,20,0.0,0.32,-0.03333333333333333,1.0,0.0,,0.0,7.9625
liver diseases,"T-ACE Medical Co., Ltd",1,0,1,0,0.125,0.0,0.16666666666666666,0.0,0.03125,0,0.0,0.32,-0.03333333333333333,1.0,0.0,,0.0,7.9625
liver diseases,"Tarus Therapeutics, Inc.",1,0,1,0,0.125,0.0,0.16666666666666666,0.0,0.03125,0,0.0,0.32,-0.03333333333333333,1.0,0.0,,0.0,7.9625
liver diseases,Galecto Biotech AB,2,0,2,0,0.25,0.0,0.3333333333333333,0.0,0.0625,1,0.0,0.21999999999999992,-0.05000000000000002,1.0,0.0,,0.0,7.524999999999999
liver diseases,"Albireo, an Ipsen Company",1,1,0,0,0.125,0.3333333333333333,0.0,0.0,0.056249999999999994,0,0.0,0.21999999999999992,-0.05000000000000002,1.0,0.0,,0.0,7.212499999999998
liver diseases,Guerbet,1,1,0,0,0.125,0.3333333333333333,0.0,0.0,0.056249999999999994,0,0.0,0.21999999999999992,-0.05000000000000002,1.0,0.0,,0.0,7.212499999999998
liver diseases,"Pharmicell Co., Ltd.",1,1,0,0,0.125,0.3333333333333333,0.0,0.0,0.056249999999999994,0,0.0,0.21999999999999992,-0.05000000000000002,1.0,0.0,,0.0,7.212499999999998
liver diseases,"TaiwanJ Pharmaceuticals Co., Ltd",3,0,3,0,0.375,0.0,0.5,0.0,0.09375,0,0.0,0.12,-0.06666666666666667,1.0,0.0,,0.0,7.0874999999999995
liver diseases,Travera Inc,2,0,0,0,0.25,0.0,0.0,0.0,0.0125,0,0.0,0.32,-0.03333333333333333,1.0,0.0,,0.0,7.025
liver diseases,Group K Diagnostics Inc.,1,0,0,0,0.125,0.0,0.0,0.0,0.00625,0,0.0,0.32,-0.03333333333333333,1.0,0.0,,0.0,6.7125
liver diseases,MiRXES Pte Ltd,1,0,0,0,0.125,0.0,0.0,0.0,0.00625,0,0.0,0.32,-0.03333333333333333,1.0,0.0,,0.0,6.7125
liver diseases,MinaPharm Pharmaceuticals,1,0,0,0,0.125,0.0,0.0,0.0,0.00625,0,0.0,0.32,-0.03333333333333333,1.0,0.0,,0.0,6.7125
liver diseases,Mylan Inc.,1,0,0,0,0.125,0.0,0.0,0.0,0.00625,0,0.0,0.32,-0.03333333333333333,1.0,0.0,,0.0,6.7125
liver diseases,Respyr,1,0,0,0,0.125,0.0,0.0,0.0,0.00625,0,0.0,0.32,-0.03333333333333333,1.0,0.0,,0.0,6.7125
liver diseases,Theratechnologies,1,0,0,0,0.125,0.0,0.0,0.0,0.00625,1,0.0,0.32,-0.03333333333333333,1.0,0.0,,0.0,6.7125
liver diseases,"Antios Therapeutics, Inc",4,0,4,0,0.5,0.0,0.6666666666666666,0.0,0.125,0,0.0,0.02307692307692306,-0.18333333333333338,4.0,0.0,,0.0,6.711538461538462
liver diseases,"Enanta Pharmaceuticals, Inc",4,0,4,0,0.5,0.0,0.6666666666666666,0.0,0.125,2,0.0,0.02307692307692306,-0.2500000000000001,4.0,0.0,,0.0,6.711538461538462
liver diseases,Intercept Pharmaceuticals,4,0,2,0,0.5,0.0,0.3333333333333333,0.0,0.075,0,0.0,0.12,-0.10000000000000002,3.0,1.0,,0.0,6.15
liver diseases,"Astellas Pharma Global Development, Inc.",1,0,1,0,0.125,0.0,0.16666666666666666,0.0,0.03125,18,0.0,0.21999999999999992,-0.05000000000000002,1.0,0.0,,0.0,5.962499999999999
liver diseases,Carisma Therapeutics Inc,1,0,1,0,0.125,0.0,0.16666666666666666,0.0,0.03125,0,0.0,0.21999999999999992,-0.05000000000000002,1.0,0.0,,0.0,5.962499999999999
liver diseases,ChemomAb Ltd.,1,0,1,0,0.125,0.0,0.16666666666666666,0.0,0.03125,0,0.0,0.21999999999999992,-0.05000000000000002,1.0,0.0,,0.0,5.962499999999999
liver diseases,"DNAtrix, Inc.",1,0,1,0,0.125,0.0,0.16666666666666666,0.0,0.03125,0,0.0,0.21999999999999992,-0.05000000000000002,1.0,0.0,,0.0,5.962499999999999
liver diseases,"Dongguan HEC Biopharmaceutical R&D Co., Ltd.",1,0,1,0,0.125,0.0,0.16666666666666666,0.0,0.03125,0,0.0,0.21999999999999992,-0.05000000000000002,1.0,0.0,,0.0,5.962499999999999
liver diseases,Durect,1,0,1,0,0.125,0.0,0.16666666666666666,0.0,0.03125,0,0.0,0.21999999999999992,-0.05000000000000002,1.0,0.0,,0.0,5.962499999999999
liver diseases,Future Medicine,1,0,1,0,0.125,0.0,0.16666666666666666,0.0,0.03125,0,0.0,0.21999999999999992,-0.05000000000000002,1.0,0.0,,0.0,5.962499999999999
liver diseases,Guangdong GD Kongming Biotech LLC,1,0,1,0,0.125,0.0,0.16666666666666666,0.0,0.03125,0,0.0,0.21999999999999992,-0.05000000000000002,1.0,0.0,,0.0,5.962499999999999
liver diseases,"Hepagene (Shanghai) Co., Ltd.",1,0,1,0,0.125,0.0,0.16666666666666666,0.0,0.03125,0,0.0,0.21999999999999992,-0.05000000000000002,1.0,0.0,,0.0,5.962499999999999
liver diseases,HighTide Biopharma Pty Ltd,1,0,1,0,0.125,0.0,0.16666666666666666,0.0,0.03125,0,0.0,0.21999999999999992,-0.05000000000000002,1.0,0.0,,0.0,5.962499999999999
liver diseases,"Ionis Pharmaceuticals, Inc.",1,0,1,0,0.125,0.0,0.16666666666666666,0.0,0.03125,7,0.0,0.21999999999999992,-0.05000000000000002,1.0,0.0,,0.0,5.962499999999999
liver diseases,Janssen Pharmaceutical K.K.,1,0,1,0,0.125,0.0,0.16666666666666666,0.0,0.03125,2,0.0,0.21999999999999992,-0.05000000000000002,1.0,0.0,,0.0,5.962499999999999
liver diseases,Redx Pharma Ltd,1,0,1,0,0.125,0.0,0.16666666666666666,0.0,0.03125,1,0.0,0.21999999999999992,-0.05000000000000002,1.0,0.0,,0.0,5.962499999999999
liver diseases,Sealantium Medical Ltd.,1,0,1,0,0.125,0.0,0.16666666666666666,0.0,0.03125,0,0.0,0.21999999999999992,-0.05000000000000002,1.0,0.0,,0.0,5.962499999999999
liver diseases,Sirnaomics,1,0,1,0,0.125,0.0,0.16666666666666666,0.0,0.03125,2,0.0,0.21999999999999992,-0.05000000000000002,1.0,0.0,,0.0,5.962499999999999
liver diseases,"Suzhou Kintor Pharmaceutical Inc,",1,0,1,0,0.125,0.0,0.16666666666666666,0.0,0.03125,1,0.0,0.21999999999999992,-0.05000000000000002,1.0,0.0,,0.0,5.962499999999999
liver diseases,Taizhou Hanzhong biomedical co. LTD,1,0,1,0,0.125,0.0,0.16666666666666666,0.0,0.03125,0,0.0,0.21999999999999992,-0.05000000000000002,1.0,0.0,,0.0,5.962499999999999
liver diseases,Vigonvita Life Sciences,1,0,1,0,0.125,0.0,0.16666666666666666,0.0,0.03125,11,0.0,0.21999999999999992,-0.05000000000000002,1.0,0.0,,0.0,5.962499999999999
liver diseases,"Zhejiang Raygene Pharmaceuticals Co., Ltd",1,0,1,0,0.125,0.0,0.16666666666666666,0.0,0.03125,1,0.0,0.21999999999999992,-0.05000000000000002,1.0,0.0,,0.0,5.962499999999999
liver diseases,Epividian,2,0,0,0,0.25,0.0,0.0,0.0,0.0125,0,0.0,0.26,-0.03333333333333333,2.0,0.0,,0.0,5.825
liver diseases,Inventiva Pharma,2,1,1,0,0.25,0.3333333333333333,0.16666666666666666,0.0,0.0875,0,0.0,0.059999999999999984,-0.08333333333333336,2.0,0.0,,0.0,5.574999999999999
liver diseases,Fujian Cosunter Pharmaceutical Co. Ltd,3,0,3,0,0.375,0.0,0.5,0.0,0.09375,0,0.0,0.03529411764705883,-0.18333333333333338,3.0,0.0,,0.0,5.393382352941177
liver diseases,"Hepion Pharmaceuticals, Inc.",3,0,3,0,0.375,0.0,0.5,0.0,0.09375,0,0.0,0.03529411764705883,-0.11666666666666667,3.0,0.0,,0.0,5.393382352941177
liver diseases,J2H Biotech,3,0,3,0,0.375,0.0,0.5,0.0,0.09375,0,0.0,0.03529411764705883,-0.10000000000000002,3.0,0.0,,0.0,5.393382352941177
liver diseases,"Terns, Inc., a subsidiary of Merck & Co., Inc. (Rahway, New Jersey USA)",3,0,3,0,0.375,0.0,0.5,0.0,0.09375,1,0.0,0.03529411764705883,-0.15000000000000002,3.0,0.0,,0.0,5.393382352941177
liver diseases,"Cofactor Genomics, Inc.",1,1,0,0,0.125,0.3333333333333333,0.0,0.0,0.056249999999999994,0,0.0,0.12,-0.06666666666666667,1.0,0.0,,0.0,5.2124999999999995
liver diseases,Tempus AI,1,1,0,0,0.125,0.3333333333333333,0.0,0.0,0.056249999999999994,0,0.0,0.12,-0.06666666666666667,1.0,0.0,,0.0,5.2124999999999995
liver diseases,iOMEDICO AG,1,1,0,0,0.125,0.3333333333333333,0.0,0.0,0.056249999999999994,0,0.0,0.12,-0.06666666666666667,1.0,0.0,,0.0,5.2124999999999995
liver diseases,Sagimet Biosciences Inc.,4,0,2,0,0.5,0.0,0.3333333333333333,0.0,0.075,1,0.0,0.059999999999999984,-0.06666666666666668,2.0,0.0,,0.0,4.949999999999999
liver diseases,Albireo,1,0,0,0,0.125,0.0,0.0,0.0,0.00625,0,0.0,0.21999999999999992,-0.05000000000000002,1.0,0.0,,0.0,4.712499999999999
liver diseases,Baxter Healthcare Corporation,1,0,0,0,0.125,0.0,0.0,0.0,0.00625,0,0.0,0.21999999999999992,-0.05000000000000002,1.0,0.0,,0.0,4.712499999999999
liver diseases,"Beijing Kawin Technology Share-Holding Co., Ltd.",1,0,0,0,0.125,0.0,0.0,0.0,0.00625,0,0.0,0.21999999999999992,-0.05000000000000002,1.0,0.0,,0.0,4.712499999999999
liver diseases,Delfi Diagnostics Inc.,1,0,0,0,0.125,0.0,0.0,0.0,0.00625,0,0.0,0.21999999999999992,-0.05000000000000002,1.0,0.0,,0.0,4.712499999999999
liver diseases,Dynavax Technologies Corporation,1,0,0,0,0.125,0.0,0.0,0.0,0.00625,2,0.0,0.21999999999999992,-0.05000000000000002,1.0,0.0,,0.0,4.712499999999999
liver diseases,Eiger BioPharmaceuticals,1,0,0,0,0.125,0.0,0.0,0.0,0.00625,0,0.0,0.21999999999999992,-0.05000000000000002,1.0,0.0,,0.0,4.712499999999999
liver diseases,Eisai Pharmaceuticals India Pvt. Ltd,1,0,0,0,0.125,0.0,0.0,0.0,0.00625,0,0.0,0.21999999999999992,-0.05000000000000002,1.0,0.0,,0.0,4.712499999999999
liver diseases,Geneplus-Beijing Co. Ltd.,1,0,0,0,0.125,0.0,0.0,0.0,0.00625,0,0.0,0.21999999999999992,-0.05000000000000002,1.0,0.0,,0.0,4.712499999999999
liver diseases,Genetron Health,1,0,0,0,0.125,0.0,0.0,0.0,0.00625,0,0.0,0.21999999999999992,-0.05000000000000002,1.0,0.0,,0.0,4.712499999999999
liver diseases,Sanguine Biosciences,1,0,0,0,0.125,0.0,0.0,0.0,0.00625,0,0.0,0.21999999999999992,-0.05000000000000002,1.0,0.0,,0.0,4.712499999999999
liver diseases,Shire,1,0,0,0,0.125,0.0,0.0,0.0,0.00625,0,0.0,0.21999999999999992,-0.05000000000000002,1.0,0.0,,0.0,4.712499999999999
liver diseases,Taproot Health,1,0,0,0,0.125,0.0,0.0,0.0,0.00625,0,0.0,0.21999999999999992,-0.05000000000000002,1.0,0.0,,0.0,4.712499999999999
liver diseases,"Aribio Lab Co., Ltd.",2,0,2,0,0.25,0.0,0.3333333333333333,0.0,0.0625,2,0.0,0.059999999999999984,-0.11666666666666668,2.0,0.0,,0.0,4.324999999999999
liver diseases,"Ascletis Pharmaceuticals Co., Ltd.",2,0,2,0,0.25,0.0,0.3333333333333333,0.0,0.0625,0,0.0,0.059999999999999984,-0.1,2.0,0.0,,0.0,4.324999999999999
liver diseases,"Axcella Health, Inc",2,0,2,0,0.25,0.0,0.3333333333333333,0.0,0.0625,0,0.0,0.059999999999999984,-0.10000000000000003,2.0,0.0,,0.0,4.324999999999999
liver diseases,Barinthus Biotherapeutics,2,0,2,0,0.25,0.0,0.3333333333333333,0.0,0.0625,1,0.0,0.059999999999999984,-0.1,2.0,0.0,,0.0,4.324999999999999
liver diseases,Celldex Therapeutics,2,0,2,0,0.25,0.0,0.3333333333333333,0.0,0.0625,3,0.0,0.059999999999999984,-0.08333333333333334,2.0,0.0,,0.0,4.324999999999999
liver diseases,Enyo Pharma,2,0,2,0,0.25,0.0,0.3333333333333333,0.0,0.0625,1,0.0,0.059999999999999984,-0.13333333333333333,2.0,0.0,,0.0,4.324999999999999
liver diseases,Getz Pharma,2,1,0,0,0.25,0.3333333333333333,0.0,0.0,0.0625,0,0.0,0.059999999999999984,-0.06666666666666668,2.0,0.0,,0.0,4.324999999999999
liver diseases,Helio Genomics,2,1,0,0,0.25,0.3333333333333333,0.0,0.0,0.0625,0,0.0,0.059999999999999984,-0.08333333333333336,2.0,0.0,,0.0,4.324999999999999
liver diseases,ImmVira Pharma Co. Ltd,2,0,2,0,0.25,0.0,0.3333333333333333,0.0,0.0625,3,0.0,0.059999999999999984,-0.08333333333333336,2.0,0.0,,0.0,4.324999999999999
liver diseases,Lipocine Inc.,2,0,2,0,0.25,0.0,0.3333333333333333,0.0,0.0625,0,0.0,0.059999999999999984,-0.11666666666666668,2.0,0.0,,0.0,4.324999999999999
liver diseases,"Metacrine, Inc.",2,0,2,0,0.25,0.0,0.3333333333333333,0.0,0.0625,0,0.0,0.059999999999999984,-0.11666666666666668,2.0,0.0,,0.0,4.324999999999999
liver diseases,"Nucorion Pharmaceuticals, Inc.",2,0,2,0,0.25,0.0,0.3333333333333333,0.0,0.0625,0,0.0,0.059999999999999984,-0.11666666666666668,2.0,0.0,,0.0,4.324999999999999
liver diseases,"Oramed, Ltd.",2,0,2,0,0.25,0.0,0.3333333333333333,0.0,0.0625,0,0.0,0.059999999999999984,-0.11666666666666668,2.0,0.0,,0.0,4.324999999999999
liver diseases,PharmaEssentia,2,0,2,0,0.25,0.0,0.3333333333333333,0.0,0.0625,3,0.0,0.059999999999999984,-0.1,2.0,0.0,,0.0,4.324999999999999
liver diseases,Poxel SA,2,0,2,0,0.25,0.0,0.3333333333333333,0.0,0.0625,0,0.0,0.059999999999999984,-0.11666666666666668,2.0,0.0,,0.0,4.324999999999999
liver diseases,"TriSalus Life Sciences, Inc.",2,0,2,0,0.25,0.0,0.3333333333333333,0.0,0.0625,1,0.0,0.059999999999999984,-0.08333333333333336,2.0,0.0,,0.0,4.324999999999999
liver diseases,Perspectum,3,1,0,0,0.375,0.3333333333333333,0.0,0.0,0.06875,0,0.0,0.03529411764705883,-0.18333333333333338,3.0,0.0,,0.0,4.1433823529411775
liver diseases,Ascentage Pharma Group Inc.,1,0,1,0,0.125,0.0,0.16666666666666666,0.0,0.03125,14,0.0,0.12,-0.06666666666666667,1.0,0.0,,0.0,3.9625
liver diseases,"Atreca, Inc.",1,0,1,0,0.125,0.0,0.16666666666666666,0.0,0.03125,0,0.0,0.12,-0.06666666666666667,1.0,0.0,,0.0,3.9625
liver diseases,Blade Therapeutics,1,0,1,0,0.125,0.0,0.16666666666666666,0.0,0.03125,0,0.0,0.12,-0.06666666666666667,1.0,0.0,,0.0,3.9625
liver diseases,Catalysis SL,1,0,1,0,0.125,0.0,0.16666666666666666,0.0,0.03125,1,0.0,0.12,-0.06666666666666667,1.0,0.0,,0.0,3.9625
liver diseases,Cellaion SA,1,0,1,0,0.125,0.0,0.16666666666666666,0.0,0.03125,0,0.0,0.12,-0.06666666666666667,1.0,0.0,,0.0,3.9625
liver diseases,"CytoDyn, Inc.",1,0,1,0,0.125,0.0,0.16666666666666666,0.0,0.03125,1,0.0,0.12,-0.06666666666666667,1.0,0.0,,0.0,3.9625
liver diseases,Galectin Therapeutics Inc.,1,0,1,0,0.125,0.0,0.16666666666666666,0.0,0.03125,0,0.0,0.12,-0.06666666666666667,1.0,0.0,,0.0,3.9625
liver diseases,Hepanova Inc.,1,0,1,0,0.125,0.0,0.16666666666666666,0.0,0.03125,0,0.0,0.12,-0.06666666666666667,1.0,0.0,,0.0,3.9625
liver diseases,Highlight Therapeutics,1,0,1,0,0.125,0.0,0.16666666666666666,0.0,0.03125,1,0.0,0.12,-0.06666666666666667,1.0,0.0,,0.0,3.9625
liver diseases,Idorsia Pharmaceuticals Ltd.,1,0,1,0,0.125,0.0,0.16666666666666666,0.0,0.03125,1,0.0,0.12,-0.06666666666666667,1.0,0.0,,0.0,3.9625
liver diseases,"Ocellaris Pharma, Inc.",1,0,1,0,0.125,0.0,0.16666666666666666,0.0,0.03125,0,0.0,0.12,-0.06666666666666667,1.0,0.0,,0.0,3.9625
liver diseases,"Oncorus, Inc.",1,0,1,0,0.125,0.0,0.16666666666666666,0.0,0.03125,0,0.0,0.12,-0.06666666666666667,1.0,0.0,,0.0,3.9625
liver diseases,"Principia Biopharma, a Sanofi Company",1,0,1,0,0.125,0.0,0.16666666666666666,0.0,0.03125,0,0.0,0.12,-0.06666666666666667,1.0,0.0,,0.0,3.9625
liver diseases,"Quadriga Biosciences, Inc.",1,0,1,0,0.125,0.0,0.16666666666666666,0.0,0.03125,0,0.0,0.12,-0.06666666666666667,1.0,0.0,,0.0,3.9625
liver diseases,Sciwind Biosciences APAC CO Pty. Ltd.,1,0,1,0,0.125,0.0,0.16666666666666666,0.0,0.03125,0,0.0,0.12,-0.06666666666666667,1.0,0.0,,0.0,3.9625
liver diseases,Yiviva Inc.,1,0,1,0,0.125,0.0,0.16666666666666666,0.0,0.03125,0,0.0,0.12,-0.06666666666666667,1.0,0.0,,0.0,3.9625
liver diseases,Z Factor Limited,1,0,1,0,0.125,0.0,0.16666666666666666,0.0,0.03125,0,0.0,0.12,-0.06666666666666667,1.0,0.0,,0.0,3.9625
liver diseases,Eisai Inc.,2,0,1,0,0.25,0.0,0.16666666666666666,0.0,0.0375,8,0.0,0.059999999999999984,-0.10000000000000003,2.0,0.0,,0.0,3.0749999999999997
liver diseases,Advanz Pharma,1,0,0,0,0.125,0.0,0.0,0.0,0.00625,0,0.0,0.12,-0.06666666666666667,1.0,0.0,,0.0,2.7125
liver diseases,Ascelia Pharma AB,1,0,0,0,0.125,0.0,0.0,0.0,0.00625,0,0.0,0.12,-0.06666666666666667,1.0,0.0,,0.0,2.7125
liver diseases,HemoSonics LLC,1,0,0,0,0.125,0.0,0.0,0.0,0.00625,0,0.0,0.12,-0.06666666666666667,1.0,0.0,,0.0,2.7125
liver diseases,Leberstiftungs-GmbH Deutschland,1,0,0,0,0.125,0.0,0.0,0.0,0.00625,0,0.0,0.12,-0.06666666666666667,1.0,0.0,,0.0,2.7125
liver diseases,Palladio Biosciences,1,0,0,0,0.125,0.0,0.0,0.0,0.00625,0,0.0,0.12,-0.06666666666666667,1.0,0.0,,0.0,2.7125
liver diseases,Sangamo Therapeutics,1,0,0,0,0.125,0.0,0.0,0.0,0.00625,1,0.0,0.12,-0.06666666666666667,1.0,0.0,,0.0,2.7125
liver diseases,"Sichuan Haisco Pharmaceutical Group Co., Ltd",1,0,0,0,0.125,0.0,0.0,0.0,0.00625,0,0.0,0.12,-0.06666666666666667,1.0,0.0,,0.0,2.7125
liver diseases,New Discovery LLC,2,0,0,0,0.25,0.0,0.0,0.0,0.0125,0,0.0,0.059999999999999984,-0.11666666666666668,2.0,0.0,,0.0,1.8249999999999995
liver diseases,Viome,2,0,0,0,0.25,0.0,0.0,0.0,0.0125,0,0.0,0.059999999999999984,-0.06666666666666667,2.0,0.0,,0.0,1.8249999999999995
liver diseases,"Xiamen Innovax Biotech Co., Ltd",2,0,0,0,0.25,0.0,0.0,0.0,0.0125,0,0.0,0.059999999999999984,-0.06666666666666668,2.0,0.0,,0.0,1.8249999999999995
obesity,"Beijing QL Biopharmaceutical Co.,Ltd",9,6,8,5,0.8411214953271037,0.8571428571428571,1.0,1.0,0.9706275033377838,5,1.0,0.994059405940594,0.14999999999999997,0.0,9.0,1.3846153846153844,0.6563298879113609,94.97586216481467
obesity,"BrightGene Bio-Medical Technology Co., Ltd.",11,7,11,7,1.0,1.0,1.0,1.0,1.0,8,0.875,0.9958620689655172,0.15000000000000002,0.0,11.0,1.0,0.5234906775131802,92.65214815444214
obesity,"Fujian Shengdi Pharmaceutical Co., Ltd.",19,12,13,7,1.0,1.0,1.0,1.0,1.0,22,0.3181818181818182,0.9895196506550218,0.16666666666666669,1.0,14.0,2.6825396825396823,0.9845294781861257,85.99932415859806
obesity,Amgen,26,15,16,5,1.0,1.0,1.0,1.0,1.0,40,0.125,0.9837837837837838,0.25000000000000006,3.0,23.0,3.169014084507042,1.0,82.17567567567568
obesity,"Hangzhou Zhongmei Huadong Pharmaceutical Co., Ltd.",11,8,8,5,1.0,1.0,1.0,1.0,1.0,24,0.20833333333333334,0.9958620689655172,0.18333333333333335,0.0,11.0,1.8148148148148147,0.7815925270593147,81.89983331657015
obesity,Novo Nordisk A/S,131,59,57,26,1.0,1.0,1.0,1.0,1.0,45,0.5777777777777777,0.5005815672745195,-0.10000000000000035,40.0,91.0,2.410691003911343,0.9266120329616099,80.83330723066204
obesity,Regeneron Pharmaceuticals,9,7,7,6,0.8411214953271037,1.0,0.9090909090909104,1.0,0.9784197111299918,60,0.1,0.994059405940594,0.2000000000000001,0.0,9.0,4.94392523364486,1.0,80.80217367531148
obesity,AstraZeneca,24,9,23,8,1.0,1.0,1.0,1.0,1.0,151,0.052980132450331126,0.9678111587982833,0.08333333333333338,4.0,20.0,5.731343283582089,1.0,80.41582582497229
obesity,Hoffmann-La Roche,9,8,6,5,0.8411214953271037,1.0,0.7792207792207804,1.0,0.9589391916494723,82,0.06097560975609756,0.994059405940594,0.2333333333333334,0.0,9.0,3.7142857142857144,1.0,79.04765989640744
obesity,Gan & Lee Pharmaceuticals.,10,9,5,4,0.9345794392523374,1.0,0.6493506493506503,0.8,0.8141315693652145,11,0.36363636363636365,0.9950819672131147,0.21666666666666665,0.0,10.0,2.9411764705882346,1.0,77.88094508525029
obesity,"Vincentage Pharma Co., Ltd",8,3,7,2,0.7476635514018699,0.42857142857142855,0.9090909090909104,0.4,0.4980325282194444,2,1.0,0.9926829268292683,0.1166666666666667,0.0,8.0,2.6666666666666665,0.9812671085154541,74.56795603271212
obesity,Eli Lilly and Company,106,54,53,20,1.0,1.0,1.0,1.0,1.0,111,0.18018018018018017,0.5191132414619533,-0.4166666666666671,29.0,75.0,3.6337209302325575,1.0,73.98586843284266
obesity,Boehringer Ingelheim,27,7,21,7,1.0,1.0,1.0,1.0,1.0,63,0.1111111111111111,0.5448405253283303,-0.11666666666666674,6.0,21.0,2.571428571428571,0.9613912928910499,72.73294565769932
obesity,"Gasherbrum Bio, Inc., a wholly owned subsidiary of Structure Therapeutics",8,4,6,2,0.7476635514018699,0.5714285714285714,0.7792207792207804,0.4,0.49998058016749625,2,1.0,0.9647058823529412,0.06666666666666664,1.0,7.0,1.7999999999999998,0.7776070961516035,72.06921761694967
obesity,Kailera,7,5,4,2,0.6542056074766363,0.7142857142857143,0.5194805194805202,0.4,0.47777521543876705,2,1.0,0.9907692307692308,0.1666666666666667,0.0,7.0,1.7999999999999998,0.7776070961516035,71.480216348839
obesity,Pfizer,30,9,25,6,1.0,1.0,1.0,1.0,1.0,90,0.06666666666666667,0.40867924528301885,-0.21666666666666679,12.0,18.0,3.4489795918367343,1.0,69.5069182389937
obesity,"Hangzhou Sciwind Biosciences Co., Ltd.",7,5,3,2,0.6542056074766363,0.7142857142857143,0.3896103896103902,0.4,0.4582946959582475,2,1.0,0.9547169811320755,0.13333333333333333,1.0,6.0,1.0,0.5234906775131802,67.24398119568569
obesity,AbbVie,5,4,5,4,0.4672897196261687,0.5714285714285714,0.6493506493506503,0.8,0.7264813690981918,107,0.037383177570093455,0.9837837837837838,0.09999999999999999,0.0,5.0,3.813559322033898,1.0,66.74740768198714
obesity,"Rhythm Pharmaceuticals, Inc.",12,5,6,3,1.0,0.7142857142857143,0.7792207792207804,0.6,0.6640259740259742,3,1.0,0.3,-0.2000000000000001,6.0,6.0,1.0,0.5234906775131802,64.4362054764305
obesity,Verdiva Bio Dev Limited,3,2,3,2,0.28037383177570124,0.2857142857142857,0.3896103896103902,0.4,0.37531739288748645,2,1.0,0.9647058823529412,0.08333333333333333,0.0,3.0,1.0,0.5234906775131802,63.29489406656494
obesity,Laekna Limited,2,2,2,2,0.18691588785046748,0.2857142857142857,0.2597402597402601,0.4,0.3511639762107053,2,1.0,0.9400000000000001,0.01666666666666666,0.0,2.0,1.0,0.5234906775131802,61.59310558566706
obesity,Alnylam Pharmaceuticals,4,3,4,3,0.37383177570093495,0.42857142857142855,0.5194805194805202,0.6,0.5508993809928391,15,0.2,0.88,0.06666666666666667,1.0,3.0,3.5555555555555554,1.0,59.14496904964196
obesity,Zealand Pharma,7,2,7,2,0.6542056074766363,0.2857142857142857,0.9090909090909104,0.4,0.4719310595946113,5,0.4,0.9547169811320755,0.01666666666666666,1.0,6.0,1.7999999999999998,0.7776070961516035,58.46696356388811
obesity,Innovent Biologics (Suzhou) Co. Ltd.,15,8,8,3,1.0,1.0,1.0,0.6,0.7400000000000001,39,0.07692307692307693,0.46242038216560505,-0.08333333333333338,5.0,10.0,3.266666666666667,1.0,57.786869181773646
obesity,"Biomed Industries, Inc.",3,1,3,1,0.28037383177570124,0.14285714285714285,0.3896103896103902,0.2,0.22388882145891503,1,1.0,0.9647058823529412,0.03333333333333334,0.0,3.0,1.0,0.5234906775131802,55.72346549513638
obesity,NodThera Limited,3,1,3,1,0.28037383177570124,0.14285714285714285,0.3896103896103902,0.2,0.22388882145891503,1,1.0,0.9647058823529412,0.01666666666666666,0.0,3.0,1.0,0.5234906775131802,55.72346549513638
obesity,Biolexis Therapeutics,2,2,2,2,0.18691588785046748,0.2857142857142857,0.2597402597402601,0.4,0.3511639762107053,2,1.0,0.5,,,,1.7999999999999998,0.7776070961516035,55.3342697720513
obesity,MindRank AI Ltd,4,4,3,3,0.37383177570093495,0.5714285714285714,0.3896103896103902,0.6,0.552847432940891,5,0.6,0.41538461538461535,-7.166458808248764e-18,1.0,2.0,1.6,0.7216379836168889,55.16644379090574
obesity,"Shanghai Minwei Biotechnology Co., Ltd",2,2,2,2,0.18691588785046748,0.2857142857142857,0.2597402597402601,0.4,0.3511639762107053,3,0.6666666666666666,0.9400000000000001,0.03333333333333333,0.0,2.0,1.0,0.5234906775131802,54.9264389190004
obesity,"Alveus Therapeutics, Inc.",1,1,1,1,0.09345794392523374,0.14285714285714285,0.12987012987013005,0.2,0.17558198810535264,1,1.0,0.88,0.016666666666666666,0.0,1.0,2.0,0.8297130933355026,54.67623033862266
obesity,Antag Therapeutics,1,1,1,1,0.09345794392523374,0.14285714285714285,0.12987012987013005,0.2,0.17558198810535264,1,1.0,0.88,0.03333333333333333,0.0,1.0,2.0,0.8297130933355026,54.67623033862266
obesity,Mankind Pharma Limited,1,1,1,1,0.09345794392523374,0.14285714285714285,0.12987012987013005,0.2,0.17558198810535264,1,1.0,0.88,0.016666666666666666,0.0,1.0,2.0,0.8297130933355026,54.67623033862266
obesity,"Guangdong Raynovent Biotech Co., Ltd",4,3,3,2,0.37383177570093495,0.42857142857142855,0.3896103896103902,0.4,0.40141886151231954,6,0.3333333333333333,0.88,0.01666666666666666,1.0,3.0,2.6666666666666665,0.9812671085154541,54.15028082743719
obesity,"BioAge Labs, Inc.",2,1,2,1,0.18691588785046748,0.14285714285714285,0.2597402597402601,0.2,0.19973540478213384,1,1.0,0.9400000000000001,0.03333333333333333,0.0,2.0,1.0,0.5234906775131802,54.02167701423849
obesity,"Tonghua Dongbao Pharmaceutical Co.,Ltd",2,1,2,1,0.18691588785046748,0.14285714285714285,0.2597402597402601,0.2,0.19973540478213384,1,1.0,0.9400000000000001,0.01666666666666666,0.0,2.0,1.0,0.5234906775131802,54.02167701423849
obesity,Veru Inc.,2,1,2,1,0.18691588785046748,0.14285714285714285,0.2597402597402601,0.2,0.19973540478213384,1,1.0,0.9400000000000001,0.03333333333333333,0.0,2.0,1.0,0.5234906775131802,54.02167701423849
obesity,Hudson Biotech,3,3,2,2,0.28037383177570124,0.42857142857142855,0.2597402597402601,0.4,0.37726544483553837,7,0.2857142857142857,0.9647058823529412,0.09999999999999999,0.0,3.0,3.571428571428571,1.0,53.87167560312146
obesity,"Shandong Suncadia Medicine Co., Ltd.",7,3,5,2,0.6542056074766363,0.42857142857142855,0.6493506493506503,0.4,0.45439859206214367,35,0.05714285714285714,0.9907692307692308,0.08333333333333334,0.0,7.0,2.2727272727272725,0.895427339846409,52.63244475981303
obesity,Aphaia Pharma US LLC,3,2,3,2,0.28037383177570124,0.2857142857142857,0.3896103896103902,0.4,0.37531739288748645,2,1.0,0.18461538461538463,-0.08333333333333336,2.0,1.0,2.6666666666666665,0.9812671085154541,52.27084842183656
obesity,"CSPC Ouyi Pharmaceutical Co., Ltd.",2,2,2,2,0.18691588785046748,0.2857142857142857,0.2597402597402601,0.4,0.3511639762107053,5,0.4,0.9400000000000001,0.06666666666666667,0.0,2.0,1.7999999999999998,0.7776070961516035,52.1342697720513
obesity,Hanmi Pharmaceutical Company Limited,4,2,3,2,0.37383177570093495,0.2857142857142857,0.3896103896103902,0.4,0.37999029008374813,11,0.18181818181818182,0.9769230769230769,0.03333333333333332,0.0,4.0,2.6666666666666665,0.9812671085154541,51.98701076416713
obesity,Actimed Therapeutics Ltd,1,1,1,1,0.09345794392523374,0.14285714285714285,0.12987012987013005,0.2,0.17558198810535264,1,1.0,0.88,0.016666666666666666,0.0,1.0,1.0,0.5234906775131802,51.61400618039943
obesity,ERX Pharmaceuticals,1,1,1,1,0.09345794392523374,0.14285714285714285,0.12987012987013005,0.2,0.17558198810535264,1,1.0,0.88,0.03333333333333333,0.0,1.0,1.0,0.5234906775131802,51.61400618039943
obesity,KeyBioscience AG,1,1,1,1,0.09345794392523374,0.14285714285714285,0.12987012987013005,0.2,0.17558198810535264,1,1.0,0.88,0.016666666666666666,0.0,1.0,1.0,0.5234906775131802,51.61400618039943
obesity,RANI Therapeutics,1,1,1,1,0.09345794392523374,0.14285714285714285,0.12987012987013005,0.2,0.17558198810535264,1,1.0,0.88,0.016666666666666666,0.0,1.0,1.0,0.5234906775131802,51.61400618039943
obesity,SCBIO Inc.,1,1,1,1,0.09345794392523374,0.14285714285714285,0.12987012987013005,0.2,0.17558198810535264,1,1.0,0.88,0.03333333333333333,0.0,1.0,1.0,0.5234906775131802,51.61400618039943
obesity,"Shanghai World Leader Pharmaceutical Co., Ltd.",1,1,1,1,0.09345794392523374,0.14285714285714285,0.12987012987013005,0.2,0.17558198810535264,1,1.0,0.88,0.03333333333333333,0.0,1.0,1.0,0.5234906775131802,51.61400618039943
obesity,"Shanghai Xitaili Biomedicine Technology co., Ltd.",1,1,1,1,0.09345794392523374,0.14285714285714285,0.12987012987013005,0.2,0.17558198810535264,1,1.0,0.88,0.016666666666666666,0.0,1.0,1.0,0.5234906775131802,51.61400618039943
obesity,Syntis Bio,1,1,1,1,0.09345794392523374,0.14285714285714285,0.12987012987013005,0.2,0.17558198810535264,1,1.0,0.88,0.03333333333333333,0.0,1.0,1.0,0.5234906775131802,51.61400618039943
obesity,"Terrestrial Bio, Inc.",1,1,1,1,0.09345794392523374,0.14285714285714285,0.12987012987013005,0.2,0.17558198810535264,1,1.0,0.88,0.03333333333333333,0.0,1.0,1.0,0.5234906775131802,51.61400618039943
obesity,"iBio, Inc.",1,1,1,1,0.09345794392523374,0.14285714285714285,0.12987012987013005,0.2,0.17558198810535264,1,1.0,0.88,0.03333333333333333,0.0,1.0,1.0,0.5234906775131802,51.61400618039943
obesity,Arrowhead Pharmaceuticals,2,2,2,2,0.18691588785046748,0.2857142857142857,0.2597402597402601,0.4,0.3511639762107053,7,0.2857142857142857,0.9400000000000001,0.01666666666666666,0.0,2.0,1.7999999999999998,0.7776070961516035,49.84855548633701
obesity,Innovent Biologics Technology Limited (Shanghai R&D Center),2,2,2,2,0.18691588785046748,0.2857142857142857,0.2597402597402601,0.4,0.3511639762107053,5,0.4,0.9400000000000001,0.03333333333333333,0.0,2.0,1.0,0.5234906775131802,49.59310558566707
obesity,"Jiangsu Hansoh Pharmaceutical Co., Ltd.",4,2,3,2,0.37383177570093495,0.2857142857142857,0.3896103896103902,0.4,0.37999029008374813,42,0.047619047619047616,0.9769230769230769,0.03333333333333332,0.0,4.0,3.5555555555555554,1.0,49.49035699502989
obesity,"The United Bio-Technology (Hengqin) Co., Ltd.",4,3,2,1,0.37383177570093495,0.42857142857142855,0.2597402597402601,0.2,0.25193834203180004,3,0.3333333333333333,0.9769230769230769,0.10000000000000002,0.0,4.0,3.0,1.0,48.80204530671821
obesity,Merck Sharp & Dohme LLC,3,2,3,2,0.28037383177570124,0.2857142857142857,0.3896103896103902,0.4,0.37531739288748645,121,0.01652892561983471,0.9647058823529412,0.06666666666666667,0.0,3.0,3.4186046511627914,1.0,48.390565803829844
obesity,35Pharma Inc,3,1,3,1,0.28037383177570124,0.14285714285714285,0.3896103896103902,0.2,0.22388882145891503,2,0.5,0.9400000000000001,0.01666666666666666,0.0,2.0,2.0,0.8297130933355026,48.291572006300775
obesity,Gubra A/S,1,1,1,1,0.09345794392523374,0.14285714285714285,0.12987012987013005,0.2,0.17558198810535264,1,1.0,0.5,,,,2.0,0.8297130933355026,47.07623033862266
obesity,"TIXiMED, Inc.",1,1,1,1,0.09345794392523374,0.14285714285714285,0.12987012987013005,0.2,0.17558198810535264,2,0.5,0.88,0.03333333333333333,0.0,1.0,3.0,1.0,46.37909940526763
obesity,"Carmot Therapeutics, Inc.",5,1,5,1,0.4672897196261687,0.14285714285714285,0.6493506493506503,0.2,0.27219565481247743,1,1.0,0.216,-0.10000000000000003,3.0,2.0,2.0,0.8297130933355026,46.2269136739789
obesity,Corxel Pharmaceuticals,2,1,2,1,0.18691588785046748,0.14285714285714285,0.2597402597402601,0.2,0.19973540478213384,3,0.3333333333333333,0.9400000000000001,0.05000000000000001,0.0,2.0,3.0,1.0,45.45343690577336
obesity,"Vivani Medical, Inc",2,1,2,1,0.18691588785046748,0.14285714285714285,0.2597402597402601,0.2,0.19973540478213384,1,1.0,0.48,-1.791614702062191e-18,0.0,1.0,1.0,0.5234906775131802,44.821677014238496
obesity,"S1 Biopharma, Inc.",1,1,1,1,0.09345794392523374,0.14285714285714285,0.12987012987013005,0.2,0.17558198810535264,2,0.5,0.88,0.016666666666666666,0.0,1.0,2.0,0.8297130933355026,44.67623033862266
obesity,"Suzhou Siran Biotechnology Co.,Ltd.",1,1,1,1,0.09345794392523374,0.14285714285714285,0.12987012987013005,0.2,0.17558198810535264,2,0.5,0.88,0.03333333333333333,0.0,1.0,2.0,0.8297130933355026,44.67623033862266
obesity,Biophytis,1,1,1,1,0.09345794392523374,0.14285714285714285,0.12987012987013005,0.2,0.17558198810535264,1,1.0,0.5,,,,1.0,0.5234906775131802,44.01400618039944
obesity,"HongKong Curegene Innovation Co., Limited",1,1,1,1,0.09345794392523374,0.14285714285714285,0.12987012987013005,0.2,0.17558198810535264,1,1.0,0.5,,,,1.0,0.5234906775131802,44.01400618039944
obesity,Empros Pharma AB,4,1,4,1,0.37383177570093495,0.14285714285714285,0.5194805194805202,0.2,0.24804223813569623,1,1.0,0.3,-0.08333333333333333,2.0,2.0,1.0,0.5234906775131802,43.637018681916615
obesity,NeuroBo Pharmaceuticals Inc.,1,1,1,1,0.09345794392523374,0.14285714285714285,0.12987012987013005,0.2,0.17558198810535264,1,1.0,0.48,-1.791614702062191e-18,0.0,1.0,1.0,0.5234906775131802,43.61400618039944
obesity,"Skye Bioscience, Inc.",1,1,1,1,0.09345794392523374,0.14285714285714285,0.12987012987013005,0.2,0.17558198810535264,1,1.0,0.48,-1.791614702062191e-18,0.0,1.0,1.0,0.5234906775131802,43.61400618039944
obesity,Suzhou Sanegene Bio Inc.,1,1,1,1,0.09345794392523374,0.14285714285714285,0.12987012987013005,0.2,0.17558198810535264,3,0.3333333333333333,0.88,0.03333333333333333,0.0,1.0,3.0,1.0,43.0457660719343
obesity,MBX Biosciences,1,1,1,1,0.09345794392523374,0.14285714285714285,0.12987012987013005,0.2,0.17558198810535264,2,0.5,0.88,0.016666666666666666,0.0,1.0,1.0,0.5234906775131802,41.614006180399436
obesity,"NeuroBiogen Co., Ltd",1,1,1,1,0.09345794392523374,0.14285714285714285,0.12987012987013005,0.2,0.17558198810535264,2,0.5,0.88,0.016666666666666666,0.0,1.0,1.0,0.5234906775131802,41.614006180399436
obesity,Eccogene,2,1,2,1,0.18691588785046748,0.14285714285714285,0.2597402597402601,0.2,0.19973540478213384,4,0.25,0.9400000000000001,0.05000000000000001,0.0,2.0,1.7999999999999998,0.7776070961516035,41.56284120062273
obesity,"Shenzhen Kangzhe Biotechnology Co., Ltd.",1,1,1,1,0.09345794392523374,0.14285714285714285,0.12987012987013005,0.2,0.17558198810535264,3,0.3333333333333333,0.88,0.03333333333333333,0.0,1.0,2.0,0.8297130933355026,41.34289700528932
obesity,"Huons Co., Ltd.",1,1,1,1,0.09345794392523374,0.14285714285714285,0.12987012987013005,0.2,0.17558198810535264,4,0.25,0.88,0.03333333333333333,0.0,1.0,2.0,0.8297130933355026,39.67623033862265
obesity,"Wave Life Sciences USA, Inc.",1,1,1,1,0.09345794392523374,0.14285714285714285,0.12987012987013005,0.2,0.17558198810535264,4,0.25,0.88,0.016666666666666666,0.0,1.0,2.0,0.8297130933355026,39.67623033862265
obesity,Biomea Fusion Inc.,1,1,1,1,0.09345794392523374,0.14285714285714285,0.12987012987013005,0.2,0.17558198810535264,4,0.25,0.88,0.016666666666666666,0.0,1.0,1.7999999999999998,0.7776070961516035,39.155170366783665
obesity,Daewoong Pharmaceutical Co. LTD.,1,1,1,1,0.09345794392523374,0.14285714285714285,0.12987012987013005,0.2,0.17558198810535264,9,0.1111111111111111,0.88,0.03333333333333333,0.0,1.0,3.0,1.0,38.60132162748986
obesity,Biohaven Therapeutics Ltd.,1,1,1,1,0.09345794392523374,0.14285714285714285,0.12987012987013005,0.2,0.17558198810535264,10,0.1,0.88,0.016666666666666666,0.0,1.0,3.571428571428571,1.0,38.37909940526764
obesity,Corbus Pharmaceuticals Inc.,1,1,1,1,0.09345794392523374,0.14285714285714285,0.12987012987013005,0.2,0.17558198810535264,3,0.3333333333333333,0.88,0.016666666666666666,0.0,1.0,1.0,0.5234906775131802,38.28067284706611
obesity,Ikaria Bioscience Pty Ltd,1,1,1,1,0.09345794392523374,0.14285714285714285,0.12987012987013005,0.2,0.17558198810535264,3,0.3333333333333333,0.88,0.016666666666666666,0.0,1.0,1.0,0.5234906775131802,38.28067284706611
obesity,Lallemand Health Solutions,1,1,1,1,0.09345794392523374,0.14285714285714285,0.12987012987013005,0.2,0.17558198810535264,3,0.3333333333333333,0.88,0.016666666666666666,0.0,1.0,1.0,0.5234906775131802,38.28067284706611
obesity,ConSynance Therapeutics,2,1,2,1,0.18691588785046748,0.14285714285714285,0.2597402597402601,0.2,0.19973540478213384,1,1.0,0.12,-0.03333333333333333,1.0,0.0,1.0,0.5234906775131802,37.6216770142385
obesity,InSilico Medicine Hong Kong Limited,1,1,1,1,0.09345794392523374,0.14285714285714285,0.12987012987013005,0.2,0.17558198810535264,7,0.14285714285714285,0.88,0.03333333333333333,0.0,1.0,2.0,0.8297130933355026,37.53337319576552
obesity,"CSPC Baike (Shandong) Biopharmaceutical Co., Ltd.",5,1,3,1,0.4672897196261687,0.14285714285714285,0.3896103896103902,0.2,0.2332346158514384,2,0.5,0.5172413793103448,-0.03333333333333334,1.0,4.0,1.0,0.5234906775131802,37.24146515391062
obesity,Lumos Pharma,1,1,1,1,0.09345794392523374,0.14285714285714285,0.12987012987013005,0.2,0.17558198810535264,4,0.25,0.88,0.05000000000000002,0.0,1.0,1.0,0.5234906775131802,36.614006180399436
obesity,"Sunshine Lake Pharma Co., Ltd.",1,1,1,1,0.09345794392523374,0.14285714285714285,0.12987012987013005,0.2,0.17558198810535264,11,0.09090909090909091,0.88,0.016666666666666666,0.0,1.0,2.0,0.8297130933355026,36.49441215680448
obesity,"Beijing Suncadia Pharmaceuticals Co., Ltd",1,1,1,1,0.09345794392523374,0.14285714285714285,0.12987012987013005,0.2,0.17558198810535264,8,0.125,0.88,0.03333333333333333,0.0,1.0,1.6,0.7216379836168889,36.09547924143652
obesity,"CSPC ZhongQi Pharmaceutical Technology Co., Ltd.",1,1,1,1,0.09345794392523374,0.14285714285714285,0.12987012987013005,0.2,0.17558198810535264,25,0.04,0.88,0.03333333333333333,0.0,1.0,2.0,0.8297130933355026,35.47623033862266
obesity,Atridia Pty Ltd.,1,1,1,1,0.09345794392523374,0.14285714285714285,0.12987012987013005,0.2,0.17558198810535264,6,0.16666666666666666,0.88,0.03333333333333333,0.0,1.0,1.0,0.5234906775131802,34.94733951373277
obesity,Bright Minds Biosciences Pty Ltd,1,1,1,1,0.09345794392523374,0.14285714285714285,0.12987012987013005,0.2,0.17558198810535264,2,0.5,0.5,,,,1.0,0.5234906775131802,34.014006180399434
obesity,"Immunis, Inc.",1,1,1,1,0.09345794392523374,0.14285714285714285,0.12987012987013005,0.2,0.17558198810535264,2,0.5,0.48,-1.791614702062191e-18,0.0,1.0,1.0,0.5234906775131802,33.614006180399436
obesity,"Palatin Technologies, Inc",1,1,1,1,0.09345794392523374,0.14285714285714285,0.12987012987013005,0.2,0.17558198810535264,2,0.5,0.48,-1.791614702062191e-18,0.0,1.0,1.0,0.5234906775131802,33.614006180399436
obesity,"Ascletis Pharma (China) Co., Limited",7,2,5,0,0.6542056074766363,0.2857142857142857,0.6493506493506503,0.0,0.1729700206335722,2,0.0,0.9837837837837838,0.03333333333333333,0.0,5.0,1.0,0.5234906775131802,33.55908348248609
obesity,Leeuwenhoek Laboratories Co. Ltd.,1,1,1,1,0.09345794392523374,0.14285714285714285,0.12987012987013005,0.2,0.17558198810535264,3,0.3333333333333333,0.48,-1.791614702062191e-18,0.0,1.0,2.0,0.8297130933355026,33.342897005289316
obesity,"Suzhou Alphamab Co., Ltd.",1,1,1,1,0.09345794392523374,0.14285714285714285,0.12987012987013005,0.2,0.17558198810535264,5,0.2,0.48,-1.791614702062191e-18,0.0,1.0,3.0,1.0,32.37909940526763
obesity,"Sirius Therapeutics Co., Ltd.",1,1,1,1,0.09345794392523374,0.14285714285714285,0.12987012987013005,0.2,0.17558198810535264,4,0.25,0.5,,,,1.7999999999999998,0.7776070961516035,31.55517036678367
obesity,"Chendu DIAO Pharmaceutical Group CO., LTD.",5,1,4,0,0.4672897196261687,0.14285714285714285,0.5194805194805202,0.0,0.1227151353319579,1,0.0,0.9837837837837838,0.049999999999999996,0.0,5.0,1.0,0.5234906775131802,31.04633921740538
obesity,"Chia Tai Tianqing Pharmaceutical Group Co., Ltd.",2,2,1,1,0.18691588785046748,0.2857142857142857,0.12987012987013005,0.2,0.20168345673018573,42,0.023809523809523808,0.5,,,,2.5789473684210527,0.9629795950629878,30.19015926332964
obesity,Gilead Sciences,1,1,1,1,0.09345794392523374,0.14285714285714285,0.12987012987013005,0.2,0.17558198810535264,37,0.02702702702702703,0.48,-1.791614702062191e-18,0.0,1.0,3.571428571428571,1.0,28.91963994580817
obesity,Vanda Pharmaceuticals,2,1,1,0,0.18691588785046748,0.14285714285714285,0.12987012987013005,0.0,0.05025488530161431,4,0.0,0.9400000000000001,0.05000000000000001,0.0,2.0,1.0,0.5234906775131802,26.54765104021252
obesity,"OrsoBio, Inc",1,1,1,1,0.09345794392523374,0.14285714285714285,0.12987012987013005,0.2,0.17558198810535264,4,0.25,0.12,-0.016666666666666666,1.0,0.0,3.0,1.0,26.179099405267632
obesity,"Viking Therapeutics, Inc.",4,2,2,0,0.37383177570093495,0.2857142857142857,0.2597402597402601,0.0,0.10050977060322862,0,0.0,0.9769230769230769,0.01666666666666666,0.0,4.0,,0.0,24.56395006862297
obesity,"Thryv Therapeutics, Inc.",1,0,1,0,0.09345794392523374,0.0,0.12987012987013005,0.0,0.024153416676781194,1,0.0,0.88,0.016666666666666666,0.0,1.0,1.0,0.5234906775131802,24.042577608970863
obesity,Zomagen Biosciences Ltd.,1,0,1,0,0.09345794392523374,0.0,0.12987012987013005,0.0,0.024153416676781194,1,0.0,0.88,0.016666666666666666,0.0,1.0,1.0,0.5234906775131802,24.042577608970863
obesity,Regor Pharmaceuticals Inc.,2,0,2,0,0.18691588785046748,0.0,0.2597402597402601,0.0,0.04830683335356239,3,0.0,0.9400000000000001,0.01666666666666666,0.0,2.0,,0.0,21.21534166767812
obesity,BariaTek Medical,1,1,0,0,0.09345794392523374,0.14285714285714285,0.0,0.0,0.02610146862483311,0,0.0,0.88,0.016666666666666666,0.0,1.0,,0.0,18.905073431241657
obesity,Getz Pharma,1,1,0,0,0.09345794392523374,0.14285714285714285,0.0,0.0,0.02610146862483311,0,0.0,0.88,0.03333333333333333,0.0,1.0,,0.0,18.905073431241657
obesity,"Gila Therapeutics, Inc.",1,1,0,0,0.09345794392523374,0.14285714285714285,0.0,0.0,0.02610146862483311,0,0.0,0.88,0.03333333333333333,0.0,1.0,,0.0,18.905073431241657
obesity,HK inno.N Corporation,1,1,0,0,0.09345794392523374,0.14285714285714285,0.0,0.0,0.02610146862483311,6,0.0,0.88,0.016666666666666666,0.0,1.0,,0.0,18.905073431241657
obesity,Institut Pasteur,1,1,0,0,0.09345794392523374,0.14285714285714285,0.0,0.0,0.02610146862483311,0,0.0,0.88,0.03333333333333333,0.0,1.0,,0.0,18.905073431241657
obesity,Medialis Ltd.,1,1,0,0,0.09345794392523374,0.14285714285714285,0.0,0.0,0.02610146862483311,0,0.0,0.88,0.016666666666666666,0.0,1.0,,0.0,18.905073431241657
obesity,"Nucleo Research, Inc.",1,1,0,0,0.09345794392523374,0.14285714285714285,0.0,0.0,0.02610146862483311,0,0.0,0.88,0.03333333333333333,0.0,1.0,,0.0,18.905073431241657
obesity,"Olfactive Biosolutions, Inc.",1,1,0,0,0.09345794392523374,0.14285714285714285,0.0,0.0,0.02610146862483311,0,0.0,0.88,0.016666666666666666,0.0,1.0,,0.0,18.905073431241657
obesity,"Prostasis, LLC, dba Tonum Health",1,1,0,0,0.09345794392523374,0.14285714285714285,0.0,0.0,0.02610146862483311,0,0.0,0.88,0.016666666666666666,0.0,1.0,,0.0,18.905073431241657
obesity,Trears,1,1,0,0,0.09345794392523374,0.14285714285714285,0.0,0.0,0.02610146862483311,0,0.0,0.88,0.016666666666666666,0.0,1.0,,0.0,18.905073431241657
obesity,ARKAY Therapeutics,1,0,1,0,0.09345794392523374,0.0,0.12987012987013005,0.0,0.024153416676781194,0,0.0,0.88,0.03333333333333333,0.0,1.0,,0.0,18.80767083383906
obesity,"Cohen Global, Ltd.",1,0,1,0,0.09345794392523374,0.0,0.12987012987013005,0.0,0.024153416676781194,0,0.0,0.88,0.016666666666666666,0.0,1.0,,0.0,18.80767083383906
obesity,Graviton Bioscience Corporation,1,0,1,0,0.09345794392523374,0.0,0.12987012987013005,0.0,0.024153416676781194,0,0.0,0.88,0.016666666666666666,0.0,1.0,,0.0,18.80767083383906
obesity,"Halia Therapeutics, Inc.",1,0,1,0,0.09345794392523374,0.0,0.12987012987013005,0.0,0.024153416676781194,3,0.0,0.88,0.03333333333333333,0.0,1.0,,0.0,18.80767083383906
obesity,"Helicore Biopharma, Inc.",1,0,1,0,0.09345794392523374,0.0,0.12987012987013005,0.0,0.024153416676781194,0,0.0,0.88,0.016666666666666666,0.0,1.0,,0.0,18.80767083383906
obesity,"Terns, Inc., a subsidiary of Merck & Co., Inc. (Rahway, New Jersey USA)",1,0,1,0,0.09345794392523374,0.0,0.12987012987013005,0.0,0.024153416676781194,1,0.0,0.88,0.016666666666666666,0.0,1.0,,0.0,18.80767083383906
obesity,"Adhera Health, Inc.",1,0,0,0,0.09345794392523374,0.0,0.0,0.0,0.004672897196261687,0,0.0,0.88,0.016666666666666666,0.0,1.0,,0.0,17.833644859813084
obesity,Boston Scientific Corporation,1,0,0,0,0.09345794392523374,0.0,0.0,0.0,0.004672897196261687,2,0.0,0.88,0.03333333333333333,0.0,1.0,,0.0,17.833644859813084
obesity,Cinnagen,1,0,0,0,0.09345794392523374,0.0,0.0,0.0,0.004672897196261687,0,0.0,0.88,0.016666666666666666,0.0,1.0,,0.0,17.833644859813084
obesity,Closed Loop Medicine,1,0,0,0,0.09345794392523374,0.0,0.0,0.0,0.004672897196261687,0,0.0,0.88,0.016666666666666666,0.0,1.0,,0.0,17.833644859813084
obesity,Shionogi,3,0,3,0,0.28037383177570124,0.0,0.3896103896103902,0.0,0.07246025003034359,8,0.0,0.18461538461538463,-0.06666666666666668,2.0,1.0,2.0,0.8297130933355026,15.612451127179899
obesity,Bristol-Myers Squibb,3,0,3,0,0.28037383177570124,0.0,0.3896103896103902,0.0,0.07246025003034359,60,0.0,0.03529411764705883,-0.16666666666666666,3.0,0.0,2.6129032258064515,0.9701112571628944,14.030007426087302
obesity,"Altimmune, Inc.",6,0,6,0,0.5607476635514025,0.0,0.7792207792207804,0.0,0.14492050006068719,1,0.0,0.059999999999999984,-0.20000000000000004,5.0,1.0,1.0,0.5234906775131802,13.680931778166162
obesity,Novartis Pharmaceuticals,1,0,1,0,0.09345794392523374,0.0,0.12987012987013005,0.0,0.024153416676781194,120,0.0,0.12,-0.03333333333333333,1.0,0.0,2.8221574344023326,1.0,13.60767083383906
obesity,"Guangzhou Chia Tai Innovative Pharmaceutical Co., Ltd.",2,0,2,0,0.18691588785046748,0.0,0.2597402597402601,0.0,0.04830683335356239,0,0.0,0.54,-3.583229404124382e-18,0.0,2.0,,0.0,13.215341667678121
obesity,"Gan and Lee Pharmaceuticals, USA",5,0,5,0,0.4672897196261687,0.0,0.6493506493506503,0.0,0.12076708338390599,6,0.0,0.08275862068965517,-0.10000000000000003,4.0,1.0,1.0,0.5234906775131802,12.928433358120206
obesity,Sanofi,1,0,0,0,0.09345794392523374,0.0,0.0,0.0,0.004672897196261687,54,0.0,0.12,-0.016666666666666666,1.0,0.0,2.7777777777777777,1.0,12.633644859813083
obesity,LG Chem,2,0,2,0,0.18691588785046748,0.0,0.2597402597402601,0.0,0.04830683335356239,5,0.0,0.12,-0.06666666666666667,1.0,0.0,1.7999999999999998,0.7776070961516035,12.591412629194155
obesity,"Rivus Pharmaceuticals, Inc.",3,0,3,0,0.28037383177570124,0.0,0.3896103896103902,0.0,0.07246025003034359,2,0.0,0.18461538461538463,-0.08333333333333336,2.0,1.0,1.0,0.5234906775131802,12.550226968956677
obesity,"Harmony Biosciences Management, Inc.",3,2,1,0,0.28037383177570124,0.2857142857142857,0.12987012987013005,0.0,0.07635635392644742,0,0.0,0.41538461538461535,-0.05000000000000001,1.0,2.0,,0.0,12.125510004014679
obesity,"Otsuka Pharmaceutical Factory, Inc.",1,0,1,0,0.09345794392523374,0.0,0.12987012987013005,0.0,0.024153416676781194,1,0.0,0.12,-0.05000000000000002,1.0,0.0,2.0,0.8297130933355026,11.904801767194087
obesity,Carnot Laboratories,1,1,0,0,0.09345794392523374,0.14285714285714285,0.0,0.0,0.02610146862483311,0,0.0,0.5,,,,,0.0,11.305073431241656
obesity,Dr. Md. Alimur Reza,1,1,0,0,0.09345794392523374,0.14285714285714285,0.0,0.0,0.02610146862483311,0,0.0,0.5,,,,,0.0,11.305073431241656
obesity,"IQVIA RDS Spain, SL",1,1,0,0,0.09345794392523374,0.14285714285714285,0.0,0.0,0.02610146862483311,0,0.0,0.5,,,,,0.0,11.305073431241656
obesity,LABORATORIOS INDUFAR,1,1,0,0,0.09345794392523374,0.14285714285714285,0.0,0.0,0.02610146862483311,0,0.0,0.5,,,,,0.0,11.305073431241656
obesity,BrightGene New Bio-Medical Technology(Wuxi) Co.Ltd.,1,1,0,0,0.09345794392523374,0.14285714285714285,0.0,0.0,0.02610146862483311,0,0.0,0.48,-1.791614702062191e-18,0.0,1.0,,0.0,10.905073431241656
obesity,Currax Pharmaceuticals,1,1,0,0,0.09345794392523374,0.14285714285714285,0.0,0.0,0.02610146862483311,0,0.0,0.48,-1.791614702062191e-18,0.0,1.0,,0.0,10.905073431241656
obesity,Groupe Éthique et Santé,1,1,0,0,0.09345794392523374,0.14285714285714285,0.0,0.0,0.02610146862483311,0,0.0,0.48,-0.016666666666666666,0.0,1.0,,0.0,10.905073431241656
obesity,"Hangzhou Jiuyuan Gene Engineering Co. Ltd.,",1,1,0,0,0.09345794392523374,0.14285714285714285,0.0,0.0,0.02610146862483311,0,0.0,0.48,-1.791614702062191e-18,0.0,1.0,,0.0,10.905073431241656
obesity,Kallyope Inc.,4,0,4,0,0.37383177570093495,0.0,0.5194805194805202,0.0,0.09661366670712478,0,0.0,0.3,-0.08333333333333334,2.0,2.0,,0.0,10.83068333535624
obesity,"Beijing Wehand-Bio Pharmaceutical Co., Ltd",1,0,1,0,0.09345794392523374,0.0,0.12987012987013005,0.0,0.024153416676781194,0,0.0,0.48,-1.791614702062191e-18,0.0,1.0,,0.0,10.80767083383906
obesity,"Glyscend, Inc.",1,0,1,0,0.09345794392523374,0.0,0.12987012987013005,0.0,0.024153416676781194,0,0.0,0.48,-1.791614702062191e-18,0.0,1.0,,0.0,10.80767083383906
obesity,Hoskinson Health and Wellness Clinic,1,0,1,0,0.09345794392523374,0.0,0.12987012987013005,0.0,0.024153416676781194,0,0.0,0.48,-0.016666666666666666,0.0,1.0,,0.0,10.80767083383906
obesity,"Immunwork, Inc.",1,0,1,0,0.09345794392523374,0.0,0.12987012987013005,0.0,0.024153416676781194,0,0.0,0.48,-1.791614702062191e-18,0.0,1.0,,0.0,10.80767083383906
obesity,Lexaria Bioscience Corp.,1,0,1,0,0.09345794392523374,0.0,0.12987012987013005,0.0,0.024153416676781194,0,0.0,0.48,-1.791614702062191e-18,0.0,1.0,,0.0,10.80767083383906
obesity,"Metsera, a wholly owned subsidiary of Pfizer",1,0,1,0,0.09345794392523374,0.0,0.12987012987013005,0.0,0.024153416676781194,0,0.0,0.48,-1.791614702062191e-18,0.0,1.0,,0.0,10.80767083383906
obesity,Neuren Pharmaceuticals Limited,1,0,1,0,0.09345794392523374,0.0,0.12987012987013005,0.0,0.024153416676781194,0,0.0,0.48,-0.016666666666666666,0.0,1.0,,0.0,10.80767083383906
obesity,"Neurogastrx, Inc.",1,0,1,0,0.09345794392523374,0.0,0.12987012987013005,0.0,0.024153416676781194,0,0.0,0.48,-1.791614702062191e-18,0.0,1.0,,0.0,10.80767083383906
obesity,Response Pharmaceuticals,1,0,1,0,0.09345794392523374,0.0,0.12987012987013005,0.0,0.024153416676781194,0,0.0,0.48,-1.791614702062191e-18,0.0,1.0,,0.0,10.80767083383906
obesity,Rose Pharma Inc,1,0,1,0,0.09345794392523374,0.0,0.12987012987013005,0.0,0.024153416676781194,0,0.0,0.48,-1.791614702062191e-18,0.0,1.0,,0.0,10.80767083383906
obesity,"Scholar Rock, Inc.",1,0,1,0,0.09345794392523374,0.0,0.12987012987013005,0.0,0.024153416676781194,3,0.0,0.48,-1.791614702062191e-18,0.0,1.0,,0.0,10.80767083383906
obesity,Xeno Biosciences,1,0,1,0,0.09345794392523374,0.0,0.12987012987013005,0.0,0.024153416676781194,0,0.0,0.48,-1.791614702062191e-18,0.0,1.0,,0.0,10.80767083383906
obesity,Integrative Phenomics,1,0,0,0,0.09345794392523374,0.0,0.0,0.0,0.004672897196261687,0,0.0,0.5,,,,,0.0,10.233644859813085
obesity,Eurofarma Laboratorios S.A.,2,0,0,0,0.18691588785046748,0.0,0.0,0.0,0.009345794392523374,0,0.0,0.48,-1.791614702062191e-18,0.0,1.0,,0.0,10.067289719626169
obesity,WW International Inc,1,0,0,0,0.09345794392523374,0.0,0.0,0.0,0.004672897196261687,0,0.0,0.48,-1.791614702062191e-18,0.0,1.0,,0.0,9.833644859813084
obesity,Zydus Lifesciences Limited,1,0,0,0,0.09345794392523374,0.0,0.0,0.0,0.004672897196261687,0,0.0,0.48,-0.016666666666666666,0.0,1.0,,0.0,9.833644859813084
obesity,"Soleno Therapeutics, Inc.",3,2,1,0,0.28037383177570124,0.2857142857142857,0.12987012987013005,0.0,0.07635635392644742,0,0.0,0.3,-3.583229404124382e-18,1.0,1.0,,0.0,9.81781769632237
obesity,Corcept Therapeutics,1,0,1,0,0.09345794392523374,0.0,0.12987012987013005,0.0,0.024153416676781194,7,0.0,0.12,-0.06666666666666667,1.0,0.0,1.0,0.5234906775131802,8.842577608970863
obesity,"Gannex Pharma Co., Ltd.",1,0,1,0,0.09345794392523374,0.0,0.12987012987013005,0.0,0.024153416676781194,1,0.0,0.12,-0.06666666666666667,1.0,0.0,1.0,0.5234906775131802,8.842577608970863
obesity,Gedeon Richter Plc.,1,0,1,0,0.09345794392523374,0.0,0.12987012987013005,0.0,0.024153416676781194,1,0.0,0.12,-0.03333333333333333,1.0,0.0,1.0,0.5234906775131802,8.842577608970863
obesity,"Imbria Pharmaceuticals, Inc.",1,0,1,0,0.09345794392523374,0.0,0.12987012987013005,0.0,0.024153416676781194,1,0.0,0.12,-0.05000000000000002,1.0,0.0,1.0,0.5234906775131802,8.842577608970863
obesity,"Jiangsu HengRui Medicine Co., Ltd.",1,0,1,0,0.09345794392523374,0.0,0.12987012987013005,0.0,0.024153416676781194,64,0.0,0.12,-0.05000000000000002,1.0,0.0,1.0,0.5234906775131802,8.842577608970863
obesity,"NGM Biopharmaceuticals, Inc",1,0,1,0,0.09345794392523374,0.0,0.12987012987013005,0.0,0.024153416676781194,2,0.0,0.12,-0.06666666666666667,1.0,0.0,1.0,0.5234906775131802,8.842577608970863
obesity,Sparrow Pharmaceuticals,1,0,1,0,0.09345794392523374,0.0,0.12987012987013005,0.0,0.024153416676781194,2,0.0,0.12,-0.05000000000000002,1.0,0.0,1.0,0.5234906775131802,8.842577608970863
obesity,"Zhejiang Doer Biologics Co., Ltd.",1,0,1,0,0.09345794392523374,0.0,0.12987012987013005,0.0,0.024153416676781194,3,0.0,0.12,-0.03333333333333333,1.0,0.0,1.0,0.5234906775131802,8.842577608970863
obesity,Cytoki Pharma,2,0,2,0,0.18691588785046748,0.0,0.2597402597402601,0.0,0.04830683335356239,0,0.0,0.3,-0.03333333333333334,1.0,1.0,,0.0,8.415341667678119
obesity,Inversago Pharma Inc.,2,0,2,0,0.18691588785046748,0.0,0.2597402597402601,0.0,0.04830683335356239,0,0.0,0.3,-0.05000000000000001,1.0,1.0,,0.0,8.415341667678119
obesity,"Neuraly, Inc.",2,0,2,0,0.18691588785046748,0.0,0.2597402597402601,0.0,0.04830683335356239,0,0.0,0.3,-0.05000000000000002,1.0,1.0,,0.0,8.415341667678119
obesity,"Aardvark Therapeutics, Inc.",5,0,3,0,0.4672897196261687,0.0,0.3896103896103902,0.0,0.08180604442286696,0,0.0,0.216,-0.1166666666666667,3.0,2.0,,0.0,8.410302221143349
obesity,Noom Inc.,2,1,0,0,0.18691588785046748,0.14285714285714285,0.0,0.0,0.0307743658210948,0,0.0,0.3,-0.01666666666666668,1.0,1.0,,0.0,7.53871829105474
obesity,Glaceum,4,0,4,0,0.37383177570093495,0.0,0.5194805194805202,0.0,0.09661366670712478,1,0.0,0.02307692307692306,-0.18333333333333338,4.0,0.0,,0.0,5.2922217968947
obesity,Sciwind Biosciences APAC CO Pty. Ltd.,3,0,3,0,0.28037383177570124,0.0,0.3896103896103902,0.0,0.07246025003034359,0,0.0,0.03529411764705883,-0.15000000000000002,3.0,0.0,,0.0,4.3288948544583565
obesity,"Radius Pharmaceuticals, Inc.",2,0,1,0,0.18691588785046748,0.0,0.12987012987013005,0.0,0.02882631387304288,0,0.0,0.12,-0.03333333333333333,1.0,0.0,,0.0,3.841315693652144
obesity,Julius Clinical,1,1,0,0,0.09345794392523374,0.14285714285714285,0.0,0.0,0.02610146862483311,0,0.0,0.12,-0.016666666666666666,1.0,0.0,,0.0,3.7050734312416553
obesity,Golo,2,0,2,0,0.18691588785046748,0.0,0.2597402597402601,0.0,0.04830683335356239,0,0.0,0.059999999999999984,-0.03333333333333333,2.0,0.0,,0.0,3.6153416676781194
obesity,Saniona,2,0,2,0,0.18691588785046748,0.0,0.2597402597402601,0.0,0.04830683335356239,0,0.0,0.059999999999999984,-0.10000000000000003,2.0,0.0,,0.0,3.6153416676781194
obesity,"10xBio, LLC",1,0,1,0,0.09345794392523374,0.0,0.12987012987013005,0.0,0.024153416676781194,0,0.0,0.12,-0.016666666666666666,1.0,0.0,,0.0,3.6076708338390597
obesity,Allysta Pharmaceutical,1,0,1,0,0.09345794392523374,0.0,0.12987012987013005,0.0,0.024153416676781194,0,0.0,0.12,-0.05000000000000002,1.0,0.0,,0.0,3.6076708338390597
obesity,Carmot Australia First Pty Ltd,1,0,1,0,0.09345794392523374,0.0,0.12987012987013005,0.0,0.024153416676781194,0,0.0,0.12,-0.016666666666666666,1.0,0.0,,0.0,3.6076708338390597
obesity,"Dongguan HEC Biopharmaceutical R&D Co., Ltd.",1,0,1,0,0.09345794392523374,0.0,0.12987012987013005,0.0,0.024153416676781194,0,0.0,0.12,-0.05000000000000002,1.0,0.0,,0.0,3.6076708338390597
obesity,"EncuraGen, Inc",1,0,1,0,0.09345794392523374,0.0,0.12987012987013005,0.0,0.024153416676781194,0,0.0,0.12,-0.03333333333333333,1.0,0.0,,0.0,3.6076708338390597
obesity,Gmax Biopharm Australia Pty Ltd.,1,0,1,0,0.09345794392523374,0.0,0.12987012987013005,0.0,0.024153416676781194,0,0.0,0.12,-0.05000000000000002,1.0,0.0,,0.0,3.6076708338390597
obesity,"Goldfinch Bio, Inc.",1,0,1,0,0.09345794392523374,0.0,0.12987012987013005,0.0,0.024153416676781194,0,0.0,0.12,-0.05000000000000002,1.0,0.0,,0.0,3.6076708338390597
obesity,Medika Natura Sdn Bhd,1,0,1,0,0.09345794392523374,0.0,0.12987012987013005,0.0,0.024153416676781194,0,0.0,0.12,-0.06666666666666667,1.0,0.0,,0.0,3.6076708338390597
obesity,Metabolics Pharma,1,0,1,0,0.09345794392523374,0.0,0.12987012987013005,0.0,0.024153416676781194,0,0.0,0.12,-0.016666666666666666,1.0,0.0,,0.0,3.6076708338390597
obesity,Sirnaomics,1,0,1,0,0.09345794392523374,0.0,0.12987012987013005,0.0,0.024153416676781194,2,0.0,0.12,-0.03333333333333333,1.0,0.0,,0.0,3.6076708338390597
obesity,YSOPIA Bioscience,1,0,1,0,0.09345794392523374,0.0,0.12987012987013005,0.0,0.024153416676781194,0,0.0,0.12,-0.06666666666666667,1.0,0.0,,0.0,3.6076708338390597
obesity,20Lighter,1,0,0,0,0.09345794392523374,0.0,0.0,0.0,0.004672897196261687,0,0.0,0.12,-0.06666666666666667,1.0,0.0,,0.0,2.6336448598130846
obesity,Alvogen Korea,1,0,0,0,0.09345794392523374,0.0,0.0,0.0,0.004672897196261687,0,0.0,0.12,-0.05000000000000002,1.0,0.0,,0.0,2.6336448598130846
obesity,Biotronik SE & Co. KG,1,0,0,0,0.09345794392523374,0.0,0.0,0.0,0.004672897196261687,0,0.0,0.12,-0.06666666666666667,1.0,0.0,,0.0,2.6336448598130846
obesity,Certmedica International GmbH,1,0,0,0,0.09345794392523374,0.0,0.0,0.0,0.004672897196261687,0,0.0,0.12,-0.06666666666666667,1.0,0.0,,0.0,2.6336448598130846
obesity,Endo Tools Therapeutics S.A.,1,0,0,0,0.09345794392523374,0.0,0.0,0.0,0.004672897196261687,0,0.0,0.12,-0.06666666666666667,1.0,0.0,,0.0,2.6336448598130846
obesity,Exerkine Corporation,1,0,0,0,0.09345794392523374,0.0,0.0,0.0,0.004672897196261687,0,0.0,0.12,-0.03333333333333333,1.0,0.0,,0.0,2.6336448598130846
obesity,MedicAir Healthcare S.r.l.,1,0,0,0,0.09345794392523374,0.0,0.0,0.0,0.004672897196261687,0,0.0,0.12,-0.03333333333333333,1.0,0.0,,0.0,2.6336448598130846
obesity,PINER Pastor Manfredi Winery,1,0,0,0,0.09345794392523374,0.0,0.0,0.0,0.004672897196261687,0,0.0,0.12,-0.03333333333333333,1.0,0.0,,0.0,2.6336448598130846
obesity,Perspectum,1,0,0,0,0.09345794392523374,0.0,0.0,0.0,0.004672897196261687,0,0.0,0.12,-0.06666666666666667,1.0,0.0,,0.0,2.6336448598130846
obesity,SOS Oxygene Mediterranee,1,0,0,0,0.09345794392523374,0.0,0.0,0.0,0.004672897196261687,0,0.0,0.12,-0.06666666666666667,1.0,0.0,,0.0,2.6336448598130846
obesity,Theratechnologies,1,0,0,0,0.09345794392523374,0.0,0.0,0.0,0.004672897196261687,1,0.0,0.12,-0.03333333333333333,1.0,0.0,,0.0,2.6336448598130846
obesity,VIVUS LLC,1,0,0,0,0.09345794392523374,0.0,0.0,0.0,0.004672897196261687,1,0.0,0.12,-0.03333333333333333,1.0,0.0,,0.0,2.6336448598130846
obesity,"Versanis Bio, Inc.",1,0,0,0,0.09345794392523374,0.0,0.0,0.0,0.004672897196261687,0,0.0,0.12,-0.05000000000000002,1.0,0.0,,0.0,2.6336448598130846
obesity,Viome,1,0,0,0,0.09345794392523374,0.0,0.0,0.0,0.004672897196261687,0,0.0,0.12,-0.03333333333333333,1.0,0.0,,0.0,2.6336448598130846
rare disease,Teligene US,2,2,2,2,0.3333333333333333,0.6666666666666666,0.6666666666666666,1.0,0.8666666666666667,3,0.6666666666666666,0.5,-0.05000000000000001,1.0,1.0,1.0,0.5234906775131802,71.90157344179846
rare disease,Shionogi,2,2,2,2,0.3333333333333333,0.6666666666666666,0.6666666666666666,1.0,0.8666666666666667,8,0.25,0.74,0.05000000000000001,0.0,2.0,2.0,0.8297130933355026,71.43046426668835
rare disease,AstraZeneca,6,3,3,2,1.0,1.0,1.0,1.0,1.0,151,0.013245033112582781,0.3588235294117647,-0.13333333333333333,4.0,2.0,5.731343283582089,1.0,67.44137125048695
rare disease,Hoffmann-La Roche,2,2,2,2,0.3333333333333333,0.6666666666666666,0.6666666666666666,1.0,0.8666666666666667,82,0.024390243902439025,0.5,-0.03333333333333333,1.0,1.0,3.7142857142857144,1.0,63.82113821138211
rare disease,"Connecta Therapeutics, S.L.",3,1,2,1,0.5,0.3333333333333333,0.6666666666666666,0.5,0.5,1,1.0,0.6153846153846154,0.016666666666666666,1.0,2.0,1.0,0.5234906775131802,62.542599082824104
rare disease,"Napo Pharmaceuticals, Inc.",1,1,1,1,0.16666666666666666,0.3333333333333333,0.3333333333333333,0.5,0.43333333333333335,1,1.0,0.6799999999999999,0.016666666666666666,0.0,1.0,1.0,0.5234906775131802,60.50157344179846
rare disease,Novartis Pharmaceuticals,4,3,2,1,0.6666666666666666,1.0,0.6666666666666666,0.5,0.6083333333333333,120,0.008333333333333333,0.6799999999999999,-0.016666666666666666,1.0,3.0,2.8221574344023326,1.0,54.18333333333333
rare disease,Arctic Therapeutics,1,1,1,1,0.16666666666666666,0.3333333333333333,0.3333333333333333,0.5,0.43333333333333335,2,0.5,0.6799999999999999,-1.791614702062191e-18,0.0,1.0,2.0,0.8297130933355026,53.56379760002169
rare disease,Aspa Therapeutics,1,1,1,1,0.16666666666666666,0.3333333333333333,0.3333333333333333,0.5,0.43333333333333335,1,1.0,0.32,-0.05000000000000002,1.0,0.0,1.0,0.5234906775131802,53.30157344179847
rare disease,OSE Immunotherapeutics,1,1,1,1,0.16666666666666666,0.3333333333333333,0.3333333333333333,0.5,0.43333333333333335,1,1.0,0.32,-0.03333333333333333,1.0,0.0,1.0,0.5234906775131802,53.30157344179847
rare disease,BlossomHill Therapeutics,1,1,1,1,0.16666666666666666,0.3333333333333333,0.3333333333333333,0.5,0.43333333333333335,2,0.5,0.6799999999999999,0.016666666666666666,0.0,1.0,1.0,0.5234906775131802,50.50157344179846
rare disease,"TuHURA Biosciences, Inc.",1,1,1,1,0.16666666666666666,0.3333333333333333,0.3333333333333333,0.5,0.43333333333333335,2,0.5,0.6799999999999999,0.016666666666666666,0.0,1.0,1.0,0.5234906775131802,50.50157344179846
rare disease,Solid Biosciences Inc.,1,1,1,1,0.16666666666666666,0.3333333333333333,0.3333333333333333,0.5,0.43333333333333335,3,0.3333333333333333,0.6799999999999999,0.016666666666666666,0.0,1.0,2.0,0.8297130933355026,50.23046426668836
rare disease,"YolTech Therapeutics Co., Ltd",1,1,1,1,0.16666666666666666,0.3333333333333333,0.3333333333333333,0.5,0.43333333333333335,2,0.5,0.5,,,,2.0,0.8297130933355026,49.963797600021685
rare disease,"Taiho Oncology, Inc.",2,2,1,1,0.3333333333333333,0.6666666666666666,0.3333333333333333,0.5,0.49166666666666664,9,0.1111111111111111,0.74,-3.583229404124382e-18,0.0,2.0,2.0,0.8297130933355026,49.902686488910575
rare disease,Rapa Therapeutics LLC,1,1,1,1,0.16666666666666666,0.3333333333333333,0.3333333333333333,0.5,0.43333333333333335,3,0.3333333333333333,0.6799999999999999,0.016666666666666666,0.0,1.0,1.0,0.5234906775131802,47.168240108465135
rare disease,"Kyowa Kirin Co., Ltd.",1,1,1,1,0.16666666666666666,0.3333333333333333,0.3333333333333333,0.5,0.43333333333333335,11,0.09090909090909091,0.6799999999999999,-1.791614702062191e-18,0.0,1.0,3.0,1.0,47.084848484848486
rare disease,"ArriVent BioPharma, Inc.",2,2,1,1,0.3333333333333333,0.6666666666666666,0.3333333333333333,0.5,0.49166666666666664,3,0.3333333333333333,0.5,-0.01666666666666667,1.0,1.0,1.0,0.5234906775131802,46.484906775131805
rare disease,Gemma Biotherapeutics,2,1,2,1,0.3333333333333333,0.3333333333333333,0.6666666666666666,0.5,0.49166666666666664,2,0.5,0.26,-0.08333333333333336,2.0,0.0,1.0,0.5234906775131802,45.018240108465136
rare disease,"CorrectSequence Therapeutics Co., Ltd",1,1,1,1,0.16666666666666666,0.3333333333333333,0.3333333333333333,0.5,0.43333333333333335,5,0.2,0.6799999999999999,0.016666666666666666,0.0,1.0,1.0,0.5234906775131802,44.50157344179848
rare disease,BioNTech SE,1,1,1,1,0.16666666666666666,0.3333333333333333,0.3333333333333333,0.5,0.43333333333333335,24,0.041666666666666664,0.6799999999999999,0.016666666666666666,0.0,1.0,2.0,0.8297130933355026,44.39713093335502
rare disease,"Black Diamond Therapeutics, Inc.",1,1,1,1,0.16666666666666666,0.3333333333333333,0.3333333333333333,0.5,0.43333333333333335,2,0.5,0.32,-0.03333333333333333,1.0,0.0,1.0,0.5234906775131802,43.30157344179847
rare disease,Jazz Pharmaceuticals,1,1,1,1,0.16666666666666666,0.3333333333333333,0.3333333333333333,0.5,0.43333333333333335,12,0.08333333333333333,0.32,-0.06666666666666667,1.0,0.0,1.0,0.5234906775131802,34.96824010846514
rare disease,Regeneron Pharmaceuticals,1,1,0,0,0.16666666666666666,0.3333333333333333,0.0,0.0,0.05833333333333333,60,0.0,0.6799999999999999,0.03333333333333333,0.0,1.0,4.94392523364486,1.0,26.516666666666666
rare disease,Novo Nordisk A/S,1,1,0,0,0.16666666666666666,0.3333333333333333,0.0,0.0,0.05833333333333333,45,0.0,0.6799999999999999,0.016666666666666666,0.0,1.0,2.410691003911343,0.9266120329616099,25.782786996282763
rare disease,Takeda,1,0,0,0,0.16666666666666666,0.0,0.0,0.0,0.008333333333333333,26,0.0,0.6799999999999999,-1.791614702062191e-18,0.0,1.0,2.0,0.8297130933355026,22.313797600021694
rare disease,"ModernaTX, Inc.",1,0,1,0,0.16666666666666666,0.0,0.3333333333333333,0.0,0.05833333333333333,18,0.0,0.6799999999999999,-1.791614702062191e-18,0.0,1.0,1.0,0.5234906775131802,21.75157344179847
rare disease,Ipsen,2,2,0,0,0.3333333333333333,0.6666666666666666,0.0,0.0,0.11666666666666665,11,0.0,0.74,0.01666666666666666,0.0,2.0,,0.0,20.633333333333333
rare disease,"Ono Pharmaceutical Co., Ltd.",1,0,0,0,0.16666666666666666,0.0,0.0,0.0,0.008333333333333333,24,0.0,0.6799999999999999,0.016666666666666666,0.0,1.0,1.0,0.5234906775131802,19.25157344179847
rare disease,Shanghai Henlius Biotech,1,0,1,0,0.16666666666666666,0.0,0.3333333333333333,0.0,0.05833333333333333,46,0.0,0.32,-0.05000000000000002,1.0,0.0,2.571428571428571,0.9613912928910499,18.930579595577164
rare disease,"Kite, A Gilead Company",1,0,1,0,0.16666666666666666,0.0,0.3333333333333333,0.0,0.05833333333333333,7,0.0,0.32,-0.03333333333333333,1.0,0.0,1.7999999999999998,0.7776070961516035,17.092737628182704
rare disease,"Jiangsu Hansoh Pharmaceutical Co., Ltd.",1,0,0,0,0.16666666666666666,0.0,0.0,0.0,0.008333333333333333,42,0.0,0.32,-0.05000000000000002,1.0,0.0,3.5555555555555554,1.0,16.81666666666667
rare disease,"Travere Therapeutics, Inc.",1,0,0,0,0.16666666666666666,0.0,0.0,0.0,0.008333333333333333,1,0.0,0.32,-0.03333333333333333,1.0,0.0,3.0,1.0,16.81666666666667
rare disease,ITF Therapeutics LLC,1,1,0,0,0.16666666666666666,0.3333333333333333,0.0,0.0,0.05833333333333333,0,0.0,0.6799999999999999,0.016666666666666666,0.0,1.0,,0.0,16.516666666666666
rare disease,Joined Bio,1,1,0,0,0.16666666666666666,0.3333333333333333,0.0,0.0,0.05833333333333333,0,0.0,0.6799999999999999,0.016666666666666666,0.0,1.0,,0.0,16.516666666666666
rare disease,Minovia Therapeutics Ltd.,1,1,0,0,0.16666666666666666,0.3333333333333333,0.0,0.0,0.05833333333333333,2,0.0,0.6799999999999999,-1.791614702062191e-18,0.0,1.0,,0.0,16.516666666666666
rare disease,Stealth BioTherapeutics Inc.,1,1,0,0,0.16666666666666666,0.3333333333333333,0.0,0.0,0.05833333333333333,0,0.0,0.6799999999999999,0.03333333333333333,0.0,1.0,,0.0,16.516666666666666
rare disease,xCures,1,1,0,0,0.16666666666666666,0.3333333333333333,0.0,0.0,0.05833333333333333,0,0.0,0.6799999999999999,-1.791614702062191e-18,0.0,1.0,,0.0,16.516666666666666
rare disease,Swedish Orphan Biovitrum,3,1,1,0,0.5,0.3333333333333333,0.3333333333333333,0.0,0.125,1,0.0,0.5,-0.01666666666666668,1.0,1.0,,0.0,16.25
rare disease,"Rhythm Pharmaceuticals, Inc.",2,0,0,0,0.3333333333333333,0.0,0.0,0.0,0.016666666666666666,3,0.0,0.5,-0.03333333333333334,1.0,1.0,1.0,0.5234906775131802,16.068240108465137
rare disease,metaX Institut fuer Diatetik GmbH,1,0,0,0,0.16666666666666666,0.0,0.0,0.0,0.008333333333333333,0,0.0,0.6799999999999999,-1.791614702062191e-18,0.0,1.0,,0.0,14.016666666666666
rare disease,"Abfero Pharmaceuticals, Inc",1,0,1,0,0.16666666666666666,0.0,0.3333333333333333,0.0,0.05833333333333333,0,0.0,0.5,,,,,0.0,12.916666666666668
rare disease,Akcea Therapeutics,1,1,0,0,0.16666666666666666,0.3333333333333333,0.0,0.0,0.05833333333333333,0,0.0,0.5,,,,,0.0,12.916666666666668
rare disease,"TaiwanJ Pharmaceuticals Co., Ltd",1,0,1,0,0.16666666666666666,0.0,0.3333333333333333,0.0,0.05833333333333333,0,0.0,0.5,,,,,0.0,12.916666666666668
rare disease,"23andMe, Inc.",1,0,0,0,0.16666666666666666,0.0,0.0,0.0,0.008333333333333333,1,0.0,0.32,-0.06666666666666667,1.0,0.0,1.0,0.5234906775131802,12.05157344179847
rare disease,Biogen,1,0,0,0,0.16666666666666666,0.0,0.0,0.0,0.008333333333333333,10,0.0,0.32,-0.06666666666666667,1.0,0.0,1.0,0.5234906775131802,12.05157344179847
rare disease,Basilea Pharmaceutica,1,0,1,0,0.16666666666666666,0.0,0.3333333333333333,0.0,0.05833333333333333,2,0.0,0.32,-0.06666666666666667,1.0,0.0,,0.0,9.316666666666666
rare disease,Munich Leukemia Laboratory,1,1,0,0,0.16666666666666666,0.3333333333333333,0.0,0.0,0.05833333333333333,0,0.0,0.32,-0.03333333333333333,1.0,0.0,,0.0,9.316666666666666
rare disease,Sanguine Biosciences,1,1,0,0,0.16666666666666666,0.3333333333333333,0.0,0.0,0.05833333333333333,0,0.0,0.32,-0.03333333333333333,1.0,0.0,,0.0,9.316666666666666
rare disease,pharmaand GmbH,1,0,1,0,0.16666666666666666,0.0,0.3333333333333333,0.0,0.05833333333333333,0,0.0,0.32,-0.06666666666666667,1.0,0.0,,0.0,9.316666666666666
rare disease,Sangamo Therapeutics,2,1,0,0,0.3333333333333333,0.3333333333333333,0.0,0.0,0.06666666666666667,1,0.0,0.26,-0.11666666666666668,2.0,0.0,,0.0,8.533333333333335
rare disease,Chiesi Italia,1,0,0,0,0.16666666666666666,0.0,0.0,0.0,0.008333333333333333,0,0.0,0.32,-0.05000000000000002,1.0,0.0,,0.0,6.816666666666666
rare disease,"Genzyme, a Sanofi Company",1,0,0,0,0.16666666666666666,0.0,0.0,0.0,0.008333333333333333,1,0.0,0.32,-0.06666666666666667,1.0,0.0,,0.0,6.816666666666666
rare disease,Max Zeller Soehne AG,1,0,0,0,0.16666666666666666,0.0,0.0,0.0,0.008333333333333333,0,0.0,0.32,-0.016666666666666666,1.0,0.0,,0.0,6.816666666666666
